<?xml version="1.0" encoding="UTF-8"?>
<rootTag>
<Award>
<AwardTitle>Excellence in Research: Biodegradable Functional Hydrogels for Bone Loss Applications</AwardTitle>
<AGENCY>NSF</AGENCY>
<AwardEffectiveDate>07/01/2021</AwardEffectiveDate>
<AwardExpirationDate>06/30/2023</AwardExpirationDate>
<AwardTotalIntnAmount>200000.00</AwardTotalIntnAmount>
<AwardAmount>200000</AwardAmount>
<AwardInstrument>
<Value>Standard Grant</Value>
</AwardInstrument>
<Organization>
<Code>03070000</Code>
<Directorate>
<Abbreviation>MPS</Abbreviation>
<LongName>Direct For Mathematical &amp; Physical Scien</LongName>
</Directorate>
<Division>
<Abbreviation>DMR</Abbreviation>
<LongName>Division Of Materials Research</LongName>
</Division>
</Organization>
<ProgramOfficer>
<SignBlockName>Steve Smith</SignBlockName>
<PO_EMAI>sjsmith@nsf.gov</PO_EMAI>
<PO_PHON>7032928158</PO_PHON>
</ProgramOfficer>
<AbstractNarration>PART 1:   NON-TECHNICAL SUMMARY&lt;br/&gt;&lt;br/&gt;Hydrogels show great promise as biomaterials however, their use is still limited. This award seeks to provide foundational knowledge in the design principles of hydrogel delivery systems for bone loss application. The results obtained from this study will improve our current understanding of hydrogel-based biomaterials using basic science and engineering techniques. The transdisciplinary nature of this investigation will foster new collaborations across the campus and off-campus. This award will provide high school students, undergraduates, and a postdoctoral fellow training, mentoring, and research experience on the fabrication and characterization of the hydrogel matrix, thus enhancing students and fellow STEM training and preparing them for higher education and careers in the STEM field.  Completing these studies will provide robust evidence-based proof of principle for the future development of hydrogel-based interventions that directly address bone loss concerns. &lt;br/&gt;&lt;br/&gt;TECHNICAL SUMMARY:&lt;br/&gt;&lt;br/&gt;This award supports the development of a mechanically stable, functional hydrogel tailored for encapsulating and providing sustained delivery of both anti-resorptive agents typified by the bisphosphonates (BPs) and mesenchymal stem cells (MSCs). This proposed study aims to determine the feasibility of the co-existence of BP’s to inhibit osteoclasts activities and MSCs to differentiate into osteoblasts forming neo bone with the degrading hydrogel. This study will also evaluate and characterize BP-coated HA's dispersion along with MSCs in the hydrogel matrix. The methods used in this investigation will include the following: fabrication and characterization of hydrogel matrix using mechanical testing, release studies, biochemical and cell assays, histology, quantitative reverse transcription-polymerase chain reaction (qRT-PCR), and statistical design of experiments. This proposal will expand the field of hydrogel-based biomaterials intended for applications in contact with biological systems. It will also contribute to developing a potentially translational hydrogel for mesenchymal stem cell-based therapeutics for further investigations in bone loss and other biomedical applications. The award will also provide high school students, undergraduates, and a postdoctoral fellow with research experiences, thus preparing them for higher education and careers in STEM fields.&lt;br/&gt;&lt;br/&gt;This award reflects NSF's statutory mission and has been deemed worthy of support through evaluation using the Foundation's intellectual merit and broader impacts review criteria.</AbstractNarration>
<MinAmdLetterDate>06/24/2021</MinAmdLetterDate>
<MaxAmdLetterDate>06/24/2021</MaxAmdLetterDate>
<ARRAAmount/>
<TRAN_TYPE>Grant</TRAN_TYPE>
<CFDA_NUM>47.049</CFDA_NUM>
<NSF_PAR_USE_FLAG>1</NSF_PAR_USE_FLAG>
<FUND_AGCY_CODE>4900</FUND_AGCY_CODE>
<AWDG_AGCY_CODE>4900</AWDG_AGCY_CODE>
<AwardID>2100498</AwardID>
<Investigator>
<FirstName>Rupak</FirstName>
<LastName>Dua</LastName>
<PI_MID_INIT/>
<PI_SUFX_NAME/>
<PI_FULL_NAME>Rupak Dua</PI_FULL_NAME>
<EmailAddress>rupak.dua@hamptonu.edu</EmailAddress>
<PI_PHON>7577275069</PI_PHON>
<NSF_ID>000803455</NSF_ID>
<StartDate>06/24/2021</StartDate>
<EndDate/>
<RoleCode>Principal Investigator</RoleCode>
</Investigator>
<Institution>
<Name>Hampton University</Name>
<CityName>Hampton</CityName>
<ZipCode>236684561</ZipCode>
<PhoneNumber>7577275363</PhoneNumber>
<StreetAddress>200 William R Harvey Way</StreetAddress>
<StreetAddress2/>
<CountryName>United States</CountryName>
<StateName>Virginia</StateName>
<StateCode>VA</StateCode>
<CONGRESSDISTRICT>03</CONGRESSDISTRICT>
<CONGRESS_DISTRICT_ORG>VA03</CONGRESS_DISTRICT_ORG>
<ORG_DUNS_NUM>003135068</ORG_DUNS_NUM>
<ORG_LGL_BUS_NAME>HAMPTON UNIVERSITY</ORG_LGL_BUS_NAME>
<ORG_PRNT_DUNS_NUM>003135068</ORG_PRNT_DUNS_NUM>
</Institution>
<Performance_Institution>
<Name><![CDATA[Hampton University]]></Name>
<CityName>Hampton</CityName>
<StateCode>VA</StateCode>
<ZipCode>236680108</ZipCode>
<StreetAddress><![CDATA[200 William R Harvey Way]]></StreetAddress>
<CountryCode>US</CountryCode>
<CountryName>United States</CountryName>
<StateName>Virginia</StateName>
<CountryFlag>1</CountryFlag>
<CONGRESSDISTRICT>03</CONGRESSDISTRICT>
<CONGRESS_DISTRICT_PERF>VA03</CONGRESS_DISTRICT_PERF>
</Performance_Institution>
<ProgramElement>
<Code>1253</Code>
<Text>OFFICE OF MULTIDISCIPLINARY AC</Text>
</ProgramElement>
<ProgramElement>
<Code>7623</Code>
<Text>BIOMATERIALS PROGRAM</Text>
</ProgramElement>
<ProgramReference>
<Code>102Z</Code>
<Text>COVID-Disproportionate Impcts Inst-Indiv</Text>
</ProgramReference>
<ProgramReference>
<Code>7573</Code>
<Text>BIO-RELATED MATERIALS RESEARCH</Text>
</ProgramReference>
<ProgramReference>
<Code>8249</Code>
<Text>Sustainable Materials</Text>
</ProgramReference>
<Appropriation>
<Code>0121</Code>
<Name>NSF RESEARCH &amp; RELATED ACTIVIT</Name>
<APP_SYMB_ID>040100</APP_SYMB_ID>
</Appropriation>
<FUND_OBLG>2021~200000</FUND_OBLG>
</Award>
</rootTag>
