<?xml version="1.0" encoding="UTF-8"?>
<rootTag>
<Award>
<AwardTitle>RAPID: American Indian Authorities, Trust, and Collective Action during the Covid-19 Pandemic</AwardTitle>
<AGENCY>NSF</AGENCY>
<AwardEffectiveDate>12/01/2020</AwardEffectiveDate>
<AwardExpirationDate>11/30/2021</AwardExpirationDate>
<AwardTotalIntnAmount>187664.00</AwardTotalIntnAmount>
<AwardAmount>187664</AwardAmount>
<AwardInstrument>
<Value>Standard Grant</Value>
</AwardInstrument>
<Organization>
<Code>04050000</Code>
<Directorate>
<Abbreviation>SBE</Abbreviation>
<LongName>Direct For Social, Behav &amp; Economic Scie</LongName>
</Directorate>
<Division>
<Abbreviation>SES</Abbreviation>
<LongName>Divn Of Social and Economic Sciences</LongName>
</Division>
</Organization>
<ProgramOfficer>
<SignBlockName>Paul Huth</SignBlockName>
<PO_EMAI>phuth@nsf.gov</PO_EMAI>
<PO_PHON>7032922802</PO_PHON>
</ProgramOfficer>
<AbstractNarration>This project will determine how citizens react to and utilize information from different sources on public health policies to inform their individual decisions on responding to the COVID-19 pandemic. The project will provide systematic and rigorous evidence on how and why citizens’ perceptions of trust and legitimacy condition their response to different sources of information from authorities on public health policies. The results of this project will contribute to improving the understanding of how public and private authorities can build trust with citizens and communities through the information they provide on public health policies to combat COVID-19 and future public health crises.&lt;br/&gt;&lt;br/&gt;The research will use multi-wave, survey experiments on rural-based national and select state populations samples to examine which sources of information providing guidelines on public health policies are deemed trustworthy and legitimate by citizens. Those evaluations in turn will be examined to determine how they influence individual choices about compliance with lockdown orders and the use of vaccines when they become available. The findings of the project will advance basic research on the causes of collective action, the public’s reaction to and use of scientific information and expertise, the social determinants of improving public health policies, and the efficacy of different information strategies in times of crisis.&lt;br/&gt;&lt;br/&gt;This award reflects NSF's statutory mission and has been deemed worthy of support through evaluation using the Foundation's intellectual merit and broader impacts review criteria.</AbstractNarration>
<MinAmdLetterDate>12/02/2020</MinAmdLetterDate>
<MaxAmdLetterDate>05/21/2021</MaxAmdLetterDate>
<ARRAAmount/>
<TRAN_TYPE>Grant</TRAN_TYPE>
<CFDA_NUM>47.075</CFDA_NUM>
<NSF_PAR_USE_FLAG>1</NSF_PAR_USE_FLAG>
<FUND_AGCY_CODE>4900</FUND_AGCY_CODE>
<AWDG_AGCY_CODE>4900</AWDG_AGCY_CODE>
<AwardID>2100385</AwardID>
<Investigator>
<FirstName>Aila</FirstName>
<LastName>Matanock</LastName>
<PI_MID_INIT/>
<PI_SUFX_NAME/>
<PI_FULL_NAME>Aila Matanock</PI_FULL_NAME>
<EmailAddress>matanock@berkeley.edu</EmailAddress>
<PI_PHON>5106424683</PI_PHON>
<NSF_ID>000690196</NSF_ID>
<StartDate>12/02/2020</StartDate>
<EndDate/>
<RoleCode>Principal Investigator</RoleCode>
</Investigator>
<Institution>
<Name>University of California-Berkeley</Name>
<CityName>BERKELEY</CityName>
<ZipCode>947101749</ZipCode>
<PhoneNumber>5106433891</PhoneNumber>
<StreetAddress>Sponsored Projects Office</StreetAddress>
<StreetAddress2><![CDATA[1608 Fourth Street, Suite 220]]></StreetAddress2>
<CountryName>United States</CountryName>
<StateName>California</StateName>
<StateCode>CA</StateCode>
<CONGRESSDISTRICT>13</CONGRESSDISTRICT>
<CONGRESS_DISTRICT_ORG>CA13</CONGRESS_DISTRICT_ORG>
<ORG_DUNS_NUM>124726725</ORG_DUNS_NUM>
<ORG_LGL_BUS_NAME>REGENTS OF THE UNIVERSITY OF CALIFORNIA, THE</ORG_LGL_BUS_NAME>
<ORG_PRNT_DUNS_NUM>071549000</ORG_PRNT_DUNS_NUM>
</Institution>
<Performance_Institution>
<Name><![CDATA[University of California-Berkeley]]></Name>
<CityName/>
<StateCode>CA</StateCode>
<ZipCode>947101749</ZipCode>
<StreetAddress/>
<CountryCode>US</CountryCode>
<CountryName>United States</CountryName>
<StateName>California</StateName>
<CountryFlag>1</CountryFlag>
<CONGRESSDISTRICT>13</CONGRESSDISTRICT>
<CONGRESS_DISTRICT_PERF>CA13</CONGRESS_DISTRICT_PERF>
</Performance_Institution>
<ProgramElement>
<Code>118Y</Code>
<Text>Security &amp; Preparedness</Text>
</ProgramElement>
<ProgramReference>
<Code>096Z</Code>
<Text>COVID-19 Research</Text>
</ProgramReference>
<ProgramReference>
<Code>7914</Code>
<Text>RAPID</Text>
</ProgramReference>
<Appropriation>
<Code>0121</Code>
<Name>NSF RESEARCH &amp; RELATED ACTIVIT</Name>
<APP_SYMB_ID>040100</APP_SYMB_ID>
</Appropriation>
<FUND_OBLG>2021~187664</FUND_OBLG>
</Award>
</rootTag>
