<?xml version="1.0" encoding="UTF-8"?>
<rootTag>
<Award>
<AwardTitle>Excellence in Research: Experiment Efficient Modeling Method of Dynamic Systems Based on Short-Term Dependency and Non-Recurrent Neural Networks</AwardTitle>
<AGENCY>NSF</AGENCY>
<AwardEffectiveDate>08/01/2021</AwardEffectiveDate>
<AwardExpirationDate>07/31/2024</AwardExpirationDate>
<AwardTotalIntnAmount>331963.00</AwardTotalIntnAmount>
<AwardAmount>331963</AwardAmount>
<AwardInstrument>
<Value>Standard Grant</Value>
</AwardInstrument>
<Organization>
<Code>07030000</Code>
<Directorate>
<Abbreviation>ENG</Abbreviation>
<LongName>Directorate For Engineering</LongName>
</Directorate>
<Division>
<Abbreviation>CMMI</Abbreviation>
<LongName>Div Of Civil, Mechanical, &amp; Manufact Inn</LongName>
</Division>
</Organization>
<ProgramOfficer>
<SignBlockName>Alex Leonessa</SignBlockName>
<PO_EMAI>aleoness@nsf.gov</PO_EMAI>
<PO_PHON>7032920000</PO_PHON>
</ProgramOfficer>
<AbstractNarration>This grant will support research to contribute new knowledge related to dynamic systems, promoting a modeling method that is experiment efficient and accelerating the research and development processes.  Current modeling methods either require comprehensive understanding, which is difficult for complex systems, or extensive experiment effort, which is impractical due to the expense and time. However, a limited number of experiments does not always mean a limited amount of data. With advanced sensing techniques, abundant in-situ data can be collected in every experiment. This award supports fundamental research to provide needed knowledge to extract abundant independent data from the in-situ data in a limited number of experiments. The new knowledge will provide enough data to train neural network models even with a limited number of experiments and help reduce the time and cost to model dynamic systems. As dynamic systems are common in aerospace, manufacturing, material science, and civil systems, the results from this research will benefit the U.S. economy and society. This grant will support women students and broaden the participation of women in science, technology, engineering, and math. A micro-scale supporting network for women engineering students will be built within the PI’s group, which will connect the PI, graduate students, undergraduate students, and K-6 children on a regular basis to encourage women to pursue an engineering career.  &lt;br/&gt;&lt;br/&gt;Practitioners find that short-term memory feed-forward neural networks and infinite memory recursive neural networks have comparable performance in some dynamic systems. This project is to study this phenomenon based on the well-known observability property of dynamic systems, and will focus on two specific case studies, fiber orientation in additive manufacturing and nanotube network quality of continuous nanotube thin film. Different from the existing observability criteria that rely on the full system knowledge, the observability criteria built in this project only depend on the in-situ data and/or the partial system knowledge. Based on the short-term dependency study, abundant independent data will be extracted from a limited number of experiments to train feed-forward neural network models. Based on the partial knowledge of the dynamic systems, this project is for a customized feed-forward neural network structure to achieve further data efficiency.&lt;br/&gt;&lt;br/&gt;This award reflects NSF's statutory mission and has been deemed worthy of support through evaluation using the Foundation's intellectual merit and broader impacts review criteria.</AbstractNarration>
<MinAmdLetterDate>07/28/2021</MinAmdLetterDate>
<MaxAmdLetterDate>07/28/2021</MaxAmdLetterDate>
<ARRAAmount/>
<TRAN_TYPE>Grant</TRAN_TYPE>
<CFDA_NUM>47.041</CFDA_NUM>
<NSF_PAR_USE_FLAG>1</NSF_PAR_USE_FLAG>
<FUND_AGCY_CODE>4900</FUND_AGCY_CODE>
<AWDG_AGCY_CODE>4900</AWDG_AGCY_CODE>
<AwardID>2100956</AwardID>
<Investigator>
<FirstName>Lichun</FirstName>
<LastName>Li</LastName>
<PI_MID_INIT/>
<PI_SUFX_NAME/>
<PI_FULL_NAME>Lichun Li</PI_FULL_NAME>
<EmailAddress>lichun.li@famu.edu</EmailAddress>
<PI_PHON>8506458991</PI_PHON>
<NSF_ID>000797967</NSF_ID>
<StartDate>07/28/2021</StartDate>
<EndDate/>
<RoleCode>Principal Investigator</RoleCode>
</Investigator>
<Institution>
<Name>Florida Agricultural and Mechanical University</Name>
<CityName>Tallahassee</CityName>
<ZipCode>323073200</ZipCode>
<PhoneNumber>8505993531</PhoneNumber>
<StreetAddress>1700 Lee Hall Drive</StreetAddress>
<StreetAddress2><![CDATA[400 Foote-Hilyer Admin Center]]></StreetAddress2>
<CountryName>United States</CountryName>
<StateName>Florida</StateName>
<StateCode>FL</StateCode>
<CONGRESSDISTRICT>02</CONGRESSDISTRICT>
<CONGRESS_DISTRICT_ORG>FL02</CONGRESS_DISTRICT_ORG>
<ORG_DUNS_NUM>623751831</ORG_DUNS_NUM>
<ORG_LGL_BUS_NAME>FLORIDA A &amp; M UNIVERSITY</ORG_LGL_BUS_NAME>
<ORG_PRNT_DUNS_NUM>159621697</ORG_PRNT_DUNS_NUM>
</Institution>
<Performance_Institution>
<Name><![CDATA[Florida Agricultural and Mechanical University]]></Name>
<CityName>Tallahassee</CityName>
<StateCode>FL</StateCode>
<ZipCode>323106046</ZipCode>
<StreetAddress><![CDATA[2525 pottsdamer st.]]></StreetAddress>
<CountryCode>US</CountryCode>
<CountryName>United States</CountryName>
<StateName>Florida</StateName>
<CountryFlag>1</CountryFlag>
<CONGRESSDISTRICT>05</CONGRESSDISTRICT>
<CONGRESS_DISTRICT_PERF>FL05</CONGRESS_DISTRICT_PERF>
</Performance_Institution>
<ProgramElement>
<Code>070Y</Code>
<Text>HBCU-EiR - HBCU-Excellence in</Text>
</ProgramElement>
<ProgramReference>
<Code>030E</Code>
<Text>CONTROL SYSTEMS</Text>
</ProgramReference>
<ProgramReference>
<Code>034E</Code>
<Text>Dynamical systems</Text>
</ProgramReference>
<ProgramReference>
<Code>8024</Code>
<Text>Complex Systems</Text>
</ProgramReference>
<ProgramReference>
<Code>9102</Code>
<Text>WOMEN, MINORITY, DISABLED, NEC</Text>
</ProgramReference>
<Appropriation>
<Code>0121</Code>
<Name>NSF RESEARCH &amp; RELATED ACTIVIT</Name>
<APP_SYMB_ID>040100</APP_SYMB_ID>
</Appropriation>
<FUND_OBLG>2021~331963</FUND_OBLG>
</Award>
</rootTag>
