<?xml version="1.0" encoding="UTF-8"?>
<rootTag>
<Award>
<AwardTitle>Recrafting Computer Science: Fiber Crafting as Computational Thinking</AwardTitle>
<AGENCY>NSF</AGENCY>
<AwardEffectiveDate>10/01/2021</AwardEffectiveDate>
<AwardExpirationDate>09/30/2024</AwardExpirationDate>
<AwardTotalIntnAmount>1500000.00</AwardTotalIntnAmount>
<AwardAmount>1043245</AwardAmount>
<AwardInstrument>
<Value>Continuing Grant</Value>
</AwardInstrument>
<Organization>
<Code>11040000</Code>
<Directorate>
<Abbreviation>EHR</Abbreviation>
<LongName>Direct For Education and Human Resources</LongName>
</Directorate>
<Division>
<Abbreviation>DUE</Abbreviation>
<LongName>Division Of Undergraduate Education</LongName>
</Division>
</Organization>
<ProgramOfficer>
<SignBlockName>Dawn Rickey</SignBlockName>
<PO_EMAI>drickey@nsf.gov</PO_EMAI>
<PO_PHON>7032924674</PO_PHON>
</ProgramOfficer>
<AbstractNarration>This project aims to serve the national interest by paving the way to creating a technical workforce that is able to function effectively in highly collaborative, diverse environments. Enhanced ability to nurture these skills and abilities will occur through development of measurement instruments, a novel curriculum, and research into the impacts of the curriculum. The project seeks to align with the EHR Core Research (ECR) program's intent by reflecting the interdisciplinarity of computational thinking (CT) and encouraging critical reflection with respect to the historical role of women and people of color in computer science (CS) and robotics. This project moves the traditional CS curriculum beyond the screen and back to its tangible roots to support learning, collaboration, and participation in CS. In this project, the newly crafted CS curriculum will engage undergraduates in the construction, programming, and use of a robotic loom, foregrounding the inherently interdisciplinary nature of CT in a formal CS curriculum. The project activities expect to broaden participation and collaboration in CS and STEM, redefining what counts as a valuable learning activity in CS education. &lt;br/&gt;&lt;br/&gt;Grounded in the learning sciences and embodied cognition, this project will further the development of interdisciplinarity and address key challenges to diversity in computing. The project activities will interweave iterative Design-Based Research with periodic experimental research experiments to test the efficacy of the robotic loom designs and course materials for undergraduate learning of interdisciplinarity and collaborative computing. To ensure that the proposed designs effectively complement curricular and practical realities, the project team will consult with an advisory board, the undergraduates, and the participating institution's curriculum advisory boards to inform design and development throughout the project period. This project is supported by the ECR program, which supports work that advances fundamental research on STEM learning and learning environments, broadening participation in STEM, and STEM workforce development.&lt;br/&gt;&lt;br/&gt;This award reflects NSF's statutory mission and has been deemed worthy of support through evaluation using the Foundation's intellectual merit and broader impacts review criteria.</AbstractNarration>
<MinAmdLetterDate>07/20/2021</MinAmdLetterDate>
<MaxAmdLetterDate>07/20/2021</MaxAmdLetterDate>
<ARRAAmount/>
<TRAN_TYPE>Grant</TRAN_TYPE>
<CFDA_NUM>47.076</CFDA_NUM>
<NSF_PAR_USE_FLAG>1</NSF_PAR_USE_FLAG>
<FUND_AGCY_CODE>4900</FUND_AGCY_CODE>
<AWDG_AGCY_CODE>4900</AWDG_AGCY_CODE>
<AwardID>2100401</AwardID>
<Investigator>
<FirstName>Carolyn</FirstName>
<LastName>Rose</LastName>
<PI_MID_INIT>P</PI_MID_INIT>
<PI_SUFX_NAME/>
<PI_FULL_NAME>Carolyn P Rose</PI_FULL_NAME>
<EmailAddress>cprose@cs.cmu.edu</EmailAddress>
<PI_PHON>4122687130</PI_PHON>
<NSF_ID>000441071</NSF_ID>
<StartDate>07/20/2021</StartDate>
<EndDate/>
<RoleCode>Co-Principal Investigator</RoleCode>
</Investigator>
<Investigator>
<FirstName>Kylie</FirstName>
<LastName>Peppler</LastName>
<PI_MID_INIT>A</PI_MID_INIT>
<PI_SUFX_NAME/>
<PI_FULL_NAME>Kylie A Peppler</PI_FULL_NAME>
<EmailAddress>kpeppler@uci.edu</EmailAddress>
<PI_PHON>3104978921</PI_PHON>
<NSF_ID>000079645</NSF_ID>
<StartDate>07/20/2021</StartDate>
<EndDate/>
<RoleCode>Principal Investigator</RoleCode>
</Investigator>
<Investigator>
<FirstName>Melisa</FirstName>
<LastName>Orta Martinez</LastName>
<PI_MID_INIT/>
<PI_SUFX_NAME/>
<PI_FULL_NAME>Melisa Orta Martinez</PI_FULL_NAME>
<EmailAddress>mortamar@andrew.cmu.edu</EmailAddress>
<PI_PHON>6502904314</PI_PHON>
<NSF_ID>000832658</NSF_ID>
<StartDate>07/20/2021</StartDate>
<EndDate/>
<RoleCode>Co-Principal Investigator</RoleCode>
</Investigator>
<Institution>
<Name>University of California-Irvine</Name>
<CityName>Irvine</CityName>
<ZipCode>926977600</ZipCode>
<PhoneNumber>9498247295</PhoneNumber>
<StreetAddress>160 Aldrich Hall</StreetAddress>
<StreetAddress2/>
<CountryName>United States</CountryName>
<StateName>California</StateName>
<StateCode>CA</StateCode>
<CONGRESSDISTRICT/>
<CONGRESS_DISTRICT_ORG/>
<ORG_DUNS_NUM>046705849</ORG_DUNS_NUM>
<ORG_LGL_BUS_NAME>UNIVERSITY OF CALIFORNIA, IRVINE</ORG_LGL_BUS_NAME>
<ORG_PRNT_DUNS_NUM>071549000</ORG_PRNT_DUNS_NUM>
</Institution>
<Performance_Institution>
<Name><![CDATA[The Regents of the University of California, Irvine]]></Name>
<CityName>Irvine</CityName>
<StateCode>CA</StateCode>
<ZipCode>926175500</ZipCode>
<StreetAddress><![CDATA[3200 Education]]></StreetAddress>
<CountryCode>US</CountryCode>
<CountryName>United States</CountryName>
<StateName>California</StateName>
<CountryFlag>1</CountryFlag>
<CONGRESSDISTRICT>45</CONGRESSDISTRICT>
<CONGRESS_DISTRICT_PERF/>
</Performance_Institution>
<ProgramElement>
<Code>7980</Code>
<Text>ECR-EHR Core Research</Text>
</ProgramElement>
<ProgramReference>
<Code>8212</Code>
<Text>Broaden Particip STEM Resrch</Text>
</ProgramReference>
<ProgramReference>
<Code>8817</Code>
<Text>STEM Learning &amp; Learning Environments</Text>
</ProgramReference>
<Appropriation>
<Code>0421</Code>
<Name>NSF Education &amp; Human Resource</Name>
<APP_SYMB_ID>040106</APP_SYMB_ID>
</Appropriation>
<FUND_OBLG>2021~1043245</FUND_OBLG>
</Award>
</rootTag>
