<?xml version="1.0" encoding="UTF-8"?>
<rootTag>
<Award>
<AwardTitle>Stereoscopic visualization study of turbulence and vortex-tangle dynamics in He II</AwardTitle>
<AGENCY>NSF</AGENCY>
<AwardEffectiveDate>08/01/2021</AwardEffectiveDate>
<AwardExpirationDate>07/31/2024</AwardExpirationDate>
<AwardTotalIntnAmount>521489.00</AwardTotalIntnAmount>
<AwardAmount>521489</AwardAmount>
<AwardInstrument>
<Value>Standard Grant</Value>
</AwardInstrument>
<Organization>
<Code>03070000</Code>
<Directorate>
<Abbreviation>MPS</Abbreviation>
<LongName>Direct For Mathematical &amp; Physical Scien</LongName>
</Directorate>
<Division>
<Abbreviation>DMR</Abbreviation>
<LongName>Division Of Materials Research</LongName>
</Division>
</Organization>
<ProgramOfficer>
<SignBlockName>Elizabeth Mann</SignBlockName>
<PO_EMAI>elmann@nsf.gov</PO_EMAI>
<PO_PHON>7032924821</PO_PHON>
</ProgramOfficer>
<AbstractNarration>Non-Technical Abstract: &lt;br/&gt;When liquid helium is cooled to below about -271 degrees Celsius, it becomes a superfluid (called He II), which can do things that other fluids cannot, such as flowing through a narrow capillary without apparent friction and climbing over container walls despite the gravity. The fascinating hydrodynamics of He II has many important applications. For instance, it supports an extremely efficient heat-transport mode called thermal counterflow and therefore has been widely utilized as a coolant material in scientific instruments. When stirred, He II can also create vortex tubes which are essentially tiny tornadoes with thin hollow cores. Understanding the dynamics of a tangle of vortex tubes can benefit the study of various physical systems such as neutron stars that consist of neutron-pair superfluid. In this project, the research team aims to explore some predicted anomalous behaviors in counterflow turbulence and to visualize the vortex tubes in He II using advanced three-dimensional flow visualization techniques. This research can produce fundamental knowledge indispensable for better applications of He II. The research team consists of both postdoctoral researchers and graduate students. Through the project, the team members are expected to gain valuable knowledge in fluid dynamics, cryogenics, and laser technologies. The skills they learn through the research training are also crucial for their success in today's job market. In addition, the research team plans to conduct educational demonstrations involving cryogenic fluids in various outreach programs at the National High Magnetic Field Laboratory. The PI is also committed to serve the research community by organizing workshop and conferences to engage junior researchers. &lt;br/&gt; &lt;br/&gt;Technical Abstract:&lt;br/&gt;The current research work consists of: 1) a stereoscopic molecular tagging velocimetry (MTV) study of the anomalous anisotropy in He II counterflow turbulence, and 2) an exploration of the vortex tangle dynamics using a scanning particle tracking velocimetry (PTV) method. The stereoscopic MTV system, which incorporates a unique double-line optical setup, is developed as the first-of-its-kind equipment in quantum turbulence research. It offers the capability of making unambiguous measurements of the normal-fluid velocity field and its spatial correlations in the coupled two-fluid system, which breaks the ground for solving various challenging problems. The study of the anomalous anisotropy in He II counterflow turbulence is expected to produce experimental data that are critical for the development of a complete theoretical understanding of this complex doubly turbulent system. Such an understanding not only advances the knowledge of turbulence in general but also aids the cryogenic engineers in designing more efficient He II based cooling systems. The scanning PTV system to be developed enables real-time imaging of quantized vortex tangles in three-dimensional space, which offers a great opportunity for vortex research that is not possible otherwise. The planned research on exploring the vortex-reconnection scaling, vortex-velocity correlations, and vortex trajectory statistics should produce important new knowledge needed for the development of an advanced statistical model of quantum turbulence.&lt;br/&gt;&lt;br/&gt;This award reflects NSF's statutory mission and has been deemed worthy of support through evaluation using the Foundation's intellectual merit and broader impacts review criteria.</AbstractNarration>
<MinAmdLetterDate>04/07/2021</MinAmdLetterDate>
<MaxAmdLetterDate>05/21/2021</MaxAmdLetterDate>
<ARRAAmount/>
<TRAN_TYPE>Grant</TRAN_TYPE>
<CFDA_NUM>47.049</CFDA_NUM>
<NSF_PAR_USE_FLAG>1</NSF_PAR_USE_FLAG>
<FUND_AGCY_CODE>4900</FUND_AGCY_CODE>
<AWDG_AGCY_CODE>4900</AWDG_AGCY_CODE>
<AwardID>2100790</AwardID>
<Investigator>
<FirstName>Wei</FirstName>
<LastName>Guo</LastName>
<PI_MID_INIT/>
<PI_SUFX_NAME/>
<PI_FULL_NAME>Wei Guo</PI_FULL_NAME>
<EmailAddress>wguo@magnet.fsu.edu</EmailAddress>
<PI_PHON>8506443980</PI_PHON>
<NSF_ID>000630757</NSF_ID>
<StartDate>04/07/2021</StartDate>
<EndDate/>
<RoleCode>Principal Investigator</RoleCode>
</Investigator>
<Institution>
<Name>Florida State University</Name>
<CityName>TALLAHASSEE</CityName>
<ZipCode>323064166</ZipCode>
<PhoneNumber>8506445260</PhoneNumber>
<StreetAddress>874 Traditions Way, 3rd Floor</StreetAddress>
<StreetAddress2/>
<CountryName>United States</CountryName>
<StateName>Florida</StateName>
<StateCode>FL</StateCode>
<CONGRESSDISTRICT>02</CONGRESSDISTRICT>
<CONGRESS_DISTRICT_ORG>FL02</CONGRESS_DISTRICT_ORG>
<ORG_DUNS_NUM>790877419</ORG_DUNS_NUM>
<ORG_LGL_BUS_NAME>FLORIDA STATE UNIVERSITY</ORG_LGL_BUS_NAME>
<ORG_PRNT_DUNS_NUM>159621697</ORG_PRNT_DUNS_NUM>
</Institution>
<Performance_Institution>
<Name><![CDATA[Florida State University]]></Name>
<CityName>Tallahassee</CityName>
<StateCode>FL</StateCode>
<ZipCode>323103706</ZipCode>
<StreetAddress><![CDATA[1800 East Paul Dirac Drive]]></StreetAddress>
<CountryCode>US</CountryCode>
<CountryName>United States</CountryName>
<StateName>Florida</StateName>
<CountryFlag>1</CountryFlag>
<CONGRESSDISTRICT>05</CONGRESSDISTRICT>
<CONGRESS_DISTRICT_PERF>FL05</CONGRESS_DISTRICT_PERF>
</Performance_Institution>
<ProgramElement>
<Code>1710</Code>
<Text>CONDENSED MATTER PHYSICS</Text>
</ProgramElement>
<Appropriation>
<Code>0121</Code>
<Name>NSF RESEARCH &amp; RELATED ACTIVIT</Name>
<APP_SYMB_ID>040100</APP_SYMB_ID>
</Appropriation>
<FUND_OBLG>2021~521489</FUND_OBLG>
</Award>
</rootTag>
