<?xml version="1.0" encoding="UTF-8"?>
<rootTag>
<Award>
<AwardTitle>Power of Us: Increasing Female Enrollment and Retention in Career and Technical Education Programs</AwardTitle>
<AGENCY>NSF</AGENCY>
<AwardEffectiveDate>10/15/2021</AwardEffectiveDate>
<AwardExpirationDate>09/30/2024</AwardExpirationDate>
<AwardTotalIntnAmount>288951.00</AwardTotalIntnAmount>
<AwardAmount>288951</AwardAmount>
<AwardInstrument>
<Value>Standard Grant</Value>
</AwardInstrument>
<Organization>
<Code>11040100</Code>
<Directorate>
<Abbreviation>EHR</Abbreviation>
<LongName>Direct For Education and Human Resources</LongName>
</Directorate>
<Division>
<Abbreviation>DUE</Abbreviation>
<LongName>Division Of Undergraduate Education</LongName>
</Division>
</Organization>
<ProgramOfficer>
<SignBlockName>Paul Tymann</SignBlockName>
<PO_EMAI>ptymann@nsf.gov</PO_EMAI>
<PO_PHON>7032922832</PO_PHON>
</ProgramOfficer>
<AbstractNarration>The low participation of women in technical fields has been a matter of concern for many years. Workforce-diversity data, from several major technology companies, show a significant underrepresentation of women in technical jobs. Industry points to the narrow pipeline of women pursuing degrees in technical fields as the primary cause of this issue. This project aims to address this issue by implementing measures to increase female enrollment and retention in Durham Technical Community College’s most male-dominated career and technical education programs of study. The average percentage of females enrolled in the targeted areas is only 13.5%, meaning that females, who represent 53% of the overall student population, are vastly underrepresented in the pursuit of such degrees. The project will use both proven and novel strategies and activities, as well as equitable and inclusive practices that other institutions can use to increase female enrollment and retention in traditionally male-dominated programs of study.&lt;br/&gt;&lt;br/&gt;This project will leverage Durham Technical Community College's new makerspace to hold events and provide a place where students can gather to work, study, and socialize. Making the "Power of Us" brand visible in the makerspace will contribute to the College’s efforts to create a makerspace that is rooted in equity and inclusion, where all voices are welcome. This project will offer engaging, female-led, female-focused learning opportunities; provide support services that are tailored to the needs of female students; and otherwise, create an environment where female students can thrive in the targeted programs. Through its commitment to this project the College seeks to root the makerspace in the ideals of equity and inclusion, making it a welcoming space for all. This inclusive makerspace model will be one that other colleges and organizations, both inside and outside North Carolina, can utilize to create makerspaces that are welcoming to all. This project is funded by the Advanced Technological Education program that focuses on the education of technicians for the advanced-technology fields that drive the nation's economy.&lt;br/&gt;&lt;br/&gt;This award reflects NSF's statutory mission and has been deemed worthy of support through evaluation using the Foundation's intellectual merit and broader impacts review criteria.</AbstractNarration>
<MinAmdLetterDate>07/20/2021</MinAmdLetterDate>
<MaxAmdLetterDate>07/20/2021</MaxAmdLetterDate>
<ARRAAmount/>
<TRAN_TYPE>Grant</TRAN_TYPE>
<CFDA_NUM>47.076</CFDA_NUM>
<NSF_PAR_USE_FLAG>1</NSF_PAR_USE_FLAG>
<FUND_AGCY_CODE>4900</FUND_AGCY_CODE>
<AWDG_AGCY_CODE>4900</AWDG_AGCY_CODE>
<AwardID>2100014</AwardID>
<Investigator>
<FirstName>Charlene</FirstName>
<LastName>West</LastName>
<PI_MID_INIT/>
<PI_SUFX_NAME/>
<PI_FULL_NAME>Charlene West</PI_FULL_NAME>
<EmailAddress>westc@durhamtech.edu</EmailAddress>
<PI_PHON>9195367200</PI_PHON>
<NSF_ID>000578175</NSF_ID>
<StartDate>07/20/2021</StartDate>
<EndDate/>
<RoleCode>Co-Principal Investigator</RoleCode>
</Investigator>
<Investigator>
<FirstName>Andrea</FirstName>
<LastName>Parrish</LastName>
<PI_MID_INIT>M</PI_MID_INIT>
<PI_SUFX_NAME/>
<PI_FULL_NAME>Andrea M Parrish</PI_FULL_NAME>
<EmailAddress>parrishm@durhamtech.edu</EmailAddress>
<PI_PHON>9195367200</PI_PHON>
<NSF_ID>000827354</NSF_ID>
<StartDate>07/20/2021</StartDate>
<EndDate/>
<RoleCode>Principal Investigator</RoleCode>
</Investigator>
<Institution>
<Name>Durham Technical Community College</Name>
<CityName>Durham</CityName>
<ZipCode>277035023</ZipCode>
<PhoneNumber>9195367250</PhoneNumber>
<StreetAddress>1637 Lawson Street</StreetAddress>
<StreetAddress2/>
<CountryName>United States</CountryName>
<StateName>North Carolina</StateName>
<StateCode>NC</StateCode>
<CONGRESSDISTRICT>01</CONGRESSDISTRICT>
<CONGRESS_DISTRICT_ORG>NC01</CONGRESS_DISTRICT_ORG>
<ORG_DUNS_NUM>075577841</ORG_DUNS_NUM>
<ORG_LGL_BUS_NAME>DURHAM TECHNICAL COMMUNITY COLLEGE</ORG_LGL_BUS_NAME>
<ORG_PRNT_DUNS_NUM>003459047</ORG_PRNT_DUNS_NUM>
</Institution>
<Performance_Institution>
<Name><![CDATA[Durham Technical Community College]]></Name>
<CityName>Durham</CityName>
<StateCode>NC</StateCode>
<ZipCode>277035023</ZipCode>
<StreetAddress><![CDATA[1637 E Lawson Street]]></StreetAddress>
<CountryCode>US</CountryCode>
<CountryName>United States</CountryName>
<StateName>North Carolina</StateName>
<CountryFlag>1</CountryFlag>
<CONGRESSDISTRICT>04</CONGRESSDISTRICT>
<CONGRESS_DISTRICT_PERF>NC04</CONGRESS_DISTRICT_PERF>
</Performance_Institution>
<ProgramElement>
<Code>7412</Code>
<Text>Advanced Tech Education Prog</Text>
</ProgramElement>
<ProgramReference>
<Code>102Z</Code>
<Text>COVID-Disproportionate Impcts Inst-Indiv</Text>
</ProgramReference>
<ProgramReference>
<Code>1032</Code>
<Text>ADVANCED TECHNOLOGY EDUCATION</Text>
</ProgramReference>
<ProgramReference>
<Code>9178</Code>
<Text>UNDERGRADUATE EDUCATION</Text>
</ProgramReference>
<ProgramReference>
<Code>SMET</Code>
<Text>SCIENCE, MATH, ENG &amp; TECH EDUCATION</Text>
</ProgramReference>
<Appropriation>
<Code>0421</Code>
<Name>NSF Education &amp; Human Resource</Name>
<APP_SYMB_ID>040106</APP_SYMB_ID>
</Appropriation>
<FUND_OBLG>2021~288951</FUND_OBLG>
</Award>
</rootTag>
