<?xml version="1.0" encoding="UTF-8"?>
<rootTag>
<Award>
<AwardTitle>Training the Skilled Biomanufacturing Workforce Through Innovative Internships in Protein Biomanufacturing</AwardTitle>
<AGENCY>NSF</AGENCY>
<AwardEffectiveDate>09/01/2021</AwardEffectiveDate>
<AwardExpirationDate>08/31/2024</AwardExpirationDate>
<AwardTotalIntnAmount>520304.00</AwardTotalIntnAmount>
<AwardAmount>520304</AwardAmount>
<AwardInstrument>
<Value>Standard Grant</Value>
</AwardInstrument>
<Organization>
<Code>11040100</Code>
<Directorate>
<Abbreviation>EHR</Abbreviation>
<LongName>Direct For Education and Human Resources</LongName>
</Directorate>
<Division>
<Abbreviation>DUE</Abbreviation>
<LongName>Division Of Undergraduate Education</LongName>
</Division>
</Organization>
<ProgramOfficer>
<SignBlockName>Pushpa Ramakrishna</SignBlockName>
<PO_EMAI>pusramak@nsf.gov</PO_EMAI>
<PO_PHON>7032922943</PO_PHON>
</ProgramOfficer>
<AbstractNarration>Due to rapid growth in the biotechnology industry, the demand for skilled biotechnicians in the Los Angeles region continues to increase. Out of the ~3,200 projected annual openings in biotechnology-related jobs, more than 2,000 require an associate degree or less.  The most recent statewide data indicate a massive gap in availability of these trained biotechnicians, with an annual average production in Los Angeles county of only ~50 individuals. The largest demand is for quality control and manufacturing technicians. This project will help fill this demand by providing comprehensive training and internships in biomanufacturing, a process that uses cells (or parts of cells) to produce useful products such as proteins.  The biotechnology industry is one of the sectors that has been most resilient and least impacted by the COVID-19 pandemic. In contrast, people from the communities served by the college, including students who are Hispanic, have been disproportionately impacted by the pandemic.  By training biomanufacturing technicians, this project will help put people back to work in more secure, well-paying jobs, and contribute to mitigating the financial impacts of COVID-19 on these individuals.&lt;br/&gt;&lt;br/&gt;This project aims to address major regional needs for biotechnology talent by establishing a protein biomanufacturing training program. By accomplishing this goal, the project will provide a pipeline for students from high school to two-year college, and then to employment or transfer to a four-year biomanufacturing program. To create the program, three new courses will be developed, implemented, and evaluated. Complementing the coursework, the project will establish a student-centered Contract Manufacturing Organization that will provide internship opportunities for students in protein biomanufacturing. The protein (Taq polymerase) will be produced by student interns working in college laboratories, and provided at low cost to local high school and community college bioscience classrooms, as well as to national course-based undergraduate research experiences programs, including the DNA Learning Center’s DNA Barcoding experience and the Amgen Biotech Experience. By providing affordable enzymes to bioscience classrooms in less-resourced institutions, the project can help mitigate COVID-19 impacts on the institutions and support greater learning opportunities for the students they serve. This project is funded by the Advanced Technological Education program that focuses on the education of technicians for the advanced-technology fields that drive the nation’s economy.&lt;br/&gt;&lt;br/&gt;This award reflects NSF's statutory mission and has been deemed worthy of support through evaluation using the Foundation's intellectual merit and broader impacts review criteria.</AbstractNarration>
<MinAmdLetterDate>04/06/2021</MinAmdLetterDate>
<MaxAmdLetterDate>05/21/2021</MaxAmdLetterDate>
<ARRAAmount/>
<TRAN_TYPE>Grant</TRAN_TYPE>
<CFDA_NUM>47.076</CFDA_NUM>
<NSF_PAR_USE_FLAG>1</NSF_PAR_USE_FLAG>
<FUND_AGCY_CODE>4900</FUND_AGCY_CODE>
<AWDG_AGCY_CODE>4900</AWDG_AGCY_CODE>
<AwardID>2100575</AwardID>
<Investigator>
<FirstName>Eric B.</FirstName>
<LastName>Nash</LastName>
<PI_MID_INIT/>
<PI_SUFX_NAME/>
<PI_FULL_NAME>Eric B. Nash</PI_FULL_NAME>
<EmailAddress>nash@cshl.edu</EmailAddress>
<PI_PHON>5163675192</PI_PHON>
<NSF_ID>000434061</NSF_ID>
<StartDate>04/06/2021</StartDate>
<EndDate/>
<RoleCode>Co-Principal Investigator</RoleCode>
</Investigator>
<Investigator>
<FirstName>Aron</FirstName>
<LastName>Kamajaya</LastName>
<PI_MID_INIT/>
<PI_SUFX_NAME/>
<PI_FULL_NAME>Aron Kamajaya</PI_FULL_NAME>
<EmailAddress>kamajaa@laccd.edu</EmailAddress>
<PI_PHON>6262155635</PI_PHON>
<NSF_ID>000833991</NSF_ID>
<StartDate>04/06/2021</StartDate>
<EndDate/>
<RoleCode>Principal Investigator</RoleCode>
</Investigator>
<Institution>
<Name>Los Angeles Pierce College</Name>
<CityName>Woodland Hills</CityName>
<ZipCode>913710002</ZipCode>
<PhoneNumber>8187196489</PhoneNumber>
<StreetAddress>6201 Winnetka Avenue</StreetAddress>
<StreetAddress2/>
<CountryName>United States</CountryName>
<StateName>California</StateName>
<StateCode>CA</StateCode>
<CONGRESSDISTRICT>30</CONGRESSDISTRICT>
<CONGRESS_DISTRICT_ORG>CA30</CONGRESS_DISTRICT_ORG>
<ORG_DUNS_NUM>077956167</ORG_DUNS_NUM>
<ORG_LGL_BUS_NAME>LOS ANGELES COMMUNITY COLLEGE DISTRICT</ORG_LGL_BUS_NAME>
<ORG_PRNT_DUNS_NUM>072266174</ORG_PRNT_DUNS_NUM>
</Institution>
<Performance_Institution>
<Name><![CDATA[Los Angeles Pierce College]]></Name>
<CityName>Woodland Hls</CityName>
<StateCode>CA</StateCode>
<ZipCode>913710002</ZipCode>
<StreetAddress><![CDATA[6201 Winnetka Ave]]></StreetAddress>
<CountryCode>US</CountryCode>
<CountryName>United States</CountryName>
<StateName>California</StateName>
<CountryFlag>1</CountryFlag>
<CONGRESSDISTRICT>30</CONGRESSDISTRICT>
<CONGRESS_DISTRICT_PERF>CA30</CONGRESS_DISTRICT_PERF>
</Performance_Institution>
<ProgramElement>
<Code>7412</Code>
<Text>Advanced Tech Education Prog</Text>
</ProgramElement>
<ProgramReference>
<Code>102Z</Code>
<Text>COVID-Disproportionate Impcts Inst-Indiv</Text>
</ProgramReference>
<ProgramReference>
<Code>1032</Code>
<Text>ADVANCED TECHNOLOGY EDUCATION</Text>
</ProgramReference>
<ProgramReference>
<Code>9178</Code>
<Text>UNDERGRADUATE EDUCATION</Text>
</ProgramReference>
<ProgramReference>
<Code>SMET</Code>
<Text>SCIENCE, MATH, ENG &amp; TECH EDUCATION</Text>
</ProgramReference>
<Appropriation>
<Code>0421</Code>
<Name>NSF Education &amp; Human Resource</Name>
<APP_SYMB_ID>040106</APP_SYMB_ID>
</Appropriation>
<FUND_OBLG>2021~520304</FUND_OBLG>
</Award>
</rootTag>
