<?xml version="1.0" encoding="UTF-8"?>
<rootTag>
<Award>
<AwardTitle>Targeted Research to Identify Mathematics Competencies and Align Mathematics Education for Skilled Technicians in Advanced Manufacturing</AwardTitle>
<AGENCY>NSF</AGENCY>
<AwardEffectiveDate>09/01/2021</AwardEffectiveDate>
<AwardExpirationDate>08/31/2024</AwardExpirationDate>
<AwardTotalIntnAmount>799315.00</AwardTotalIntnAmount>
<AwardAmount>799315</AwardAmount>
<AwardInstrument>
<Value>Standard Grant</Value>
</AwardInstrument>
<Organization>
<Code>11040100</Code>
<Directorate>
<Abbreviation>EHR</Abbreviation>
<LongName>Direct For Education and Human Resources</LongName>
</Directorate>
<Division>
<Abbreviation>DUE</Abbreviation>
<LongName>Division Of Undergraduate Education</LongName>
</Division>
</Organization>
<ProgramOfficer>
<SignBlockName>Connie Della-Piana</SignBlockName>
<PO_EMAI>cdellapi@nsf.gov</PO_EMAI>
<PO_PHON>7032925309</PO_PHON>
</ProgramOfficer>
<AbstractNarration>This project aims to serve the national interest by aligning the mathematics taught in technical programs with the needs of advanced manufacturing technicians in the workplace.  To do so, the research team will conduct a three-year research and development project that builds upon recommendations of the NSF-supported Needed Math Conference held in 2018.  The project will establish connections between the American Mathematical Association of Two-Year Colleges and manufacturing educators and industrialists.  The project intends to use this collaboration to: (1) develop and validate situations encountered by technicians in several manufacturing sectors; (2) identify the mathematics competencies technicians need in those situations; and (3) enhance communication between industry leaders and community college technical faculty to identify and align the mathematics needed by skilled technicians in manufacturing.  It is expected that the project will improve mathematics education in technical programs.  In addition, the project may provide a model for how partnerships involving academia, industry, and other stakeholders can enable curriculum reform to meet present and future industry needs.&lt;br/&gt;&lt;br/&gt;To accomplish its goals, the project will hold a series of Collaborative Working Group meetings across the country to establish and sustain changes in mathematics instruction for students pursuing certificates and degrees for careers in advanced manufacturing.  Institutions and organizations involved in this project are Hofstra University, City University of New York, Holyoke Community College, Rhodes State College, American Mathematical Association of Two-Year Colleges, Consortium for Mathematics and its Applications, Florida Advanced Technological Education Center, Central Virginia Community College, Support Center for Microsystems Education, Gadsden State College, Ohlone College, and the Center for Supply Chain Automation.  The project is designed to develop resources that inform the teaching of mathematics, coupled with a mixed methods research investigation.  Drawing on work by Simon and Goes, a validation panel will review workplace scenarios using the Validation Rubric for Expert Panels. The qualitative (grounded theory) and quantitative (descriptive, linear regression, ANOVA, cluster analysis) research design will integrate data collection and analyses that are guided by a set of four research questions that focus on: (1) the alignment between mathematics competencies for the technical workplace and the mathematics taught in technical programs;  and (2) the effectiveness of collaborative working groups as mechanisms for change in the post-secondary mathematics education of skilled manufacturing technicians. This project is funded by the Advanced Technological Education program that focuses on the education of technicians for the advanced-technology fields that drive the nation’s economy.&lt;br/&gt;&lt;br/&gt;This award reflects NSF's statutory mission and has been deemed worthy of support through evaluation using the Foundation's intellectual merit and broader impacts review criteria.</AbstractNarration>
<MinAmdLetterDate>03/30/2021</MinAmdLetterDate>
<MaxAmdLetterDate>05/21/2021</MaxAmdLetterDate>
<ARRAAmount/>
<TRAN_TYPE>Grant</TRAN_TYPE>
<CFDA_NUM>47.076</CFDA_NUM>
<NSF_PAR_USE_FLAG>1</NSF_PAR_USE_FLAG>
<FUND_AGCY_CODE>4900</FUND_AGCY_CODE>
<AWDG_AGCY_CODE>4900</AWDG_AGCY_CODE>
<AwardID>2100062</AwardID>
<Investigator>
<FirstName>Paul</FirstName>
<LastName>Horwitz</LastName>
<PI_MID_INIT/>
<PI_SUFX_NAME/>
<PI_FULL_NAME>Paul Horwitz</PI_FULL_NAME>
<EmailAddress>paul@concord.org</EmailAddress>
<PI_PHON>9785055401</PI_PHON>
<NSF_ID>000194691</NSF_ID>
<StartDate>03/30/2021</StartDate>
<EndDate/>
<RoleCode>Co-Principal Investigator</RoleCode>
</Investigator>
<Investigator>
<FirstName>Michael</FirstName>
<LastName>Hacker</LastName>
<PI_MID_INIT/>
<PI_SUFX_NAME/>
<PI_FULL_NAME>Michael Hacker</PI_FULL_NAME>
<EmailAddress>Michael.Hacker@Hofstra.Edu</EmailAddress>
<PI_PHON>5189151411</PI_PHON>
<NSF_ID>000176512</NSF_ID>
<StartDate>03/30/2021</StartDate>
<EndDate/>
<RoleCode>Principal Investigator</RoleCode>
</Investigator>
<Investigator>
<FirstName>Rodney</FirstName>
<LastName>Null</LastName>
<PI_MID_INIT/>
<PI_SUFX_NAME/>
<PI_FULL_NAME>Rodney Null</PI_FULL_NAME>
<EmailAddress>null.r@rhodesstate.edu</EmailAddress>
<PI_PHON>4199958239</PI_PHON>
<NSF_ID>000605234</NSF_ID>
<StartDate>03/30/2021</StartDate>
<EndDate/>
<RoleCode>Co-Principal Investigator</RoleCode>
</Investigator>
<Investigator>
<FirstName>Bernard</FirstName>
<LastName>Gorman</LastName>
<PI_MID_INIT>S</PI_MID_INIT>
<PI_SUFX_NAME/>
<PI_FULL_NAME>Bernard S Gorman</PI_FULL_NAME>
<EmailAddress>gormanb@ncc.edu</EmailAddress>
<PI_PHON>5169787703</PI_PHON>
<NSF_ID>000811899</NSF_ID>
<StartDate>03/30/2021</StartDate>
<EndDate/>
<RoleCode>Co-Principal Investigator</RoleCode>
</Investigator>
<Investigator>
<FirstName>GERHARD</FirstName>
<LastName>Salinger</LastName>
<PI_MID_INIT>L</PI_MID_INIT>
<PI_SUFX_NAME/>
<PI_FULL_NAME>GERHARD L Salinger</PI_FULL_NAME>
<EmailAddress>evger@comcast.net</EmailAddress>
<PI_PHON>5052913488</PI_PHON>
<NSF_ID>000830754</NSF_ID>
<StartDate>03/30/2021</StartDate>
<EndDate/>
<RoleCode>Co-Principal Investigator</RoleCode>
</Investigator>
<Institution>
<Name>Hofstra University</Name>
<CityName>Hempstead</CityName>
<ZipCode>115491440</ZipCode>
<PhoneNumber>5164636810</PhoneNumber>
<StreetAddress>Office of the Provost</StreetAddress>
<StreetAddress2><![CDATA[Axinn Library, West Wing, Rm 218]]></StreetAddress2>
<CountryName>United States</CountryName>
<StateName>New York</StateName>
<StateCode>NY</StateCode>
<CONGRESSDISTRICT>04</CONGRESSDISTRICT>
<CONGRESS_DISTRICT_ORG>NY04</CONGRESS_DISTRICT_ORG>
<ORG_DUNS_NUM>065931800</ORG_DUNS_NUM>
<ORG_LGL_BUS_NAME>HOFSTRA UNIVERSITY</ORG_LGL_BUS_NAME>
<ORG_PRNT_DUNS_NUM>065931800</ORG_PRNT_DUNS_NUM>
</Institution>
<Performance_Institution>
<Name><![CDATA[Hofstra University]]></Name>
<CityName>Hempstead</CityName>
<StateCode>NY</StateCode>
<ZipCode>115491330</ZipCode>
<StreetAddress><![CDATA[133 Hofstra University]]></StreetAddress>
<CountryCode>US</CountryCode>
<CountryName>United States</CountryName>
<StateName>New York</StateName>
<CountryFlag>1</CountryFlag>
<CONGRESSDISTRICT>04</CONGRESSDISTRICT>
<CONGRESS_DISTRICT_PERF>NY04</CONGRESS_DISTRICT_PERF>
</Performance_Institution>
<ProgramElement>
<Code>7412</Code>
<Text>Advanced Tech Education Prog</Text>
</ProgramElement>
<ProgramReference>
<Code>1032</Code>
<Text>ADVANCED TECHNOLOGY EDUCATION</Text>
</ProgramReference>
<ProgramReference>
<Code>9178</Code>
<Text>UNDERGRADUATE EDUCATION</Text>
</ProgramReference>
<ProgramReference>
<Code>SMET</Code>
<Text>SCIENCE, MATH, ENG &amp; TECH EDUCATION</Text>
</ProgramReference>
<Appropriation>
<Code>0421</Code>
<Name>NSF Education &amp; Human Resource</Name>
<APP_SYMB_ID>040106</APP_SYMB_ID>
</Appropriation>
<FUND_OBLG>2021~799315</FUND_OBLG>
</Award>
</rootTag>
