<?xml version="1.0" encoding="UTF-8"?>
<rootTag>
<Award>
<AwardTitle>Enhancing research capacity on Cape Cod for studies of coastal ecosystems that are at risk from climate change and other human impacts</AwardTitle>
<AGENCY>NSF</AGENCY>
<AwardEffectiveDate>06/15/2021</AwardEffectiveDate>
<AwardExpirationDate>05/31/2022</AwardExpirationDate>
<AwardTotalIntnAmount>177649.00</AwardTotalIntnAmount>
<AwardAmount>177649</AwardAmount>
<AwardInstrument>
<Value>Standard Grant</Value>
</AwardInstrument>
<Organization>
<Code>08080000</Code>
<Directorate>
<Abbreviation>BIO</Abbreviation>
<LongName>Direct For Biological Sciences</LongName>
</Directorate>
<Division>
<Abbreviation>DBI</Abbreviation>
<LongName>Div Of Biological Infrastructure</LongName>
</Division>
</Organization>
<ProgramOfficer>
<SignBlockName>Peter McCartney</SignBlockName>
<PO_EMAI>pmccartn@nsf.gov</PO_EMAI>
<PO_PHON>7032928470</PO_PHON>
</ProgramOfficer>
<AbstractNarration>The effects of climate change and other human impacts can be challenging to assess, especially for long‐lived, cryptic species. The Center for Coastal Studies (CCS, www.coastalstudies.org) has studied threatened and endangered species and vulnerable coastal ecosystems for more than four decades. This project establishes a molecular genetic/omics laboratory to enhance multidecadal, inter‐disciplinary and collaborative biological research. A dedicated lab on Cape Cod will facilitate the study of coastal and marine species, with particular support for long‐term cetacean research, including studies of human impacts by providing forensic data, insights into genetic diversity and fitness, and the evolutionary context for modern population responses.  The lab will serve the extensive regional scientific community, provide hands‐on opportunities for students and support the needs of management agencies. Public outreach has the potential to reach 20,000 adults and children each year through CCS outreach and education programs.&lt;br/&gt;&lt;br/&gt;The molecular genetics lab is an expansion of the CCS Integrated Analytical Laboratory in Provincetown, Massachusetts, and would be equipped for genetic and genomic assays, such as “genotype‐by‐sequencing” and whole genome sequencing, as well as in‐house bioinformatics and data analysis. The lab further benefits from a partnership with the Marine Evolution and Conservation Lab at the University of Groningen, a well‐established laboratory and the primary repository for genetic samples of North Atlantic whale species.&lt;br/&gt;&lt;br/&gt;This award reflects NSF's statutory mission and has been deemed worthy of support through evaluation using the Foundation's intellectual merit and broader impacts review criteria.</AbstractNarration>
<MinAmdLetterDate>06/07/2021</MinAmdLetterDate>
<MaxAmdLetterDate>06/07/2021</MaxAmdLetterDate>
<ARRAAmount/>
<TRAN_TYPE>Grant</TRAN_TYPE>
<CFDA_NUM>47.074</CFDA_NUM>
<NSF_PAR_USE_FLAG>1</NSF_PAR_USE_FLAG>
<FUND_AGCY_CODE>4900</FUND_AGCY_CODE>
<AWDG_AGCY_CODE>4900</AWDG_AGCY_CODE>
<AwardID>2100925</AwardID>
<Investigator>
<FirstName>Per</FirstName>
<LastName>Palsboll</LastName>
<PI_MID_INIT>J</PI_MID_INIT>
<PI_SUFX_NAME/>
<PI_FULL_NAME>Per J Palsboll</PI_FULL_NAME>
<EmailAddress>p.j.palsboll@rug.nl</EmailAddress>
<PI_PHON>0648703295</PI_PHON>
<NSF_ID>000624429</NSF_ID>
<StartDate>06/07/2021</StartDate>
<EndDate/>
<RoleCode>Co-Principal Investigator</RoleCode>
</Investigator>
<Investigator>
<FirstName>Owen</FirstName>
<LastName>Nichols</LastName>
<PI_MID_INIT/>
<PI_SUFX_NAME/>
<PI_FULL_NAME>Owen Nichols</PI_FULL_NAME>
<EmailAddress>nichols@coastalstudies.org</EmailAddress>
<PI_PHON>5084873623</PI_PHON>
<NSF_ID>000839644</NSF_ID>
<StartDate>06/07/2021</StartDate>
<EndDate/>
<RoleCode>Co-Principal Investigator</RoleCode>
</Investigator>
<Investigator>
<FirstName>Amy</FirstName>
<LastName>Costa</LastName>
<PI_MID_INIT/>
<PI_SUFX_NAME/>
<PI_FULL_NAME>Amy Costa</PI_FULL_NAME>
<EmailAddress>acosta@coastalstudies.org</EmailAddress>
<PI_PHON>5084873622</PI_PHON>
<NSF_ID>000651432</NSF_ID>
<StartDate>06/07/2021</StartDate>
<EndDate/>
<RoleCode>Co-Principal Investigator</RoleCode>
</Investigator>
<Investigator>
<FirstName>Jooke</FirstName>
<LastName>Robbins</LastName>
<PI_MID_INIT/>
<PI_SUFX_NAME/>
<PI_FULL_NAME>Jooke Robbins</PI_FULL_NAME>
<EmailAddress>jrobbins@coastalstudies.org</EmailAddress>
<PI_PHON>5084873623</PI_PHON>
<NSF_ID>000584015</NSF_ID>
<StartDate>06/07/2021</StartDate>
<EndDate/>
<RoleCode>Principal Investigator</RoleCode>
</Investigator>
<Institution>
<Name>Center For Coastal Studies, Inc.</Name>
<CityName>Provincetown</CityName>
<ZipCode>026571430</ZipCode>
<PhoneNumber>5084873622</PhoneNumber>
<StreetAddress>5 Holway Avenue</StreetAddress>
<StreetAddress2/>
<CountryName>United States</CountryName>
<StateName>Massachusetts</StateName>
<StateCode>MA</StateCode>
<CONGRESSDISTRICT>09</CONGRESSDISTRICT>
<CONGRESS_DISTRICT_ORG>MA09</CONGRESS_DISTRICT_ORG>
<ORG_DUNS_NUM>155015886</ORG_DUNS_NUM>
<ORG_LGL_BUS_NAME>CENTER FOR COASTAL STUDIES, INC.</ORG_LGL_BUS_NAME>
<ORG_PRNT_DUNS_NUM>155015886</ORG_PRNT_DUNS_NUM>
</Institution>
<Performance_Institution>
<Name><![CDATA[Center for Coastal Studies]]></Name>
<CityName>Provincetown</CityName>
<StateCode>MA</StateCode>
<ZipCode>026571430</ZipCode>
<StreetAddress><![CDATA[5 Holway Avenue]]></StreetAddress>
<CountryCode>US</CountryCode>
<CountryName>United States</CountryName>
<StateName>Massachusetts</StateName>
<CountryFlag>1</CountryFlag>
<CONGRESSDISTRICT>09</CONGRESSDISTRICT>
<CONGRESS_DISTRICT_PERF>MA09</CONGRESS_DISTRICT_PERF>
</Performance_Institution>
<ProgramElement>
<Code>169Y</Code>
<Text>Capacity: Field Stations</Text>
</ProgramElement>
<ProgramReference>
<Code>1104</Code>
<Text>FIELD STATIONS</Text>
</ProgramReference>
<Appropriation>
<Code>0121</Code>
<Name>NSF RESEARCH &amp; RELATED ACTIVIT</Name>
<APP_SYMB_ID>040100</APP_SYMB_ID>
</Appropriation>
<FUND_OBLG>2021~177649</FUND_OBLG>
</Award>
</rootTag>
