<?xml version="1.0" encoding="UTF-8"?>
<rootTag>
<Award>
<AwardTitle>Workshop on Women in Medical Robotics; Atlanta, Georgia; April 22-24, 2020</AwardTitle>
<AGENCY>NSF</AGENCY>
<AwardEffectiveDate>08/17/2020</AwardEffectiveDate>
<AwardExpirationDate>09/30/2021</AwardExpirationDate>
<AwardTotalIntnAmount>16450.00</AwardTotalIntnAmount>
<AwardAmount>16450</AwardAmount>
<AwardInstrument>
<Value>Standard Grant</Value>
</AwardInstrument>
<Organization>
<Code>07030000</Code>
<Directorate>
<Abbreviation>ENG</Abbreviation>
<LongName>Directorate For Engineering</LongName>
</Directorate>
<Division>
<Abbreviation>CMMI</Abbreviation>
<LongName>Div Of Civil, Mechanical, &amp; Manufact Inn</LongName>
</Division>
</Organization>
<ProgramOfficer>
<SignBlockName>Robert Scheidt</SignBlockName>
<PO_EMAI>rscheidt@nsf.gov</PO_EMAI>
<PO_PHON>7032922477</PO_PHON>
</ProgramOfficer>
<AbstractNarration>This award will provide support for a workshop that will be part of the International Symposium on Medical Robotics, taking place at Georgia Tech in Atlanta, Georgia, April 22-24, 2020.  The goals of this workshop are to highlight the contributions of women and underrepresented individuals to the field of medical robotics, and to inspire the next generation of medical roboticists.  Speakers will provide a comprehensive outlook on medical robotics by covering research from bench to bedside across a wide spectrum of applications within the field of medical robotics. This workshop aligns with the overall objectives of the M3X program in that interactive sessions will center around topics including the modeling and integration of human intent and human sensorimotor capabilities into robotic controls, and the influence of robotic behavior on the mind and motor function of the human in the loop. This award will promote the progress of science through interactive panel sessions capturing the unique professional perspectives of medical robotics researchers who have chosen "alternate career paths" and are at different stages of their careers.  Special emphasis will be given to women and underrepresented minorities in the invited research talks.  This workshop will provide an opportunity for networking among the participants to foster collaboration and to create mentorship opportunities for students and junior researchers. Thus, the award will benefit society by supporting education and diversity in the field of medical robotics.&lt;br/&gt;&lt;br/&gt;The Workshop on Women in Medical Robotics will bring together experts from academia, industry and clinical practice for a one-day event highlighting the contributions of women and underrepresented individuals to the ﬁeld of medical robotics. The workshop will include research talks on topics such as: Medical and Surgical Robotics, and Human-centric Modeling for Medical Robotic Systems.  Interactive panel sessions will also discuss professional development and specific challenges faced by women and underrepresented individuals in medical robotics research.  The event will also include a student poster session highlighting research at the intersection of mind, machine, and motor systems (M3X) in the context of medical robotic systems.&lt;br/&gt;&lt;br/&gt;This award reflects NSF's statutory mission and has been deemed worthy of support through evaluation using the Foundation's intellectual merit and broader impacts review criteria.</AbstractNarration>
<MinAmdLetterDate>11/10/2020</MinAmdLetterDate>
<MaxAmdLetterDate>11/10/2020</MaxAmdLetterDate>
<ARRAAmount/>
<TRAN_TYPE>Grant</TRAN_TYPE>
<CFDA_NUM>47.041</CFDA_NUM>
<NSF_PAR_USE_FLAG>1</NSF_PAR_USE_FLAG>
<FUND_AGCY_CODE>4900</FUND_AGCY_CODE>
<AWDG_AGCY_CODE>4900</AWDG_AGCY_CODE>
<AwardID>2100816</AwardID>
<Investigator>
<FirstName>Ann</FirstName>
<LastName>Majewicz Fey</LastName>
<PI_MID_INIT/>
<PI_SUFX_NAME/>
<PI_FULL_NAME>Ann Majewicz Fey</PI_FULL_NAME>
<EmailAddress>Ann.MajewiczFey@utexas.edu</EmailAddress>
<PI_PHON>6515871397</PI_PHON>
<NSF_ID>000678765</NSF_ID>
<StartDate>11/10/2020</StartDate>
<EndDate/>
<RoleCode>Principal Investigator</RoleCode>
</Investigator>
<Institution>
<Name>University of Texas at Austin</Name>
<CityName>Austin</CityName>
<ZipCode>787595316</ZipCode>
<PhoneNumber>5124716424</PhoneNumber>
<StreetAddress>3925 W Braker Lane, Ste 3.340</StreetAddress>
<StreetAddress2/>
<CountryName>United States</CountryName>
<StateName>Texas</StateName>
<StateCode>TX</StateCode>
<CONGRESSDISTRICT>10</CONGRESSDISTRICT>
<CONGRESS_DISTRICT_ORG>TX10</CONGRESS_DISTRICT_ORG>
<ORG_DUNS_NUM>170230239</ORG_DUNS_NUM>
<ORG_LGL_BUS_NAME>UNIVERSITY OF TEXAS AT AUSTIN</ORG_LGL_BUS_NAME>
<ORG_PRNT_DUNS_NUM>042000273</ORG_PRNT_DUNS_NUM>
</Institution>
<Performance_Institution>
<Name><![CDATA[University of Texas at Austin]]></Name>
<CityName>Austin</CityName>
<StateCode>TX</StateCode>
<ZipCode>787595316</ZipCode>
<StreetAddress/>
<CountryCode>US</CountryCode>
<CountryName>United States</CountryName>
<StateName>Texas</StateName>
<CountryFlag>1</CountryFlag>
<CONGRESSDISTRICT>10</CONGRESSDISTRICT>
<CONGRESS_DISTRICT_PERF>TX10</CONGRESS_DISTRICT_PERF>
</Performance_Institution>
<ProgramElement>
<Code>058Y</Code>
<Text>M3X - Mind, Machine, and Motor</Text>
</ProgramElement>
<ProgramElement>
<Code>8013</Code>
<Text>NRI-National Robotics Initiati</Text>
</ProgramElement>
<ProgramReference>
<Code>7556</Code>
<Text>CONFERENCE AND WORKSHOPS</Text>
</ProgramReference>
<ProgramReference>
<Code>7632</Code>
<Text>HUMAN-ROBOT INTERACTION</Text>
</ProgramReference>
<ProgramReference>
<Code>9102</Code>
<Text>WOMEN, MINORITY, DISABLED, NEC</Text>
</ProgramReference>
<ProgramReference>
<Code>9178</Code>
<Text>UNDERGRADUATE EDUCATION</Text>
</ProgramReference>
<Appropriation>
<Code>0120</Code>
<Name>NSF RESEARCH &amp; RELATED ACTIVIT</Name>
<APP_SYMB_ID>040100</APP_SYMB_ID>
</Appropriation>
<FUND_OBLG>2020~16450</FUND_OBLG>
</Award>
</rootTag>
