<?xml version="1.0" encoding="UTF-8"?>
<rootTag>
<Award>
<AwardTitle>Excellence in Research: A Cyber-Physical System Framework for In-process Quality Assurance of Inkjet-based Additive Manufacturing</AwardTitle>
<AGENCY>NSF</AGENCY>
<AwardEffectiveDate>07/01/2021</AwardEffectiveDate>
<AwardExpirationDate>06/30/2024</AwardExpirationDate>
<AwardTotalIntnAmount>399917.00</AwardTotalIntnAmount>
<AwardAmount>399917</AwardAmount>
<AwardInstrument>
<Value>Standard Grant</Value>
</AwardInstrument>
<Organization>
<Code>07030000</Code>
<Directorate>
<Abbreviation>ENG</Abbreviation>
<LongName>Directorate For Engineering</LongName>
</Directorate>
<Division>
<Abbreviation>CMMI</Abbreviation>
<LongName>Div Of Civil, Mechanical, &amp; Manufact Inn</LongName>
</Division>
</Organization>
<ProgramOfficer>
<SignBlockName>Khershed Cooper</SignBlockName>
<PO_EMAI>khcooper@nsf.gov</PO_EMAI>
<PO_PHON>7032927017</PO_PHON>
</ProgramOfficer>
<AbstractNarration>This Historically Black Colleges and Universities - Excellence in Research (HBCU-EiR) grant supports research that contributes new knowledge related to quality assurance for additive manufacturing, promoting both the progress of science and the advancement of national prosperity. Inkjet printing is one representative additive manufacturing process based on thermal or acoustic formation and ejection of liquid droplets through a nozzle. Its great promise has been demonstrated in electronics, energy, healthcare and biomedical industries. However, inkjet printing is sensitive to environmental, material, mechanical and electronical factors, and the process can easily deviate from the desirable working status, resulting in defective parts. This tends to lead to material and energy waste and affects the structural health and functional integrity of many important engineering systems. This award supports fundamental research to provide needed knowledge for the development of a holistic framework involving neural networks for quality assurance in inkjet printing. This project holds the potential to significantly improve productivity, quality and material efficiency for inkjet-based additive manufacturing processes, thus benefiting the U.S. economy and society. Using a multi-disciplinary approach involving manufacturing, computer vision, control theory, and machine learning, this research helps broaden participation of underrepresented groups in research and promotes engineering education.&lt;br/&gt;&lt;br/&gt;The goal of this project is to establish a comprehensive framework that seamlessly integrates in-process video-based monitoring with closed-loop control and compensation to effectively detect and subsequently correct the process drift and anomalies toward high-quality inkjet printing. The framework consists of three synergic digital twins based on neural networks, a technique that mimics the operations of a human brain in the artificial intelligence field. The first digital twin aims at closed-loop control of the kinematic and morphological status of the micro droplets. The second digital twin focuses on closed-loop control of the geometrical and morphological status of the printed patterns. The third digital twin determines and implements compensation strategies for defective patterns. Specific objectives are to 1) identify methodology for creation and integration of digital twins to maintain desirable droplet status, obtain required patterns and implement effective compensation, 2) derive practical guidelines of using neural network in quality assurance, including input selection and preparation, network design and optimization, output selection and usage, and transferability and adaptability, and 3) understand the relationship between material properties, control variables, in-process parameters and print outcome in inkjet printing from the perspectives of neural network. This project is expected to provide fundamental understanding of the design, development, and implementation of cyber-physical systems in additive manufacturing. The developed framework can be adapted to other macro- and micro-scale additive manufacturing processes.&lt;br/&gt;&lt;br/&gt;This award reflects NSF's statutory mission and has been deemed worthy of support through evaluation using the Foundation's intellectual merit and broader impacts review criteria.</AbstractNarration>
<MinAmdLetterDate>07/16/2021</MinAmdLetterDate>
<MaxAmdLetterDate>07/16/2021</MaxAmdLetterDate>
<ARRAAmount/>
<TRAN_TYPE>Grant</TRAN_TYPE>
<CFDA_NUM>47.041</CFDA_NUM>
<NSF_PAR_USE_FLAG>1</NSF_PAR_USE_FLAG>
<FUND_AGCY_CODE>4900</FUND_AGCY_CODE>
<AWDG_AGCY_CODE>4900</AWDG_AGCY_CODE>
<AwardID>2100850</AwardID>
<Investigator>
<FirstName>Yi</FirstName>
<LastName>Cai</LastName>
<PI_MID_INIT/>
<PI_SUFX_NAME/>
<PI_FULL_NAME>Yi Cai</PI_FULL_NAME>
<EmailAddress>ycai@ncat.edu</EmailAddress>
<PI_PHON>3362853162</PI_PHON>
<NSF_ID>000799020</NSF_ID>
<StartDate>07/16/2021</StartDate>
<EndDate/>
<RoleCode>Principal Investigator</RoleCode>
</Investigator>
<Investigator>
<FirstName>Salil</FirstName>
<LastName>Desai</LastName>
<PI_MID_INIT/>
<PI_SUFX_NAME/>
<PI_FULL_NAME>Salil Desai</PI_FULL_NAME>
<EmailAddress>sdesai@ncat.edu</EmailAddress>
<PI_PHON>3363797500</PI_PHON>
<NSF_ID>000221610</NSF_ID>
<StartDate>07/16/2021</StartDate>
<EndDate/>
<RoleCode>Co-Principal Investigator</RoleCode>
</Investigator>
<Institution>
<Name>North Carolina Agricultural &amp; Technical State University</Name>
<CityName>Greensboro</CityName>
<ZipCode>274110001</ZipCode>
<PhoneNumber>3363347995</PhoneNumber>
<StreetAddress>1601 E. Market Street</StreetAddress>
<StreetAddress2/>
<CountryName>United States</CountryName>
<StateName>North Carolina</StateName>
<StateCode>NC</StateCode>
<CONGRESSDISTRICT>06</CONGRESSDISTRICT>
<CONGRESS_DISTRICT_ORG>NC06</CONGRESS_DISTRICT_ORG>
<ORG_DUNS_NUM>071576482</ORG_DUNS_NUM>
<ORG_LGL_BUS_NAME>NORTH CAROLINA AGRICULTURAL AND TECHNICAL STATE UNIVERSITY</ORG_LGL_BUS_NAME>
<ORG_PRNT_DUNS_NUM>071576482</ORG_PRNT_DUNS_NUM>
</Institution>
<Performance_Institution>
<Name><![CDATA[North Carolina Agricultural & Technical State University]]></Name>
<CityName>Greensboro</CityName>
<StateCode>NC</StateCode>
<ZipCode>274110001</ZipCode>
<StreetAddress><![CDATA[1601 E. Market Street]]></StreetAddress>
<CountryCode>US</CountryCode>
<CountryName>United States</CountryName>
<StateName>North Carolina</StateName>
<CountryFlag>1</CountryFlag>
<CONGRESSDISTRICT>06</CONGRESSDISTRICT>
<CONGRESS_DISTRICT_PERF>NC06</CONGRESS_DISTRICT_PERF>
</Performance_Institution>
<ProgramElement>
<Code>070Y</Code>
<Text>HBCU-EiR - HBCU-Excellence in</Text>
</ProgramElement>
<ProgramReference>
<Code>041Z</Code>
<Text>HBCU-Strengthening Research Capacities</Text>
</ProgramReference>
<ProgramReference>
<Code>082E</Code>
<Text>MFG MACHINES &amp; METROLOGY</Text>
</ProgramReference>
<ProgramReference>
<Code>083E</Code>
<Text>MATERIAL TRANSFORMATION PROC</Text>
</ProgramReference>
<Appropriation>
<Code>0121</Code>
<Name>NSF RESEARCH &amp; RELATED ACTIVIT</Name>
<APP_SYMB_ID>040100</APP_SYMB_ID>
</Appropriation>
<FUND_OBLG>2021~399917</FUND_OBLG>
</Award>
</rootTag>
