<?xml version="1.0" encoding="UTF-8"?>
<rootTag>
<Award>
<AwardTitle>SaTC: CORE: Small: RUI: Improving Performance of Standoff Iris Recognition Systems Using Deep Learning Frameworks</AwardTitle>
<AGENCY>NSF</AGENCY>
<AwardEffectiveDate>08/01/2020</AwardEffectiveDate>
<AwardExpirationDate>09/30/2022</AwardExpirationDate>
<AwardTotalIntnAmount>233606.00</AwardTotalIntnAmount>
<AwardAmount>233606</AwardAmount>
<AwardInstrument>
<Value>Standard Grant</Value>
</AwardInstrument>
<Organization>
<Code>05050000</Code>
<Directorate>
<Abbreviation>CSE</Abbreviation>
<LongName>Direct For Computer &amp; Info Scie &amp; Enginr</LongName>
</Directorate>
<Division>
<Abbreviation>CNS</Abbreviation>
<LongName>Division Of Computer and Network Systems</LongName>
</Division>
</Organization>
<ProgramOfficer>
<SignBlockName>Nina Amla</SignBlockName>
<PO_EMAI>namla@nsf.gov</PO_EMAI>
<PO_PHON>7032927991</PO_PHON>
</ProgramOfficer>
<AbstractNarration>The iris of the eye enables one of the most accurate, distinctive, universal, and reliable biometrics for authenticating the identity of a person. However, the accuracy of iris recognition depends on the quality of data acquisition, which is negatively affected by the angle of view, occlusion, dilation, and other factors. Since standoff iris recognition systems are much less constrained than traditional systems, the captured iris images are likely to be off-angle, dilated, and otherwise less than ideal. This project addresses these challenging problems and investigates solutions to eliminate their effects on standoff systems. The project provides potential benefits from several perspectives: At the national level, it aims to enhance the national security and competitiveness of the United States by improving the performance of iris recognition to lead the next generation of standoff biometrics systems. At the state level, it improves the quality of research and education in Arkansas, an EPSCoR (Established Program to Stimulate Competitive Research) state, and contributes to the development of a diverse and skilled workforce. At the university level, it provides research opportunities for students from underrepresented groups and equips them with valuable skills to build their careers including creativity, self-confidence, critical thinking and problem solving.&lt;br/&gt;&lt;br/&gt;&lt;br/&gt;This project aims to improve the performance of standoff iris recognition using deep learning techniques within both traditional and nontraditional iris recognition frameworks. First, a deep learning-based frontal image reconstruction framework is developed to eliminate the effect of the eye structures on standoff images before comparing these images with their frontal images in a database. It will unwrap non-ideal iris images within the traditional iris recognition framework using non-linear distortion maps and occlusion masks. Second, nontraditional iris recognition frameworks are developed based on deep learning algorithms to improve the performance of standoff systems using additional biometric information in ocular and periocular structures. This approach also investigates the effect of the gaze angle in iris/ocular/periocular biometrics and combines the biometric information in different standoff images.&lt;br/&gt;&lt;br/&gt;This award reflects NSF's statutory mission and has been deemed worthy of support through evaluation using the Foundation's intellectual merit and broader impacts review criteria.</AbstractNarration>
<MinAmdLetterDate>11/13/2020</MinAmdLetterDate>
<MaxAmdLetterDate>11/13/2020</MaxAmdLetterDate>
<ARRAAmount/>
<TRAN_TYPE>Grant</TRAN_TYPE>
<CFDA_NUM>47.070</CFDA_NUM>
<NSF_PAR_USE_FLAG>1</NSF_PAR_USE_FLAG>
<FUND_AGCY_CODE>4900</FUND_AGCY_CODE>
<AWDG_AGCY_CODE>4900</AWDG_AGCY_CODE>
<AwardID>2100483</AwardID>
<Investigator>
<FirstName>Mahmut</FirstName>
<LastName>Karakaya</LastName>
<PI_MID_INIT/>
<PI_SUFX_NAME/>
<PI_FULL_NAME>Mahmut Karakaya</PI_FULL_NAME>
<EmailAddress>mkarakay@kennesaw.edu</EmailAddress>
<PI_PHON>4705786983</PI_PHON>
<NSF_ID>000735740</NSF_ID>
<StartDate>11/13/2020</StartDate>
<EndDate/>
<RoleCode>Principal Investigator</RoleCode>
</Investigator>
<Institution>
<Name>Kennesaw State University Research and Service Foundation</Name>
<CityName>Kennesaw</CityName>
<ZipCode>301445591</ZipCode>
<PhoneNumber>4705786381</PhoneNumber>
<StreetAddress>1000 Chastain Road</StreetAddress>
<StreetAddress2><![CDATA[MD 0111]]></StreetAddress2>
<CountryName>United States</CountryName>
<StateName>Georgia</StateName>
<StateCode>GA</StateCode>
<CONGRESSDISTRICT>11</CONGRESSDISTRICT>
<CONGRESS_DISTRICT_ORG>GA11</CONGRESS_DISTRICT_ORG>
<ORG_DUNS_NUM>832879733</ORG_DUNS_NUM>
<ORG_LGL_BUS_NAME>KENNESAW STATE UNIVERSITY RESEARCH AND SERVICE FOUNDATION, INC.</ORG_LGL_BUS_NAME>
<ORG_PRNT_DUNS_NUM/>
</Institution>
<Performance_Institution>
<Name><![CDATA[Kennesaw State University]]></Name>
<CityName/>
<StateCode>GA</StateCode>
<ZipCode>301445591</ZipCode>
<StreetAddress/>
<CountryCode>US</CountryCode>
<CountryName>United States</CountryName>
<StateName>Georgia</StateName>
<CountryFlag>1</CountryFlag>
<CONGRESSDISTRICT>11</CONGRESSDISTRICT>
<CONGRESS_DISTRICT_PERF>GA11</CONGRESS_DISTRICT_PERF>
</Performance_Institution>
<ProgramElement>
<Code>8060</Code>
<Text>Secure &amp;Trustworthy Cyberspace</Text>
</ProgramElement>
<ProgramReference>
<Code>025Z</Code>
<Text>SaTC: Secure and Trustworthy Cyberspace</Text>
</ProgramReference>
<ProgramReference>
<Code>065Z</Code>
<Text>Human factors for security research</Text>
</ProgramReference>
<ProgramReference>
<Code>7923</Code>
<Text>SMALL PROJECT</Text>
</ProgramReference>
<ProgramReference>
<Code>9150</Code>
<Text>EXP PROG TO STIM COMP RES</Text>
</ProgramReference>
<ProgramReference>
<Code>9229</Code>
<Text>RES IN UNDERGRAD INST-RESEARCH</Text>
</ProgramReference>
<Appropriation>
<Code>0119</Code>
<Name>NSF RESEARCH &amp; RELATED ACTIVIT</Name>
<APP_SYMB_ID>040100</APP_SYMB_ID>
</Appropriation>
<FUND_OBLG>2019~233605</FUND_OBLG>
</Award>
</rootTag>
