<?xml version="1.0" encoding="UTF-8"?>
<rootTag>
<Award>
<AwardTitle>Creation and Modernization of Technological Education in Electronics and Welding through Open Educational Resources that are Free to Share, Use, and Revise</AwardTitle>
<AGENCY>NSF</AGENCY>
<AwardEffectiveDate>09/01/2021</AwardEffectiveDate>
<AwardExpirationDate>08/31/2024</AwardExpirationDate>
<AwardTotalIntnAmount>365000.00</AwardTotalIntnAmount>
<AwardAmount>365000</AwardAmount>
<AwardInstrument>
<Value>Standard Grant</Value>
</AwardInstrument>
<Organization>
<Code>11040100</Code>
<Directorate>
<Abbreviation>EHR</Abbreviation>
<LongName>Direct For Education and Human Resources</LongName>
</Directorate>
<Division>
<Abbreviation>DUE</Abbreviation>
<LongName>Division Of Undergraduate Education</LongName>
</Division>
</Organization>
<ProgramOfficer>
<SignBlockName>Jill Nelson</SignBlockName>
<PO_EMAI>jnelson@nsf.gov</PO_EMAI>
<PO_PHON>7032924359</PO_PHON>
</ProgramOfficer>
<AbstractNarration>This project is designed to modernize technical education in Electronics and Welding by developing and sharing openly licensed course materials. These materials, known as Open Educational Resources (OER), can be retained, reused, redistributed, revised, or remixed without permission from their creator.  As a result, their content is dynamic and free of cost. Although OER are common for general education, the highly technical fields of manufacturing technology have not widely transitioned to use of OER.  This project plans to create OER for education in Welding Technology and Electronics Technology. OER reduces barriers to education by reducing costs and ensuring course materials are available immediately.  In addition, instructors can easily adapt materials to make meaningful connections to diverse student experiences and interests. It is expected that the project will broaden participation in manufacturing technology programs by including more women, veterans, people with disabilities, adult learners, and people from communities that are underrepresented in STEM technical fields.  In doing so, the project will directly serve the national interest in developing and maintaining a diverse skilled technical workforce.&lt;br/&gt;&lt;br/&gt;The project objectives are to: 1) create or adapt and incorporate digitally accessible OER, including student learning assessments, for six courses, allowing hybrid and online delivery; 2) train faculty in OER, accessibility, the online environment, and instructional design; and 3) engage industry partners to collaborate with faculty in reviewing and modifying course materials for content and accessibility and to provide industry experience for students through internships. External evaluators will provide ongoing review of activities and a summative evaluation. Project deliverables will be disseminated through OER repositories for use worldwide. The instructional changes, faculty professional development, and collaboration with industry partners are designed to prepare a more diverse, better trained technician workforce ready to meet critical regional needs. This project is funded by the Advanced Technological Education program that focuses on the education of technicians for the advanced-technology fields that drive the nation’s economy.&lt;br/&gt;&lt;br/&gt;This award reflects NSF's statutory mission and has been deemed worthy of support through evaluation using the Foundation's intellectual merit and broader impacts review criteria.</AbstractNarration>
<MinAmdLetterDate>04/06/2021</MinAmdLetterDate>
<MaxAmdLetterDate>04/06/2021</MaxAmdLetterDate>
<ARRAAmount/>
<TRAN_TYPE>Grant</TRAN_TYPE>
<CFDA_NUM>47.076</CFDA_NUM>
<NSF_PAR_USE_FLAG>1</NSF_PAR_USE_FLAG>
<FUND_AGCY_CODE>4900</FUND_AGCY_CODE>
<AWDG_AGCY_CODE>4900</AWDG_AGCY_CODE>
<AwardID>2100136</AwardID>
<Investigator>
<FirstName>Stephanie</FirstName>
<LastName>Bostwick</LastName>
<PI_MID_INIT/>
<PI_SUFX_NAME/>
<PI_FULL_NAME>Stephanie Bostwick</PI_FULL_NAME>
<EmailAddress>stephanie.bostwick@lwtech.edu</EmailAddress>
<PI_PHON>4257398100</PI_PHON>
<NSF_ID>000703336</NSF_ID>
<StartDate>04/06/2021</StartDate>
<EndDate/>
<RoleCode>Principal Investigator</RoleCode>
</Investigator>
<Investigator>
<FirstName>Katherine</FirstName>
<LastName>Kelley</LastName>
<PI_MID_INIT>L</PI_MID_INIT>
<PI_SUFX_NAME/>
<PI_FULL_NAME>Katherine L Kelley</PI_FULL_NAME>
<EmailAddress>katherine.kelley@lwtech.edu</EmailAddress>
<PI_PHON>4257398100</PI_PHON>
<NSF_ID>000835337</NSF_ID>
<StartDate>04/06/2021</StartDate>
<EndDate/>
<RoleCode>Co-Principal Investigator</RoleCode>
</Investigator>
<Institution>
<Name>Lake Washington Institute of Technology</Name>
<CityName>Kirkland</CityName>
<CountyName>KING</CountyName>
<ZipCode>980348506</ZipCode>
<PhoneNumber>4257398156</PhoneNumber>
<StreetAddress>11605 132nd Avenue NE</StreetAddress>
<StreetAddress2/>
<CountryName>United States</CountryName>
<StateName>Washington</StateName>
<StateCode>WA</StateCode>
<CONGRESSDISTRICT>01</CONGRESSDISTRICT>
<CONGRESS_DISTRICT_ORG>WA01</CONGRESS_DISTRICT_ORG>
<ORG_DUNS_NUM>116848412</ORG_DUNS_NUM>
<ORG_LGL_BUS_NAME>LAKE WASHINGTON INSTITUTE OF TECHNOLOGY</ORG_LGL_BUS_NAME>
<ORG_PRNT_DUNS_NUM>116848412</ORG_PRNT_DUNS_NUM>
</Institution>
<Performance_Institution>
<Name><![CDATA[Lake Washington Institute of Technology]]></Name>
<CityName>Kirkland</CityName>
<CountyName>KING</CountyName>
<StateCode>WA</StateCode>
<ZipCode>980348505</ZipCode>
<StreetAddress><![CDATA[11605 132nd Ave NE]]></StreetAddress>
<CountryCode>US</CountryCode>
<CountryName>United States</CountryName>
<StateName>Washington</StateName>
<CountryFlag>1</CountryFlag>
<CONGRESSDISTRICT>01</CONGRESSDISTRICT>
<CONGRESS_DISTRICT_PERF>WA01</CONGRESS_DISTRICT_PERF>
</Performance_Institution>
<ProgramElement>
<Code>7412</Code>
<Text>Advanced Tech Education Prog</Text>
</ProgramElement>
<ProgramReference>
<Code>102Z</Code>
<Text>COVID-Disproportionate Impcts Inst-Indiv</Text>
</ProgramReference>
<ProgramReference>
<Code>1032</Code>
<Text>ADVANCED TECHNOLOGY EDUCATION</Text>
</ProgramReference>
<ProgramReference>
<Code>9178</Code>
<Text>UNDERGRADUATE EDUCATION</Text>
</ProgramReference>
<ProgramReference>
<Code>SMET</Code>
<Text>SCIENCE, MATH, ENG &amp; TECH EDUCATION</Text>
</ProgramReference>
<Appropriation>
<Code>0421</Code>
<Name>NSF Education &amp; Human Resource</Name>
<APP_SYMB_ID>040106</APP_SYMB_ID>
</Appropriation>
<FUND_OBLG>2021~365000</FUND_OBLG>
</Award>
</rootTag>
