<?xml version="1.0" encoding="UTF-8"?>
<rootTag>
<Award>
<AwardTitle>Collaborative Research: Learning Preferences and Domain Differences in Design Fixation</AwardTitle>
<AGENCY>NSF</AGENCY>
<AwardEffectiveDate>09/01/2021</AwardEffectiveDate>
<AwardExpirationDate>08/31/2024</AwardExpirationDate>
<AwardTotalIntnAmount>840100.00</AwardTotalIntnAmount>
<AwardAmount>558749</AwardAmount>
<AwardInstrument>
<Value>Continuing Grant</Value>
</AwardInstrument>
<Organization>
<Code>11090000</Code>
<Directorate>
<Abbreviation>EHR</Abbreviation>
<LongName>Direct For Education and Human Resources</LongName>
</Directorate>
<Division>
<Abbreviation>DRL</Abbreviation>
<LongName>Division Of Research On Learning</LongName>
</Division>
</Organization>
<ProgramOfficer>
<SignBlockName>Gregg Solomon</SignBlockName>
<PO_EMAI>gesolomo@nsf.gov</PO_EMAI>
<PO_PHON>7032928333</PO_PHON>
</ProgramOfficer>
<AbstractNarration>Learning to design in formal engineering and design education often involves the study of existing designs as examples. Research has shown that the use of pictorial examples during the presentation of design problems can support the learning of engineering principles and design constraints. But it can also bias designers and engineering design students toward replicating the examples they were shown, even in the presence of explicit instructions not to do so, rather than seeking innovative alternative solutions. This phenomenon is known as design fixation—the tendency to adhere to elements of prior ideas or solutions to a problem. Design fixation is a significant barrier to the generation of new design ideas and creative problem solving. Intriguingly, preliminary research on engineering education has suggested there is a disciplinary difference in the tendency to show design fixation to pictorial examples, such that industrial designers are markedly less likely to fixate than are mechanical engineers. The goal of this project, a collaboration between cognitive neuroscience researchers at Drexel University and design scientists at the University of North Carolina, is to focus on this difference as a means of understanding the cognitive and neural processes underlying design fixation. The driving hypothesis is that, as a result of their training, mechanical engineering students are more likely to fixate because they are less apt to draw on abstract principles. The studies will involve a combination of behavioral and brain imaging studies of first year and fourth year undergraduate students in different design disciplines. The results of this project will have the potential to generalize across much of STEM education by informing the development of curricula to ward off design fixation. This award is made by the EHR Core Research (ECR) program, which supports work that advances the fundamental research literature on STEM learning.&lt;br/&gt;&lt;br/&gt;Drawing on the research literature in cognitive science, cognitive neuroscience, engineering education, and design science, this project will examine the premise that there are differences between undergraduate industrial design and mechanical engineering students in their tendencies to show design fixation and that these differences are arise from instruction that emphasizes the of abstraction (rule-based) learning in the former discipline and exemplar-based learning in the latter. The project will examine whether differences between students during concept building, captured by both behavioral and neural measures, can predict design fixation patterns. The researchers will collect multimodal data from first year and senior industrial design and mechanical engineering students on a design fixation task and a control design task. They will quantify design fixation behaviorally through (a) the coding of sketches according to an established design categorization scheme, and (b) the coding of verbal protocols with the established Function-Behavior-Structure (FBS) ontology for design. The FBS ontology segmentation and coding of verbal protocols will then be used in a novel attempt to analyze neural responses during the design fixation and control tasks. The behavioral and neural differences in learning tendencies – rule-based and exemplar based – between students in the two disciplines will then be used to predict behavioral and neural differences in design fixation. Ultimately, the investigators aim to put forth a mechanistic account of design fixation, grounded in cognitive neuroscience and design theory and practice, that will inform the development of instructional interventions.&lt;br/&gt;&lt;br/&gt;This award reflects NSF's statutory mission and has been deemed worthy of support through evaluation using the Foundation's intellectual merit and broader impacts review criteria.</AbstractNarration>
<MinAmdLetterDate>04/01/2021</MinAmdLetterDate>
<MaxAmdLetterDate>05/21/2021</MaxAmdLetterDate>
<ARRAAmount/>
<TRAN_TYPE>Grant</TRAN_TYPE>
<CFDA_NUM>47.076</CFDA_NUM>
<NSF_PAR_USE_FLAG>1</NSF_PAR_USE_FLAG>
<FUND_AGCY_CODE>4900</FUND_AGCY_CODE>
<AWDG_AGCY_CODE>4900</AWDG_AGCY_CODE>
<AwardID>2100137</AwardID>
<Investigator>
<FirstName>Evangelia</FirstName>
<LastName>Chrysikou</LastName>
<PI_MID_INIT>G</PI_MID_INIT>
<PI_SUFX_NAME/>
<PI_FULL_NAME>Evangelia G Chrysikou</PI_FULL_NAME>
<EmailAddress>lilachrysikou@drexel.edu</EmailAddress>
<PI_PHON>2155537170</PI_PHON>
<NSF_ID>000727583</NSF_ID>
<StartDate>04/01/2021</StartDate>
<EndDate/>
<RoleCode>Principal Investigator</RoleCode>
</Investigator>
<Institution>
<Name>Drexel University</Name>
<CityName>Philadelphia</CityName>
<ZipCode>191021119</ZipCode>
<PhoneNumber>2158956342</PhoneNumber>
<StreetAddress>1505 Race St, 10th Floor</StreetAddress>
<StreetAddress2/>
<CountryName>United States</CountryName>
<StateName>Pennsylvania</StateName>
<StateCode>PA</StateCode>
<CONGRESSDISTRICT>03</CONGRESSDISTRICT>
<CONGRESS_DISTRICT_ORG>PA03</CONGRESS_DISTRICT_ORG>
<ORG_DUNS_NUM>002604817</ORG_DUNS_NUM>
<ORG_LGL_BUS_NAME>DREXEL UNIVERSITY</ORG_LGL_BUS_NAME>
<ORG_PRNT_DUNS_NUM>002604817</ORG_PRNT_DUNS_NUM>
</Institution>
<Performance_Institution>
<Name><![CDATA[Drexel University]]></Name>
<CityName>Philadelphia</CityName>
<StateCode>PA</StateCode>
<ZipCode>191021119</ZipCode>
<StreetAddress><![CDATA[1505 Race St, 10th Floor]]></StreetAddress>
<CountryCode>US</CountryCode>
<CountryName>United States</CountryName>
<StateName>Pennsylvania</StateName>
<CountryFlag>1</CountryFlag>
<CONGRESSDISTRICT>03</CONGRESSDISTRICT>
<CONGRESS_DISTRICT_PERF>PA03</CONGRESS_DISTRICT_PERF>
</Performance_Institution>
<ProgramElement>
<Code>7980</Code>
<Text>ECR-EHR Core Research</Text>
</ProgramElement>
<ProgramReference>
<Code>8089</Code>
<Text>Understanding the Brain/Cognitive Scienc</Text>
</ProgramReference>
<ProgramReference>
<Code>8091</Code>
<Text>BRAIN Initiative Res Support</Text>
</ProgramReference>
<ProgramReference>
<Code>8817</Code>
<Text>STEM Learning &amp; Learning Environments</Text>
</ProgramReference>
<Appropriation>
<Code>0421</Code>
<Name>NSF Education &amp; Human Resource</Name>
<APP_SYMB_ID>040106</APP_SYMB_ID>
</Appropriation>
<FUND_OBLG>2021~558749</FUND_OBLG>
</Award>
</rootTag>
