<?xml version="1.0" encoding="UTF-8"?>
<rootTag>
<Award>
<AwardTitle>Electronics and Engineering Technician Training in High Technology for the 21st Century</AwardTitle>
<AGENCY>NSF</AGENCY>
<AwardEffectiveDate>07/01/2021</AwardEffectiveDate>
<AwardExpirationDate>06/30/2024</AwardExpirationDate>
<AwardTotalIntnAmount>597961.00</AwardTotalIntnAmount>
<AwardAmount>597961</AwardAmount>
<AwardInstrument>
<Value>Standard Grant</Value>
</AwardInstrument>
<Organization>
<Code>11040100</Code>
<Directorate>
<Abbreviation>EHR</Abbreviation>
<LongName>Direct For Education and Human Resources</LongName>
</Directorate>
<Division>
<Abbreviation>DUE</Abbreviation>
<LongName>Division Of Undergraduate Education</LongName>
</Division>
</Organization>
<ProgramOfficer>
<SignBlockName>Jill Nelson</SignBlockName>
<PO_EMAI>jnelson@nsf.gov</PO_EMAI>
<PO_PHON>7032924359</PO_PHON>
</ProgramOfficer>
<AbstractNarration>As technological innovation continues to determine the competitiveness of U.S. industries, businesses are seeking employees who possess the skills to engage with new technologies being adopted across a variety of sectors. In response, Suffolk County Community College’s (SCCC) Electronics and Engineering Technician Training in High Technology for the 21st Century (ETECH-21) will develop advanced technological training and virtual hands-on lab activities that incorporate some of these latest technologies, such as applied artificial intelligence and machine learning and microcontroller electronic devices. With guidance from industry, the initiative will engage 120 college students, 12 high school teachers and 30 high school students in new curriculum and lab activities; design and implement an innovative remote lab, which will provide 24/7 access to virtual lab equipment for students, faculty and industry partners; offer internships with industry partners such as Brookhaven National Laboratory, Tesla, and Curtis Wright, among others; and provide training to faculty and high school educators.&lt;br/&gt;&lt;br/&gt;To increase the participation of underrepresented students, SCCC will collaborate with area high schools and women-focused STEM organizations to promote enhanced STEM educational pathways among K-12 women and minority students. Dissemination of project innovations and best practices will be achieved through presentations at regional, state, and national conferences. Project evaluation will focus on several key components. First is the extent project activities are completed with quality and within the anticipated timeline. Second is the degree to which the activities result in the proposed outcomes. Third is to investigate how much the project increases regional capacity to grow and train the advanced technological workforce. Fourth is to gauge the extent to which the project creates a seamless pathway for inquiry-based STEM learning, particularly for the participation of underrepresented students. And fifth is to examine the extent to which the project fosters collaboration among scientific, engineering, industry, higher education, and secondary schools to expand ATE knowledge. This project is funded by the Advanced Technological Education program that focuses on the education of technicians for the advanced-technology fields that drive the nation's economy.&lt;br/&gt;&lt;br/&gt;This award reflects NSF's statutory mission and has been deemed worthy of support through evaluation using the Foundation's intellectual merit and broader impacts review criteria.</AbstractNarration>
<MinAmdLetterDate>06/23/2021</MinAmdLetterDate>
<MaxAmdLetterDate>06/23/2021</MaxAmdLetterDate>
<ARRAAmount/>
<TRAN_TYPE>Grant</TRAN_TYPE>
<CFDA_NUM>47.076</CFDA_NUM>
<NSF_PAR_USE_FLAG>1</NSF_PAR_USE_FLAG>
<FUND_AGCY_CODE>4900</FUND_AGCY_CODE>
<AWDG_AGCY_CODE>4900</AWDG_AGCY_CODE>
<AwardID>2100176</AwardID>
<Investigator>
<FirstName>Gordon</FirstName>
<LastName>Snyder</LastName>
<PI_MID_INIT/>
<PI_SUFX_NAME/>
<PI_FULL_NAME>Gordon Snyder</PI_FULL_NAME>
<EmailAddress>gsnyder@hcc.edu</EmailAddress>
<PI_PHON>4135522461</PI_PHON>
<NSF_ID>000098260</NSF_ID>
<StartDate>06/23/2021</StartDate>
<EndDate/>
<RoleCode>Co-Principal Investigator</RoleCode>
</Investigator>
<Investigator>
<FirstName>Peter</FirstName>
<LastName>Maritato</LastName>
<PI_MID_INIT>J</PI_MID_INIT>
<PI_SUFX_NAME/>
<PI_FULL_NAME>Peter J Maritato</PI_FULL_NAME>
<EmailAddress>maritap@sunysuffolk.edu</EmailAddress>
<PI_PHON>6314514277</PI_PHON>
<NSF_ID>000163749</NSF_ID>
<StartDate>06/23/2021</StartDate>
<EndDate/>
<RoleCode>Principal Investigator</RoleCode>
</Investigator>
<Investigator>
<FirstName>Wesley</FirstName>
<LastName>Francillon</LastName>
<PI_MID_INIT/>
<PI_SUFX_NAME/>
<PI_FULL_NAME>Wesley Francillon</PI_FULL_NAME>
<EmailAddress>franciw@sunysuffolk.edu</EmailAddress>
<PI_PHON>6314514076</PI_PHON>
<NSF_ID>000603913</NSF_ID>
<StartDate>06/23/2021</StartDate>
<EndDate/>
<RoleCode>Co-Principal Investigator</RoleCode>
</Investigator>
<Investigator>
<FirstName>David</FirstName>
<LastName>Macholz</LastName>
<PI_MID_INIT>T</PI_MID_INIT>
<PI_SUFX_NAME/>
<PI_FULL_NAME>David T Macholz</PI_FULL_NAME>
<EmailAddress>machold@sunysuffolk.edu</EmailAddress>
<PI_PHON>6314514906</PI_PHON>
<NSF_ID>000838880</NSF_ID>
<StartDate>06/23/2021</StartDate>
<EndDate/>
<RoleCode>Co-Principal Investigator</RoleCode>
</Investigator>
<Investigator>
<FirstName>Laura</FirstName>
<LastName>Galletta</LastName>
<PI_MID_INIT>A</PI_MID_INIT>
<PI_SUFX_NAME/>
<PI_FULL_NAME>Laura A Galletta</PI_FULL_NAME>
<EmailAddress>galletl@sunysuffolk.edu</EmailAddress>
<PI_PHON>6318516216</PI_PHON>
<NSF_ID>000838902</NSF_ID>
<StartDate>06/23/2021</StartDate>
<EndDate/>
<RoleCode>Co-Principal Investigator</RoleCode>
</Investigator>
<Institution>
<Name>Suffolk Community College</Name>
<CityName>Selden</CityName>
<ZipCode>117842899</ZipCode>
<PhoneNumber>6314514760</PhoneNumber>
<StreetAddress>533 College Road</StreetAddress>
<StreetAddress2/>
<CountryName>United States</CountryName>
<StateName>New York</StateName>
<StateCode>NY</StateCode>
<CONGRESSDISTRICT>01</CONGRESSDISTRICT>
<CONGRESS_DISTRICT_ORG>NY01</CONGRESS_DISTRICT_ORG>
<ORG_DUNS_NUM>068017615</ORG_DUNS_NUM>
<ORG_LGL_BUS_NAME>SUFFOLK COUNTY COMMUNITY COLLEGE</ORG_LGL_BUS_NAME>
<ORG_PRNT_DUNS_NUM>041002973</ORG_PRNT_DUNS_NUM>
</Institution>
<Performance_Institution>
<Name><![CDATA[Suffolk Community College]]></Name>
<CityName>Selden</CityName>
<StateCode>NY</StateCode>
<ZipCode>117842899</ZipCode>
<StreetAddress><![CDATA[533 College Road]]></StreetAddress>
<CountryCode>US</CountryCode>
<CountryName>United States</CountryName>
<StateName>New York</StateName>
<CountryFlag>1</CountryFlag>
<CONGRESSDISTRICT>01</CONGRESSDISTRICT>
<CONGRESS_DISTRICT_PERF>NY01</CONGRESS_DISTRICT_PERF>
</Performance_Institution>
<ProgramElement>
<Code>7412</Code>
<Text>Advanced Tech Education Prog</Text>
</ProgramElement>
<ProgramReference>
<Code>102Z</Code>
<Text>COVID-Disproportionate Impcts Inst-Indiv</Text>
</ProgramReference>
<ProgramReference>
<Code>1032</Code>
<Text>ADVANCED TECHNOLOGY EDUCATION</Text>
</ProgramReference>
<ProgramReference>
<Code>9178</Code>
<Text>UNDERGRADUATE EDUCATION</Text>
</ProgramReference>
<ProgramReference>
<Code>SMET</Code>
<Text>SCIENCE, MATH, ENG &amp; TECH EDUCATION</Text>
</ProgramReference>
<Appropriation>
<Code>0421</Code>
<Name>NSF Education &amp; Human Resource</Name>
<APP_SYMB_ID>040106</APP_SYMB_ID>
</Appropriation>
<FUND_OBLG>2021~597961</FUND_OBLG>
</Award>
</rootTag>
