<?xml version="1.0" encoding="UTF-8"?>
<rootTag>
<Award>
<AwardTitle>SaTC: CORE: Small: Techniques for Software Model Checking of Hyperproperties</AwardTitle>
<AGENCY>NSF</AGENCY>
<AwardEffectiveDate>08/16/2020</AwardEffectiveDate>
<AwardExpirationDate>08/31/2022</AwardExpirationDate>
<AwardTotalIntnAmount>275430.00</AwardTotalIntnAmount>
<AwardAmount>275430</AwardAmount>
<AwardInstrument>
<Value>Standard Grant</Value>
</AwardInstrument>
<Organization>
<Code>05050000</Code>
<Directorate>
<Abbreviation>CSE</Abbreviation>
<LongName>Direct For Computer &amp; Info Scie &amp; Enginr</LongName>
</Directorate>
<Division>
<Abbreviation>CNS</Abbreviation>
<LongName>Division Of Computer and Network Systems</LongName>
</Division>
</Organization>
<ProgramOfficer>
<SignBlockName>Nina Amla</SignBlockName>
<PO_EMAI>namla@nsf.gov</PO_EMAI>
<PO_PHON>7032927991</PO_PHON>
</ProgramOfficer>
<AbstractNarration>Most manufacturers and companies employ a set of security and privacy policies that specify how the data produced by their products can be accessed and propagated. Violation of such policies may result in catastrophic consequences such as breach of public services and safety or compromising highly sensitive data and privacy of citizens. Frequent reports of security exploits and loss of information privacy have unfortunately become everyday occurrences. In the context of confidentiality, one specific technique to obtain assurance is analyzing software source code to identify security flaws, in particular, to detect bad flow of information among users with different security privileges. This project aims at developing algorithms and tools that automatically detect bugs that result in violation of confidentiality through bad flow of information. The results of this project will improve public confidence in the ability of complex systems to operate safely and maintain information confidentiality. The research aims to bring about a paradigm shift in reasoning about security and privacy at software source code level.&lt;br/&gt;&lt;br/&gt;This project develops push-button software model checking techniques for verification of a rich class of information flow policies. The specification language is based on hyperproperties, a set-theoretic framework to describe security and privacy policies. The project uses HyperLTL, a temporal logic that allows explicit quantification over traces, to formally express hyperproperties. The main objective is to make software model checking possible for hyperproperties. The investigators investigate new theories that allows code-level verification of hyperproperties, as the current semantics of HyperLTL does not allow asynchronous progress among traces. The project develops efficient model checking techniques that cannot be trivially generalized to deal with HyperLTL: partial-order reduction, abstraction/refinement, and bounded model checking. The investigators develop tools that realize these algorithms and will conduct rigorous case studies.&lt;br/&gt;&lt;br/&gt;This award reflects NSF's statutory mission and has been deemed worthy of support through evaluation using the Foundation's intellectual merit and broader impacts review criteria.</AbstractNarration>
<MinAmdLetterDate>10/29/2020</MinAmdLetterDate>
<MaxAmdLetterDate>10/29/2020</MaxAmdLetterDate>
<ARRAAmount/>
<TRAN_TYPE>Grant</TRAN_TYPE>
<CFDA_NUM>47.070</CFDA_NUM>
<NSF_PAR_USE_FLAG>1</NSF_PAR_USE_FLAG>
<FUND_AGCY_CODE>4900</FUND_AGCY_CODE>
<AWDG_AGCY_CODE>4900</AWDG_AGCY_CODE>
<AwardID>2100989</AwardID>
<Investigator>
<FirstName>Borzoo</FirstName>
<LastName>Bonakdarpour</LastName>
<PI_MID_INIT/>
<PI_SUFX_NAME/>
<PI_FULL_NAME>Borzoo Bonakdarpour</PI_FULL_NAME>
<EmailAddress>borzoo@msu.edu</EmailAddress>
<PI_PHON>5152302125</PI_PHON>
<NSF_ID>000756129</NSF_ID>
<StartDate>10/29/2020</StartDate>
<EndDate/>
<RoleCode>Principal Investigator</RoleCode>
</Investigator>
<Institution>
<Name>Michigan State University</Name>
<CityName>East Lansing</CityName>
<ZipCode>488242600</ZipCode>
<PhoneNumber>5173555040</PhoneNumber>
<StreetAddress>Office of Sponsored Programs</StreetAddress>
<StreetAddress2><![CDATA[426 Administration Bldg, Rm2]]></StreetAddress2>
<CountryName>United States</CountryName>
<StateName>Michigan</StateName>
<StateCode>MI</StateCode>
<CONGRESSDISTRICT>08</CONGRESSDISTRICT>
<CONGRESS_DISTRICT_ORG>MI08</CONGRESS_DISTRICT_ORG>
<ORG_DUNS_NUM>193247145</ORG_DUNS_NUM>
<ORG_LGL_BUS_NAME>MICHIGAN STATE UNIVERSITY</ORG_LGL_BUS_NAME>
<ORG_PRNT_DUNS_NUM>053343976</ORG_PRNT_DUNS_NUM>
</Institution>
<Performance_Institution>
<Name><![CDATA[Michigan State University]]></Name>
<CityName>East Lansing</CityName>
<StateCode>MI</StateCode>
<ZipCode>488242600</ZipCode>
<StreetAddress><![CDATA[426 Administration Bldg]]></StreetAddress>
<CountryCode>US</CountryCode>
<CountryName>United States</CountryName>
<StateName>Michigan</StateName>
<CountryFlag>1</CountryFlag>
<CONGRESSDISTRICT>08</CONGRESSDISTRICT>
<CONGRESS_DISTRICT_PERF>MI08</CONGRESS_DISTRICT_PERF>
</Performance_Institution>
<ProgramElement>
<Code>8060</Code>
<Text>Secure &amp;Trustworthy Cyberspace</Text>
</ProgramElement>
<ProgramReference>
<Code>025Z</Code>
<Text>SaTC: Secure and Trustworthy Cyberspace</Text>
</ProgramReference>
<ProgramReference>
<Code>7434</Code>
<Text>CNCI</Text>
</ProgramReference>
<ProgramReference>
<Code>7923</Code>
<Text>SMALL PROJECT</Text>
</ProgramReference>
<Appropriation>
<Code>0118</Code>
<Name>NSF RESEARCH &amp; RELATED ACTIVIT</Name>
<APP_SYMB_ID>040100</APP_SYMB_ID>
</Appropriation>
<FUND_OBLG>2018~275429</FUND_OBLG>
</Award>
</rootTag>
