<?xml version="1.0" encoding="UTF-8"?>
<rootTag>
<Award>
<AwardTitle>Collaborative Research: Mapping professional support networks of women and gender and sexual minorities in physics</AwardTitle>
<AGENCY>NSF</AGENCY>
<AwardEffectiveDate>07/01/2021</AwardEffectiveDate>
<AwardExpirationDate>06/30/2024</AwardExpirationDate>
<AwardTotalIntnAmount>63481.00</AwardTotalIntnAmount>
<AwardAmount>63481</AwardAmount>
<AwardInstrument>
<Value>Standard Grant</Value>
</AwardInstrument>
<Organization>
<Code>11010000</Code>
<Directorate>
<Abbreviation>EHR</Abbreviation>
<LongName>Direct For Education and Human Resources</LongName>
</Directorate>
<Division>
<Abbreviation>DGE</Abbreviation>
<LongName>Division Of Graduate Education</LongName>
</Division>
</Organization>
<ProgramOfficer>
<SignBlockName>Earnestine Psalmonds</SignBlockName>
<PO_EMAI>eeaster@nsf.gov</PO_EMAI>
<PO_PHON>7032928112</PO_PHON>
</ProgramOfficer>
<AbstractNarration>This project is a collaboration among the University of Utah as the lead institution and Western Michigan University and Wright State University as partners to investigate how women and gender and sexual minorities (GSM) construct and navigate their professional networks to support their post PhD physics careers. The goal is to use social network analysis with qualitative methods to characterize the professional support networks of women and GSM physicists to test the central hypothesis: professional support networks of these physicists will include substantial out-of-field or out-of-hierarchy elements and that significant differences may appear by employment sector.  The specific aims are to (1) identify the types of professional support networks experienced by GSM physicists, (2) compare professional support networks and career trajectories between different GSM identities, (3) compare professional support network characteristics among physics employment sectors, and (4) synthesize results into a professional support network survey that can be distributed to a wider scientist audience.  The project will provide a nuanced understanding of these changing roles and structures with the goal of broadening participation in physics for underrepresented or marginalized groups.  &lt;br/&gt;&lt;br/&gt;The project will employ standpoint theory to investigate research questions that are aligned with the project aims. The framework motivates the importance of in-depth data collection that centers an individual with their multitude of experiences. It also suggests that individuals from underserved groups should not be compared to those from majority groups, but investigators should focus knowledge production from their voices and lives. Investigators will conduct semi-structured interviews to address three research questions: (1) How are the professional support networks of women and GSM in physics characterized? (2) How satisfied are women and GSM in physics with their career trajectories and current jobs? What network patterns are associated with higher satisfaction and sense of professional identity? (3) What similarities and differences exist among employment sectors?  Investigators will use qualitative methods to analyze and code participant surveys and ego network analysis to focus the exploration of the professional networks of women and GSM physicists. The project contributes guidance for universities, professional societies, and mentors to better understand the professional network needs of women and GSM scientists.  &lt;br/&gt;&lt;br/&gt;The project is funded by the EHR Core Research program that supports fundamental research focused on STEM learning and learning environments, broadening participation in STEM fields, and STEM professional workforce development.&lt;br/&gt;&lt;br/&gt;This award reflects NSF's statutory mission and has been deemed worthy of support through evaluation using the Foundation's intellectual merit and broader impacts review criteria.</AbstractNarration>
<MinAmdLetterDate>06/21/2021</MinAmdLetterDate>
<MaxAmdLetterDate>06/21/2021</MaxAmdLetterDate>
<ARRAAmount/>
<TRAN_TYPE>Grant</TRAN_TYPE>
<CFDA_NUM>47.076</CFDA_NUM>
<NSF_PAR_USE_FLAG>1</NSF_PAR_USE_FLAG>
<FUND_AGCY_CODE>4900</FUND_AGCY_CODE>
<AWDG_AGCY_CODE>4900</AWDG_AGCY_CODE>
<AwardID>2100024</AwardID>
<Investigator>
<FirstName>Adrienne</FirstName>
<LastName>Traxler</LastName>
<PI_MID_INIT/>
<PI_SUFX_NAME/>
<PI_FULL_NAME>Adrienne Traxler</PI_FULL_NAME>
<EmailAddress>adrienne.traxler@wright.edu</EmailAddress>
<PI_PHON>9379853140</PI_PHON>
<NSF_ID>000691747</NSF_ID>
<StartDate>06/21/2021</StartDate>
<EndDate/>
<RoleCode>Principal Investigator</RoleCode>
</Investigator>
<Institution>
<Name>Wright State University</Name>
<CityName>Dayton</CityName>
<ZipCode>454350001</ZipCode>
<PhoneNumber>9377752425</PhoneNumber>
<StreetAddress>3640 Colonel Glenn Highway</StreetAddress>
<StreetAddress2/>
<CountryName>United States</CountryName>
<StateName>Ohio</StateName>
<StateCode>OH</StateCode>
<CONGRESSDISTRICT>10</CONGRESSDISTRICT>
<CONGRESS_DISTRICT_ORG>OH10</CONGRESS_DISTRICT_ORG>
<ORG_DUNS_NUM>047814256</ORG_DUNS_NUM>
<ORG_LGL_BUS_NAME>WRIGHT STATE UNIVERSITY</ORG_LGL_BUS_NAME>
<ORG_PRNT_DUNS_NUM>047814256</ORG_PRNT_DUNS_NUM>
</Institution>
<Performance_Institution>
<Name><![CDATA[Wright State University]]></Name>
<CityName>Dayton</CityName>
<StateCode>OH</StateCode>
<ZipCode>454350001</ZipCode>
<StreetAddress><![CDATA[3640 Colonel Glenn Hwy]]></StreetAddress>
<CountryCode>US</CountryCode>
<CountryName>United States</CountryName>
<StateName>Ohio</StateName>
<CountryFlag>1</CountryFlag>
<CONGRESSDISTRICT>10</CONGRESSDISTRICT>
<CONGRESS_DISTRICT_PERF>OH10</CONGRESS_DISTRICT_PERF>
</Performance_Institution>
<ProgramElement>
<Code>7980</Code>
<Text>ECR-EHR Core Research</Text>
</ProgramElement>
<ProgramReference>
<Code>8212</Code>
<Text>Broaden Particip STEM Resrch</Text>
</ProgramReference>
<ProgramReference>
<Code>8816</Code>
<Text>Workforce Development</Text>
</ProgramReference>
<Appropriation>
<Code>0421</Code>
<Name>NSF Education &amp; Human Resource</Name>
<APP_SYMB_ID>040106</APP_SYMB_ID>
</Appropriation>
<FUND_OBLG>2021~63481</FUND_OBLG>
</Award>
</rootTag>
