<?xml version="1.0" encoding="UTF-8"?>
<rootTag>
<Award>
<AwardTitle>Sub-group Fair Coding Taken to Scale for Science, Technology, Engineering, and Mathematics Learning</AwardTitle>
<AGENCY>NSF</AGENCY>
<AwardEffectiveDate>10/01/2021</AwardEffectiveDate>
<AwardExpirationDate>09/30/2026</AwardExpirationDate>
<AwardTotalIntnAmount>2499998.00</AwardTotalIntnAmount>
<AwardAmount>950276</AwardAmount>
<AwardInstrument>
<Value>Continuing Grant</Value>
</AwardInstrument>
<Organization>
<Code>11040000</Code>
<Directorate>
<Abbreviation>EHR</Abbreviation>
<LongName>Direct For Education and Human Resources</LongName>
</Directorate>
<Division>
<Abbreviation>DUE</Abbreviation>
<LongName>Division Of Undergraduate Education</LongName>
</Division>
</Organization>
<ProgramOfficer>
<SignBlockName>Bonnie Green</SignBlockName>
<PO_EMAI>bongreen@nsf.gov</PO_EMAI>
<PO_PHON>7032924386</PO_PHON>
</ProgramOfficer>
<AbstractNarration>This project will advance research in an important area needed for contributing to the national need for well-educated scientists, mathematicians, engineers, and technicians through the creation and validation of a process designed to effectively and fairly code educational data. Over its five-year duration, this project will develop and test an approach to coding data on learning in science, technology, engineering, and mathematics (STEM). It will do so in a manner that takes into account differences between groups without requiring researchers to code data by hand. Thus, this proposal will save time while also being able to help with answering questions about group differences in STEM learning. This approach will be made publicly available for use by researchers coding learning data while taking into account differences across groups. &lt;br/&gt;&lt;br/&gt;As a result of these efforts, algorithms will be developed for learning science research that will: (i) produce fair classifiers, fair sets of codes, and identify conceptual shift among subgroups, (ii) provide support for identifying intersectional subgroups that may be modeled unfairly without specifying the interactions of group characteristics in advance, (iii) control for elevated Type 1 error rates, and (iv) provide an interface that can be used by researchers who care about fair coding.  The technique being tested will enable this to occur with less data than is typically needed outside of learning science research. Though fairness in coding is a well-recognized challenge, particularly in STEM education research, this issue is handled almost exclusively by researchers examining their data by hand to see if the coding appears fair. This is time-consuming, and usually only done when there are strong a priori reasons to be concerned about fairness. In data science, there are relatively sophisticated approaches to fairness in coding, but there are significant limitations (e.g., the need for very large amounts of human coded data) that are currently insurmountable in learning science research.  As such, having a validated method to code data, while systematically checking for subgroup fairness with the ability to identify the presence of conceptual shift will advance the field of data science in STEM learning research. By providing the protocol and algorithms associated with this process to other researchers through R Project for Statistical Computing, journal articles, and presentations will assure dissemination. This project is funded by the EHR Core Research (ECR) program, which supports work that advances fundamental research on STEM learning and learning environments, broadening participation in STEM, and STEM workforce development.&lt;br/&gt;&lt;br/&gt;This award reflects NSF's statutory mission and has been deemed worthy of support through evaluation using the Foundation's intellectual merit and broader impacts review criteria.</AbstractNarration>
<MinAmdLetterDate>08/18/2021</MinAmdLetterDate>
<MaxAmdLetterDate>08/18/2021</MaxAmdLetterDate>
<ARRAAmount/>
<TRAN_TYPE>Grant</TRAN_TYPE>
<CFDA_NUM>47.076</CFDA_NUM>
<NSF_PAR_USE_FLAG>1</NSF_PAR_USE_FLAG>
<FUND_AGCY_CODE>4900</FUND_AGCY_CODE>
<AWDG_AGCY_CODE>4900</AWDG_AGCY_CODE>
<AwardID>2100320</AwardID>
<Investigator>
<FirstName>Michael</FirstName>
<LastName>Gleicher</LastName>
<PI_MID_INIT>L</PI_MID_INIT>
<PI_SUFX_NAME/>
<PI_FULL_NAME>Michael L Gleicher</PI_FULL_NAME>
<EmailAddress>gleicher@cs.wisc.edu</EmailAddress>
<PI_PHON>6082632874</PI_PHON>
<NSF_ID>000192407</NSF_ID>
<StartDate>08/18/2021</StartDate>
<EndDate/>
<RoleCode>Co-Principal Investigator</RoleCode>
</Investigator>
<Investigator>
<FirstName>David</FirstName>
<LastName>Shaffer</LastName>
<PI_MID_INIT>W</PI_MID_INIT>
<PI_SUFX_NAME/>
<PI_FULL_NAME>David W Shaffer</PI_FULL_NAME>
<EmailAddress>dws@education.wisc.edu</EmailAddress>
<PI_PHON>6082654602</PI_PHON>
<NSF_ID>000169660</NSF_ID>
<StartDate>08/18/2021</StartDate>
<EndDate/>
<RoleCode>Principal Investigator</RoleCode>
</Investigator>
<Investigator>
<FirstName>Zhiqiang</FirstName>
<LastName>Cai</LastName>
<PI_MID_INIT/>
<PI_SUFX_NAME/>
<PI_FULL_NAME>Zhiqiang Cai</PI_FULL_NAME>
<EmailAddress>zhiqiang.cai@wisc.edu</EmailAddress>
<PI_PHON>9013365498</PI_PHON>
<NSF_ID>000067929</NSF_ID>
<StartDate>08/18/2021</StartDate>
<EndDate/>
<RoleCode>Co-Principal Investigator</RoleCode>
</Investigator>
<Institution>
<Name>University of Wisconsin-Madison</Name>
<CityName>MADISON</CityName>
<ZipCode>537151218</ZipCode>
<PhoneNumber>6082623822</PhoneNumber>
<StreetAddress>21 North Park Street</StreetAddress>
<StreetAddress2><![CDATA[Suite 6401]]></StreetAddress2>
<CountryName>United States</CountryName>
<StateName>Wisconsin</StateName>
<StateCode>WI</StateCode>
<CONGRESSDISTRICT>02</CONGRESSDISTRICT>
<CONGRESS_DISTRICT_ORG>WI02</CONGRESS_DISTRICT_ORG>
<ORG_DUNS_NUM>161202122</ORG_DUNS_NUM>
<ORG_LGL_BUS_NAME>UNIVERSITY OF WISCONSIN SYSTEM</ORG_LGL_BUS_NAME>
<ORG_PRNT_DUNS_NUM>041188822</ORG_PRNT_DUNS_NUM>
</Institution>
<Performance_Institution>
<Name><![CDATA[The Board of Regents of the University of Wisconsin System]]></Name>
<CityName>Madison</CityName>
<StateCode>WI</StateCode>
<ZipCode>537151218</ZipCode>
<StreetAddress><![CDATA[21 N. Park Street, Suite 6401]]></StreetAddress>
<CountryCode>US</CountryCode>
<CountryName>United States</CountryName>
<StateName>Wisconsin</StateName>
<CountryFlag>1</CountryFlag>
<CONGRESSDISTRICT>02</CONGRESSDISTRICT>
<CONGRESS_DISTRICT_PERF>WI02</CONGRESS_DISTRICT_PERF>
</Performance_Institution>
<ProgramElement>
<Code>7980</Code>
<Text>ECR-EHR Core Research</Text>
</ProgramElement>
<ProgramReference>
<Code>7261</Code>
<Text>PROGRAM EVALUATION</Text>
</ProgramReference>
<ProgramReference>
<Code>8212</Code>
<Text>Broaden Particip STEM Resrch</Text>
</ProgramReference>
<ProgramReference>
<Code>8817</Code>
<Text>STEM Learning &amp; Learning Environments</Text>
</ProgramReference>
<ProgramReference>
<Code>9150</Code>
<Text>EXP PROG TO STIM COMP RES</Text>
</ProgramReference>
<Appropriation>
<Code>0421</Code>
<Name>NSF Education &amp; Human Resource</Name>
<APP_SYMB_ID>040106</APP_SYMB_ID>
</Appropriation>
<FUND_OBLG>2021~950276</FUND_OBLG>
</Award>
</rootTag>
