<?xml version="1.0" encoding="UTF-8"?>
<rootTag>
<Award>
<AwardTitle>Using Cloud Technologies to Develop the Data Analysis Skills of Community College Students</AwardTitle>
<AGENCY>NSF</AGENCY>
<AwardEffectiveDate>09/01/2021</AwardEffectiveDate>
<AwardExpirationDate>08/31/2024</AwardExpirationDate>
<AwardTotalIntnAmount>299994.00</AwardTotalIntnAmount>
<AwardAmount>299994</AwardAmount>
<AwardInstrument>
<Value>Standard Grant</Value>
</AwardInstrument>
<Organization>
<Code>11040100</Code>
<Directorate>
<Abbreviation>EHR</Abbreviation>
<LongName>Direct For Education and Human Resources</LongName>
</Directorate>
<Division>
<Abbreviation>DUE</Abbreviation>
<LongName>Division Of Undergraduate Education</LongName>
</Division>
</Organization>
<ProgramOfficer>
<SignBlockName>Paul Tymann</SignBlockName>
<PO_EMAI>ptymann@nsf.gov</PO_EMAI>
<PO_PHON>7032922832</PO_PHON>
</ProgramOfficer>
<AbstractNarration>The greater New York City (NYC) area is one of the world’s leading financial and cultural centers. High-tech jobs are a key driver of NYC’s place in the US economy and the need for high tech workers is growing.  From 2008 to 2018, jobs in this sector rose 45%, with jobs in the data analytics category representing 30% of that total growth. The current rate at which students graduate with skills in data analytics is not keeping pace with the demand for skilled data analytics technicians. This project aims to increase the number of students graduating with the skills necessary to enter the data analytics workforce.  It will do so by improving the data analytics knowledge and skills of students at a diverse urban community college.  The project intends to increase the participation of women and individuals from communities that are not yet equitably represented in the technical workforce.  It is expected that the project will help prepare students for the predicted employment opportunities and contribute to better productivity, problem solving, and effectiveness in the workplace.&lt;br/&gt;&lt;br/&gt;Working in collaboration with the Business Industry Leadership Team at Queensborough Community College, the project team intends to enhance the ability of the College to recruit, educate, and graduate a diverse group of students to help meet regional employment needs. Participating students will be offered a summer boot camp in Data Science/Analysis, a year-long undergraduate research experience following the summer camp, and a series of workshops focused on skills for internship applications and job interviews. To meet role models and increase their sense of belonging in Data Science/Analysis, students will also participate in a seminar series focused on Data Science/Analysis careers that will feature professionals from diverse backgrounds and from both academia and industry. The project will also offer preparation for the AWS Certified Cloud Practitioner certification. It is expected that this initiative will lay the foundation to establish a degree program in Data Science/Analysis at Queensborough Community College. This project is funded by the Advanced Technological Education program that focuses on the education of technicians for the advanced-technology fields that drive the nation's economy.&lt;br/&gt;&lt;br/&gt;This award reflects NSF's statutory mission and has been deemed worthy of support through evaluation using the Foundation's intellectual merit and broader impacts review criteria.</AbstractNarration>
<MinAmdLetterDate>04/12/2021</MinAmdLetterDate>
<MaxAmdLetterDate>05/21/2021</MaxAmdLetterDate>
<ARRAAmount/>
<TRAN_TYPE>Grant</TRAN_TYPE>
<CFDA_NUM>47.076</CFDA_NUM>
<NSF_PAR_USE_FLAG>1</NSF_PAR_USE_FLAG>
<FUND_AGCY_CODE>4900</FUND_AGCY_CODE>
<AWDG_AGCY_CODE>4900</AWDG_AGCY_CODE>
<AwardID>2100027</AwardID>
<Investigator>
<FirstName>Monica</FirstName>
<LastName>Trujillo</LastName>
<PI_MID_INIT/>
<PI_SUFX_NAME/>
<PI_FULL_NAME>Monica Trujillo</PI_FULL_NAME>
<EmailAddress>mtrujillo@qcc.cuny.edu</EmailAddress>
<PI_PHON>7186316049</PI_PHON>
<NSF_ID>000505805</NSF_ID>
<StartDate>04/12/2021</StartDate>
<EndDate/>
<RoleCode>Principal Investigator</RoleCode>
</Investigator>
<Investigator>
<FirstName>Esma</FirstName>
<LastName>Yildirim</LastName>
<PI_MID_INIT/>
<PI_SUFX_NAME/>
<PI_FULL_NAME>Esma Yildirim</PI_FULL_NAME>
<EmailAddress>eyildirim@qcc.cuny.edu</EmailAddress>
<PI_PHON>7186316623</PI_PHON>
<NSF_ID>000830328</NSF_ID>
<StartDate>04/12/2021</StartDate>
<EndDate/>
<RoleCode>Co-Principal Investigator</RoleCode>
</Investigator>
<Institution>
<Name>CUNY Queensborough Community College</Name>
<CityName>Oakland Gardens</CityName>
<ZipCode>113641497</ZipCode>
<PhoneNumber>7186316222</PhoneNumber>
<StreetAddress>222-05 56th Avenue</StreetAddress>
<StreetAddress2><![CDATA[Administration Bldg, Rm 502]]></StreetAddress2>
<CountryName>United States</CountryName>
<StateName>New York</StateName>
<StateCode>NY</StateCode>
<CONGRESSDISTRICT>06</CONGRESSDISTRICT>
<CONGRESS_DISTRICT_ORG>NY06</CONGRESS_DISTRICT_ORG>
<ORG_DUNS_NUM>784702701</ORG_DUNS_NUM>
<ORG_LGL_BUS_NAME>RESEARCH FOUNDATION OF THE CITY UNIVERSITY OF NEW YORK</ORG_LGL_BUS_NAME>
<ORG_PRNT_DUNS_NUM>073268849</ORG_PRNT_DUNS_NUM>
</Institution>
<Performance_Institution>
<Name><![CDATA[CUNY Queensborough Community College]]></Name>
<CityName>Oakland Gardens</CityName>
<StateCode>NY</StateCode>
<ZipCode>113641497</ZipCode>
<StreetAddress><![CDATA[222-05 56th Ave]]></StreetAddress>
<CountryCode>US</CountryCode>
<CountryName>United States</CountryName>
<StateName>New York</StateName>
<CountryFlag>1</CountryFlag>
<CONGRESSDISTRICT>06</CONGRESSDISTRICT>
<CONGRESS_DISTRICT_PERF>NY06</CONGRESS_DISTRICT_PERF>
</Performance_Institution>
<ProgramElement>
<Code>7412</Code>
<Text>Advanced Tech Education Prog</Text>
</ProgramElement>
<ProgramReference>
<Code>102Z</Code>
<Text>COVID-Disproportionate Impcts Inst-Indiv</Text>
</ProgramReference>
<ProgramReference>
<Code>1032</Code>
<Text>ADVANCED TECHNOLOGY EDUCATION</Text>
</ProgramReference>
<ProgramReference>
<Code>9178</Code>
<Text>UNDERGRADUATE EDUCATION</Text>
</ProgramReference>
<ProgramReference>
<Code>SMET</Code>
<Text>SCIENCE, MATH, ENG &amp; TECH EDUCATION</Text>
</ProgramReference>
<Appropriation>
<Code>0421</Code>
<Name>NSF Education &amp; Human Resource</Name>
<APP_SYMB_ID>040106</APP_SYMB_ID>
</Appropriation>
<FUND_OBLG>2021~299994</FUND_OBLG>
</Award>
</rootTag>
