<?xml version="1.0" encoding="UTF-8"?>
<rootTag>
<Award>
<AwardTitle>Increasing the Number and Diversity of Cybersecurity Technicians in Rural North Carolina</AwardTitle>
<AGENCY>NSF</AGENCY>
<AwardEffectiveDate>05/01/2021</AwardEffectiveDate>
<AwardExpirationDate>04/30/2024</AwardExpirationDate>
<AwardTotalIntnAmount>299792.00</AwardTotalIntnAmount>
<AwardAmount>299792</AwardAmount>
<AwardInstrument>
<Value>Standard Grant</Value>
</AwardInstrument>
<Organization>
<Code>11040100</Code>
<Directorate>
<Abbreviation>EHR</Abbreviation>
<LongName>Direct For Education and Human Resources</LongName>
</Directorate>
<Division>
<Abbreviation>DUE</Abbreviation>
<LongName>Division Of Undergraduate Education</LongName>
</Division>
</Organization>
<ProgramOfficer>
<SignBlockName>Paul Tymann</SignBlockName>
<PO_EMAI>ptymann@nsf.gov</PO_EMAI>
<PO_PHON>7032922832</PO_PHON>
</ProgramOfficer>
<AbstractNarration>The US Bureau of Labor Statistics projects that the need for cybersecurity technicians will grow more than 30 percent over the next decade. The number of students enrolled in and graduating from cybersecurity programs is not at a pace that can meet this growing demand. As a result, the nation will not have enough domestically trained cybersecurity technicians to satisfy the needs of industry, business, government, and other sectors. This project aims to addresses critical regional and national needs for skilled cybersecurity technicians.  It will do so by collaborating with the local education agency’s high school Career and Technical Education program, local businesses, and industries to increase the number of trained cybersecurity technicians who are ready for work. Program pathways will be created that allow students to earn credits toward a degree in applied science while completing an industry-recognized certificate in cybersecurity. Internships with local businesses and organizations will provide students with opportunities to put the skills they are learning in the classroom into real-world practice.&lt;br/&gt;&lt;br/&gt;The goals of this project include: (1) producing skilled, highly qualified, and career-ready cybersecurity technicians; (2) equipping information technology faculty with the cybersecurity knowledge and skills required to effectively teach cybersecurity and optimize student learning and retention; (3) recruiting, retaining, and graduating individuals from communities that are underrepresented in cybersecurity, including women. Evaluation of the project will include both formative and summative assessment of the efficacy of the program in meeting the proposed goals and outcomes. The outcomes of this project have the potential to advance knowledge about challenges that students in a rural community face as learners in STEM fields, particularly in the information technology and cybersecurity fields.  This project is funded by the Advanced Technological Education program that focuses on the education of technicians for the advanced-technology fields that drive the nation's economy.&lt;br/&gt;&lt;br/&gt;This award reflects NSF's statutory mission and has been deemed worthy of support through evaluation using the Foundation's intellectual merit and broader impacts review criteria.</AbstractNarration>
<MinAmdLetterDate>04/07/2021</MinAmdLetterDate>
<MaxAmdLetterDate>05/21/2021</MaxAmdLetterDate>
<ARRAAmount/>
<TRAN_TYPE>Grant</TRAN_TYPE>
<CFDA_NUM>47.076</CFDA_NUM>
<NSF_PAR_USE_FLAG>1</NSF_PAR_USE_FLAG>
<FUND_AGCY_CODE>4900</FUND_AGCY_CODE>
<AWDG_AGCY_CODE>4900</AWDG_AGCY_CODE>
<AwardID>2100012</AwardID>
<Investigator>
<FirstName>Michael</FirstName>
<LastName>Jacobs</LastName>
<PI_MID_INIT>L</PI_MID_INIT>
<PI_SUFX_NAME/>
<PI_FULL_NAME>Michael L Jacobs</PI_FULL_NAME>
<EmailAddress>mjacobs@robeson.edu</EmailAddress>
<PI_PHON>9102723455</PI_PHON>
<NSF_ID>000836397</NSF_ID>
<StartDate>04/07/2021</StartDate>
<EndDate/>
<RoleCode>Principal Investigator</RoleCode>
</Investigator>
<Investigator>
<FirstName>Loretta</FirstName>
<LastName>Allen</LastName>
<PI_MID_INIT/>
<PI_SUFX_NAME/>
<PI_FULL_NAME>Loretta Allen</PI_FULL_NAME>
<EmailAddress>lallen@robeson.edu</EmailAddress>
<PI_PHON>9102723450</PI_PHON>
<NSF_ID>000836396</NSF_ID>
<StartDate>04/07/2021</StartDate>
<EndDate/>
<RoleCode>Co-Principal Investigator</RoleCode>
</Investigator>
<Institution>
<Name>Robeson Community College</Name>
<CityName>Lumberton</CityName>
<ZipCode>283591420</ZipCode>
<PhoneNumber>9102723675</PhoneNumber>
<StreetAddress>5160 Fayetteville Rd</StreetAddress>
<StreetAddress2><![CDATA[P O Box 1420]]></StreetAddress2>
<CountryName>United States</CountryName>
<StateName>North Carolina</StateName>
<StateCode>NC</StateCode>
<CONGRESSDISTRICT>09</CONGRESSDISTRICT>
<CONGRESS_DISTRICT_ORG>NC09</CONGRESS_DISTRICT_ORG>
<ORG_DUNS_NUM>099813479</ORG_DUNS_NUM>
<ORG_LGL_BUS_NAME>ROBESON COMMUNITY COLLEGE</ORG_LGL_BUS_NAME>
<ORG_PRNT_DUNS_NUM>099813479</ORG_PRNT_DUNS_NUM>
</Institution>
<Performance_Institution>
<Name><![CDATA[Robeson Community College]]></Name>
<CityName>Lumberton</CityName>
<StateCode>NC</StateCode>
<ZipCode>283591420</ZipCode>
<StreetAddress><![CDATA[5160 Fayetteville Road]]></StreetAddress>
<CountryCode>US</CountryCode>
<CountryName>United States</CountryName>
<StateName>North Carolina</StateName>
<CountryFlag>1</CountryFlag>
<CONGRESSDISTRICT>09</CONGRESSDISTRICT>
<CONGRESS_DISTRICT_PERF>NC09</CONGRESS_DISTRICT_PERF>
</Performance_Institution>
<ProgramElement>
<Code>7412</Code>
<Text>Advanced Tech Education Prog</Text>
</ProgramElement>
<ProgramReference>
<Code>102Z</Code>
<Text>COVID-Disproportionate Impcts Inst-Indiv</Text>
</ProgramReference>
<ProgramReference>
<Code>1032</Code>
<Text>ADVANCED TECHNOLOGY EDUCATION</Text>
</ProgramReference>
<ProgramReference>
<Code>9178</Code>
<Text>UNDERGRADUATE EDUCATION</Text>
</ProgramReference>
<ProgramReference>
<Code>SMET</Code>
<Text>SCIENCE, MATH, ENG &amp; TECH EDUCATION</Text>
</ProgramReference>
<Appropriation>
<Code>0421</Code>
<Name>NSF Education &amp; Human Resource</Name>
<APP_SYMB_ID>040106</APP_SYMB_ID>
</Appropriation>
<FUND_OBLG>2021~299792</FUND_OBLG>
</Award>
</rootTag>
