<?xml version="1.0" encoding="UTF-8"?>
<rootTag>
<Award>
<AwardTitle>IUCRC Phase II+: University of Delaware: Advanced Mammalian Biomanufacturing Innovation Center (AMBIC)</AwardTitle>
<AGENCY>NSF</AGENCY>
<AwardEffectiveDate>08/01/2021</AwardEffectiveDate>
<AwardExpirationDate>07/31/2026</AwardExpirationDate>
<AwardTotalIntnAmount>612500.00</AwardTotalIntnAmount>
<AwardAmount>122500</AwardAmount>
<AwardInstrument>
<Value>Continuing Grant</Value>
</AwardInstrument>
<Organization>
<Code>07070000</Code>
<Directorate>
<Abbreviation>ENG</Abbreviation>
<LongName>Directorate For Engineering</LongName>
</Directorate>
<Division>
<Abbreviation>IIP</Abbreviation>
<LongName>Div Of Industrial Innovation &amp; Partnersh</LongName>
</Division>
</Organization>
<ProgramOfficer>
<SignBlockName>Prakash Balan</SignBlockName>
<PO_EMAI>pbalan@nsf.gov</PO_EMAI>
<PO_PHON>7032925341</PO_PHON>
</ProgramOfficer>
<AbstractNarration>The Advanced Mammalian Biomanufacturing Innovation Center (AMBIC) represents a unique opportunity to maintain national excellence and US technological leadership in the production of life-saving medicines. AMBIC is an NSF-supported Industry-University Cooperative Research Center (IUCRC) focused on using animal cells to produce biologic drugs.  AMBIC serves as a catalyst for technology innovation by bringing together academic researchers from five universities (Johns Hopkins University (JHU), Clemson University (CU), University of Delaware (UD), University of Maryland College Park (UMD), and University of Massachusetts Lowell (UML). Industrial and federal mentors identify engineering challenges that limit the production of important medicines used to treat cancer and other diseases. Next, academic, federal, and industrial researchers work cooperatively to develop solutions to improve the quantity and quality of these drug products. These transformative advances may speed medicines to market and lower manufacturing costs, reducing health care costs for consumers by making biopharmaceuticals more affordable and available. The research conducted by AMBIC has been supported by the leading biopharma and supplier companies and federal institutes throughout Phase I and continuing into Phase II+.  AMBIC contributes to the scientific community by educating students from diverse backgrounds for careers in biotechnology and biopharmaceutical industries. &lt;br/&gt;&lt;br/&gt;AMBIC's Phase II+ research goals focus on: 1) industrially-relevant biology, 2) process monitoring and control, and 3) consensus and standardization for advancing upstream biomanufacturing. Cell line stability robustness and productivity are investigated for Chinese hamster ovary (CHO) and other industrial mammalian hosts.  Novel analytic tools, sensors, and instrumentation are developed and implemented with advanced system modeling and advanced media and culture operations are designed and deployed to generate optimized processes for developing proteins and other biologics. AMBIC’s industrial members include large integrated biopharma companies, manufacturers, suppliers, consultants, and federal institutes. Faculty researchers are drawn from five university sites using a centralized model including experts in CHO biology, metabolism, kinetics, and thermodynamics (JHU). CU brings expertise in advanced process control, bioreactor optimization, genomic and transcriptomic analysis, and protein glycosylation. UD offers expertise in systems and synthetic biology. UMD brings expertise in sensor and regulatory sciences. UML provides expertise in process development, analytics, and product characterization. By bringing together academic researchers and students from diverse backgrounds with industrial and federal partners, AMBIC is contributes to technology innovation in mammalian bioprocessing, ensuring the development and manufacture of the next generation of life-saving biologic medicines for patients. &lt;br/&gt;&lt;br/&gt;This award is co-funded by the following Programs: Industry University Cooperative Research Centers Program in the Division of Industrial Innovation and Partnerships - Engineering Directorate and the Systems and Synthetic Biology Program in the Division of Molecular and Cellular Biosciences (MCB) - Biological Sciences Directorate&lt;br/&gt;&lt;br/&gt;This award reflects NSF's statutory mission and has been deemed worthy of support through evaluation using the Foundation's intellectual merit and broader impacts review criteria.</AbstractNarration>
<MinAmdLetterDate>07/26/2021</MinAmdLetterDate>
<MaxAmdLetterDate>07/26/2021</MaxAmdLetterDate>
<ARRAAmount/>
<TRAN_TYPE>Grant</TRAN_TYPE>
<CFDA_NUM>47.041</CFDA_NUM>
<NSF_PAR_USE_FLAG>1</NSF_PAR_USE_FLAG>
<FUND_AGCY_CODE>4900</FUND_AGCY_CODE>
<AWDG_AGCY_CODE>4900</AWDG_AGCY_CODE>
<AwardID>2100502</AwardID>
<Investigator>
<FirstName>Kelvin</FirstName>
<LastName>Lee</LastName>
<PI_MID_INIT>H</PI_MID_INIT>
<PI_SUFX_NAME/>
<PI_FULL_NAME>Kelvin H Lee</PI_FULL_NAME>
<EmailAddress>KHL@udel.edu</EmailAddress>
<PI_PHON>3028310344</PI_PHON>
<NSF_ID>000172132</NSF_ID>
<StartDate>07/26/2021</StartDate>
<EndDate/>
<RoleCode>Principal Investigator</RoleCode>
</Investigator>
<Institution>
<Name>University of Delaware</Name>
<CityName>Newark</CityName>
<ZipCode>197160099</ZipCode>
<PhoneNumber>3028312136</PhoneNumber>
<StreetAddress>210 Hullihen Hall</StreetAddress>
<StreetAddress2/>
<CountryName>United States</CountryName>
<StateName>Delaware</StateName>
<StateCode>DE</StateCode>
<CONGRESSDISTRICT>00</CONGRESSDISTRICT>
<CONGRESS_DISTRICT_ORG>DE00</CONGRESS_DISTRICT_ORG>
<ORG_DUNS_NUM>059007500</ORG_DUNS_NUM>
<ORG_LGL_BUS_NAME>UNIVERSITY OF DELAWARE</ORG_LGL_BUS_NAME>
<ORG_PRNT_DUNS_NUM>059007500</ORG_PRNT_DUNS_NUM>
</Institution>
<Performance_Institution>
<Name><![CDATA[University of Delaware]]></Name>
<CityName>Newark</CityName>
<StateCode>DE</StateCode>
<ZipCode>197131316</ZipCode>
<StreetAddress><![CDATA[590 Avenue 1743]]></StreetAddress>
<CountryCode>US</CountryCode>
<CountryName>United States</CountryName>
<StateName>Delaware</StateName>
<CountryFlag>1</CountryFlag>
<CONGRESSDISTRICT>00</CONGRESSDISTRICT>
<CONGRESS_DISTRICT_PERF>DE00</CONGRESS_DISTRICT_PERF>
</Performance_Institution>
<ProgramElement>
<Code>5761</Code>
<Text>IUCRC-Indust-Univ Coop Res Ctr</Text>
</ProgramElement>
<ProgramElement>
<Code>8011</Code>
<Text>Systems and Synthetic Biology</Text>
</ProgramElement>
<ProgramReference>
<Code>5761</Code>
<Text>INDUSTRY/UNIV COOP RES CENTERS</Text>
</ProgramReference>
<ProgramReference>
<Code>7465</Code>
<Text>NANOSCALE BIO CORE</Text>
</ProgramReference>
<ProgramReference>
<Code>8038</Code>
<Text>Biotechnology</Text>
</ProgramReference>
<ProgramReference>
<Code>9150</Code>
<Text>EXP PROG TO STIM COMP RES</Text>
</ProgramReference>
<Appropriation>
<Code>0121</Code>
<Name>NSF RESEARCH &amp; RELATED ACTIVIT</Name>
<APP_SYMB_ID>040100</APP_SYMB_ID>
</Appropriation>
<FUND_OBLG>2021~122500</FUND_OBLG>
</Award>
</rootTag>
