<?xml version="1.0" encoding="UTF-8"?>
<rootTag>
<Award>
<AwardTitle>The Asymptotic Geometry of Moduli Spaces</AwardTitle>
<AGENCY>NSF</AGENCY>
<AwardEffectiveDate>09/01/2020</AwardEffectiveDate>
<AwardExpirationDate>06/30/2023</AwardExpirationDate>
<AwardTotalIntnAmount>145270.00</AwardTotalIntnAmount>
<AwardAmount>145270</AwardAmount>
<AwardInstrument>
<Value>Standard Grant</Value>
</AwardInstrument>
<Organization>
<Code>03040000</Code>
<Directorate>
<Abbreviation>MPS</Abbreviation>
<LongName>Direct For Mathematical &amp; Physical Scien</LongName>
</Directorate>
<Division>
<Abbreviation>DMS</Abbreviation>
<LongName>Division Of Mathematical Sciences</LongName>
</Division>
</Organization>
<ProgramOfficer>
<SignBlockName>Joanna Kania-Bartoszynska</SignBlockName>
<PO_EMAI>jkaniaba@nsf.gov</PO_EMAI>
<PO_PHON>7032924881</PO_PHON>
</ProgramOfficer>
<AbstractNarration>This project is based on recent developments at the interface between geometry and physics. There are a number of intricate conjectures about central objects in mathematics (“Hitchin moduli spaces” and “K3 spaces”) coming from theoretical physicists studying particular quantum systems at low energies. The PI uses new tools coming out of geometric analysis which are well-suited for verifying the extremely delicate conjectures about the geometry of the Hitchin moduli space and K3 spaces. This strategy often stretches the limits of what can currently be done via geometric analysis, and simultaneously leads to new insights into these physics conjectures. Because Hitchin moduli spaces occupy a distinguished position in geometry at the crossroads of a number of mathematical fields including algebraic geometry, differential geometry, representation theory, and geometric analysis, this work has cross-disciplinary impact.&lt;br/&gt;&lt;br/&gt;This project is centered on the asymptotic geometry of Hitchin moduli spaces and families of K3 surfaces. A main goal is to verify the beautiful conjectural description of the hyperkaehler metric on the Hitchin moduli space by the physicists Gaiotto, Moore, and Neitzke. A second goal is to verify a similar conjectural description of hyperkaehler metrics on elliptically-fibered K3 surfaces by the physicists Kachru, Tripathy, and Zimet. The Hitchin moduli spaces and elliptically-fibered K3 surfaces are both algebraic completely integrable systems admitting a hyperkaehler metric. Both are fibered over a half-dimensional base and the generic fibers are abelian varieties. Some fibers are singular, and these conjectures are most interesting and most difficult near these singular fibers. Constructive analytic techniques and the methods of geometric microlocal analysis seem to be the most appropriate way to verify conjectures from physics because they are well-suited to analyzing the singular differential operators that naturally appear.&lt;br/&gt;&lt;br/&gt;This award reflects NSF's statutory mission and has been deemed worthy of support through evaluation using the Foundation's intellectual merit and broader impacts review criteria.</AbstractNarration>
<MinAmdLetterDate>10/20/2020</MinAmdLetterDate>
<MaxAmdLetterDate>10/20/2020</MaxAmdLetterDate>
<ARRAAmount/>
<TRAN_TYPE>Grant</TRAN_TYPE>
<CFDA_NUM>47.049</CFDA_NUM>
<NSF_PAR_USE_FLAG>1</NSF_PAR_USE_FLAG>
<FUND_AGCY_CODE>4900</FUND_AGCY_CODE>
<AWDG_AGCY_CODE>4900</AWDG_AGCY_CODE>
<AwardID>2100175</AwardID>
<Investigator>
<FirstName>Laura</FirstName>
<LastName>Fredrickson</LastName>
<PI_MID_INIT>J</PI_MID_INIT>
<PI_SUFX_NAME/>
<PI_FULL_NAME>Laura J Fredrickson</PI_FULL_NAME>
<EmailAddress>lfredrickson@stanford.edu</EmailAddress>
<PI_PHON>6507237829</PI_PHON>
<NSF_ID>000812891</NSF_ID>
<StartDate>10/20/2020</StartDate>
<EndDate/>
<RoleCode>Principal Investigator</RoleCode>
</Investigator>
<Institution>
<Name>University of Oregon Eugene</Name>
<CityName>Eugene</CityName>
<ZipCode>974035219</ZipCode>
<PhoneNumber>5413465131</PhoneNumber>
<StreetAddress>5219 UNIVERSITY OF OREGON</StreetAddress>
<StreetAddress2/>
<CountryName>United States</CountryName>
<StateName>Oregon</StateName>
<StateCode>OR</StateCode>
<CONGRESSDISTRICT>04</CONGRESSDISTRICT>
<CONGRESS_DISTRICT_ORG>OR04</CONGRESS_DISTRICT_ORG>
<ORG_DUNS_NUM>079289626</ORG_DUNS_NUM>
<ORG_LGL_BUS_NAME>UNIVERSITY OF OREGON</ORG_LGL_BUS_NAME>
<ORG_PRNT_DUNS_NUM>049793995</ORG_PRNT_DUNS_NUM>
</Institution>
<Performance_Institution>
<Name><![CDATA[University of Oregon Eugene]]></Name>
<CityName>Eugene</CityName>
<StateCode>OR</StateCode>
<ZipCode>974035219</ZipCode>
<StreetAddress/>
<CountryCode>US</CountryCode>
<CountryName>United States</CountryName>
<StateName>Oregon</StateName>
<CountryFlag>1</CountryFlag>
<CONGRESSDISTRICT>04</CONGRESSDISTRICT>
<CONGRESS_DISTRICT_PERF>OR04</CONGRESS_DISTRICT_PERF>
</Performance_Institution>
<ProgramElement>
<Code>1265</Code>
<Text>GEOMETRIC ANALYSIS</Text>
</ProgramElement>
<ProgramReference>
<Code>7203</Code>
<Text>QUANTUM INFORMATION SCIENCE</Text>
</ProgramReference>
<Appropriation>
<Code>0120</Code>
<Name>NSF RESEARCH &amp; RELATED ACTIVIT</Name>
<APP_SYMB_ID>040100</APP_SYMB_ID>
</Appropriation>
<FUND_OBLG>2020~145270</FUND_OBLG>
</Award>
</rootTag>
