<?xml version="1.0" encoding="UTF-8"?>
<rootTag>
<Award>
<AwardTitle>CCRI: ABR: Cognitive Hardware and Software Ecosystem Community Infrastructure (CHASE-CI)</AwardTitle>
<AGENCY>NSF</AGENCY>
<AwardEffectiveDate>06/15/2021</AwardEffectiveDate>
<AwardExpirationDate>05/31/2023</AwardExpirationDate>
<AwardTotalIntnAmount>999971.00</AwardTotalIntnAmount>
<AwardAmount>999971</AwardAmount>
<AwardInstrument>
<Value>Standard Grant</Value>
</AwardInstrument>
<Organization>
<Code>05050000</Code>
<Directorate>
<Abbreviation>CSE</Abbreviation>
<LongName>Direct For Computer &amp; Info Scie &amp; Enginr</LongName>
</Directorate>
<Division>
<Abbreviation>CNS</Abbreviation>
<LongName>Division Of Computer and Network Systems</LongName>
</Division>
</Organization>
<ProgramOfficer>
<SignBlockName>Marilyn McClure</SignBlockName>
<PO_EMAI>mmcclure@nsf.gov</PO_EMAI>
<PO_PHON>7032925197</PO_PHON>
</ProgramOfficer>
<AbstractNarration>This project, called the Cognitive Hardware And Software Ecosystem Community Infrastructure (CHASE-CI), is to continue and expand a cloud of hundreds of affordable Graphics Processing Units (GPUs), networked together with a variety of neural network machines to facilitate development of next generation cognitive computing. This cloud will be accessible by 30 researchers assembled from 10 universities via the NSF-funded Pacific Research Platform. These researchers will investigate a range of problems from image and video recognition, computer vision, contextual robotics to cognitive neurosciences using the cloud to be purpose-built in this project.&lt;br/&gt;&lt;br/&gt;Training of neural network with large data-sets is best performed on GPUs. Lack of availability of affordable GPUs and lack of easy access to the new generation of Non-von Neumann (NvN) machines with embedded neural networks impede research in cognitive computing. The purpose-built cloud will be available over the network to address this bottleneck. PIs will study various Deep Neural Network, Recurrent Neural Network, and Reinforcement Learning Algorithms on this platform.&lt;br/&gt;&lt;br/&gt;This award reflects NSF's statutory mission and has been deemed worthy of support through evaluation using the Foundation's intellectual merit and broader impacts review criteria.</AbstractNarration>
<MinAmdLetterDate>07/07/2021</MinAmdLetterDate>
<MaxAmdLetterDate>07/07/2021</MaxAmdLetterDate>
<ARRAAmount/>
<TRAN_TYPE>Grant</TRAN_TYPE>
<CFDA_NUM>47.070</CFDA_NUM>
<NSF_PAR_USE_FLAG>1</NSF_PAR_USE_FLAG>
<FUND_AGCY_CODE>4900</FUND_AGCY_CODE>
<AWDG_AGCY_CODE>4900</AWDG_AGCY_CODE>
<AwardID>2100237</AwardID>
<Investigator>
<FirstName>Larry</FirstName>
<LastName>Smarr</LastName>
<PI_MID_INIT>L</PI_MID_INIT>
<PI_SUFX_NAME/>
<PI_FULL_NAME>Larry L Smarr</PI_FULL_NAME>
<EmailAddress>lsmarr@ucsd.edu</EmailAddress>
<PI_PHON>8588224284</PI_PHON>
<NSF_ID>000396797</NSF_ID>
<StartDate>07/07/2021</StartDate>
<EndDate/>
<RoleCode>Principal Investigator</RoleCode>
</Investigator>
<Investigator>
<FirstName>Tajana</FirstName>
<LastName>Rosing</LastName>
<PI_MID_INIT>S</PI_MID_INIT>
<PI_SUFX_NAME/>
<PI_FULL_NAME>Tajana S Rosing</PI_FULL_NAME>
<EmailAddress>tajana@ucsd.edu</EmailAddress>
<PI_PHON>8585344868</PI_PHON>
<NSF_ID>000485892</NSF_ID>
<StartDate>07/07/2021</StartDate>
<EndDate/>
<RoleCode>Co-Principal Investigator</RoleCode>
</Investigator>
<Investigator>
<FirstName>Ilkay</FirstName>
<LastName>Altintas</LastName>
<PI_MID_INIT/>
<PI_SUFX_NAME/>
<PI_FULL_NAME>Ilkay Altintas</PI_FULL_NAME>
<EmailAddress>altintas@sdsc.edu</EmailAddress>
<PI_PHON>8582105877</PI_PHON>
<NSF_ID>000487407</NSF_ID>
<StartDate>07/07/2021</StartDate>
<EndDate/>
<RoleCode>Co-Principal Investigator</RoleCode>
</Investigator>
<Investigator>
<FirstName>Thomas</FirstName>
<LastName>DeFanti</LastName>
<PI_MID_INIT>A</PI_MID_INIT>
<PI_SUFX_NAME/>
<PI_FULL_NAME>Thomas A DeFanti</PI_FULL_NAME>
<EmailAddress>tdefanti@ucsd.edu</EmailAddress>
<PI_PHON>8583443415</PI_PHON>
<NSF_ID>000072525</NSF_ID>
<StartDate>07/07/2021</StartDate>
<EndDate/>
<RoleCode>Co-Principal Investigator</RoleCode>
</Investigator>
<Investigator>
<FirstName>Qi</FirstName>
<LastName>Yu</LastName>
<PI_MID_INIT/>
<PI_SUFX_NAME/>
<PI_FULL_NAME>Qi Yu</PI_FULL_NAME>
<EmailAddress>roseyu@eng.ucsd.edu</EmailAddress>
<PI_PHON>8588221516</PI_PHON>
<NSF_ID>000767945</NSF_ID>
<StartDate>07/07/2021</StartDate>
<EndDate/>
<RoleCode>Co-Principal Investigator</RoleCode>
</Investigator>
<Institution>
<Name>University of California-San Diego</Name>
<CityName>La Jolla</CityName>
<ZipCode>920930934</ZipCode>
<PhoneNumber>8585344896</PhoneNumber>
<StreetAddress>Office of Contract &amp; Grant Admin</StreetAddress>
<StreetAddress2><![CDATA[9500 Gilman Drive, 0934]]></StreetAddress2>
<CountryName>United States</CountryName>
<StateName>California</StateName>
<StateCode>CA</StateCode>
<CONGRESSDISTRICT>49</CONGRESSDISTRICT>
<CONGRESS_DISTRICT_ORG>CA49</CONGRESS_DISTRICT_ORG>
<ORG_DUNS_NUM>804355790</ORG_DUNS_NUM>
<ORG_LGL_BUS_NAME>UNIVERSITY OF CALIFORNIA, SAN DIEGO</ORG_LGL_BUS_NAME>
<ORG_PRNT_DUNS_NUM>071549000</ORG_PRNT_DUNS_NUM>
</Institution>
<Performance_Institution>
<Name><![CDATA[The Regents of the Univ. of Calif., U.C. San Diego]]></Name>
<CityName>La Jolla</CityName>
<StateCode>CA</StateCode>
<ZipCode>920930934</ZipCode>
<StreetAddress><![CDATA[9500 Gilman Drive #0934]]></StreetAddress>
<CountryCode>US</CountryCode>
<CountryName>United States</CountryName>
<StateName>California</StateName>
<CountryFlag>1</CountryFlag>
<CONGRESSDISTRICT>49</CONGRESSDISTRICT>
<CONGRESS_DISTRICT_PERF>CA49</CONGRESS_DISTRICT_PERF>
</Performance_Institution>
<ProgramElement>
<Code>7354</Code>
<Text>CSR-Computer Systems Research</Text>
</ProgramElement>
<ProgramElement>
<Code>7359</Code>
<Text>CCRI-CISE Cmnty Rsrch Infrstrc</Text>
</ProgramElement>
<ProgramReference>
<Code>7354</Code>
<Text>COMPUTER SYSTEMS</Text>
</ProgramReference>
<ProgramReference>
<Code>7359</Code>
<Text>COMPUTING RES INFRASTRUCTURE</Text>
</ProgramReference>
<Appropriation>
<Code>0121</Code>
<Name>NSF RESEARCH &amp; RELATED ACTIVIT</Name>
<APP_SYMB_ID>040100</APP_SYMB_ID>
</Appropriation>
<FUND_OBLG>2021~999971</FUND_OBLG>
</Award>
</rootTag>
