<?xml version="1.0" encoding="UTF-8"?>
<rootTag>
<Award>
<AwardTitle>COLLABORATIVE RESEARCH: We are thriving: Challenging negative discourse through voices of women in project teams</AwardTitle>
<AGENCY>NSF</AGENCY>
<AwardEffectiveDate>08/01/2021</AwardEffectiveDate>
<AwardExpirationDate>08/31/2023</AwardExpirationDate>
<AwardTotalIntnAmount>100845.00</AwardTotalIntnAmount>
<AwardAmount>100845</AwardAmount>
<AwardInstrument>
<Value>Standard Grant</Value>
</AwardInstrument>
<Organization>
<Code>07050000</Code>
<Directorate>
<Abbreviation>ENG</Abbreviation>
<LongName>Directorate For Engineering</LongName>
</Directorate>
<Division>
<Abbreviation>EEC</Abbreviation>
<LongName>Div Of Engineering Education and Centers</LongName>
</Division>
</Organization>
<ProgramOfficer>
<SignBlockName>Christine Grant</SignBlockName>
<PO_EMAI>cgrant@nsf.gov</PO_EMAI>
<PO_PHON>7032927107</PO_PHON>
</ProgramOfficer>
<AbstractNarration>The goal of this research is to understand women who are thriving (i.e., developing and succeeding) in engineering student project teams and undergraduate engineering programs. Project teams are extra-curricular, student-led, engineering design teams. One important aspect of this research is that these thriving women are encouraged to speak for themselves, describe their own experiences, and tell their own stories. Another is the intentional focus on women who are doing well, feeling positive about themselves as engineers and about their professional futures. Currently, the number of women who pursue engineering degrees remains low, around 20%, despite over 40 years of research. Previous researchers have provided valuable frameworks to explain the low participation and retention of women, but these projects have focused on what may be wrong -- why women do not select engineering or why they decide to leave engineering. While important, this type of research may inadvertently encourage women to avoid engineering as it may propagate the message that they “do not belong”. This research adopts a novel approach to explore a new direction toward understanding women’s experiences in engineering and employs an asset-based approach in its attempt to identify what women find rewarding. Therefore, a fresh and quite possibly transformative understanding of women’s engagement in engineering is anticipated. The primary deliverable will be a perspective and specific actionable items that can be adopted by university engineering programs and engineering companies that will encourage greater participation of women in engineering, and also suggest how those programs and companies might create an environment in which women can thrive. The broader impacts of this research include (1) increasing gender equity in engineering; (2) engaging a diverse range of women participants; and (3) suggesting alternative pathways toward engineering degrees and careers in engineering. Each of these broader impacts will contribute to a long-term goal of changing the negative discourse regarding the persistence of the underrepresentation of women and minorities in engineering.&lt;br/&gt;&lt;br/&gt;This research asks and answers the research question: what are the personal and institutional factors that facilitate women who thrive in engineering student project teams? The research approach is to conduct a series of three semi-structured interviews with women project team leaders at Kansas State University, Cornell University, and University of Nevada Las Vegas. These partnering universities vary by location, size, type, and ability to attract and retain women in engineering. The interviews include their life history or how they understand their life-experiences in relation to engineering; learning journey or how their experiences in project teams has led them to identify as engineers; and PhotoVoice, an approach which places students behind a camera, such that they can document and explain those project team experiences to others and in their own terms. The aim is to learn about the positive experiences of these women, identified and explained by the women themselves, thereby enabling a better understanding and appreciation of those experiences.  Additional interviews with women at other institutions, engineering leadership, and project team faculty advisers will inform the understanding of the roles project teams play in broadening engagement in engineering. These interview data, together with secondary, document-based contextual data, will be analyzed to identify positive engineering experiences and then will be used to create a theoretical framework for encouraging thriving. The research offers the prospect for a new, targeted and more positive focus regarding women’s participation in engineering. The results of this research will be included on a website created by an undergraduate student project team to maximize dissemination, long-term accessibility, and project sustainability.&lt;br/&gt;&lt;br/&gt;This award reflects NSF's statutory mission and has been deemed worthy of support through evaluation using the Foundation's intellectual merit and broader impacts review criteria.</AbstractNarration>
<MinAmdLetterDate>08/16/2021</MinAmdLetterDate>
<MaxAmdLetterDate>08/16/2021</MaxAmdLetterDate>
<ARRAAmount/>
<TRAN_TYPE>Grant</TRAN_TYPE>
<CFDA_NUM>47.041</CFDA_NUM>
<NSF_PAR_USE_FLAG>1</NSF_PAR_USE_FLAG>
<FUND_AGCY_CODE>4900</FUND_AGCY_CODE>
<AWDG_AGCY_CODE>4900</AWDG_AGCY_CODE>
<AwardID>2100560</AwardID>
<Investigator>
<FirstName>Mojdeh</FirstName>
<LastName>Asadollahipajouh</LastName>
<PI_MID_INIT/>
<PI_SUFX_NAME/>
<PI_FULL_NAME>Mojdeh Asadollahipajouh</PI_FULL_NAME>
<EmailAddress>mojdeh.pajouh@unlv.edu</EmailAddress>
<PI_PHON>9797777943</PI_PHON>
<NSF_ID>000799249</NSF_ID>
<StartDate>08/16/2021</StartDate>
<EndDate/>
<RoleCode>Principal Investigator</RoleCode>
</Investigator>
<Institution>
<Name>University of Nebraska-Lincoln</Name>
<CityName>Lincoln</CityName>
<ZipCode>685031435</ZipCode>
<PhoneNumber>4024723171</PhoneNumber>
<StreetAddress>151 Prem S. Paul Research Center</StreetAddress>
<StreetAddress2><![CDATA[2200 Vine St]]></StreetAddress2>
<CountryName>United States</CountryName>
<StateName>Nebraska</StateName>
<StateCode>NE</StateCode>
<CONGRESSDISTRICT>01</CONGRESSDISTRICT>
<CONGRESS_DISTRICT_ORG>NE01</CONGRESS_DISTRICT_ORG>
<ORG_DUNS_NUM>555456995</ORG_DUNS_NUM>
<ORG_LGL_BUS_NAME>BOARD OF REGENTS OF THE UNIVERSITY OF NEBRASKA</ORG_LGL_BUS_NAME>
<ORG_PRNT_DUNS_NUM>068662618</ORG_PRNT_DUNS_NUM>
</Institution>
<Performance_Institution>
<Name><![CDATA[University of Nebraska-Lincoln]]></Name>
<CityName>Lincoln</CityName>
<StateCode>NE</StateCode>
<ZipCode>685830861</ZipCode>
<StreetAddress><![CDATA[151 Prem S. Paul Research Center]]></StreetAddress>
<CountryCode>US</CountryCode>
<CountryName>United States</CountryName>
<StateName>Nebraska</StateName>
<CountryFlag>1</CountryFlag>
<CONGRESSDISTRICT>01</CONGRESSDISTRICT>
<CONGRESS_DISTRICT_PERF>NE01</CONGRESS_DISTRICT_PERF>
</Performance_Institution>
<ProgramElement>
<Code>1385</Code>
<Text>SSA-Special Studies &amp; Analysis</Text>
</ProgramElement>
<ProgramElement>
<Code>7680</Code>
<Text>EDA-Eng Diversity Activities</Text>
</ProgramElement>
<ProgramReference>
<Code>110E</Code>
<Text>EDUCATION RESEARCH</Text>
</ProgramReference>
<ProgramReference>
<Code>7680</Code>
<Text>ENG DIVERSITY ACTIVITIES</Text>
</ProgramReference>
<ProgramReference>
<Code>9150</Code>
<Text>EXP PROG TO STIM COMP RES</Text>
</ProgramReference>
<Appropriation>
<Code>0120</Code>
<Name>NSF RESEARCH &amp; RELATED ACTIVIT</Name>
<APP_SYMB_ID>040100</APP_SYMB_ID>
</Appropriation>
<FUND_OBLG>2020~100845</FUND_OBLG>
</Award>
</rootTag>
