<?xml version="1.0" encoding="UTF-8"?>
<rootTag>
<Award>
<AwardTitle>Universal Secant Bundles and Syzygies of Varieties</AwardTitle>
<AGENCY>NSF</AGENCY>
<AwardEffectiveDate>08/15/2021</AwardEffectiveDate>
<AwardExpirationDate>07/31/2024</AwardExpirationDate>
<AwardTotalIntnAmount>162000.00</AwardTotalIntnAmount>
<AwardAmount>107437</AwardAmount>
<AwardInstrument>
<Value>Continuing Grant</Value>
</AwardInstrument>
<Organization>
<Code>03040000</Code>
<Directorate>
<Abbreviation>MPS</Abbreviation>
<LongName>Direct For Mathematical &amp; Physical Scien</LongName>
</Directorate>
<Division>
<Abbreviation>DMS</Abbreviation>
<LongName>Division Of Mathematical Sciences</LongName>
</Division>
</Organization>
<ProgramOfficer>
<SignBlockName>Andrew Pollington</SignBlockName>
<PO_EMAI>adpollin@nsf.gov</PO_EMAI>
<PO_PHON>7032924878</PO_PHON>
</ProgramOfficer>
<AbstractNarration>This research project is concerned with the study of algebraic varieties, in other words geometric spaces that are defined by systems of polynomial equations. The study of the qualitative features of the equations defining algebraic varieties has a long and cherished history in mathematics, beginning with the work of algebraists such as Cayley and Sylvester in the nineteenth century. These questions were put into a modern framework through the pioneering work of Hilbert, who defined a series of invariants known as Betti numbers. The study of these Betti numbers has been an important force in the development of the fields of both algebra and projective geometry for over a hundred years now. These invariants capture the information about the number of equations required to define a variety, as well as the degrees of these equations and the relations amongst them. The aim of this proposal is to study the Betti numbers for several fundamental classes of algebraic varieties. Moreover, the Principal Investigator (PI) will formulate and study more refined conjectures about the rank of the higher relations amongst the defining equations of algebraic varieties. This provides more detail into the structure of these equations than can be provided by the Betti numbers alone.&lt;br/&gt; &lt;br/&gt;During this award, the PI will study the Betti numbers of several classes of algebraic varieties using new techniques such as the technique of Universal Secant Bundles. The PI has previously applied this technique successfully on a series of questions about the Betti numbers of algebraic curves which were first asked in the 1980s in the work of mathematicians such as Green and Lazarsfeld. The PI will study these invariants in new settings, such as the case of higher dimensional varieties, with a particular focus on understanding the equations and syzygies of Veronese varieties and Abelian surfaces. Moreover, the PI will provide special, explicit bases consisting of syzygies of minimal possible rank for the syzygy spaces of several classes of algebraic varieties, generalizing well-known work on Green on the generation of the ideal of canonical curves by quadrics of rank four. More generally, the PI hopes to formulate new conjectures and questions which will open up new lines of inquiry for the field as a whole.&lt;br/&gt;&lt;br/&gt;This award reflects NSF's statutory mission and has been deemed worthy of support through evaluation using the Foundation's intellectual merit and broader impacts review criteria.</AbstractNarration>
<MinAmdLetterDate>08/02/2021</MinAmdLetterDate>
<MaxAmdLetterDate>08/02/2021</MaxAmdLetterDate>
<ARRAAmount/>
<TRAN_TYPE>Grant</TRAN_TYPE>
<CFDA_NUM>47.049</CFDA_NUM>
<NSF_PAR_USE_FLAG>1</NSF_PAR_USE_FLAG>
<FUND_AGCY_CODE>4900</FUND_AGCY_CODE>
<AWDG_AGCY_CODE>4900</AWDG_AGCY_CODE>
<AwardID>2100782</AwardID>
<Investigator>
<FirstName>Michael</FirstName>
<LastName>Kemeny</LastName>
<PI_MID_INIT/>
<PI_SUFX_NAME/>
<PI_FULL_NAME>Michael Kemeny</PI_FULL_NAME>
<EmailAddress>kemeny@wisc.edu</EmailAddress>
<PI_PHON>6282379538</PI_PHON>
<NSF_ID>000733062</NSF_ID>
<StartDate>08/02/2021</StartDate>
<EndDate/>
<RoleCode>Principal Investigator</RoleCode>
</Investigator>
<Institution>
<Name>University of Wisconsin-Madison</Name>
<CityName>MADISON</CityName>
<ZipCode>537151218</ZipCode>
<PhoneNumber>6082623822</PhoneNumber>
<StreetAddress>21 North Park Street</StreetAddress>
<StreetAddress2><![CDATA[Suite 6401]]></StreetAddress2>
<CountryName>United States</CountryName>
<StateName>Wisconsin</StateName>
<StateCode>WI</StateCode>
<CONGRESSDISTRICT>02</CONGRESSDISTRICT>
<CONGRESS_DISTRICT_ORG>WI02</CONGRESS_DISTRICT_ORG>
<ORG_DUNS_NUM>161202122</ORG_DUNS_NUM>
<ORG_LGL_BUS_NAME>UNIVERSITY OF WISCONSIN SYSTEM</ORG_LGL_BUS_NAME>
<ORG_PRNT_DUNS_NUM>041188822</ORG_PRNT_DUNS_NUM>
</Institution>
<Performance_Institution>
<Name><![CDATA[University of Wisconsin-Madison]]></Name>
<CityName>MADISON</CityName>
<StateCode>WI</StateCode>
<ZipCode>537151218</ZipCode>
<StreetAddress><![CDATA[21 North Park Street]]></StreetAddress>
<CountryCode>US</CountryCode>
<CountryName>United States</CountryName>
<StateName>Wisconsin</StateName>
<CountryFlag>1</CountryFlag>
<CONGRESSDISTRICT>02</CONGRESSDISTRICT>
<CONGRESS_DISTRICT_PERF>WI02</CONGRESS_DISTRICT_PERF>
</Performance_Institution>
<ProgramElement>
<Code>1264</Code>
<Text>ALGEBRA,NUMBER THEORY,AND COM</Text>
</ProgramElement>
<Appropriation>
<Code>0121</Code>
<Name>NSF RESEARCH &amp; RELATED ACTIVIT</Name>
<APP_SYMB_ID>040100</APP_SYMB_ID>
</Appropriation>
<FUND_OBLG>2021~107437</FUND_OBLG>
</Award>
</rootTag>
