<?xml version="1.0" encoding="UTF-8"?>
<rootTag>
<Award>
<AwardTitle>Developing a Biotechnology Degree Program to Train Skilled Biotechnicians in Chicago</AwardTitle>
<AGENCY>NSF</AGENCY>
<AwardEffectiveDate>06/01/2021</AwardEffectiveDate>
<AwardExpirationDate>05/31/2024</AwardExpirationDate>
<AwardTotalIntnAmount>299999.00</AwardTotalIntnAmount>
<AwardAmount>299999</AwardAmount>
<AwardInstrument>
<Value>Standard Grant</Value>
</AwardInstrument>
<Organization>
<Code>11040100</Code>
<Directorate>
<Abbreviation>EHR</Abbreviation>
<LongName>Direct For Education and Human Resources</LongName>
</Directorate>
<Division>
<Abbreviation>DUE</Abbreviation>
<LongName>Division Of Undergraduate Education</LongName>
</Division>
</Organization>
<ProgramOfficer>
<SignBlockName>Mary Crowe</SignBlockName>
<PO_EMAI>mcrowe@nsf.gov</PO_EMAI>
<PO_PHON>7032927177</PO_PHON>
</ProgramOfficer>
<AbstractNarration>This project aims to help fill the growing demand for biotechnicians in the Chicago area.  Biotechnology has industrial applications that range from agriculture to manufacturing.  It is also a crucial tool in the basic research development needed for such applications. The demand for biotechnicians is growing across the nation and these jobs pay higher than average wages. Regardless of its specific uses, the work of biotechnology involves common laboratory equipment, techniques, and regulatory record keeping.  As a result, trained biotechnicians can readily transfer across different application areas, for example from basic research to biofuel manufacturing.  As in many other STEM fields, the biotechnology workforce lacks diversity. However, a diverse workforce is an asset that can improve problem-solving and innovation.  Consequently, in addition to increasing the number of trained biotechnicians, this project also focuses on broadening participation in biotechnology.&lt;br/&gt;&lt;br/&gt;The project is led by Kennedy King College, a primarily Black institution in one of the most impoverished urban areas of Chicago. The project’s major goal is to develop a new associate degree program in Biotechnology.  This degree program will enable students to gain biotechnology skills that are needed by regional industries. To this end, the project team will work with an industry advisory council to adapt and update existing courses to better align with industry standards. This advisory council will also help faculty remain current about industry needs, as well as provide students with internship opportunities. Research shows that course-based undergraduate research experiences can improve scientific thinking, scientific identity, and problem-solving skills.  Therefore, the project team will develop a course-based undergraduate research experience in General Biology, a foundational course in the biotechnology program. Active learning pedagogies will be incorporated into courses within the program. The project team will also partner with local high school advisors to develop a biotechnology career pathway map and advisory tools to increase high school student interest in biotechnology. In addition, Kennedy King College will host an annual Biotechnology Career Day for high school students. To help recruit students from communities that are not yet equitably represented in biotechnology, the project team will establish a summer biotechnology program for high school students. Results from project evaluation will inform industry and education stakeholders about how to effectively modify and expand an existing foundation to decrease the time and expense needed to fully deploy a new degree.  This project is funded by the Advanced Technological Education program that focuses on the education of technicians for the advanced-technology fields that drive the nation's economy.&lt;br/&gt;&lt;br/&gt;This award reflects NSF's statutory mission and has been deemed worthy of support through evaluation using the Foundation's intellectual merit and broader impacts review criteria.</AbstractNarration>
<MinAmdLetterDate>05/20/2021</MinAmdLetterDate>
<MaxAmdLetterDate>05/20/2021</MaxAmdLetterDate>
<ARRAAmount/>
<TRAN_TYPE>Grant</TRAN_TYPE>
<CFDA_NUM>47.076</CFDA_NUM>
<NSF_PAR_USE_FLAG>1</NSF_PAR_USE_FLAG>
<FUND_AGCY_CODE>4900</FUND_AGCY_CODE>
<AWDG_AGCY_CODE>4900</AWDG_AGCY_CODE>
<AwardID>2100370</AwardID>
<Investigator>
<FirstName>Clifford</FirstName>
<LastName>Wilson</LastName>
<PI_MID_INIT/>
<PI_SUFX_NAME/>
<PI_FULL_NAME>Clifford Wilson</PI_FULL_NAME>
<EmailAddress>cwilson20@ccc.edu</EmailAddress>
<PI_PHON>7736025159</PI_PHON>
<NSF_ID>000764378</NSF_ID>
<StartDate>05/20/2021</StartDate>
<EndDate/>
<RoleCode>Principal Investigator</RoleCode>
</Investigator>
<Investigator>
<FirstName>Cindy</FirstName>
<LastName>Carlson</LastName>
<PI_MID_INIT/>
<PI_SUFX_NAME/>
<PI_FULL_NAME>Cindy Carlson</PI_FULL_NAME>
<EmailAddress>ccarlson9@ccc.edu</EmailAddress>
<PI_PHON/>
<NSF_ID>000764380</NSF_ID>
<StartDate>05/20/2021</StartDate>
<EndDate/>
<RoleCode>Co-Principal Investigator</RoleCode>
</Investigator>
<Investigator>
<FirstName>Craig</FirstName>
<LastName>Flowers</LastName>
<PI_MID_INIT/>
<PI_SUFX_NAME/>
<PI_FULL_NAME>Craig Flowers</PI_FULL_NAME>
<EmailAddress>cflowers44@ccc.edu</EmailAddress>
<PI_PHON>3125532607</PI_PHON>
<NSF_ID>000764381</NSF_ID>
<StartDate>05/20/2021</StartDate>
<EndDate/>
<RoleCode>Co-Principal Investigator</RoleCode>
</Investigator>
<Institution>
<Name>City Colleges of Chicago</Name>
<CityName>CHICAGO</CityName>
<ZipCode>606013608</ZipCode>
<PhoneNumber>3125531605</PhoneNumber>
<StreetAddress>180 N Wabash</StreetAddress>
<StreetAddress2><![CDATA[Suite 200]]></StreetAddress2>
<CountryName>United States</CountryName>
<StateName>Illinois</StateName>
<StateCode>IL</StateCode>
<CONGRESSDISTRICT>07</CONGRESSDISTRICT>
<CONGRESS_DISTRICT_ORG>IL07</CONGRESS_DISTRICT_ORG>
<ORG_DUNS_NUM>074436742</ORG_DUNS_NUM>
<ORG_LGL_BUS_NAME>BOARD OF TRUSTEES OF COMMUNITY COLLEGE DISTRICT #508 (INC)</ORG_LGL_BUS_NAME>
<ORG_PRNT_DUNS_NUM>074436742</ORG_PRNT_DUNS_NUM>
</Institution>
<Performance_Institution>
<Name><![CDATA[Kennedy King College]]></Name>
<CityName>Chicago</CityName>
<StateCode>IL</StateCode>
<ZipCode>606212709</ZipCode>
<StreetAddress><![CDATA[6301 S. Halsted]]></StreetAddress>
<CountryCode>US</CountryCode>
<CountryName>United States</CountryName>
<StateName>Illinois</StateName>
<CountryFlag>1</CountryFlag>
<CONGRESSDISTRICT>01</CONGRESSDISTRICT>
<CONGRESS_DISTRICT_PERF>IL01</CONGRESS_DISTRICT_PERF>
</Performance_Institution>
<ProgramElement>
<Code>7412</Code>
<Text>Advanced Tech Education Prog</Text>
</ProgramElement>
<ProgramReference>
<Code>1032</Code>
<Text>ADVANCED TECHNOLOGY EDUCATION</Text>
</ProgramReference>
<ProgramReference>
<Code>9178</Code>
<Text>UNDERGRADUATE EDUCATION</Text>
</ProgramReference>
<ProgramReference>
<Code>SMET</Code>
<Text>SCIENCE, MATH, ENG &amp; TECH EDUCATION</Text>
</ProgramReference>
<Appropriation>
<Code>0421</Code>
<Name>NSF Education &amp; Human Resource</Name>
<APP_SYMB_ID>040106</APP_SYMB_ID>
</Appropriation>
<FUND_OBLG>2021~299999</FUND_OBLG>
</Award>
</rootTag>
