<?xml version="1.0" encoding="UTF-8"?>
<rootTag>
<Award>
<AwardTitle>Collaborative Research: PurSUiT: Sampling amoeboid protists as a reservoir of unknown/undescribed eukaryotic diversity</AwardTitle>
<AGENCY>NSF</AGENCY>
<AwardEffectiveDate>04/15/2021</AwardEffectiveDate>
<AwardExpirationDate>03/31/2024</AwardExpirationDate>
<AwardTotalIntnAmount>1114943.00</AwardTotalIntnAmount>
<AwardAmount>1114943</AwardAmount>
<AwardInstrument>
<Value>Standard Grant</Value>
</AwardInstrument>
<Organization>
<Code>08010000</Code>
<Directorate>
<Abbreviation>BIO</Abbreviation>
<LongName>Direct For Biological Sciences</LongName>
</Directorate>
<Division>
<Abbreviation>DEB</Abbreviation>
<LongName>Division Of Environmental Biology</LongName>
</Division>
</Organization>
<ProgramOfficer>
<SignBlockName>Maureen Kearney</SignBlockName>
<PO_EMAI>mkearney@nsf.gov</PO_EMAI>
<PO_PHON>7032928239</PO_PHON>
</ProgramOfficer>
<AbstractNarration>Amoeboid microbes are fascinatingly diverse both ecologically and evolutionarily, but they are severely under-studied and poorly sampled. While they act as important players in nearly all ecosystems examined, very little is known about the true biodiversity that exists in nature. The primary goal of this project is to examine the biodiversity and genomic diversity of amoebae found in a broad variety of habitats from land to sea. The researchers will collect samples in the state of Mississippi to generate a much deeper cross-section of the group, which in turn will expand our knowledge of the environmental distribution and ecological function of the major eukaryotic amoeboid lineage, Amoebozoa. Amoebozoa resides on an important branch of the Eukaryotic Tree of Life, representing the closest relative to the lineage that contains animals and Fungi. As such, a deeper look into their evolution and biodiversity is important to better understand how microbial and multicellular eukaryotes evolved into the vast diversity we see today. This project will help train the next generation of systematists and taxonomists by providing research, teaching, and outreach opportunities for a postdoctoral scholar, as well as graduate, undergraduate, and high school students. Participation by project personnel in local public-school programs will provide education activities aimed at teaching biodiversity science to area students from a diverse community.&lt;br/&gt;&lt;br/&gt;The evolutionary mechanisms that led to the great diversity we observe today in in life cycle complexity, morphology, and ecological variation amongst eukaryotic amoeboids are largely unknown. This project will take an integrative approach to researching the biodiversity of this group using detailed morphological characterizations, comparative genomics, differential transcriptomics, and environmental DNA sequencing. It will provide a much deeper taxon sampling in genome and transcriptomes than is currently available for this group, and provide a more robust phylogenetic framework through which the evolution of genomic and life history traits can be analyzed. Using unique amoebozoan-specific barcoding primers, the environmental diversity of a group that is not well represented in surveys will be addressed.&lt;br/&gt;&lt;br/&gt;This award reflects NSF's statutory mission and has been deemed worthy of support through evaluation using the Foundation's intellectual merit and broader impacts review criteria.</AbstractNarration>
<MinAmdLetterDate>04/14/2021</MinAmdLetterDate>
<MaxAmdLetterDate>05/21/2021</MaxAmdLetterDate>
<ARRAAmount/>
<TRAN_TYPE>Grant</TRAN_TYPE>
<CFDA_NUM>47.074</CFDA_NUM>
<NSF_PAR_USE_FLAG>1</NSF_PAR_USE_FLAG>
<FUND_AGCY_CODE>4900</FUND_AGCY_CODE>
<AWDG_AGCY_CODE>4900</AWDG_AGCY_CODE>
<AwardID>2100888</AwardID>
<Investigator>
<FirstName>Matthew</FirstName>
<LastName>Brown</LastName>
<PI_MID_INIT>W</PI_MID_INIT>
<PI_SUFX_NAME/>
<PI_FULL_NAME>Matthew W Brown</PI_FULL_NAME>
<EmailAddress>Mwb250@msstate.edu</EmailAddress>
<PI_PHON>6623257404</PI_PHON>
<NSF_ID>000663910</NSF_ID>
<StartDate>04/14/2021</StartDate>
<EndDate/>
<RoleCode>Principal Investigator</RoleCode>
</Investigator>
<Institution>
<Name>Mississippi State University</Name>
<CityName>MISSISSIPPI STATE</CityName>
<ZipCode>397629662</ZipCode>
<PhoneNumber>6623257404</PhoneNumber>
<StreetAddress>PO Box 6156</StreetAddress>
<StreetAddress2/>
<CountryName>United States</CountryName>
<StateName>Mississippi</StateName>
<StateCode>MS</StateCode>
<CONGRESSDISTRICT>03</CONGRESSDISTRICT>
<CONGRESS_DISTRICT_ORG>MS03</CONGRESS_DISTRICT_ORG>
<ORG_DUNS_NUM>075461814</ORG_DUNS_NUM>
<ORG_LGL_BUS_NAME>MISSISSIPPI STATE UNIVERSITY</ORG_LGL_BUS_NAME>
<ORG_PRNT_DUNS_NUM>075461814</ORG_PRNT_DUNS_NUM>
</Institution>
<Performance_Institution>
<Name><![CDATA[Mississippi State University]]></Name>
<CityName>Mississippi State</CityName>
<StateCode>MS</StateCode>
<ZipCode>397629536</ZipCode>
<StreetAddress><![CDATA[219 Harned Hall, 295 Lee Blvd]]></StreetAddress>
<CountryCode>US</CountryCode>
<CountryName>United States</CountryName>
<StateName>Mississippi</StateName>
<CountryFlag>1</CountryFlag>
<CONGRESSDISTRICT>03</CONGRESSDISTRICT>
<CONGRESS_DISTRICT_PERF>MS03</CONGRESS_DISTRICT_PERF>
</Performance_Institution>
<ProgramElement>
<Code>7374</Code>
<Text>Systematics &amp; Biodiversity Sci</Text>
</ProgramElement>
<ProgramReference>
<Code>9150</Code>
<Text>EXP PROG TO STIM COMP RES</Text>
</ProgramReference>
<Appropriation>
<Code>0121</Code>
<Name>NSF RESEARCH &amp; RELATED ACTIVIT</Name>
<APP_SYMB_ID>040100</APP_SYMB_ID>
</Appropriation>
<FUND_OBLG>2021~1114943</FUND_OBLG>
</Award>
</rootTag>
