<?xml version="1.0" encoding="UTF-8"?>
<rootTag>
<Award>
<AwardTitle>Catalyst: Chemiluminescence, Quantum Yield and High-Dimensional Data Analysis in Trajectory Surface Hopping Simulation</AwardTitle>
<AGENCY>NSF</AGENCY>
<AwardEffectiveDate>07/01/2021</AwardEffectiveDate>
<AwardExpirationDate>06/30/2023</AwardExpirationDate>
<AwardTotalIntnAmount>150000.00</AwardTotalIntnAmount>
<AwardAmount>150000</AwardAmount>
<AwardInstrument>
<Value>Standard Grant</Value>
</AwardInstrument>
<Organization>
<Code>11060000</Code>
<Directorate>
<Abbreviation>EHR</Abbreviation>
<LongName>Direct For Education and Human Resources</LongName>
</Directorate>
<Division>
<Abbreviation>HRD</Abbreviation>
<LongName>Division Of Human Resource Development</LongName>
</Division>
</Organization>
<ProgramOfficer>
<SignBlockName>Michelle Claville</SignBlockName>
<PO_EMAI>mclavill@nsf.gov</PO_EMAI>
<PO_PHON>7032927751</PO_PHON>
</ProgramOfficer>
<AbstractNarration>Catalyst Projects provide support for Historically Black Colleges and Universities (HBCU) to work towards establishing research capacity of faculty to strengthen science, technology, engineering and mathematics undergraduate education and research. It is expected that the award will further the faculty member's research capability, improve research and teaching at the institution. and involve undergraduate students in research experiences. The project at Jackson State University applies machine learning approaches, the subset of artificial intelligence (AI), to automatically collect and analyze the nonadiabatic molecular dynamics data to uncover the mechanism of improving quantum yield. The project also designs the exciting educational interface of Bayesian support vector machines and trajectory surface hopping simulation, which provides unique research experience and practical AI skill for undergraduate students from populations that are historically underrepresented in science, technology, engineering and mathematics (STEM).&lt;br/&gt;&lt;br/&gt;The project integrates Bayesian support vector machines with trajectory surface hopping approach to explore the origin of chemiluminescence yield, and develops the educational modules for undergraduate research and lab training.  The proposed simulation and data analysis includes: 1) being able to process the vast amount of the surface hopping trajectory data via Bayesian support vector machines - based separatrices to extract useful and meaningful information of quantum yield; 2) uncovering the transition threshold through high-weight support vectors separating energy subspaces; 3) manifesting how initial conditions of trajectories differentiate energy states; 4) establishing the relation between initial nuclear phase space coordinates and class probabilities. It also sizes down the sophisticated computational protocol into multiple modules, and each module development is used as a research project for undergraduate participants. Beyond the local and regional educational benefits, the research entails a major benefit to society in that successful results could lead to the revolution of bioluminescence imaging technology (BIT) and photodynamic therapy (PDT), which would greatly enhance the accuracy of tumor diagnosis (via BIT) and the survival rate in cancer treatment (via PDT).&lt;br/&gt;&lt;br/&gt;This award reflects NSF's statutory mission and has been deemed worthy of support through evaluation using the Foundation's intellectual merit and broader impacts review criteria.</AbstractNarration>
<MinAmdLetterDate>04/19/2021</MinAmdLetterDate>
<MaxAmdLetterDate>04/29/2021</MaxAmdLetterDate>
<ARRAAmount/>
<TRAN_TYPE>Grant</TRAN_TYPE>
<CFDA_NUM>47.076</CFDA_NUM>
<NSF_PAR_USE_FLAG>1</NSF_PAR_USE_FLAG>
<FUND_AGCY_CODE>4900</FUND_AGCY_CODE>
<AWDG_AGCY_CODE>4900</AWDG_AGCY_CODE>
<AwardID>2100971</AwardID>
<Investigator>
<FirstName>Jian-Ge</FirstName>
<LastName>Zhou</LastName>
<PI_MID_INIT/>
<PI_SUFX_NAME/>
<PI_FULL_NAME>Jian-Ge Zhou</PI_FULL_NAME>
<EmailAddress>jiange.zhou@jsums.edu</EmailAddress>
<PI_PHON>6019792931</PI_PHON>
<NSF_ID>000705629</NSF_ID>
<StartDate>04/19/2021</StartDate>
<EndDate/>
<RoleCode>Principal Investigator</RoleCode>
</Investigator>
<Institution>
<Name>Jackson State University</Name>
<CityName>Jackson</CityName>
<CountyName/>
<ZipCode>392170002</ZipCode>
<PhoneNumber>6019792008</PhoneNumber>
<StreetAddress>1400 J R LYNCH ST.</StreetAddress>
<StreetAddress2/>
<CountryName>United States</CountryName>
<StateName>Mississippi</StateName>
<StateCode>MS</StateCode>
<CONGRESSDISTRICT>02</CONGRESSDISTRICT>
<CONGRESS_DISTRICT_ORG>MS02</CONGRESS_DISTRICT_ORG>
<ORG_DUNS_NUM>044507085</ORG_DUNS_NUM>
<ORG_LGL_BUS_NAME>JACKSON STATE UNIVERSITY</ORG_LGL_BUS_NAME>
<ORG_PRNT_DUNS_NUM>044507085</ORG_PRNT_DUNS_NUM>
</Institution>
<Performance_Institution>
<Name><![CDATA[Jackson State University]]></Name>
<CityName>Jackson</CityName>
<CountyName/>
<StateCode>MS</StateCode>
<ZipCode>392170002</ZipCode>
<StreetAddress><![CDATA[1400 J. R. Lynch]]></StreetAddress>
<CountryCode>US</CountryCode>
<CountryName>United States</CountryName>
<StateName>Mississippi</StateName>
<CountryFlag>1</CountryFlag>
<CONGRESSDISTRICT>02</CONGRESSDISTRICT>
<CONGRESS_DISTRICT_PERF>MS02</CONGRESS_DISTRICT_PERF>
</Performance_Institution>
<ProgramElement>
<Code>1594</Code>
<Text>Hist Black Colleges and Univ</Text>
</ProgramElement>
<ProgramReference>
<Code>9150</Code>
<Text>EXP PROG TO STIM COMP RES</Text>
</ProgramReference>
<ProgramReference>
<Code>9178</Code>
<Text>UNDERGRADUATE EDUCATION</Text>
</ProgramReference>
<Appropriation>
<Code>0421</Code>
<Name>NSF Education &amp; Human Resource</Name>
<APP_SYMB_ID>040106</APP_SYMB_ID>
</Appropriation>
<FUND_OBLG>2021~150000</FUND_OBLG>
</Award>
</rootTag>
