<?xml version="1.0" encoding="UTF-8"?>
<rootTag>
<Award>
<AwardTitle>Excellence in Research: CAS: Design Principles for Enabling the Adsorption of Heavy Metal Cations and Oxoanions in Layered Double Hydroxides through Targeted Functionalization</AwardTitle>
<AGENCY>NSF</AGENCY>
<AwardEffectiveDate>06/15/2021</AwardEffectiveDate>
<AwardExpirationDate>05/31/2024</AwardExpirationDate>
<AwardTotalIntnAmount>459998.00</AwardTotalIntnAmount>
<AwardAmount>459998</AwardAmount>
<AwardInstrument>
<Value>Standard Grant</Value>
</AwardInstrument>
<Organization>
<Code>03090000</Code>
<Directorate>
<Abbreviation>MPS</Abbreviation>
<LongName>Direct For Mathematical &amp; Physical Scien</LongName>
</Directorate>
<Division>
<Abbreviation>CHE</Abbreviation>
<LongName>Division Of Chemistry</LongName>
</Division>
</Organization>
<ProgramOfficer>
<SignBlockName>Tingyu Li</SignBlockName>
<PO_EMAI>tli@nsf.gov</PO_EMAI>
<PO_PHON>7032924949</PO_PHON>
</ProgramOfficer>
<AbstractNarration>In this Excellence in Research project, Professor Muhammad Islam of the Department of Chemistry, Physics and Atmospheric sciences at Jackson State University is developing new classes of two-dimensional (2D) material that exhibit intriguing adsorption and chemical exchange properties. The central goals of this project are to design, synthesize and functionalize a unique class of hybrid layered materials with an enhanced built-in property for the rapid, concurrent, highly efficient sequestration of a chemically distinct class of toxic metallic and non-metallic pollutants relevant to environmental remediation and wastewater treatment. The research activities of this project lie at the nexus  of inorganic, materials and environmental chemistry. Thus, this project will serve as a multidisciplinary platform to educate the students in the STEM (science, technology, engineering and mathematics) fields. Developing scientific literacy and translation of science to a broader audience are also key to this research project. &lt;br/&gt;&lt;br/&gt;This research is expected to expand our knowledge of layered materials design principles to enable the development of new classes of adsorbents for hard, borderline, and soft Lewis acidic heavy metal cations, and oxyanions.  The proposed efforts could advance the chemistry of metal-polysulfides and metal-oxypolysulfides intercalated into hybrid single-phase 2D layer double hydroxides (LDHs) and could develop a correlation among their distinct chemical entities and their synergistic interactions with inorganic cationic and anionic species.  This project will investigate the impacts of a number of factors on their adsorption behaviors. Such factors include metal sulfide ratios, valence states of the polysulfides,  cation exchanged into the interlayered metal-polysulfide anions, chemically distinct oxides and sulfides in a single anionic moiety, 2D layered host LDHs with ion-exchangeable cations, different degrees of host-guest interactions, and variable inter-layered distances.&lt;br/&gt;&lt;br/&gt;This award reflects NSF's statutory mission and has been deemed worthy of support through evaluation using the Foundation's intellectual merit and broader impacts review criteria.</AbstractNarration>
<MinAmdLetterDate>06/03/2021</MinAmdLetterDate>
<MaxAmdLetterDate>06/03/2021</MaxAmdLetterDate>
<ARRAAmount/>
<TRAN_TYPE>Grant</TRAN_TYPE>
<CFDA_NUM>47.049</CFDA_NUM>
<NSF_PAR_USE_FLAG>1</NSF_PAR_USE_FLAG>
<FUND_AGCY_CODE>4900</FUND_AGCY_CODE>
<AWDG_AGCY_CODE>4900</AWDG_AGCY_CODE>
<AwardID>2100797</AwardID>
<Investigator>
<FirstName>Muhammad</FirstName>
<LastName>Islam</LastName>
<PI_MID_INIT>S</PI_MID_INIT>
<PI_SUFX_NAME/>
<PI_FULL_NAME>Muhammad S Islam</PI_FULL_NAME>
<EmailAddress>muhammad.s.islam@jsums.edu</EmailAddress>
<PI_PHON/>
<NSF_ID>000771522</NSF_ID>
<StartDate>06/03/2021</StartDate>
<EndDate/>
<RoleCode>Principal Investigator</RoleCode>
</Investigator>
<Institution>
<Name>Jackson State University</Name>
<CityName>Jackson</CityName>
<ZipCode>392170002</ZipCode>
<PhoneNumber>6019792008</PhoneNumber>
<StreetAddress>1400 J R LYNCH ST.</StreetAddress>
<StreetAddress2/>
<CountryName>United States</CountryName>
<StateName>Mississippi</StateName>
<StateCode>MS</StateCode>
<CONGRESSDISTRICT>02</CONGRESSDISTRICT>
<CONGRESS_DISTRICT_ORG>MS02</CONGRESS_DISTRICT_ORG>
<ORG_DUNS_NUM>044507085</ORG_DUNS_NUM>
<ORG_LGL_BUS_NAME>JACKSON STATE UNIVERSITY</ORG_LGL_BUS_NAME>
<ORG_PRNT_DUNS_NUM>044507085</ORG_PRNT_DUNS_NUM>
</Institution>
<Performance_Institution>
<Name><![CDATA[Jackson State University]]></Name>
<CityName>Jackson</CityName>
<StateCode>MS</StateCode>
<ZipCode>392170002</ZipCode>
<StreetAddress><![CDATA[1400 J R LYNCH ST.]]></StreetAddress>
<CountryCode>US</CountryCode>
<CountryName>United States</CountryName>
<StateName>Mississippi</StateName>
<CountryFlag>1</CountryFlag>
<CONGRESSDISTRICT>02</CONGRESSDISTRICT>
<CONGRESS_DISTRICT_PERF>MS02</CONGRESS_DISTRICT_PERF>
</Performance_Institution>
<ProgramElement>
<Code>070Y</Code>
<Text>HBCU-EiR - HBCU-Excellence in</Text>
</ProgramElement>
<ProgramReference>
<Code>090Z</Code>
<Text>CAS-Critical Aspects of Sustainability</Text>
</ProgramReference>
<ProgramReference>
<Code>7237</Code>
<Text>NANO NON-SOLIC SCI &amp; ENG AWD</Text>
</ProgramReference>
<ProgramReference>
<Code>9150</Code>
<Text>EXP PROG TO STIM COMP RES</Text>
</ProgramReference>
<Appropriation>
<Code>0121</Code>
<Name>NSF RESEARCH &amp; RELATED ACTIVIT</Name>
<APP_SYMB_ID>040100</APP_SYMB_ID>
</Appropriation>
<FUND_OBLG>2021~459998</FUND_OBLG>
</Award>
</rootTag>
