<?xml version="1.0" encoding="UTF-8"?>
<rootTag>
<Award>
<AwardTitle>Adopting the STEM Guitar Curriculum to Prepare Students in American Samoa for Technician Education</AwardTitle>
<AGENCY>NSF</AGENCY>
<AwardEffectiveDate>07/01/2021</AwardEffectiveDate>
<AwardExpirationDate>06/30/2024</AwardExpirationDate>
<AwardTotalIntnAmount>299791.00</AwardTotalIntnAmount>
<AwardAmount>299791</AwardAmount>
<AwardInstrument>
<Value>Standard Grant</Value>
</AwardInstrument>
<Organization>
<Code>11040100</Code>
<Directorate>
<Abbreviation>EHR</Abbreviation>
<LongName>Direct For Education and Human Resources</LongName>
</Directorate>
<Division>
<Abbreviation>DUE</Abbreviation>
<LongName>Division Of Undergraduate Education</LongName>
</Division>
</Organization>
<ProgramOfficer>
<SignBlockName>Michael Davis</SignBlockName>
<PO_EMAI>mdavis@nsf.gov</PO_EMAI>
<PO_PHON>7032927166</PO_PHON>
</ProgramOfficer>
<AbstractNarration>American Samoa, located 10,000 miles from the United States mainland, is the only US Territory in the South Pacific Ocean.  American Samoa Community College is the only college on the island.  With this award, the College will establish the Technician Education Readiness Pathway to meet the critical need for a skilled technical workforce.  Nearly all students entering American Samoa Community College require remediation in mathematics and reading, which bars them from enrolling in the existing Technician Education programs.  Currently, less than 5% of high school teachers are rated as ‘highly qualified’ in these subject areas.  The Technician Education Readiness Pathway will adopt the STEM Guitar Building curriculum to enhance education in applied math, as well as technical reading and writing.  This curriculum builds on the strong cultural connection that music plays in everyday life in American Samoa, thus providing additional motivation for students and teachers in the technician education pathway.  &lt;br/&gt;&lt;br/&gt;The goals of the project are to (1) improve student knowledge in STEM concepts, (2) increase the number of students eligible to enroll in Technician Education programs, and (3) prepare students for industry recognized certification exams.  The Technician Education Readiness Pathway will establish a partnership between the STEM faculty of American Samoa Community College and teachers from Nu’uli Vocational Technical High School.  The partnership will provide professional development for 20 educators on the Guitar Building curriculum, which will include training in AutoCAD and a laser cutting system.  The trained faculty and teachers will then work with at least 100 students over three years to integrate STEM learning with guitar building as they prepare to enroll in the Technician Education programs.  Students that enter without the need for remedial coursework will be able to quickly earn a STEM certificate or degree, making them eligible for employment in the STEM workforce.  American Samoa Community College will establish an advisory board that includes the American Samoa Power authority to gain industry feedback, and the Oceania Community Development Network to broadly disseminate the program’s successes.  This project is funded by the Advanced Technological Education program that focuses on the education of technicians for the advanced-technology fields that drive the nation's economy.&lt;br/&gt;&lt;br/&gt;This award reflects NSF's statutory mission and has been deemed worthy of support through evaluation using the Foundation's intellectual merit and broader impacts review criteria.</AbstractNarration>
<MinAmdLetterDate>04/07/2021</MinAmdLetterDate>
<MaxAmdLetterDate>05/21/2021</MaxAmdLetterDate>
<ARRAAmount/>
<TRAN_TYPE>Grant</TRAN_TYPE>
<CFDA_NUM>47.076</CFDA_NUM>
<NSF_PAR_USE_FLAG>1</NSF_PAR_USE_FLAG>
<FUND_AGCY_CODE>4900</FUND_AGCY_CODE>
<AWDG_AGCY_CODE>4900</AWDG_AGCY_CODE>
<AwardID>2100418</AwardID>
<Investigator>
<FirstName>Shirley</FirstName>
<LastName>De La Rosa</LastName>
<PI_MID_INIT>M</PI_MID_INIT>
<PI_SUFX_NAME/>
<PI_FULL_NAME>Shirley M De La Rosa</PI_FULL_NAME>
<EmailAddress>s.delarosa@amsamoa.edu</EmailAddress>
<PI_PHON>6846999155</PI_PHON>
<NSF_ID>000793137</NSF_ID>
<StartDate>04/07/2021</StartDate>
<EndDate/>
<RoleCode>Principal Investigator</RoleCode>
</Investigator>
<Investigator>
<FirstName>Edna</FirstName>
<LastName>Noga</LastName>
<PI_MID_INIT>A</PI_MID_INIT>
<PI_SUFX_NAME/>
<PI_FULL_NAME>Edna A Noga</PI_FULL_NAME>
<EmailAddress>enoga@aspower.com</EmailAddress>
<PI_PHON>6842561431</PI_PHON>
<NSF_ID>000836809</NSF_ID>
<StartDate>04/07/2021</StartDate>
<EndDate/>
<RoleCode>Co-Principal Investigator</RoleCode>
</Investigator>
<Institution>
<Name>American Samoa Community College</Name>
<CityName>Pago Pago</CityName>
<ZipCode>967990000</ZipCode>
<PhoneNumber>6846999155</PhoneNumber>
<StreetAddress>P.O. Box 2609</StreetAddress>
<StreetAddress2><![CDATA[Mapusaga Fou]]></StreetAddress2>
<CountryName>United States</CountryName>
<StateName>American Samoa</StateName>
<StateCode>AS</StateCode>
<CONGRESSDISTRICT/>
<CONGRESS_DISTRICT_ORG/>
<ORG_DUNS_NUM>854990793</ORG_DUNS_NUM>
<ORG_LGL_BUS_NAME>AMERICAN SAMOA COMMUNITY COLLEGE</ORG_LGL_BUS_NAME>
<ORG_PRNT_DUNS_NUM/>
</Institution>
<Performance_Institution>
<Name><![CDATA[American Samoa Community College]]></Name>
<CityName>Pago Pago</CityName>
<StateCode>AS</StateCode>
<ZipCode>967992609</ZipCode>
<StreetAddress><![CDATA[Malaeimi]]></StreetAddress>
<CountryCode>US</CountryCode>
<CountryName>United States</CountryName>
<StateName>American Samoa</StateName>
<CountryFlag>1</CountryFlag>
<CONGRESSDISTRICT>00</CONGRESSDISTRICT>
<CONGRESS_DISTRICT_PERF/>
</Performance_Institution>
<ProgramElement>
<Code>7412</Code>
<Text>Advanced Tech Education Prog</Text>
</ProgramElement>
<ProgramReference>
<Code>1032</Code>
<Text>ADVANCED TECHNOLOGY EDUCATION</Text>
</ProgramReference>
<ProgramReference>
<Code>9178</Code>
<Text>UNDERGRADUATE EDUCATION</Text>
</ProgramReference>
<ProgramReference>
<Code>SMET</Code>
<Text>SCIENCE, MATH, ENG &amp; TECH EDUCATION</Text>
</ProgramReference>
<Appropriation>
<Code>0421</Code>
<Name>NSF Education &amp; Human Resource</Name>
<APP_SYMB_ID>040106</APP_SYMB_ID>
</Appropriation>
<FUND_OBLG>2021~299791</FUND_OBLG>
</Award>
</rootTag>
