<?xml version="1.0" encoding="UTF-8"?>
<rootTag>
<Award>
<AwardTitle>SaTC: CORE: Small: Collaborative: Understanding Law-Enforcement Cyber Investigations</AwardTitle>
<AGENCY>NSF</AGENCY>
<AwardEffectiveDate>09/16/2020</AwardEffectiveDate>
<AwardExpirationDate>09/30/2022</AwardExpirationDate>
<AwardTotalIntnAmount>85501.00</AwardTotalIntnAmount>
<AwardAmount>85501</AwardAmount>
<AwardInstrument>
<Value>Standard Grant</Value>
</AwardInstrument>
<Organization>
<Code>05050000</Code>
<Directorate>
<Abbreviation>CSE</Abbreviation>
<LongName>Direct For Computer &amp; Info Scie &amp; Enginr</LongName>
</Directorate>
<Division>
<Abbreviation>CNS</Abbreviation>
<LongName>Division Of Computer and Network Systems</LongName>
</Division>
</Organization>
<ProgramOfficer>
<SignBlockName>Sara Kiesler</SignBlockName>
<PO_EMAI>skiesler@nsf.gov</PO_EMAI>
<PO_PHON>7032928643</PO_PHON>
</ProgramOfficer>
<AbstractNarration>Numerous challenges confront law enforcement investigations and prosecutions of cybercrime offenses, including under-reporting by victims, jurisdictional conflicts and limitations, insufficient resources, training, and expertise, as well as organizational constraints. This research is a study of cybercrime investigators, their departments, and the challenges they face in fighting cybercrime. The research consists of social scientific research on how law enforcement investigators and their units conduct cybercrime investigations. The findings will contribute to the academic literature in criminology, sociology, and other disciplines and inform recommendations for improvements in the resources, policies, and procedures of law enforcement agencies engaged in cybercrime investigations. This research also will contribute to the education of students of social science and cybersecurity, who will be involved in the data collection and analyses of data. The research will be critical to understanding the vital role law enforcement plays in apprehending cybercrime offenders and disrupting criminal networks, useful functions in the provision of a secure and trustworthy cyberspace. &lt;br/&gt;&lt;br/&gt;To understand the challenges confronting cybercrime investigators, the researchers are using ethnographic techniques to study cybercrime units and specialized personnel who work in them. The study examines (1) innovative cybercrime units and those that are leaders in their field and (2) cybercrime units in transition or those only recently having developed cybercrime investigative capabilities. These are the units and personnel most likely to have experience managing the perils and pitfalls involved in such investigations. Within these units, the researchers will employ in-depth qualitative interviews that will probe challenges such investigators face, their relationships to other public and private cybercrime/information security organizations, sense of occupational identity, relationship between cybercrime investigators to other police personnel and organizations, and perceptions of cybercrime and offenders. The researchers also work with other criminal justice units and agencies to learn more about case processing policies and procedures.&lt;br/&gt;&lt;br/&gt;This award reflects NSF's statutory mission and has been deemed worthy of support through evaluation using the Foundation's intellectual merit and broader impacts review criteria.</AbstractNarration>
<MinAmdLetterDate>11/04/2020</MinAmdLetterDate>
<MaxAmdLetterDate>11/04/2020</MaxAmdLetterDate>
<ARRAAmount/>
<TRAN_TYPE>Grant</TRAN_TYPE>
<CFDA_NUM>47.070</CFDA_NUM>
<NSF_PAR_USE_FLAG>1</NSF_PAR_USE_FLAG>
<FUND_AGCY_CODE>4900</FUND_AGCY_CODE>
<AWDG_AGCY_CODE>4900</AWDG_AGCY_CODE>
<AwardID>2100982</AwardID>
<Investigator>
<FirstName>Brian</FirstName>
<LastName>Schaefer</LastName>
<PI_MID_INIT/>
<PI_SUFX_NAME/>
<PI_FULL_NAME>Brian Schaefer</PI_FULL_NAME>
<EmailAddress>brian.schaefer@indstate.edu</EmailAddress>
<PI_PHON>8122378832</PI_PHON>
<NSF_ID>000790203</NSF_ID>
<StartDate>11/04/2020</StartDate>
<EndDate/>
<RoleCode>Principal Investigator</RoleCode>
</Investigator>
<Institution>
<Name>Indiana University</Name>
<CityName>Bloomington</CityName>
<ZipCode>474013654</ZipCode>
<PhoneNumber>3172783473</PhoneNumber>
<StreetAddress>509 E 3RD ST</StreetAddress>
<StreetAddress2/>
<CountryName>United States</CountryName>
<StateName>Indiana</StateName>
<StateCode>IN</StateCode>
<CONGRESSDISTRICT>09</CONGRESSDISTRICT>
<CONGRESS_DISTRICT_ORG>IN09</CONGRESS_DISTRICT_ORG>
<ORG_DUNS_NUM>006046700</ORG_DUNS_NUM>
<ORG_LGL_BUS_NAME>TRUSTEES OF INDIANA UNIVERSITY</ORG_LGL_BUS_NAME>
<ORG_PRNT_DUNS_NUM>006046700</ORG_PRNT_DUNS_NUM>
</Institution>
<Performance_Institution>
<Name><![CDATA[Indiana University Southeast]]></Name>
<CityName>New Albany</CityName>
<StateCode>IN</StateCode>
<ZipCode>471502158</ZipCode>
<StreetAddress><![CDATA[4201 Grant Line Rd]]></StreetAddress>
<CountryCode>US</CountryCode>
<CountryName>United States</CountryName>
<StateName>Indiana</StateName>
<CountryFlag>1</CountryFlag>
<CONGRESSDISTRICT>09</CONGRESSDISTRICT>
<CONGRESS_DISTRICT_PERF>IN09</CONGRESS_DISTRICT_PERF>
</Performance_Institution>
<ProgramElement>
<Code>8060</Code>
<Text>Secure &amp;Trustworthy Cyberspace</Text>
</ProgramElement>
<ProgramReference>
<Code>025Z</Code>
<Text>SaTC: Secure and Trustworthy Cyberspace</Text>
</ProgramReference>
<ProgramReference>
<Code>065Z</Code>
<Text>Human factors for security research</Text>
</ProgramReference>
<ProgramReference>
<Code>7923</Code>
<Text>SMALL PROJECT</Text>
</ProgramReference>
<Appropriation>
<Code>0119</Code>
<Name>NSF RESEARCH &amp; RELATED ACTIVIT</Name>
<APP_SYMB_ID>040100</APP_SYMB_ID>
</Appropriation>
<FUND_OBLG>2019~85501</FUND_OBLG>
</Award>
</rootTag>
