<?xml version="1.0" encoding="UTF-8"?>
<rootTag>
<Award>
<AwardTitle>Excellence in Research: Fine Structure of Exciton Levels in Lead Chalcogenide Nanocrystals</AwardTitle>
<AGENCY>NSF</AGENCY>
<AwardEffectiveDate>06/01/2021</AwardEffectiveDate>
<AwardExpirationDate>05/31/2024</AwardExpirationDate>
<AwardTotalIntnAmount>412380.00</AwardTotalIntnAmount>
<AwardAmount>412380</AwardAmount>
<AwardInstrument>
<Value>Standard Grant</Value>
</AwardInstrument>
<Organization>
<Code>03070000</Code>
<Directorate>
<Abbreviation>MPS</Abbreviation>
<LongName>Direct For Mathematical &amp; Physical Scien</LongName>
</Directorate>
<Division>
<Abbreviation>DMR</Abbreviation>
<LongName>Division Of Materials Research</LongName>
</Division>
</Organization>
<ProgramOfficer>
<SignBlockName>David Rabson</SignBlockName>
<PO_EMAI>darabson@nsf.gov</PO_EMAI>
<PO_PHON>7032922563</PO_PHON>
</ProgramOfficer>
<AbstractNarration>This project is managed in the Division of Materials Research and funded by the Historically Black Colleges and Universities, Excellence in Research (HBCU-EiR) program and by the Established Program to Stimulate Competitive Research (EPSCoR).&lt;br/&gt;&lt;br/&gt;NONTECHNICAL SUMMARY&lt;br/&gt;Quantum dots are tiny crystals, a few nanometers across, that display useful electronic and optical phenomena.  This award supports theoretical research into such phenomena in dots made of lead sulfide, lead selenide, or lead telluride, the so-called lead chalcogenides.  The distribution of possible electronic energies in a quantum dot depends on size, shape, and composition; tuning these parameters will permit applications in photovoltaics, optoelectronics, quantum information technologies, and medicine. Lead chalcogenide quantum dots are unique because they can be used in devices operating in the near-infrared and mid-infrared frequency ranges employed in telecommunications and medical imaging.  Optical properties of these quantum dots are determined by particles called excitons, each consisting of a negatively charged electron and a positively charged empty state, or hole, where an electron should have been.  At low resolution, many different exciton states share the same energy. However, competing interactions split the energies, so that different exciton states take different energy values.  Being able to predict how these splittings depend on shape and size is key to engineering quantum dots for desired purposes.  This research will be carried out at Jackson State University and will contribute to development of the science, technology, engineering, and math workforce at a historically Black university that primarily serves educational needs of local minority students.&lt;br/&gt;&lt;br/&gt;TECHNICAL SUMMARY&lt;br/&gt;This award supports theoretical investigation of the exciton fine structure in lead chalcogenide quantum dots and its manifestation in optical phenomena. Description of band-edge exciton states in lead chalcogenide quantum dots comes up against fundamental complexity stemming from the fact that extrema of conduction and valence bands in bulk lead chalcogenides occur at four inequivalent L points of the Brillouin zone. In lead chalcogenide quantum dots, electron-hole exchange interaction and intervalley coupling split the otherwise 64-fold valley- and spin-degenerate ground exciton state into several groups of closely spaced states giving rise to a large intrinsic broadening of the photoluminescence spectral lines. Furthermore, an exciton effectively couples to confined optical and acoustic phonon modes. This results in complex photoluminescence spectral line-shapes which can be directly observed by means of single-dot spectroscopy. Additional information can be obtained from polarized photoluminescence measurements in external magnetic fields. This project aims to model lead chalcogenide quantum dots within the empirical tight-binding and effective-mass methods in order to provide theoretical description of physical processes underlying this kind of experiment. The effects of various perturbations and their interplay will be studied in order to gain control over the exciton fine structure through the control over the quantum dot shape.&lt;br/&gt;&lt;br/&gt;This award reflects NSF's statutory mission and has been deemed worthy of support through evaluation using the Foundation's intellectual merit and broader impacts review criteria.</AbstractNarration>
<MinAmdLetterDate>05/04/2021</MinAmdLetterDate>
<MaxAmdLetterDate>05/04/2021</MaxAmdLetterDate>
<ARRAAmount/>
<TRAN_TYPE>Grant</TRAN_TYPE>
<CFDA_NUM>47.049</CFDA_NUM>
<NSF_PAR_USE_FLAG>1</NSF_PAR_USE_FLAG>
<FUND_AGCY_CODE>4900</FUND_AGCY_CODE>
<AWDG_AGCY_CODE>4900</AWDG_AGCY_CODE>
<AwardID>2100248</AwardID>
<Investigator>
<FirstName>Serguei</FirstName>
<LastName>Goupalov</LastName>
<PI_MID_INIT/>
<PI_SUFX_NAME/>
<PI_FULL_NAME>Serguei Goupalov</PI_FULL_NAME>
<EmailAddress>serguei.goupalov@jsums.edu</EmailAddress>
<PI_PHON>6019793633</PI_PHON>
<NSF_ID>000503305</NSF_ID>
<StartDate>05/04/2021</StartDate>
<EndDate/>
<RoleCode>Principal Investigator</RoleCode>
</Investigator>
<Institution>
<Name>Jackson State University</Name>
<CityName>Jackson</CityName>
<CountyName/>
<ZipCode>392170002</ZipCode>
<PhoneNumber>6019792008</PhoneNumber>
<StreetAddress>1400 J R LYNCH ST.</StreetAddress>
<StreetAddress2/>
<CountryName>United States</CountryName>
<StateName>Mississippi</StateName>
<StateCode>MS</StateCode>
<CONGRESSDISTRICT>02</CONGRESSDISTRICT>
<CONGRESS_DISTRICT_ORG>MS02</CONGRESS_DISTRICT_ORG>
<ORG_DUNS_NUM>044507085</ORG_DUNS_NUM>
<ORG_LGL_BUS_NAME>JACKSON STATE UNIVERSITY</ORG_LGL_BUS_NAME>
<ORG_PRNT_DUNS_NUM>044507085</ORG_PRNT_DUNS_NUM>
</Institution>
<Performance_Institution>
<Name><![CDATA[Jackson State University]]></Name>
<CityName/>
<CountyName/>
<StateCode>MS</StateCode>
<ZipCode>392170002</ZipCode>
<StreetAddress/>
<CountryCode>US</CountryCode>
<CountryName>United States</CountryName>
<StateName>Mississippi</StateName>
<CountryFlag>1</CountryFlag>
<CONGRESSDISTRICT>02</CONGRESSDISTRICT>
<CONGRESS_DISTRICT_PERF>MS02</CONGRESS_DISTRICT_PERF>
</Performance_Institution>
<ProgramElement>
<Code>070Y</Code>
<Text>HBCU-EiR - HBCU-Excellence in</Text>
</ProgramElement>
<ProgramElement>
<Code>9150</Code>
<Text>EPSCoR Co-Funding</Text>
</ProgramElement>
<ProgramReference>
<Code>106Z</Code>
<Text>Semiconductors and Microelectronics</Text>
</ProgramReference>
<ProgramReference>
<Code>7237</Code>
<Text>NANO NON-SOLIC SCI &amp; ENG AWD</Text>
</ProgramReference>
<ProgramReference>
<Code>8396</Code>
<Text>Clean Energy Technology</Text>
</ProgramReference>
<ProgramReference>
<Code>8607</Code>
<Text>Solar Energy Capture&amp;Conver</Text>
</ProgramReference>
<ProgramReference>
<Code>8614</Code>
<Text>Nanomaterials</Text>
</ProgramReference>
<ProgramReference>
<Code>8990</Code>
<Text>Optics and Photonics</Text>
</ProgramReference>
<ProgramReference>
<Code>9150</Code>
<Text>EXP PROG TO STIM COMP RES</Text>
</ProgramReference>
<Appropriation>
<Code>0121</Code>
<Name>NSF RESEARCH &amp; RELATED ACTIVIT</Name>
<APP_SYMB_ID>040100</APP_SYMB_ID>
</Appropriation>
<FUND_OBLG>2021~412380</FUND_OBLG>
</Award>
</rootTag>
