<?xml version="1.0" encoding="UTF-8"?>
<rootTag>
<Award>
<AwardTitle>HBCU-Excellence in Research: Biomass Burning Aerosol-Molecular Level Characterization of Aging Conditions on Optical and Chemical Properties</AwardTitle>
<AGENCY>NSF</AGENCY>
<AwardEffectiveDate>09/01/2021</AwardEffectiveDate>
<AwardExpirationDate>08/31/2024</AwardExpirationDate>
<AwardTotalIntnAmount>869910.00</AwardTotalIntnAmount>
<AwardAmount>869910</AwardAmount>
<AwardInstrument>
<Value>Standard Grant</Value>
</AwardInstrument>
<Organization>
<Code>06020100</Code>
<Directorate>
<Abbreviation>GEO</Abbreviation>
<LongName>Directorate For Geosciences</LongName>
</Directorate>
<Division>
<Abbreviation>AGS</Abbreviation>
<LongName>Div Atmospheric &amp; Geospace Sciences</LongName>
</Division>
</Organization>
<ProgramOfficer>
<SignBlockName>Sylvia Edgerton</SignBlockName>
<PO_EMAI>sedgerto@nsf.gov</PO_EMAI>
<PO_PHON>7032928522</PO_PHON>
</ProgramOfficer>
<AbstractNarration>The goal of this project is to improve knowledge of the optical properties of biomass burning (BB) aerosol, especially those derived from the combustion of African biomass fuels. This research is directed toward the study of changes in the optical properties of BB aerosol due to changes in the burning conditions during combustion. This project is designed to enhance atmospheric chemistry and physics research training capacity at North Carolina A&amp;T State University (NCAT). Collaborative laboratory studies will take place at NCAT, as well as at the University of North Carolina at Chapel Hill.&lt;br/&gt;&lt;br/&gt;The research will address the following questions: (1) How does the molecular-level composition of African fuel-derived BB-derived aerosol change as a function of aging conditions (i.e., fresh versus dark/photochemical/cloud water aging) and how do these aerosol optical properties (i.e., single scattering albedo, refractive index, and modified combustion efficiency) change because of any potential molecular-level chemical changes? (2) Does aging of primary (fresh) BB-derived aerosol and gas emissions alter the aerosol physicochemical properties, including volatility, density, morphology, and water-solubility? (3) what is the relationship between morphology (fractal dimensions) and modified combustion efficiency and how does this influence the criteria for selecting the correct method (Mie, Rayleigh-Debye-Gans or T-matrix approach) to modeling optical properties and the resulting extraction of RIs? (4) Can BB-derived water-soluble gas emissions undergo cloud water processing to yield secondary organic aerosol after cloud droplet evaporation? and (5) What are the precursors for African fuel- derived water-soluble gas emissions?&lt;br/&gt;&lt;br/&gt;This project is funded by the Atmospheric Chemistry, Excellence in Research, and Integrative and Collaborative Education and Research Programs at NSF. This effort provides opportunities for students and faculty from all participating institutions to work collaboratively.&lt;br/&gt;&lt;br/&gt;This award reflects NSF's statutory mission and has been deemed worthy of support through evaluation using the Foundation's intellectual merit and broader impacts review criteria.</AbstractNarration>
<MinAmdLetterDate>07/06/2021</MinAmdLetterDate>
<MaxAmdLetterDate>07/06/2021</MaxAmdLetterDate>
<ARRAAmount/>
<TRAN_TYPE>Grant</TRAN_TYPE>
<CFDA_NUM>47.050</CFDA_NUM>
<NSF_PAR_USE_FLAG>1</NSF_PAR_USE_FLAG>
<FUND_AGCY_CODE>4900</FUND_AGCY_CODE>
<AWDG_AGCY_CODE>4900</AWDG_AGCY_CODE>
<AwardID>2100708</AwardID>
<Investigator>
<FirstName>Barbara</FirstName>
<LastName>Turpin</LastName>
<PI_MID_INIT>J</PI_MID_INIT>
<PI_SUFX_NAME/>
<PI_FULL_NAME>Barbara J Turpin</PI_FULL_NAME>
<EmailAddress>bjturpin@email.unc.edu</EmailAddress>
<PI_PHON>7324217203</PI_PHON>
<NSF_ID>000433435</NSF_ID>
<StartDate>07/06/2021</StartDate>
<EndDate/>
<RoleCode>Co-Principal Investigator</RoleCode>
</Investigator>
<Investigator>
<FirstName>Solomon</FirstName>
<LastName>Bililign</LastName>
<PI_MID_INIT/>
<PI_SUFX_NAME/>
<PI_FULL_NAME>Solomon Bililign</PI_FULL_NAME>
<EmailAddress>Bililign@ncat.edu</EmailAddress>
<PI_PHON>3362852328</PI_PHON>
<NSF_ID>000391890</NSF_ID>
<StartDate>07/06/2021</StartDate>
<EndDate/>
<RoleCode>Principal Investigator</RoleCode>
</Investigator>
<Investigator>
<FirstName>Jason</FirstName>
<LastName>Surratt</LastName>
<PI_MID_INIT>D</PI_MID_INIT>
<PI_SUFX_NAME/>
<PI_FULL_NAME>Jason D Surratt</PI_FULL_NAME>
<EmailAddress>surratt@unc.edu</EmailAddress>
<PI_PHON>9199660470</PI_PHON>
<NSF_ID>000578973</NSF_ID>
<StartDate>07/06/2021</StartDate>
<EndDate/>
<RoleCode>Co-Principal Investigator</RoleCode>
</Investigator>
<Investigator>
<FirstName>Marc</FirstName>
<LastName>Fiddler</LastName>
<PI_MID_INIT/>
<PI_SUFX_NAME/>
<PI_FULL_NAME>Marc Fiddler</PI_FULL_NAME>
<EmailAddress>mnfiddle@ncat.edu</EmailAddress>
<PI_PHON>3362854253</PI_PHON>
<NSF_ID>000622714</NSF_ID>
<StartDate>07/06/2021</StartDate>
<EndDate/>
<RoleCode>Co-Principal Investigator</RoleCode>
</Investigator>
<Investigator>
<FirstName>Rudra</FirstName>
<LastName>Pokhrel</LastName>
<PI_MID_INIT>P</PI_MID_INIT>
<PI_SUFX_NAME/>
<PI_FULL_NAME>Rudra P Pokhrel</PI_FULL_NAME>
<EmailAddress>rppokhrel@ncat.edu</EmailAddress>
<PI_PHON>3362852328</PI_PHON>
<NSF_ID>000838280</NSF_ID>
<StartDate>07/06/2021</StartDate>
<EndDate/>
<RoleCode>Co-Principal Investigator</RoleCode>
</Investigator>
<Institution>
<Name>North Carolina Agricultural &amp; Technical State University</Name>
<CityName>Greensboro</CityName>
<ZipCode>274110001</ZipCode>
<PhoneNumber>3363347995</PhoneNumber>
<StreetAddress>1601 E. Market Street</StreetAddress>
<StreetAddress2/>
<CountryName>United States</CountryName>
<StateName>North Carolina</StateName>
<StateCode>NC</StateCode>
<CONGRESSDISTRICT>06</CONGRESSDISTRICT>
<CONGRESS_DISTRICT_ORG>NC06</CONGRESS_DISTRICT_ORG>
<ORG_DUNS_NUM>071576482</ORG_DUNS_NUM>
<ORG_LGL_BUS_NAME>NORTH CAROLINA AGRICULTURAL AND TECHNICAL STATE UNIVERSITY</ORG_LGL_BUS_NAME>
<ORG_PRNT_DUNS_NUM>071576482</ORG_PRNT_DUNS_NUM>
</Institution>
<Performance_Institution>
<Name><![CDATA[North Carolina A&T State Univ]]></Name>
<CityName>Greensboro</CityName>
<StateCode>NC</StateCode>
<ZipCode>274110001</ZipCode>
<StreetAddress><![CDATA[1601 E Market Street]]></StreetAddress>
<CountryCode>US</CountryCode>
<CountryName>United States</CountryName>
<StateName>North Carolina</StateName>
<CountryFlag>1</CountryFlag>
<CONGRESSDISTRICT>06</CONGRESSDISTRICT>
<CONGRESS_DISTRICT_PERF>NC06</CONGRESS_DISTRICT_PERF>
</Performance_Institution>
<ProgramElement>
<Code>070Y</Code>
<Text>HBCU-EiR - HBCU-Excellence in</Text>
</ProgramElement>
<ProgramElement>
<Code>1524</Code>
<Text>Atmospheric Chemistry</Text>
</ProgramElement>
<ProgramElement>
<Code>1642</Code>
<Text>Special Initiatives</Text>
</ProgramElement>
<ProgramReference>
<Code>102Z</Code>
<Text>COVID-Disproportionate Impcts Inst-Indiv</Text>
</ProgramReference>
<ProgramReference>
<Code>1524</Code>
<Text>ATMOSPHERIC CHEMISTRY</Text>
</ProgramReference>
<ProgramReference>
<Code>4444</Code>
<Text>INTERDISCIPLINARY PROPOSALS</Text>
</ProgramReference>
<ProgramReference>
<Code>7699</Code>
<Text>ICER</Text>
</ProgramReference>
<Appropriation>
<Code>0121</Code>
<Name>NSF RESEARCH &amp; RELATED ACTIVIT</Name>
<APP_SYMB_ID>040100</APP_SYMB_ID>
</Appropriation>
<FUND_OBLG>2021~869910</FUND_OBLG>
</Award>
</rootTag>
