<?xml version="1.0" encoding="UTF-8"?>
<rootTag>
<Award>
<AwardTitle>Examining the use of micro-internships to leverage scalable learning for STEM workforce development among people experiencing homelessness</AwardTitle>
<AGENCY>NSF</AGENCY>
<AwardEffectiveDate>09/01/2021</AwardEffectiveDate>
<AwardExpirationDate>08/31/2024</AwardExpirationDate>
<AwardTotalIntnAmount>487909.00</AwardTotalIntnAmount>
<AwardAmount>487909</AwardAmount>
<AwardInstrument>
<Value>Standard Grant</Value>
</AwardInstrument>
<Organization>
<Code>11010000</Code>
<Directorate>
<Abbreviation>EHR</Abbreviation>
<LongName>Direct For Education and Human Resources</LongName>
</Directorate>
<Division>
<Abbreviation>DGE</Abbreviation>
<LongName>Division Of Graduate Education</LongName>
</Division>
</Organization>
<ProgramOfficer>
<SignBlockName>Earnestine Psalmonds</SignBlockName>
<PO_EMAI>eeaster@nsf.gov</PO_EMAI>
<PO_PHON>7032928112</PO_PHON>
</ProgramOfficer>
<AbstractNarration>Researchers at the University of Nebraska at Omaha and Southern Methodist University will investigate the efficacy of a Work-Learn model for providing individuals experiencing homelessness with the skills and scaffolding that will enable them to enter the job market.  The research team will examine the impact of integrating micro-internships with online courses targeting computer science skills for homeless adult learners and analyze the interaction among group dynamics and learner success and barriers and successful learning outcomes. The research focuses on theoretical and empirical connections between online education and job opportunities. The Work-Learn model could potentially produce scalable online training that is adaptable for previously underreached populations. The project will advance the state of knowledge in educational theory regarding the nexus between marginalized learners and educational technology. The research will extend the knowledge base about online and career technical education by testing the hypothesis that the Work-Learn model can transform MOOCS to support the success of homeless populations.&lt;br/&gt;&lt;br/&gt;The target participants for the study are individuals experiencing homelessness in the Omaha metropolitan area. The research goal is to test the efficacy of the Work-Learn model in supporting the ability of homeless persons to complete a MOOC and successfully transition to information technology (IT) sector jobs.  To achieve this goal, the researchers will investigate four research questions:  (1) How can the Work-Learn model incentivize learners and support persistence in completing learning tasks and challenges? (2) Do peer learning structures work as effectively with persons experiencing homelessness as with traditional MOOC students? (3) What learner attributes and experiences are associated with success? and (4) How does industry partnership support re-training of persons experiencing homelessness for IT jobs?  The research team will develop and implement course modules, in a peer learning context, addressing computational thinking, COBOL, and Python that enable learners to learn by doing in a MOOC environment. They will engage homeless shelter staff and private-sector partners to support skills development and paid micro-internship placement. The team will investigate how these partnerships function to support this population of learners and how learners’ well-being is impacted. The research design will address the research questions and generate formative and summative data through interviews and focus groups. The researchers will collect artifacts to illuminate shelter policies and general shelter culture.  The team will use R and descriptive statistics to analyze and report the survey data, artifacts, and MOOC completion data. The research results will inform interventions that employ scalable technology to re-skill or up-skill adults who do not have access to workforce training tailored to high-demand and financially stable technology jobs and careers. &lt;br/&gt;&lt;br/&gt;The project is supported by the EHR Core Research Program that funds STEM education research projects focused on STEM learning and learning environments, broadening participation in STEM fields, and STEM workforce development.&lt;br/&gt;&lt;br/&gt;This award reflects NSF's statutory mission and has been deemed worthy of support through evaluation using the Foundation's intellectual merit and broader impacts review criteria.</AbstractNarration>
<MinAmdLetterDate>08/18/2021</MinAmdLetterDate>
<MaxAmdLetterDate>08/18/2021</MaxAmdLetterDate>
<ARRAAmount/>
<TRAN_TYPE>Grant</TRAN_TYPE>
<CFDA_NUM>47.076</CFDA_NUM>
<NSF_PAR_USE_FLAG>1</NSF_PAR_USE_FLAG>
<FUND_AGCY_CODE>4900</FUND_AGCY_CODE>
<AWDG_AGCY_CODE>4900</AWDG_AGCY_CODE>
<AwardID>2100355</AwardID>
<Investigator>
<FirstName>Michelle</FirstName>
<LastName>Friend</LastName>
<PI_MID_INIT/>
<PI_SUFX_NAME/>
<PI_FULL_NAME>Michelle Friend</PI_FULL_NAME>
<EmailAddress>mefriend@unomaha.edu</EmailAddress>
<PI_PHON/>
<NSF_ID>000734779</NSF_ID>
<StartDate>08/18/2021</StartDate>
<EndDate/>
<RoleCode>Principal Investigator</RoleCode>
</Investigator>
<Investigator>
<FirstName>Alexandra</FirstName>
<LastName>Pavlakis</LastName>
<PI_MID_INIT>E</PI_MID_INIT>
<PI_SUFX_NAME/>
<PI_FULL_NAME>Alexandra E Pavlakis</PI_FULL_NAME>
<EmailAddress>pavlakis@smu.edu</EmailAddress>
<PI_PHON>2147684530</PI_PHON>
<NSF_ID>000837646</NSF_ID>
<StartDate>08/18/2021</StartDate>
<EndDate/>
<RoleCode>Co-Principal Investigator</RoleCode>
</Investigator>
<Institution>
<Name>University of Nebraska at Omaha</Name>
<CityName>Omaha</CityName>
<ZipCode>681820210</ZipCode>
<PhoneNumber>4025542286</PhoneNumber>
<StreetAddress>6001 Dodge Street</StreetAddress>
<StreetAddress2><![CDATA[EAB 203]]></StreetAddress2>
<CountryName>United States</CountryName>
<StateName>Nebraska</StateName>
<StateCode>NE</StateCode>
<CONGRESSDISTRICT>02</CONGRESSDISTRICT>
<CONGRESS_DISTRICT_ORG>NE02</CONGRESS_DISTRICT_ORG>
<ORG_DUNS_NUM>190827162</ORG_DUNS_NUM>
<ORG_LGL_BUS_NAME>UNIVERSITY OF NEBRASKA</ORG_LGL_BUS_NAME>
<ORG_PRNT_DUNS_NUM>068662618</ORG_PRNT_DUNS_NUM>
</Institution>
<Performance_Institution>
<Name><![CDATA[University of Nebraska at Omaha]]></Name>
<CityName>Omaha</CityName>
<StateCode>NE</StateCode>
<ZipCode>681820210</ZipCode>
<StreetAddress><![CDATA[6001 Dodge Street]]></StreetAddress>
<CountryCode>US</CountryCode>
<CountryName>United States</CountryName>
<StateName>Nebraska</StateName>
<CountryFlag>1</CountryFlag>
<CONGRESSDISTRICT>02</CONGRESSDISTRICT>
<CONGRESS_DISTRICT_PERF>NE02</CONGRESS_DISTRICT_PERF>
</Performance_Institution>
<ProgramElement>
<Code>7980</Code>
<Text>ECR-EHR Core Research</Text>
</ProgramElement>
<ProgramReference>
<Code>8212</Code>
<Text>Broaden Particip STEM Resrch</Text>
</ProgramReference>
<ProgramReference>
<Code>8816</Code>
<Text>Workforce Development</Text>
</ProgramReference>
<Appropriation>
<Code>0421</Code>
<Name>NSF Education &amp; Human Resource</Name>
<APP_SYMB_ID>040106</APP_SYMB_ID>
</Appropriation>
<FUND_OBLG>2021~487909</FUND_OBLG>
</Award>
</rootTag>
