<?xml version="1.0" encoding="UTF-8"?>
<rootTag>
<Award>
<AwardTitle>GOALI: Scalable Single-Step Manufacturing of High-Performance Titanium Sheet Metal Alloys by Shear-Based Deformation Processing</AwardTitle>
<AGENCY>NSF</AGENCY>
<AwardEffectiveDate>03/01/2021</AwardEffectiveDate>
<AwardExpirationDate>02/29/2024</AwardExpirationDate>
<AwardTotalIntnAmount>360510.00</AwardTotalIntnAmount>
<AwardAmount>360510</AwardAmount>
<AwardInstrument>
<Value>Standard Grant</Value>
</AwardInstrument>
<Organization>
<Code>07030000</Code>
<Directorate>
<Abbreviation>ENG</Abbreviation>
<LongName>Directorate For Engineering</LongName>
</Directorate>
<Division>
<Abbreviation>CMMI</Abbreviation>
<LongName>Div Of Civil, Mechanical, &amp; Manufact Inn</LongName>
</Division>
</Organization>
<ProgramOfficer>
<SignBlockName>Thomas F. Kuech</SignBlockName>
<PO_EMAI>tkuech@nsf.gov</PO_EMAI>
<PO_PHON>7032922218</PO_PHON>
</ProgramOfficer>
<AbstractNarration>This Grant Opportunity for Academic Liaison with Industry (GOALI) award supports research leading to new knowledge related to the manufacturing of metals, that will advance the science base of manufacturing and provide competitive technological benefits for the national economy. The process is directed at the formation of specialty metal sheet and foil that is needed in applications within the aerospace, energy systems, ground transportation and biomedical sectors. Currently, the majority of metal sheet is produced by rolling processes which, despite having attractive benefits, also have important limitations pertaining to control of properties, cost, infrastructure and energy. The shear-based deformation processing approach utilizes variants of machining-based processes to create metal sheet and foil in a single step from bulk ingot, while employing a compact manufacturing systems infrastructure. The metal sheet will have superior mechanical properties, because of unique process capability to control deformation parameters. Furthermore, the machining-based processing offers important economic benefits compared to current sheet-production technology in terms of cost and energy usage. The process will be particularly suited for production of sheet from specialty alloys like titanium, magnesium and aluminum, which are of interest for high-performance and/or lightweighting applications in critical industry and defense sectors. This interdisciplinary research requires participation of manufacturing, materials engineering and systems science. The multi-disciplinary approach will also contribute to broadening the participation of underrepresented groups in research, and positively impact engineering education.&lt;br/&gt;&lt;br/&gt;&lt;br/&gt;To establish the capability of the machining-based processing for commercial sheet production, the university-industry team is addressing three closely related technical objectives using titanium alloys as a model material system. Firstly, process deformation fields will be analyzed using in situ high-speed imaging, complemented by force/energy analysis. Secondly, sheet metal properties will be characterized through quantitative microstructure and crystallographic texture analyses; and strength and formability measurements. New shear-based textures, combined with fine-grained microstructures, are of particular interest. Correlations will be established between deformation fields, microstructure and properties in the form of a process map. Thirdly, building on the process mapping, process scaling and systems analysis (quality, cost, energy, equipment design) will be used to produce sheet with enhanced mechanical properties and commercial quality. The envisaged outcome is new process capability for producing commercial titanium alloy sheet at less than 1/10 the cost of current state-of-the-art processing, with future extension to other advanced material systems.&lt;br/&gt;&lt;br/&gt;This award reflects NSF's statutory mission and has been deemed worthy of support through evaluation using the Foundation's intellectual merit and broader impacts review criteria.</AbstractNarration>
<MinAmdLetterDate>02/19/2021</MinAmdLetterDate>
<MaxAmdLetterDate>05/21/2021</MaxAmdLetterDate>
<ARRAAmount/>
<TRAN_TYPE>Grant</TRAN_TYPE>
<CFDA_NUM>47.041</CFDA_NUM>
<NSF_PAR_USE_FLAG>1</NSF_PAR_USE_FLAG>
<FUND_AGCY_CODE>4900</FUND_AGCY_CODE>
<AWDG_AGCY_CODE>4900</AWDG_AGCY_CODE>
<AwardID>2100568</AwardID>
<Investigator>
<FirstName>James</FirstName>
<LastName>Mann</LastName>
<PI_MID_INIT>B</PI_MID_INIT>
<PI_SUFX_NAME/>
<PI_FULL_NAME>James B Mann</PI_FULL_NAME>
<EmailAddress>jbmannm4@gmail.com</EmailAddress>
<PI_PHON>7654303655</PI_PHON>
<NSF_ID>000498369</NSF_ID>
<StartDate>02/19/2021</StartDate>
<EndDate/>
<RoleCode>Co-Principal Investigator</RoleCode>
</Investigator>
<Investigator>
<FirstName>Kevin</FirstName>
<LastName>Trumble</LastName>
<PI_MID_INIT>P</PI_MID_INIT>
<PI_SUFX_NAME/>
<PI_FULL_NAME>Kevin P Trumble</PI_FULL_NAME>
<EmailAddress>driscol@ecn.purdue.edu</EmailAddress>
<PI_PHON>7654944114</PI_PHON>
<NSF_ID>000329909</NSF_ID>
<StartDate>02/19/2021</StartDate>
<EndDate/>
<RoleCode>Principal Investigator</RoleCode>
</Investigator>
<Investigator>
<FirstName>Srinivasan</FirstName>
<LastName>Chandrasekar</LastName>
<PI_MID_INIT/>
<PI_SUFX_NAME/>
<PI_FULL_NAME>Srinivasan Chandrasekar</PI_FULL_NAME>
<EmailAddress>chandy@ecn.purdue.edu</EmailAddress>
<PI_PHON>7654943623</PI_PHON>
<NSF_ID>000422067</NSF_ID>
<StartDate>02/19/2021</StartDate>
<EndDate/>
<RoleCode>Co-Principal Investigator</RoleCode>
</Investigator>
<Institution>
<Name>Purdue University</Name>
<CityName>West Lafayette</CityName>
<ZipCode>479072114</ZipCode>
<PhoneNumber>7654941055</PhoneNumber>
<StreetAddress>Young Hall</StreetAddress>
<StreetAddress2><![CDATA[155 S Grant Street]]></StreetAddress2>
<CountryName>United States</CountryName>
<StateName>Indiana</StateName>
<StateCode>IN</StateCode>
<CONGRESSDISTRICT>04</CONGRESSDISTRICT>
<CONGRESS_DISTRICT_ORG>IN04</CONGRESS_DISTRICT_ORG>
<ORG_DUNS_NUM>072051394</ORG_DUNS_NUM>
<ORG_LGL_BUS_NAME>PURDUE UNIVERSITY</ORG_LGL_BUS_NAME>
<ORG_PRNT_DUNS_NUM>072051394</ORG_PRNT_DUNS_NUM>
</Institution>
<Performance_Institution>
<Name><![CDATA[Purdue University]]></Name>
<CityName>West Lafayette</CityName>
<StateCode>IN</StateCode>
<ZipCode>479072114</ZipCode>
<StreetAddress/>
<CountryCode>US</CountryCode>
<CountryName>United States</CountryName>
<StateName>Indiana</StateName>
<CountryFlag>1</CountryFlag>
<CONGRESSDISTRICT>04</CONGRESSDISTRICT>
<CONGRESS_DISTRICT_PERF>IN04</CONGRESS_DISTRICT_PERF>
</Performance_Institution>
<ProgramElement>
<Code>088Y</Code>
<Text>AM-Advanced Manufacturing</Text>
</ProgramElement>
<ProgramElement>
<Code>1504</Code>
<Text>GOALI-Grnt Opp Acad Lia wIndus</Text>
</ProgramElement>
<ProgramReference>
<Code>1504</Code>
<Text>GRANT OPP FOR ACAD LIA W/INDUS</Text>
</ProgramReference>
<ProgramReference>
<Code>1630</Code>
<Text>MECHANICS OF MATERIALS</Text>
</ProgramReference>
<ProgramReference>
<Code>8021</Code>
<Text>Materials Engineering</Text>
</ProgramReference>
<ProgramReference>
<Code>8025</Code>
<Text>Advanced Materials Processing</Text>
</ProgramReference>
<ProgramReference>
<Code>8037</Code>
<Text>Advanced Manufacturing</Text>
</ProgramReference>
<ProgramReference>
<Code>MANU</Code>
<Text>MANUFACTURING</Text>
</ProgramReference>
<Appropriation>
<Code>0121</Code>
<Name>NSF RESEARCH &amp; RELATED ACTIVIT</Name>
<APP_SYMB_ID>040100</APP_SYMB_ID>
</Appropriation>
<FUND_OBLG>2021~360510</FUND_OBLG>
</Award>
</rootTag>
