<?xml version="1.0" encoding="UTF-8"?>
<rootTag>
<Award>
<AwardTitle>Creating Equitable Pathways to Careers in Biotechnology</AwardTitle>
<AGENCY>NSF</AGENCY>
<AwardEffectiveDate>07/01/2021</AwardEffectiveDate>
<AwardExpirationDate>06/30/2024</AwardExpirationDate>
<AwardTotalIntnAmount>299999.00</AwardTotalIntnAmount>
<AwardAmount>299999</AwardAmount>
<AwardInstrument>
<Value>Standard Grant</Value>
</AwardInstrument>
<Organization>
<Code>11040100</Code>
<Directorate>
<Abbreviation>EHR</Abbreviation>
<LongName>Direct For Education and Human Resources</LongName>
</Directorate>
<Division>
<Abbreviation>DUE</Abbreviation>
<LongName>Division Of Undergraduate Education</LongName>
</Division>
</Organization>
<ProgramOfficer>
<SignBlockName>Michael Davis</SignBlockName>
<PO_EMAI>mdavis@nsf.gov</PO_EMAI>
<PO_PHON>7032927166</PO_PHON>
</ProgramOfficer>
<AbstractNarration>The Los Angeles/Orange County region supports almost 5,000 life science or biotechnology firms that collectively employ nearly 100,000 people.  Over the next five years, the biotechnology workforce is projected to add more than 4,000 technician jobs each year.  This project aims to address the regional workforce needs for these skilled biotechnicians by creating a biotechnology program that specializes in biomanufacturing.  This program will be designed to quickly prepare students for positions in the biotechnology industry.  By earning stackable credentials, students will be prepared for skilled technical jobs with a living wage in a growing industry that offers substantial employment stability.  The new biotechnology program will include course-based undergraduate research experiences that align classroom experiences with industry expectations.  In addition, the College will support students in the biotechnology program with peer mentoring, enhance classes with biomanufacturing case studies, and develop an internship program.  The internships will take place at the college, making them accessible to more students.  The project is designed to accelerate entry into life science and biotechnology employment and address the ongoing need for skilled STEM graduates in southern California.  By providing the education needed for entry into biotechnology jobs in the Los Angeles area, this project can help mitigate disproportionate impacts of COVID-19 on the largely Hispanic and African American communities served by the College.&lt;br/&gt;&lt;br/&gt;This support will enable Compton College to: (1) launch an equitable and industry-validated biotechnology program, (2) establish an on-site internship program, (3) provide professional development for community college instructors and secondary school educators, and (4) recruit and retain a diverse body of students.  The college will use industry aligned skills standards to revise existing biotechnology courses and develop new ones that meet industry needs.  Annually, 24 students are expected to earn a credential that can qualify them for employment as a Laboratory Assistant.  Students earning this credential may go on to earn a Biomanufacturing Technician Certificate, which will prepare them to work as Biomanufacturing Technicians.  At least 20 College faculty and secondary teachers will receive professional development in the form of externships with regional companies and will use their externship experiences to augment their classroom instruction.  Finally, students will be recruited to participate in a summer Biotech Experience that will give high school and community college students a chance to explore biotechnology as a potential future career.  The revised biotechnology program will be permanently integrated into the college’s academic structure.  Project leaders will regionally disseminate their findings throughout the California Community College System in addition to national conferences.  This project is funded by the Advanced Technological Education program that focuses on the education of technicians for the advanced-technology fields that drive the nation's economy.&lt;br/&gt;&lt;br/&gt;This award reflects NSF's statutory mission and has been deemed worthy of support through evaluation using the Foundation's intellectual merit and broader impacts review criteria.</AbstractNarration>
<MinAmdLetterDate>04/19/2021</MinAmdLetterDate>
<MaxAmdLetterDate>04/19/2021</MaxAmdLetterDate>
<ARRAAmount/>
<TRAN_TYPE>Grant</TRAN_TYPE>
<CFDA_NUM>47.076</CFDA_NUM>
<NSF_PAR_USE_FLAG>1</NSF_PAR_USE_FLAG>
<FUND_AGCY_CODE>4900</FUND_AGCY_CODE>
<AWDG_AGCY_CODE>4900</AWDG_AGCY_CODE>
<AwardID>2100149</AwardID>
<Investigator>
<FirstName>Katherine</FirstName>
<LastName>Marsh</LastName>
<PI_MID_INIT>A</PI_MID_INIT>
<PI_SUFX_NAME/>
<PI_FULL_NAME>Katherine A Marsh</PI_FULL_NAME>
<EmailAddress>kmarsh@compton.edu</EmailAddress>
<PI_PHON>3109001600</PI_PHON>
<NSF_ID>000782959</NSF_ID>
<StartDate>04/19/2021</StartDate>
<EndDate/>
<RoleCode>Principal Investigator</RoleCode>
</Investigator>
<Investigator>
<FirstName>Abiodun</FirstName>
<LastName>Osanyinpeju</LastName>
<PI_MID_INIT/>
<PI_SUFX_NAME/>
<PI_FULL_NAME>Abiodun Osanyinpeju</PI_FULL_NAME>
<EmailAddress>aosanyinpeju@compton.edu</EmailAddress>
<PI_PHON>3109001600</PI_PHON>
<NSF_ID>000837813</NSF_ID>
<StartDate>04/19/2021</StartDate>
<EndDate/>
<RoleCode>Co-Principal Investigator</RoleCode>
</Investigator>
<Institution>
<Name>COMPTON COLLEGE</Name>
<CityName>COMPTON</CityName>
<CountyName/>
<ZipCode>902215314</ZipCode>
<PhoneNumber>3109001600</PhoneNumber>
<StreetAddress>1111 E ARTESIA BLVD</StreetAddress>
<StreetAddress2/>
<CountryName>United States</CountryName>
<StateName>California</StateName>
<StateCode>CA</StateCode>
<CONGRESSDISTRICT>44</CONGRESSDISTRICT>
<CONGRESS_DISTRICT_ORG>CA44</CONGRESS_DISTRICT_ORG>
<ORG_DUNS_NUM>081361262</ORG_DUNS_NUM>
<ORG_LGL_BUS_NAME>COMPTON COLLEGE</ORG_LGL_BUS_NAME>
<ORG_PRNT_DUNS_NUM>072953813</ORG_PRNT_DUNS_NUM>
</Institution>
<Performance_Institution>
<Name><![CDATA[COMPTON COLLEGE]]></Name>
<CityName>Compton</CityName>
<CountyName/>
<StateCode>CA</StateCode>
<ZipCode>902215314</ZipCode>
<StreetAddress><![CDATA[1111 E. Artesia Blvd.]]></StreetAddress>
<CountryCode>US</CountryCode>
<CountryName>United States</CountryName>
<StateName>California</StateName>
<CountryFlag>1</CountryFlag>
<CONGRESSDISTRICT>44</CONGRESSDISTRICT>
<CONGRESS_DISTRICT_PERF>CA44</CONGRESS_DISTRICT_PERF>
</Performance_Institution>
<ProgramElement>
<Code>7412</Code>
<Text>Advanced Tech Education Prog</Text>
</ProgramElement>
<ProgramReference>
<Code>102Z</Code>
<Text>COVID-Disproportionate Impcts Inst-Indiv</Text>
</ProgramReference>
<ProgramReference>
<Code>1032</Code>
<Text>ADVANCED TECHNOLOGY EDUCATION</Text>
</ProgramReference>
<ProgramReference>
<Code>9178</Code>
<Text>UNDERGRADUATE EDUCATION</Text>
</ProgramReference>
<ProgramReference>
<Code>SMET</Code>
<Text>SCIENCE, MATH, ENG &amp; TECH EDUCATION</Text>
</ProgramReference>
<Appropriation>
<Code>0421</Code>
<Name>NSF Education &amp; Human Resource</Name>
<APP_SYMB_ID>040106</APP_SYMB_ID>
</Appropriation>
<FUND_OBLG>2021~299999</FUND_OBLG>
</Award>
</rootTag>
