<?xml version="1.0" encoding="UTF-8"?>
<rootTag>
<Award>
<AwardTitle>Excellence in Research: Biodegradable composite nanofiber meshes that contain degradable metal particulates</AwardTitle>
<AGENCY>NSF</AGENCY>
<AwardEffectiveDate>06/15/2021</AwardEffectiveDate>
<AwardExpirationDate>05/31/2024</AwardExpirationDate>
<AwardTotalIntnAmount>550000.00</AwardTotalIntnAmount>
<AwardAmount>550000</AwardAmount>
<AwardInstrument>
<Value>Standard Grant</Value>
</AwardInstrument>
<Organization>
<Code>03070000</Code>
<Directorate>
<Abbreviation>MPS</Abbreviation>
<LongName>Direct For Mathematical &amp; Physical Scien</LongName>
</Directorate>
<Division>
<Abbreviation>DMR</Abbreviation>
<LongName>Division Of Materials Research</LongName>
</Division>
</Organization>
<ProgramOfficer>
<SignBlockName>Steve Smith</SignBlockName>
<PO_EMAI>sjsmith@nsf.gov</PO_EMAI>
<PO_PHON>7032928158</PO_PHON>
</ProgramOfficer>
<AbstractNarration>Non-technical Summary: &lt;br/&gt;&lt;br/&gt;A significant challenge in the field of biomedical engineering is that many implanted devices stimulate immune reactions that can interfere with tissue healing. Composite biomaterials that mimic the properties of the tissue matrix promote faster healing of damaged tissue and wounds. Recent methods incorporate a relatively unexplored type of material: degradable metal particles in polymer composites. As these metals degrade, they release metal ions and other degradation products that are beneficial for injured tissues. However, both can damage tissues and cells if applied in excess. In this HBCU EIR project, the team will study these biodegradable materials with the goal of developing a family of biomaterials for tissue delivery of beneficial degradation products of metals to promote wound healing. One broader impact of this project is to enhance knowledge of biodegradable metals to address the significant needs for researchers and medical practitioners to repair multiple types of tissue injuries. Another remarkable broader impact of this project includes establishing educational practices that enhance the engagement of undergraduate and graduate students, with a particular focus on including underrepresented and at-risk minorities students in STEM research training in this area. Educational efforts will include graduate research projects, summer research projects for undergraduate students, and K-12 student outreach and training opportunities. &lt;br/&gt;&lt;br/&gt;&lt;br/&gt;Technical Summary:&lt;br/&gt;&lt;br/&gt;The biodegradable metals Mg and Zn in the physiological environment release Mg2+ and Zn2+, which, along with other degradation products, have shown the potential to improve tissue healing. Degradation rates of these metals are highly dependent on the size and surface area exposed. In the case of Mg and Zn, both metals are dependent on the synthesis, post-synthesis and transport/storage conditions, since the metal is prone to oxidize very quickly when exposed to the ambient environment. It is currently a challenge to obtain precise control over these variables. A robust synthesis methodology will be developed to control size and surface properties of the Mg and Zn particles in an inert environment, which will further control degradation and release rates of metal ions. Electrospun nanofiber composites of biocompatible polymers, poly-lactic-glycolic acid (PLGA) and PLGA-chitosan (CH), containing embedded metal particles, will be developed, with the ultimate goal of producing a series of material formulations that will allow fine control over the release rate of metal ions. These composites will be tested in vitro using fibroblast and macrophage co-cultures to identify optimal properties of the composites and metal particles loading. Innovative elements of this proposal are, first, controlling the size of Mg and Zn particles to allow control over amounts; second, embedding these in ECM-mimicking nanofibers of PLGA and PLGA-CH to provide exquisite control over metal particle degradation; and third, testing the composite by exposing it to cells in vitro to reduce fibroblast fibrotic responses and inflammation. The biodegradable metal-embedded nanofiber composite achieved via this project will provide a better understanding of the inherent healing properties of tissue including reducing infection, stimulating recovery from inflammation, and enhancing tissue remodeling. In this project, the broader impact of the proposed work will be enhanced by public education and by creating research opportunities for significant numbers of underrepresented minority students, with training and mentoring focused on real-world biomaterials research in NC A&amp;T’s College of Engineering.&lt;br/&gt;&lt;br/&gt;This award reflects NSF's statutory mission and has been deemed worthy of support through evaluation using the Foundation's intellectual merit and broader impacts review criteria.</AbstractNarration>
<MinAmdLetterDate>06/04/2021</MinAmdLetterDate>
<MaxAmdLetterDate>06/04/2021</MaxAmdLetterDate>
<ARRAAmount/>
<TRAN_TYPE>Grant</TRAN_TYPE>
<CFDA_NUM>47.049</CFDA_NUM>
<NSF_PAR_USE_FLAG>1</NSF_PAR_USE_FLAG>
<FUND_AGCY_CODE>4900</FUND_AGCY_CODE>
<AWDG_AGCY_CODE>4900</AWDG_AGCY_CODE>
<AwardID>2100861</AwardID>
<Investigator>
<FirstName>Narayan</FirstName>
<LastName>Bhattarai</LastName>
<PI_MID_INIT/>
<PI_SUFX_NAME/>
<PI_FULL_NAME>Narayan Bhattarai</PI_FULL_NAME>
<EmailAddress>nbhattar@ncat.edu</EmailAddress>
<PI_PHON>3363347995</PI_PHON>
<NSF_ID>000591519</NSF_ID>
<StartDate>06/04/2021</StartDate>
<EndDate/>
<RoleCode>Principal Investigator</RoleCode>
</Investigator>
<Institution>
<Name>North Carolina Agricultural &amp; Technical State University</Name>
<CityName>Greensboro</CityName>
<ZipCode>274110001</ZipCode>
<PhoneNumber>3363347995</PhoneNumber>
<StreetAddress>1601 E. Market Street</StreetAddress>
<StreetAddress2/>
<CountryName>United States</CountryName>
<StateName>North Carolina</StateName>
<StateCode>NC</StateCode>
<CONGRESSDISTRICT>06</CONGRESSDISTRICT>
<CONGRESS_DISTRICT_ORG>NC06</CONGRESS_DISTRICT_ORG>
<ORG_DUNS_NUM>071576482</ORG_DUNS_NUM>
<ORG_LGL_BUS_NAME>NORTH CAROLINA AGRICULTURAL AND TECHNICAL STATE UNIVERSITY</ORG_LGL_BUS_NAME>
<ORG_PRNT_DUNS_NUM>071576482</ORG_PRNT_DUNS_NUM>
</Institution>
<Performance_Institution>
<Name><![CDATA[NC A&T State University]]></Name>
<CityName>Greensboro</CityName>
<StateCode>NC</StateCode>
<ZipCode>274110001</ZipCode>
<StreetAddress><![CDATA[1601 E Market St]]></StreetAddress>
<CountryCode>US</CountryCode>
<CountryName>United States</CountryName>
<StateName>North Carolina</StateName>
<CountryFlag>1</CountryFlag>
<CONGRESSDISTRICT>06</CONGRESSDISTRICT>
<CONGRESS_DISTRICT_PERF>NC06</CONGRESS_DISTRICT_PERF>
</Performance_Institution>
<ProgramElement>
<Code>070Y</Code>
<Text>HBCU-EiR - HBCU-Excellence in</Text>
</ProgramElement>
<ProgramElement>
<Code>7623</Code>
<Text>BIOMATERIALS PROGRAM</Text>
</ProgramElement>
<ProgramReference>
<Code>7573</Code>
<Text>BIO-RELATED MATERIALS RESEARCH</Text>
</ProgramReference>
<ProgramReference>
<Code>8249</Code>
<Text>Sustainable Materials</Text>
</ProgramReference>
<Appropriation>
<Code>0121</Code>
<Name>NSF RESEARCH &amp; RELATED ACTIVIT</Name>
<APP_SYMB_ID>040100</APP_SYMB_ID>
</Appropriation>
<FUND_OBLG>2021~550000</FUND_OBLG>
</Award>
</rootTag>
