<?xml version="1.0" encoding="UTF-8"?>
<rootTag>
<Award>
<AwardTitle>ADVANCE and Beyond: Understanding Processes of Institutional Change to Promote STEM Equity and Education</AwardTitle>
<AGENCY>NSF</AGENCY>
<AwardEffectiveDate>08/01/2021</AwardEffectiveDate>
<AwardExpirationDate>07/31/2025</AwardExpirationDate>
<AwardTotalIntnAmount>1999994.00</AwardTotalIntnAmount>
<AwardAmount>826166</AwardAmount>
<AwardInstrument>
<Value>Continuing Grant</Value>
</AwardInstrument>
<Organization>
<Code>11060000</Code>
<Directorate>
<Abbreviation>EHR</Abbreviation>
<LongName>Direct For Education and Human Resources</LongName>
</Directorate>
<Division>
<Abbreviation>HRD</Abbreviation>
<LongName>Division Of Human Resource Development</LongName>
</Division>
</Organization>
<ProgramOfficer>
<SignBlockName>Chrystal Smith</SignBlockName>
<PO_EMAI>chrsmith@nsf.gov</PO_EMAI>
<PO_PHON>7032924342</PO_PHON>
</ProgramOfficer>
<AbstractNarration>ADVANCE and Beyond: Understanding Processes of Institutional Change to Promote STEM Equity and Education&lt;br/&gt;&lt;br/&gt;This research has significance in seeking to provide evidence-based support to scholars and practitioners who are working to promote systemic institutional change in STEM higher education. To solve stubborn problems that lead to inequitable outcomes, such as biased faculty tenure and promotion processes, uneven leadership opportunities, and hostile departmental climates, requires more than a single intervention. Because these problems are embedded in complex higher education systems, taking a systemic approach means deploying multiple levers for change and combining these interventions strategically. The research team will study processes of organizational change in order to fill the gap between broadly conceived organizational change theories and practical implementation of processes and interventions in specific institutional change efforts to advance STEM equity and education. Improved understanding of these essential change processes will help to link change theories, goals, and interventions in ways that strengthen the outcomes of such efforts. With robust research findings to guide their work, change leaders can better promote, connect, and sustain the particular change interventions they have designed; engage leaders and stakeholders; and respond to resistance or setbacks.  &lt;br/&gt;&lt;br/&gt;The goals of the study are to characterize important scaffolding processes that support and link a suite of specific change interventions into comprehensive change plans, thereby enhancing their synergistic effects and deepening institutional impact. The research team will analyze projects supported by NSF's ADVANCE Institutional Transformation (IT) program, which have developed portfolios of interventions to address the multi-faceted sources of gender inequity on STEM faculties. Because these projects already draw on a well-established body of interventions that identify “what to do,” they serve as good study sites to learn “how” such change work can best be accomplished. Using documents, interviews, and interactive focus groups that we call Structured Expert Enquiry Dialogues, the study aims to identify, analyze, and explain scaffolding processes as seen in equity-directed change projects. The research team members will then deepen and test their understanding of these processes with experienced change leaders of equity-directed change projects both within and beyond ADVANCE, thereby exploring the transferability of this new knowledge. The research findings will emphasize processes that facilitate institutional transformation toward full and equitable participation of diverse faculty, and the roles of both formal and informal organizational factors that may encourage or inhibit inclusion in the academic workforce.  Communication of the results in conferences and journals will target scholars who can connect new theory about scaffolding processes to studies of other STEM education change projects.  Dissemination through workshops, webinars, and the web-based StratEGIC Toolkit, in partnership with the Science Education Research Center, will target change agents who carry out work on faculty-based institutional change to improve STEM education and broaden participation, whether through projects similar to ADVANCE or those that address student experiences such as ineffective teaching, disengaged learning, and exclusionary environments.&lt;br/&gt;&lt;br/&gt;This project is funded by the EHR Core Research (ECR) program, which supports work that advances fundamental research on STEM learning and learning environments, broadening participation in STEM, and STEM workforce development.&lt;br/&gt;&lt;br/&gt;This award reflects NSF's statutory mission and has been deemed worthy of support through evaluation using the Foundation's intellectual merit and broader impacts review criteria.</AbstractNarration>
<MinAmdLetterDate>07/13/2021</MinAmdLetterDate>
<MaxAmdLetterDate>07/13/2021</MaxAmdLetterDate>
<ARRAAmount/>
<TRAN_TYPE>Grant</TRAN_TYPE>
<CFDA_NUM>47.076</CFDA_NUM>
<NSF_PAR_USE_FLAG>1</NSF_PAR_USE_FLAG>
<FUND_AGCY_CODE>4900</FUND_AGCY_CODE>
<AWDG_AGCY_CODE>4900</AWDG_AGCY_CODE>
<AwardID>2100242</AwardID>
<Investigator>
<FirstName>Sandra</FirstName>
<LastName>Laursen</LastName>
<PI_MID_INIT>L</PI_MID_INIT>
<PI_SUFX_NAME/>
<PI_FULL_NAME>Sandra L Laursen</PI_FULL_NAME>
<EmailAddress>sandra.laursen@colorado.edu</EmailAddress>
<PI_PHON>3037352942</PI_PHON>
<NSF_ID>000287665</NSF_ID>
<StartDate>07/13/2021</StartDate>
<EndDate/>
<RoleCode>Principal Investigator</RoleCode>
</Investigator>
<Investigator>
<FirstName>Ann</FirstName>
<LastName>Austin</LastName>
<PI_MID_INIT>E</PI_MID_INIT>
<PI_SUFX_NAME/>
<PI_FULL_NAME>Ann E Austin</PI_FULL_NAME>
<EmailAddress>aaustin@msu.edu</EmailAddress>
<PI_PHON>5173551855</PI_PHON>
<NSF_ID>000092692</NSF_ID>
<StartDate>07/13/2021</StartDate>
<EndDate/>
<RoleCode>Co-Principal Investigator</RoleCode>
</Investigator>
<Investigator>
<FirstName>Kristine</FirstName>
<LastName>DeWelde</LastName>
<PI_MID_INIT/>
<PI_SUFX_NAME/>
<PI_FULL_NAME>Kristine DeWelde</PI_FULL_NAME>
<EmailAddress>deweldek@cofc.edu</EmailAddress>
<PI_PHON>8439532280</PI_PHON>
<NSF_ID>000506444</NSF_ID>
<StartDate>07/13/2021</StartDate>
<EndDate/>
<RoleCode>Co-Principal Investigator</RoleCode>
</Investigator>
<Institution>
<Name>University of Colorado at Boulder</Name>
<CityName>Boulder</CityName>
<ZipCode>803031058</ZipCode>
<PhoneNumber>3034926221</PhoneNumber>
<StreetAddress>3100 Marine Street, Room 481</StreetAddress>
<StreetAddress2><![CDATA[572 UCB]]></StreetAddress2>
<CountryName>United States</CountryName>
<StateName>Colorado</StateName>
<StateCode>CO</StateCode>
<CONGRESSDISTRICT>02</CONGRESSDISTRICT>
<CONGRESS_DISTRICT_ORG>CO02</CONGRESS_DISTRICT_ORG>
<ORG_DUNS_NUM>007431505</ORG_DUNS_NUM>
<ORG_LGL_BUS_NAME>REGENTS OF THE UNIVERSITY OF COLORADO, THE</ORG_LGL_BUS_NAME>
<ORG_PRNT_DUNS_NUM>007431505</ORG_PRNT_DUNS_NUM>
</Institution>
<Performance_Institution>
<Name><![CDATA[U.Colorado Boulder]]></Name>
<CityName>Boulder</CityName>
<StateCode>CO</StateCode>
<ZipCode>803090580</ZipCode>
<StreetAddress><![CDATA[580 UCB]]></StreetAddress>
<CountryCode>US</CountryCode>
<CountryName>United States</CountryName>
<StateName>Colorado</StateName>
<CountryFlag>1</CountryFlag>
<CONGRESSDISTRICT>02</CONGRESSDISTRICT>
<CONGRESS_DISTRICT_PERF>CO02</CONGRESS_DISTRICT_PERF>
</Performance_Institution>
<ProgramElement>
<Code>7980</Code>
<Text>ECR-EHR Core Research</Text>
</ProgramElement>
<ProgramReference>
<Code>8212</Code>
<Text>Broaden Particip STEM Resrch</Text>
</ProgramReference>
<Appropriation>
<Code>0421</Code>
<Name>NSF Education &amp; Human Resource</Name>
<APP_SYMB_ID>040106</APP_SYMB_ID>
</Appropriation>
<FUND_OBLG>2021~826166</FUND_OBLG>
</Award>
</rootTag>
