<?xml version="1.0" encoding="UTF-8"?>
<rootTag>
<Award>
<AwardTitle>Research Initiation Award: Social Motivation Approach for Rehabilitation Through Educational Robotics (SMARTER) research</AwardTitle>
<AGENCY>NSF</AGENCY>
<AwardEffectiveDate>06/01/2021</AwardEffectiveDate>
<AwardExpirationDate>05/31/2024</AwardExpirationDate>
<AwardTotalIntnAmount>299982.00</AwardTotalIntnAmount>
<AwardAmount>299982</AwardAmount>
<AwardInstrument>
<Value>Standard Grant</Value>
</AwardInstrument>
<Organization>
<Code>11060000</Code>
<Directorate>
<Abbreviation>EHR</Abbreviation>
<LongName>Direct For Education and Human Resources</LongName>
</Directorate>
<Division>
<Abbreviation>HRD</Abbreviation>
<LongName>Division Of Human Resource Development</LongName>
</Division>
</Organization>
<ProgramOfficer>
<SignBlockName>Michelle Claville</SignBlockName>
<PO_EMAI>mclavill@nsf.gov</PO_EMAI>
<PO_PHON>7032927751</PO_PHON>
</ProgramOfficer>
<AbstractNarration>Research Initiation Awards provide support for junior and mid-career faculty at Historically Black Colleges and Universities who are building new research programs or redirecting and rebuilding existing research programs. It is expected that the award helps to further the faculty member's research capability and effectiveness, improves research and teaching at the home institution, and involves undergraduate students in research experiences.  The award to the University of the District of Columbia will support research that seeks to obtain new scientific knowledge on social, cognitive and behavioral relationships in social-educational robotics using social motivation approach for managing learning/cognitive disabilities.  &lt;br/&gt;&lt;br/&gt;The overarching goal of the Social Motivation Approach for Rehabilitation Through Educational Robotics (SMARTER) research is to obtain new scientific knowledge on social, cognitive and behavioral relationships in educational robotics using social motivation approach for managing learning/cognitive disabilities, social interaction difficulties, and developmental disorders (e.g., Autism Spectrum Disorder or ASD) in the middle and high District of Columbia Public Schools (DCPS), and the University of the District of Columbia (UDC) in Washington, DC. Touchless robotic technology has emerged as a critical support system for educational, therapeutic, and emotional needs during the COVID-19 global pandemic. SMARTER research project will advance the theory and practice of social cognition research in educational robotics using social motivation theory and simulation theory of cognition, and the results of the SMARTER research will lead to a better understanding of cognitive rehabilitation amongst DCPS students and UDC undergraduates. Specific research objectives of the SMARTER research project are to: (1) examine social-behavioral relationships and social cognition in ASD individuals through social-educational robotics; (2) investigate robotic anthropomorphism and intentionality targeted at ASD students; and (3) develop curriculum-related interactive scenarios designed for improving cognitive rehabilitation through educational robotics’ interventions targeting ASD students in DCPS and UDC. SMARTER research will utilize mixed methods approach, such as surveys, focus groups, interviews, structured content analysis, and structural equation modeling. The project will focus on synthesizing social cognition and educational robotics’ intervention results targeted at DCPS and undergraduate UDC students in Washington DC. The most significant impact of the SMARTER research is strengthening the research capacity at UDC for undergraduate students and faculty in the interdisciplinary education, social-cognition and robotics fields, and providing research training and opportunities for UDC undergraduate students.&lt;br/&gt;&lt;br/&gt;This award reflects NSF's statutory mission and has been deemed worthy of support through evaluation using the Foundation's intellectual merit and broader impacts review criteria.</AbstractNarration>
<MinAmdLetterDate>04/30/2021</MinAmdLetterDate>
<MaxAmdLetterDate>04/30/2021</MaxAmdLetterDate>
<ARRAAmount/>
<TRAN_TYPE>Grant</TRAN_TYPE>
<CFDA_NUM>47.076</CFDA_NUM>
<NSF_PAR_USE_FLAG>1</NSF_PAR_USE_FLAG>
<FUND_AGCY_CODE>4900</FUND_AGCY_CODE>
<AWDG_AGCY_CODE>4900</AWDG_AGCY_CODE>
<AwardID>2100934</AwardID>
<Investigator>
<FirstName>Anshu</FirstName>
<LastName>Arora</LastName>
<PI_MID_INIT/>
<PI_SUFX_NAME/>
<PI_FULL_NAME>Anshu Arora</PI_FULL_NAME>
<EmailAddress>anshu.arora@udc.edu</EmailAddress>
<PI_PHON>2022747039</PI_PHON>
<NSF_ID>000786584</NSF_ID>
<StartDate>04/30/2021</StartDate>
<EndDate/>
<RoleCode>Principal Investigator</RoleCode>
</Investigator>
<Institution>
<Name>University of the District of Columbia</Name>
<CityName>Washington</CityName>
<CountyName/>
<ZipCode>200081122</ZipCode>
<PhoneNumber>2022746260</PhoneNumber>
<StreetAddress>4200 Connecticut Ave NW</StreetAddress>
<StreetAddress2/>
<CountryName>United States</CountryName>
<StateName>District of Columbia</StateName>
<StateCode>DC</StateCode>
<CONGRESSDISTRICT>00</CONGRESSDISTRICT>
<CONGRESS_DISTRICT_ORG>DC00</CONGRESS_DISTRICT_ORG>
<ORG_DUNS_NUM>038994133</ORG_DUNS_NUM>
<ORG_LGL_BUS_NAME>UNIVERSITY OF THE DISTRICT OF COLUMBIA</ORG_LGL_BUS_NAME>
<ORG_PRNT_DUNS_NUM>137460275</ORG_PRNT_DUNS_NUM>
</Institution>
<Performance_Institution>
<Name><![CDATA[University of the District of Columbia]]></Name>
<CityName>Washington DC</CityName>
<CountyName/>
<StateCode>DC</StateCode>
<ZipCode>200081122</ZipCode>
<StreetAddress><![CDATA[4200 Connecticut Avenue NW]]></StreetAddress>
<CountryCode>US</CountryCode>
<CountryName>United States</CountryName>
<StateName>District of Columbia</StateName>
<CountryFlag>1</CountryFlag>
<CONGRESSDISTRICT>00</CONGRESSDISTRICT>
<CONGRESS_DISTRICT_PERF>DC00</CONGRESS_DISTRICT_PERF>
</Performance_Institution>
<ProgramElement>
<Code>1594</Code>
<Text>Hist Black Colleges and Univ</Text>
</ProgramElement>
<ProgramReference>
<Code>1545</Code>
<Text>RES IN DISABILITIES ED</Text>
</ProgramReference>
<ProgramReference>
<Code>9178</Code>
<Text>UNDERGRADUATE EDUCATION</Text>
</ProgramReference>
<Appropriation>
<Code>0421</Code>
<Name>NSF Education &amp; Human Resource</Name>
<APP_SYMB_ID>040106</APP_SYMB_ID>
</Appropriation>
<FUND_OBLG>2021~299982</FUND_OBLG>
</Award>
</rootTag>
