<?xml version="1.0" encoding="UTF-8"?>
<rootTag>
<Award>
<AwardTitle>Generation of Single Cation Sites Supported on Oxides</AwardTitle>
<AGENCY>NSF</AGENCY>
<AwardEffectiveDate>05/01/2021</AwardEffectiveDate>
<AwardExpirationDate>04/30/2024</AwardExpirationDate>
<AwardTotalIntnAmount>475000.00</AwardTotalIntnAmount>
<AwardAmount>475000</AwardAmount>
<AwardInstrument>
<Value>Standard Grant</Value>
</AwardInstrument>
<Organization>
<Code>03090000</Code>
<Directorate>
<Abbreviation>MPS</Abbreviation>
<LongName>Direct For Mathematical &amp; Physical Scien</LongName>
</Directorate>
<Division>
<Abbreviation>CHE</Abbreviation>
<LongName>Division Of Chemistry</LongName>
</Division>
</Organization>
<ProgramOfficer>
<SignBlockName>Laura Anderson</SignBlockName>
<PO_EMAI>laanders@nsf.gov</PO_EMAI>
<PO_PHON>7032922934</PO_PHON>
</ProgramOfficer>
<AbstractNarration>With the support of the Chemical Catalysis Program in the Division of Chemistry, Dr. Matthew Conley of the University of California – Riverside is studying ways to accelerate chemical reactions using designer heterogeneous catalysts. These new catalysts are engineered to provide more energy-efficient reaction conditions than traditional approaches. Professor Conley and his research team are invested in developing specialized high surface area materials that can react with metal reagents to form surface-supported metal sites with understandable structures and tunable catalytic activity. This flexible system will be employed to investigate a variety of important processes to generate commodity and specialty chemicals that are important to everyday life. Dr. Conley will be involving students from a Moreno Valley high school in this research program to help foster interest in STEM disciplines and encourage interest in STEM career paths. &lt;br/&gt;&lt;br/&gt;Single atom catalysts (SACs) provide a more atom-efficient strategy for heterogeneous catalysis than noble metal nanoparticles where only surface atoms are exposed to reagents. The generation of SACs involves the dispersion of very small quantities of noble metal atoms onto a redox active oxide support. Dr. Conley and his research team are developing a new approach to preparing single cation site catalysts (SCSs) and studying the catalytic reactivity of these new materials towards transformations that are important to both the fine and commodity chemical industries. The team will be using this synthetic technology to access high surface area oxides that support very strong silylium Lewis acids as precursors for the targeted SCSs. The silylium-coated oxides will be treated with metal-halide bonds in organometallic complexes to form single cation sites (SCSs) in well-defined coordination environments. This methodology is being used to install single transition metal cations uniformly dispersed on oxide surfaces doped with weakly coordinating anions and is complementary to known methods that generate SACs. Because this approach to generating SCSs can be paired with a variety of organometallic reagents, the Conley group is investigating a range of catalytic activity supported by these materials including olefin polymerization, hydroamination, and hydrosilylation chemistry, as well as the partial oxidation of methane. These efforts to develop SCSs for heterogeneous catalysis also will serve as a strong training environment for a diverse group of graduate, undergraduate, and high school students.&lt;br/&gt;&lt;br/&gt;This award reflects NSF's statutory mission and has been deemed worthy of support through evaluation using the Foundation's intellectual merit and broader impacts review criteria.</AbstractNarration>
<MinAmdLetterDate>03/25/2021</MinAmdLetterDate>
<MaxAmdLetterDate>05/21/2021</MaxAmdLetterDate>
<ARRAAmount/>
<TRAN_TYPE>Grant</TRAN_TYPE>
<CFDA_NUM>47.049</CFDA_NUM>
<NSF_PAR_USE_FLAG>1</NSF_PAR_USE_FLAG>
<FUND_AGCY_CODE>4900</FUND_AGCY_CODE>
<AWDG_AGCY_CODE>4900</AWDG_AGCY_CODE>
<AwardID>2101582</AwardID>
<Investigator>
<FirstName>Matthew</FirstName>
<LastName>Conley</LastName>
<PI_MID_INIT>P</PI_MID_INIT>
<PI_SUFX_NAME/>
<PI_FULL_NAME>Matthew P Conley</PI_FULL_NAME>
<EmailAddress>matthew.conley@ucr.edu</EmailAddress>
<PI_PHON>9518273764</PI_PHON>
<NSF_ID>000732942</NSF_ID>
<StartDate>03/25/2021</StartDate>
<EndDate/>
<RoleCode>Principal Investigator</RoleCode>
</Investigator>
<Institution>
<Name>University of California-Riverside</Name>
<CityName>RIVERSIDE</CityName>
<ZipCode>925210217</ZipCode>
<PhoneNumber>9518275535</PhoneNumber>
<StreetAddress>Research &amp; Economic Development</StreetAddress>
<StreetAddress2><![CDATA[245 University Office Building]]></StreetAddress2>
<CountryName>United States</CountryName>
<StateName>California</StateName>
<StateCode>CA</StateCode>
<CONGRESSDISTRICT>44</CONGRESSDISTRICT>
<CONGRESS_DISTRICT_ORG>CA44</CONGRESS_DISTRICT_ORG>
<ORG_DUNS_NUM>627797426</ORG_DUNS_NUM>
<ORG_LGL_BUS_NAME>REGENTS OF THE UNIVERSITY OF CALIFORNIA AT RIVERSIDE</ORG_LGL_BUS_NAME>
<ORG_PRNT_DUNS_NUM>071549000</ORG_PRNT_DUNS_NUM>
</Institution>
<Performance_Institution>
<Name><![CDATA[University of California-Riverside]]></Name>
<CityName>Riverside</CityName>
<StateCode>CA</StateCode>
<ZipCode>925210001</ZipCode>
<StreetAddress><![CDATA[900 University Ave.]]></StreetAddress>
<CountryCode>US</CountryCode>
<CountryName>United States</CountryName>
<StateName>California</StateName>
<CountryFlag>1</CountryFlag>
<CONGRESSDISTRICT>41</CONGRESSDISTRICT>
<CONGRESS_DISTRICT_PERF>CA41</CONGRESS_DISTRICT_PERF>
</Performance_Institution>
<ProgramElement>
<Code>6884</Code>
<Text>Chemical Catalysis</Text>
</ProgramElement>
<ProgramReference>
<Code>8037</Code>
<Text>Advanced Manufacturing</Text>
</ProgramReference>
<Appropriation>
<Code>0121</Code>
<Name>NSF RESEARCH &amp; RELATED ACTIVIT</Name>
<APP_SYMB_ID>040100</APP_SYMB_ID>
</Appropriation>
<FUND_OBLG>2021~475000</FUND_OBLG>
</Award>
</rootTag>
