<?xml version="1.0" encoding="UTF-8"?>
<rootTag>
<Award>
<AwardTitle>Higher Codimension Cycles on Shimura Varieties</AwardTitle>
<AGENCY>NSF</AGENCY>
<AwardEffectiveDate>07/15/2021</AwardEffectiveDate>
<AwardExpirationDate>06/30/2024</AwardExpirationDate>
<AwardTotalIntnAmount>313999.00</AwardTotalIntnAmount>
<AwardAmount>313999</AwardAmount>
<AwardInstrument>
<Value>Standard Grant</Value>
</AwardInstrument>
<Organization>
<Code>03040000</Code>
<Directorate>
<Abbreviation>MPS</Abbreviation>
<LongName>Direct For Mathematical &amp; Physical Scien</LongName>
</Directorate>
<Division>
<Abbreviation>DMS</Abbreviation>
<LongName>Division Of Mathematical Sciences</LongName>
</Division>
</Organization>
<ProgramOfficer>
<SignBlockName>Michelle Manes</SignBlockName>
<PO_EMAI>mmanes@nsf.gov</PO_EMAI>
<PO_PHON>7032924870</PO_PHON>
</ProgramOfficer>
<AbstractNarration>The main focus of this project is on the theory of Shimura varieties. These are particular kinds of higher-dimensional surfaces whose rich geometry and arithmetic puts them among the central objects of study in modern mathematics. In addition to their importance in pure mathematics, they play an essential role in the Langlands program, which is of increasing interest in theoretical physics, and are important tools for understanding elliptic curves and abelian varieties, which now play a major role in cryptography.  More broadly, the project concerns the theory of numbers and arithmetic geometry. This is an area of research which has applications to cyber security, through cryptography, and to some aspects of coding theory. Graduate students supported by the award will receive training to contribute towards these projects.&lt;br/&gt;&lt;br/&gt;The primary goal of the Principal Investigator's project is to prove new relations between special cycles and automorphic forms. For example, the Principal Investigator will use recent advances in the theory of Borcherds products and integral models to prove the modularity of generating series formed from special cycles of arbitrary codimension on integral models of orthogonal Shimura varieties. The Principal Investigator will also prove new examples of generalized Gross-Zagier formulas, by expressing the intersection multiplicities of cycles on unitary Shimura varieties in terms of coefficients of integral kernels for automorphic L-functions.&lt;br/&gt;&lt;br/&gt;This award reflects NSF's statutory mission and has been deemed worthy of support through evaluation using the Foundation's intellectual merit and broader impacts review criteria.</AbstractNarration>
<MinAmdLetterDate>07/01/2021</MinAmdLetterDate>
<MaxAmdLetterDate>07/01/2021</MaxAmdLetterDate>
<ARRAAmount/>
<TRAN_TYPE>Grant</TRAN_TYPE>
<CFDA_NUM>47.049</CFDA_NUM>
<NSF_PAR_USE_FLAG>1</NSF_PAR_USE_FLAG>
<FUND_AGCY_CODE>4900</FUND_AGCY_CODE>
<AWDG_AGCY_CODE>4900</AWDG_AGCY_CODE>
<AwardID>2101636</AwardID>
<Investigator>
<FirstName>Benjamin</FirstName>
<LastName>Howard</LastName>
<PI_MID_INIT>V</PI_MID_INIT>
<PI_SUFX_NAME/>
<PI_FULL_NAME>Benjamin V Howard</PI_FULL_NAME>
<EmailAddress>benjamin.howard.1@bc.edu</EmailAddress>
<PI_PHON>6175520692</PI_PHON>
<NSF_ID>000304322</NSF_ID>
<StartDate>07/01/2021</StartDate>
<EndDate/>
<RoleCode>Principal Investigator</RoleCode>
</Investigator>
<Institution>
<Name>Boston College</Name>
<CityName>Chestnut Hill</CityName>
<ZipCode>024673800</ZipCode>
<PhoneNumber>6175528000</PhoneNumber>
<StreetAddress>140 Commonwealth Avenue</StreetAddress>
<StreetAddress2/>
<CountryName>United States</CountryName>
<StateName>Massachusetts</StateName>
<StateCode>MA</StateCode>
<CONGRESSDISTRICT>04</CONGRESSDISTRICT>
<CONGRESS_DISTRICT_ORG>MA04</CONGRESS_DISTRICT_ORG>
<ORG_DUNS_NUM>045896339</ORG_DUNS_NUM>
<ORG_LGL_BUS_NAME>TRUSTEES OF BOSTON COLLEGE</ORG_LGL_BUS_NAME>
<ORG_PRNT_DUNS_NUM>045896339</ORG_PRNT_DUNS_NUM>
</Institution>
<Performance_Institution>
<Name><![CDATA[Boston College]]></Name>
<CityName>Chestnut Hill</CityName>
<StateCode>MA</StateCode>
<ZipCode>024673800</ZipCode>
<StreetAddress><![CDATA[140 Commonwealth Ave]]></StreetAddress>
<CountryCode>US</CountryCode>
<CountryName>United States</CountryName>
<StateName>Massachusetts</StateName>
<CountryFlag>1</CountryFlag>
<CONGRESSDISTRICT>04</CONGRESSDISTRICT>
<CONGRESS_DISTRICT_PERF>MA04</CONGRESS_DISTRICT_PERF>
</Performance_Institution>
<ProgramElement>
<Code>1264</Code>
<Text>ALGEBRA,NUMBER THEORY,AND COM</Text>
</ProgramElement>
<Appropriation>
<Code>0121</Code>
<Name>NSF RESEARCH &amp; RELATED ACTIVIT</Name>
<APP_SYMB_ID>040100</APP_SYMB_ID>
</Appropriation>
<FUND_OBLG>2021~313999</FUND_OBLG>
</Award>
</rootTag>
