<?xml version="1.0" encoding="UTF-8"?>
<rootTag>
<Award>
<AwardTitle>Collaborative Research: Developing and Researching K-12 Teacher Leaders Enacting Anti-bias Mathematics Education</AwardTitle>
<AGENCY>NSF</AGENCY>
<AwardEffectiveDate>08/01/2021</AwardEffectiveDate>
<AwardExpirationDate>07/31/2025</AwardExpirationDate>
<AwardTotalIntnAmount>820320.00</AwardTotalIntnAmount>
<AwardAmount>336668</AwardAmount>
<AwardInstrument>
<Value>Continuing Grant</Value>
</AwardInstrument>
<Organization>
<Code>11090000</Code>
<Directorate>
<Abbreviation>EHR</Abbreviation>
<LongName>Direct For Education and Human Resources</LongName>
</Directorate>
<Division>
<Abbreviation>DRL</Abbreviation>
<LongName>Division Of Research On Learning</LongName>
</Division>
</Organization>
<ProgramOfficer>
<SignBlockName>Michael Steele</SignBlockName>
<PO_EMAI>msteele@nsf.gov</PO_EMAI>
<PO_PHON>7032924313</PO_PHON>
</ProgramOfficer>
<AbstractNarration>There is increased recognition that engaging all students in learning mathematics requires an explicit focus on anti-bias mathematics teaching. Teachers, even with positive intentions, have biases, causing them to treat students differently and impacting how they distribute students’ opportunities to learn in K-12 mathematics classrooms. Research is needed to examine models of mathematics teacher professional development that explicitly addresses bias reduction. The goal of this project is to study the design and development of community-centered, job-embedded professional development for classroom teachers that supports bias reduction. The project team will partner with three school districts serving racially, ethnically, linguistically, and socio-economically diverse communities, for a two-year professional development program. The aim is to reduce bias through: analyzing and designing mathematics teaching with colleagues, students, and families to create classrooms and schools based on community-centered mathematics; engaging in anti-bias teaching routines; and building relationships with parents, caretakers, and community members. The project team will study teacher leader professional development, including the professional development model, framework, and tools, along with what teacher leaders across district contexts and grade-levels take up and use in their instructional practice.  This will potentially have wider implications for supporting more equitable mathematics teaching and leadership. Project activities, resources, and tools will be shared with the broader community of mathematics educators and researchers for use in other contexts. &lt;br/&gt;&lt;br/&gt;The goal of this two-phase, design based research project is to iteratively design and research teacher leaders’ (TLs) participation in community-centered, job-embedded professional development and investigate their subsequent impact on classrooms, schools, and districts. The project builds on the existing Math Studio professional development model to create a Community Centered Math Studio, integrating the Anti-bias Mathematics Education Framework into the work. The project seeks to understand how the professional development model supports the development of teacher leaders' knowledge, dispositions, and practices for teaching and leading anti-bias mathematics education, and how teachers' subsequent classroom practice can cultivate students' mathematical engagement, discourse, and interests. The project will measure aspects of teacher knowledge and classroom practice by integrating existing classroom observation rubrics and STEM interest surveys to assess the impact on teacher classroom practice and student outcomes. The project will engage 12 TLs and approximately 60 additional teachers working with those TLs in two years of professional development using the Community Centered Math Studio Model to support anti-bias mathematics teaching. Data will be collected for all teachers related to their participation in the professional learning, with six teachers being followed for additional data collection and in-depth case studies. The project's outcomes will contribute to theories of how TLs build adaptive expertise for teaching and leading to reduce bias in classrooms, departments, schools, and districts. In addition, the project will contribute new and adapted research instruments on anti-bias teaching and leading. The research outcomes will add to the growing research base that describes the nature of equitable mathematics teaching in K-12 classrooms and increases access to meaningful mathematics for students, teachers, and communities.&lt;br/&gt;&lt;br/&gt;The Discovery Research preK-12 program (DRK-12) seeks to significantly enhance the learning and teaching of science, technology, engineering and mathematics (STEM) by preK-12 students and teachers, through research and development of innovative resources, models and tools. Projects in the DRK-12 program build on fundamental research in STEM education and prior research and development efforts that provide theoretical and empirical justification for proposed projects.&lt;br/&gt;&lt;br/&gt;This award reflects NSF's statutory mission and has been deemed worthy of support through evaluation using the Foundation's intellectual merit and broader impacts review criteria.</AbstractNarration>
<MinAmdLetterDate>03/15/2021</MinAmdLetterDate>
<MaxAmdLetterDate>03/15/2021</MaxAmdLetterDate>
<ARRAAmount/>
<TRAN_TYPE>Grant</TRAN_TYPE>
<CFDA_NUM>47.076</CFDA_NUM>
<NSF_PAR_USE_FLAG>1</NSF_PAR_USE_FLAG>
<FUND_AGCY_CODE>4900</FUND_AGCY_CODE>
<AWDG_AGCY_CODE>4900</AWDG_AGCY_CODE>
<AwardID>2101668</AwardID>
<Investigator>
<FirstName>Ruth</FirstName>
<LastName>Heaton</LastName>
<PI_MID_INIT>M</PI_MID_INIT>
<PI_SUFX_NAME/>
<PI_FULL_NAME>Ruth M Heaton</PI_FULL_NAME>
<EmailAddress>ruth.heaton@teachersdg.org</EmailAddress>
<PI_PHON>4027703154</PI_PHON>
<NSF_ID>000380703</NSF_ID>
<StartDate>03/15/2021</StartDate>
<EndDate/>
<RoleCode>Principal Investigator</RoleCode>
</Investigator>
<Institution>
<Name>Teachers Development Group</Name>
<CityName>West Linn</CityName>
<CountyName>CLACKAMAS</CountyName>
<ZipCode>970684677</ZipCode>
<PhoneNumber>5036501914</PhoneNumber>
<StreetAddress>4835 Willamette Falls Drive</StreetAddress>
<StreetAddress2/>
<CountryName>United States</CountryName>
<StateName>Oregon</StateName>
<StateCode>OR</StateCode>
<CONGRESSDISTRICT>05</CONGRESSDISTRICT>
<CONGRESS_DISTRICT_ORG>OR05</CONGRESS_DISTRICT_ORG>
<ORG_DUNS_NUM>071814060</ORG_DUNS_NUM>
<ORG_LGL_BUS_NAME>TEACHERS DEVELOPMENT GROUP</ORG_LGL_BUS_NAME>
<ORG_PRNT_DUNS_NUM/>
</Institution>
<Performance_Institution>
<Name><![CDATA[Teachers Development Group]]></Name>
<CityName>West Linn</CityName>
<CountyName>CLACKAMAS</CountyName>
<StateCode>OR</StateCode>
<ZipCode>970684677</ZipCode>
<StreetAddress><![CDATA[4835 Willamette Falls Drive]]></StreetAddress>
<CountryCode>US</CountryCode>
<CountryName>United States</CountryName>
<StateName>Oregon</StateName>
<CountryFlag>1</CountryFlag>
<CONGRESSDISTRICT>05</CONGRESSDISTRICT>
<CONGRESS_DISTRICT_PERF>OR05</CONGRESS_DISTRICT_PERF>
</Performance_Institution>
<ProgramElement>
<Code>7645</Code>
<Text>Discovery Research K-12</Text>
</ProgramElement>
<Appropriation>
<Code>0421</Code>
<Name>NSF Education &amp; Human Resource</Name>
<APP_SYMB_ID>040106</APP_SYMB_ID>
</Appropriation>
<FUND_OBLG>2021~336668</FUND_OBLG>
</Award>
</rootTag>
