<?xml version="1.0" encoding="UTF-8"?>
<rootTag>
<Award>
<AwardTitle>Excellence in Research: Ultrasensitive Electromagnetic Field Detectors Based on Quantum Defects in 3C Silicon Carbide and Cubic Boron Nitride</AwardTitle>
<AGENCY>NSF</AGENCY>
<AwardEffectiveDate>07/15/2021</AwardEffectiveDate>
<AwardExpirationDate>06/30/2024</AwardExpirationDate>
<AwardTotalIntnAmount>477700.00</AwardTotalIntnAmount>
<AwardAmount>477700</AwardAmount>
<AwardInstrument>
<Value>Standard Grant</Value>
</AwardInstrument>
<Organization>
<Code>07010000</Code>
<Directorate>
<Abbreviation>ENG</Abbreviation>
<LongName>Directorate For Engineering</LongName>
</Directorate>
<Division>
<Abbreviation>ECCS</Abbreviation>
<LongName>Div Of Electrical, Commun &amp; Cyber Sys</LongName>
</Division>
</Organization>
<ProgramOfficer>
<SignBlockName>Rosa Alejandra Lukaszew</SignBlockName>
<PO_EMAI>rlukasze@nsf.gov</PO_EMAI>
<PO_PHON>7032928103</PO_PHON>
</ProgramOfficer>
<AbstractNarration>Quantum science has attracted extensive attention in the recent years due to its potential in revolutionizing computing, telecommunication, and sensing. Native or intentional defects in wide bandgap semiconductors with spin dependent electronic transitions have demonstrated the ability to produce quantum communication, computing and sensing systems that operate at room temperature. In this project, we will study the potential of using defects in 3C silicon carbide and cubic boron nitride (both wide bandgap materials) for the fabrication of ultrasensitive electromagnetic field detectors.  These ultrasensitive detectors can be used in a multitude of versatile applications including brain signal monitoring, GPS-free navigation, and Quantum Light Detection and Ranging (LIDAR).  Our initial focus will be on electric field detectors.  The literature on quantum sensing of properties 3C-Silicon (the cubic modification of silicon carbide) and cubic boron nitride is sparse or nonexistent. We anticipate that this will significantly contribute to the study of solid-state spins by demonstrating the feasibility of using 3C SiC and cBN in ultrasensitive electric and magnetic field detection. SiC has well-established industrial processes which is expected to enable fast large-scale manufacturing of the proposed devices. Cubic Boron Nitride is an emerging ultra-wide bandgap material, has similar mechanical strength as diamond and can be doped n or p type. This project will also have a major impact in the training of underrepresented minority undergraduate and graduate students at Morgan State University (MSU), K12 students and the public on the concepts and applications of quantum information science. The proposed project will improve the existing research and STEM training infrastructure at MSU significantly by complementing the establishment of a quantum materials research center and a new Ph.D. program in Materials Science with a focus on quantum materials. The findings of the project will be broadly disseminated through publications, conference presentations, and seminars to enhance scientific and technological understanding of ultrasensitive electric and magnetic field detection using defects.&lt;br/&gt;&lt;br/&gt;To accomplish the objectives in the proposed project, photonic crystal (PhC) structures with high quality (Q) factors (&gt;10^3) and small mode volumes will be simulated, designed and fabricated around quantum defects in order to achieve room temperature operation by enhancing PhC cavity resonance coupled defect’s Zero Phonon Line (ZPL) emission. 3C-Silicon carbide material grown on Silicon and purchased from commercial vendors as well as cBN material fabricated on diamond using our in-house growth capability will be used in this project. After growth the defects in wide bandgap materials will be characterized with photoluminescence (PL) and Optically Detected Magnetic Resonance (ODMR). These materials will be fabricated into detectors of our design. The fabricated detectors will be able to detect electric fields in the millivolt m^-1 Hz^-0.5 range and magnetic fields with a sensitivity of nanotesla Hz^-0.5.&lt;br/&gt;&lt;br/&gt;This award reflects NSF's statutory mission and has been deemed worthy of support through evaluation using the Foundation's intellectual merit and broader impacts review criteria.</AbstractNarration>
<MinAmdLetterDate>07/28/2021</MinAmdLetterDate>
<MaxAmdLetterDate>07/28/2021</MaxAmdLetterDate>
<ARRAAmount/>
<TRAN_TYPE>Grant</TRAN_TYPE>
<CFDA_NUM>47.041</CFDA_NUM>
<NSF_PAR_USE_FLAG>1</NSF_PAR_USE_FLAG>
<FUND_AGCY_CODE>4900</FUND_AGCY_CODE>
<AWDG_AGCY_CODE>4900</AWDG_AGCY_CODE>
<AwardID>2101102</AwardID>
<Investigator>
<FirstName>Birol</FirstName>
<LastName>Ozturk</LastName>
<PI_MID_INIT/>
<PI_SUFX_NAME/>
<PI_FULL_NAME>Birol Ozturk</PI_FULL_NAME>
<EmailAddress>birol.ozturk@morgan.edu</EmailAddress>
<PI_PHON>4438855041</PI_PHON>
<NSF_ID>000690049</NSF_ID>
<StartDate>07/28/2021</StartDate>
<EndDate/>
<RoleCode>Principal Investigator</RoleCode>
</Investigator>
<Investigator>
<FirstName>Michael</FirstName>
<LastName>Spencer</LastName>
<PI_MID_INIT/>
<PI_SUFX_NAME/>
<PI_FULL_NAME>Michael Spencer</PI_FULL_NAME>
<EmailAddress>Michael.Spencer@morgan.edu</EmailAddress>
<PI_PHON>4438853231</PI_PHON>
<NSF_ID>000766757</NSF_ID>
<StartDate>07/28/2021</StartDate>
<EndDate/>
<RoleCode>Co-Principal Investigator</RoleCode>
</Investigator>
<Institution>
<Name>Morgan State University</Name>
<CityName>Baltimore</CityName>
<ZipCode>212510002</ZipCode>
<PhoneNumber>4438853200</PhoneNumber>
<StreetAddress>1700 East Cold Spring Lane</StreetAddress>
<StreetAddress2/>
<CountryName>United States</CountryName>
<StateName>Maryland</StateName>
<StateCode>MD</StateCode>
<CONGRESSDISTRICT>07</CONGRESSDISTRICT>
<CONGRESS_DISTRICT_ORG>MD07</CONGRESS_DISTRICT_ORG>
<ORG_DUNS_NUM>879941318</ORG_DUNS_NUM>
<ORG_LGL_BUS_NAME>MORGAN STATE UNIVERSITY</ORG_LGL_BUS_NAME>
<ORG_PRNT_DUNS_NUM>879941318</ORG_PRNT_DUNS_NUM>
</Institution>
<Performance_Institution>
<Name><![CDATA[Morgan State University]]></Name>
<CityName>BALTIMORE</CityName>
<StateCode>MD</StateCode>
<ZipCode>212510002</ZipCode>
<StreetAddress><![CDATA[1700 East cold spring Ln, Phys]]></StreetAddress>
<CountryCode>US</CountryCode>
<CountryName>United States</CountryName>
<StateName>Maryland</StateName>
<CountryFlag>1</CountryFlag>
<CONGRESSDISTRICT>07</CONGRESSDISTRICT>
<CONGRESS_DISTRICT_PERF>MD07</CONGRESS_DISTRICT_PERF>
</Performance_Institution>
<ProgramElement>
<Code>070Y</Code>
<Text>HBCU-EiR - HBCU-Excellence in</Text>
</ProgramElement>
<ProgramReference>
<Code>9150</Code>
<Text>EXP PROG TO STIM COMP RES</Text>
</ProgramReference>
<Appropriation>
<Code>0121</Code>
<Name>NSF RESEARCH &amp; RELATED ACTIVIT</Name>
<APP_SYMB_ID>040100</APP_SYMB_ID>
</Appropriation>
<FUND_OBLG>2021~477700</FUND_OBLG>
</Award>
</rootTag>
