<?xml version="1.0" encoding="UTF-8"?>
<rootTag>
<Award>
<AwardTitle>Rational Curves on Fano Varieties</AwardTitle>
<AGENCY>NSF</AGENCY>
<AwardEffectiveDate>07/15/2021</AwardEffectiveDate>
<AwardExpirationDate>06/30/2024</AwardExpirationDate>
<AwardTotalIntnAmount>203917.00</AwardTotalIntnAmount>
<AwardAmount>203917</AwardAmount>
<AwardInstrument>
<Value>Standard Grant</Value>
</AwardInstrument>
<Organization>
<Code>03040000</Code>
<Directorate>
<Abbreviation>MPS</Abbreviation>
<LongName>Direct For Mathematical &amp; Physical Scien</LongName>
</Directorate>
<Division>
<Abbreviation>DMS</Abbreviation>
<LongName>Division Of Mathematical Sciences</LongName>
</Division>
</Organization>
<ProgramOfficer>
<SignBlockName>James Matthew Douglass</SignBlockName>
<PO_EMAI>mdouglas@nsf.gov</PO_EMAI>
<PO_PHON>7032922467</PO_PHON>
</ProgramOfficer>
<AbstractNarration>Algebraic varieties are common zeros of collections of polynomial equations. Rational curves are the simplest algebraic varieties, and an important approach to study the geometry of algebraic varieties is to study parameter spaces of rational curves contained in them. These parameter spaces are themselves varieties with rich geometry, and their study has broad applications in higher dimensional algebraic geometry, enumerative geometry, arithmetic geometry, and questions inspired by mathematical physics. In this project, several open questions on various aspects of the geometry of spaces of rational curves on algebraic varieties are investigated. The project provides training opportunities for graduate students. &lt;br/&gt;&lt;br/&gt;The focus of the first part of the project is the study of spaces of rational curves (as well as rational surfaces and linear subvarieties) contained in hypersurfaces. Hypersurfaces of low degree in projective space form an important testing ground for the study of rationally connected and Fano varieties as well as several other questions in birational geometry. Despite some progress over the past few years, some of the basic properties of these spaces are still unknown. A major guiding question for the study of rational curves on hypersurfaces is which Fano hypersurfaces are rational or unirational. The second part of the project is on the study of rational curves on varieties from the perspective of Geometric Maninís conjecture which predicts the growth rate of a counting function associated to the irreducible components of moduli spaces of rational curves on a variety. In this part, several questions on the geometry of spaces of rational curves on Fano threefolds in characteristic zero and on del Pezzo surfaces over fields of finite characteristic are investigated.&lt;br/&gt;&lt;br/&gt;This award reflects NSF's statutory mission and has been deemed worthy of support through evaluation using the Foundation's intellectual merit and broader impacts review criteria.</AbstractNarration>
<MinAmdLetterDate>07/12/2021</MinAmdLetterDate>
<MaxAmdLetterDate>07/12/2021</MaxAmdLetterDate>
<ARRAAmount/>
<TRAN_TYPE>Grant</TRAN_TYPE>
<CFDA_NUM>47.049</CFDA_NUM>
<NSF_PAR_USE_FLAG>1</NSF_PAR_USE_FLAG>
<FUND_AGCY_CODE>4900</FUND_AGCY_CODE>
<AWDG_AGCY_CODE>4900</AWDG_AGCY_CODE>
<AwardID>2101935</AwardID>
<Investigator>
<FirstName>Roya</FirstName>
<LastName>Beheshti Zavareh</LastName>
<PI_MID_INIT/>
<PI_SUFX_NAME/>
<PI_FULL_NAME>Roya Beheshti Zavareh</PI_FULL_NAME>
<EmailAddress>beheshti@math.wustl.edu</EmailAddress>
<PI_PHON>3148895100</PI_PHON>
<NSF_ID>000513786</NSF_ID>
<StartDate>07/12/2021</StartDate>
<EndDate/>
<RoleCode>Principal Investigator</RoleCode>
</Investigator>
<Institution>
<Name>Washington University</Name>
<CityName>Saint Louis</CityName>
<ZipCode>631304862</ZipCode>
<PhoneNumber>3147474134</PhoneNumber>
<StreetAddress>CAMPUS BOX 1054</StreetAddress>
<StreetAddress2><![CDATA[1 Brookings Drive]]></StreetAddress2>
<CountryName>United States</CountryName>
<StateName>Missouri</StateName>
<StateCode>MO</StateCode>
<CONGRESSDISTRICT>01</CONGRESSDISTRICT>
<CONGRESS_DISTRICT_ORG>MO01</CONGRESS_DISTRICT_ORG>
<ORG_DUNS_NUM>068552207</ORG_DUNS_NUM>
<ORG_LGL_BUS_NAME>WASHINGTON UNIVERSITY, THE</ORG_LGL_BUS_NAME>
<ORG_PRNT_DUNS_NUM>068552207</ORG_PRNT_DUNS_NUM>
</Institution>
<Performance_Institution>
<Name><![CDATA[Washington University in Saint Louis]]></Name>
<CityName>Saint Louis</CityName>
<StateCode>MO</StateCode>
<ZipCode>631304862</ZipCode>
<StreetAddress><![CDATA[1 Brookings Drive]]></StreetAddress>
<CountryCode>US</CountryCode>
<CountryName>United States</CountryName>
<StateName>Missouri</StateName>
<CountryFlag>1</CountryFlag>
<CONGRESSDISTRICT>01</CONGRESSDISTRICT>
<CONGRESS_DISTRICT_PERF>MO01</CONGRESS_DISTRICT_PERF>
</Performance_Institution>
<ProgramElement>
<Code>1264</Code>
<Text>ALGEBRA,NUMBER THEORY,AND COM</Text>
</ProgramElement>
<Appropriation>
<Code>0121</Code>
<Name>NSF RESEARCH &amp; RELATED ACTIVIT</Name>
<APP_SYMB_ID>040100</APP_SYMB_ID>
</Appropriation>
<FUND_OBLG>2021~203917</FUND_OBLG>
</Award>
</rootTag>
