<?xml version="1.0" encoding="UTF-8"?>
<rootTag>
<Award>
<AwardTitle>I-Corps: An offline surgical telementoring platform that guides the surgeon via an augmented reality headset</AwardTitle>
<AGENCY>NSF</AGENCY>
<AwardEffectiveDate>01/01/2021</AwardEffectiveDate>
<AwardExpirationDate>06/30/2022</AwardExpirationDate>
<AwardTotalIntnAmount>50000.00</AwardTotalIntnAmount>
<AwardAmount>50000</AwardAmount>
<AwardInstrument>
<Value>Standard Grant</Value>
</AwardInstrument>
<Organization>
<Code>07070000</Code>
<Directorate>
<Abbreviation>ENG</Abbreviation>
<LongName>Directorate For Engineering</LongName>
</Directorate>
<Division>
<Abbreviation>IIP</Abbreviation>
<LongName>Div Of Industrial Innovation &amp; Partnersh</LongName>
</Division>
</Organization>
<ProgramOfficer>
<SignBlockName>Ruth Shuman</SignBlockName>
<PO_EMAI>rshuman@nsf.gov</PO_EMAI>
<PO_PHON>7032922160</PO_PHON>
</ProgramOfficer>
<AbstractNarration>The broader impact of this I-Corps project is the development of a software and hardware platform that aims to address the gap in lack of surgical care expertise in rural and austere environments. Usually, most surgeries are delegated to large urban medical centers. When evacuation is not possible and immediate treatment is imperative, surgeons and medics rely on written guides or video teleconferencing seeking for assistance.  Lack of expert surgeons and a stable internet connection make the current mentoring practices ineffective. The platform is lightweight, portable, interactive, and standalone, enabling effective health care in rural areas. The proposed technology also may be helpful in training surgeons in using new tools, techniques, and surgical procedures without expensive and bulky simulators.&lt;br/&gt;&lt;br/&gt;This I-Corps project is based on the development of software applications and hardware for telementoring with augmented reality and artificial intelligence (AI). The proposed infrastructure includes a hardware platform that relies on cameras, see-through displays and depth sensors to increase the quality of collaboration between mentor and trainee. The platform is designed to enhance the mentor and trainee sense of co-presence through an augmented visual channel, which has been shown to lead to measurable improvements in the trainee’s surgical performance. The goal is to develop a technology to complement or substitute the expert mentors when needed.  The platform uses a suite of applications and hardware that includes an AI module that allows telementoring of generalist surgeons to perform surgeries through an augmented reality headset. The AI agent monitors the surgery state and predicts the next instruction, which is conveyed verbally to the mentee. The system is a portable, standalone design that may be used in rural and austere environments, where there is no expert supervision and a lack of a stable internet connection.&lt;br/&gt;&lt;br/&gt;This award reflects NSF's statutory mission and has been deemed worthy of support through evaluation using the Foundation's intellectual merit and broader impacts review criteria.</AbstractNarration>
<MinAmdLetterDate>12/18/2020</MinAmdLetterDate>
<MaxAmdLetterDate>05/21/2021</MaxAmdLetterDate>
<ARRAAmount/>
<TRAN_TYPE>Grant</TRAN_TYPE>
<CFDA_NUM>47.041</CFDA_NUM>
<NSF_PAR_USE_FLAG>1</NSF_PAR_USE_FLAG>
<FUND_AGCY_CODE>4900</FUND_AGCY_CODE>
<AWDG_AGCY_CODE>4900</AWDG_AGCY_CODE>
<AwardID>2101135</AwardID>
<Investigator>
<FirstName>Cagri</FirstName>
<LastName>Savran</LastName>
<PI_MID_INIT/>
<PI_SUFX_NAME/>
<PI_FULL_NAME>Cagri Savran</PI_FULL_NAME>
<EmailAddress>savran@purdue.edu</EmailAddress>
<PI_PHON>7654948601</PI_PHON>
<NSF_ID>000292013</NSF_ID>
<StartDate>05/20/2021</StartDate>
<EndDate/>
<RoleCode>Principal Investigator</RoleCode>
</Investigator>
<Investigator>
<FirstName>Juan</FirstName>
<LastName>Wachs</LastName>
<PI_MID_INIT/>
<PI_SUFX_NAME/>
<PI_FULL_NAME>Juan Wachs</PI_FULL_NAME>
<EmailAddress>jpwachs@purdue.edu</EmailAddress>
<PI_PHON>7654944600</PI_PHON>
<NSF_ID>000557038</NSF_ID>
<StartDate>12/18/2020</StartDate>
<EndDate>05/20/2021</EndDate>
<RoleCode>Former Principal Investigator</RoleCode>
</Investigator>
<Institution>
<Name>Purdue University</Name>
<CityName>West Lafayette</CityName>
<ZipCode>479072114</ZipCode>
<PhoneNumber>7654941055</PhoneNumber>
<StreetAddress>Young Hall</StreetAddress>
<StreetAddress2><![CDATA[155 S Grant Street]]></StreetAddress2>
<CountryName>United States</CountryName>
<StateName>Indiana</StateName>
<StateCode>IN</StateCode>
<CONGRESSDISTRICT>04</CONGRESSDISTRICT>
<CONGRESS_DISTRICT_ORG>IN04</CONGRESS_DISTRICT_ORG>
<ORG_DUNS_NUM>072051394</ORG_DUNS_NUM>
<ORG_LGL_BUS_NAME>PURDUE UNIVERSITY</ORG_LGL_BUS_NAME>
<ORG_PRNT_DUNS_NUM>072051394</ORG_PRNT_DUNS_NUM>
</Institution>
<Performance_Institution>
<Name><![CDATA[Purdue University]]></Name>
<CityName>West Lafayette</CityName>
<StateCode>IN</StateCode>
<ZipCode>479072022</ZipCode>
<StreetAddress><![CDATA[500 Central Drive]]></StreetAddress>
<CountryCode>US</CountryCode>
<CountryName>United States</CountryName>
<StateName>Indiana</StateName>
<CountryFlag>1</CountryFlag>
<CONGRESSDISTRICT>04</CONGRESSDISTRICT>
<CONGRESS_DISTRICT_PERF>IN04</CONGRESS_DISTRICT_PERF>
</Performance_Institution>
<ProgramElement>
<Code>8023</Code>
<Text>I-Corps</Text>
</ProgramElement>
<ProgramReference>
<Code>8018</Code>
<Text>Smart and Connected Health</Text>
</ProgramReference>
<Appropriation>
<Code>0121</Code>
<Name>NSF RESEARCH &amp; RELATED ACTIVIT</Name>
<APP_SYMB_ID>040100</APP_SYMB_ID>
</Appropriation>
<FUND_OBLG>2021~50000</FUND_OBLG>
</Award>
</rootTag>
