<?xml version="1.0" encoding="UTF-8"?>
<rootTag>
<Award>
<AwardTitle>Parahydrogen Matrix Isolation Infrared Spectroscopy and Kinetics</AwardTitle>
<AGENCY>NSF</AGENCY>
<AwardEffectiveDate>06/01/2021</AwardEffectiveDate>
<AwardExpirationDate>05/31/2024</AwardExpirationDate>
<AwardTotalIntnAmount>499999.00</AwardTotalIntnAmount>
<AwardAmount>499999</AwardAmount>
<AwardInstrument>
<Value>Standard Grant</Value>
</AwardInstrument>
<Organization>
<Code>03090000</Code>
<Directorate>
<Abbreviation>MPS</Abbreviation>
<LongName>Direct For Mathematical &amp; Physical Scien</LongName>
</Directorate>
<Division>
<Abbreviation>CHE</Abbreviation>
<LongName>Division Of Chemistry</LongName>
</Division>
</Organization>
<ProgramOfficer>
<SignBlockName>Christopher Elles</SignBlockName>
<PO_EMAI>celles@nsf.gov</PO_EMAI>
<PO_PHON>7032927911</PO_PHON>
</ProgramOfficer>
<AbstractNarration>With support from the Chemical Structure, Dynamics, and Mechanisms-A (CSDM-A) Program in the Division of Chemistry, Professor David T. Anderson and his group at the University of Wyoming are using extremely cold crystals made from molecular hydrogen as a reaction vessel to investigate chemistry at low temperatures. The first thrust of the research project examines the diffusion and reactivity of hydrogen atoms.  At extremely low temperatures (-457°F), hydrogen atoms are better described as matter waves instead of particles, which has a major impact on how they diffuse through the crystal and react chemically with other species.  Chemistry is transformed under these low-temperature conditions into the fully quantum mechanical regime where unexpected chemical behavior can be discovered.  The second thrust of the work involves experimental studies of nuclear spin states in polyatomic molecules that undergo rapid cooling, photochemistry, or chemical reactions. Nuclear spin refers to the internal state of an atom, and sometimes has an orientation.  Certain molecules, like water, come in two different forms, one where the two hydrogen atoms have their nuclear spins aligned in the same direction, and the other with the two hydrogen atom spins aligned in opposite directions.  These different nuclear spin isomers of water have different magnetic properties.  The research team led by Professor Anderson is examining to what extent nuclear spin is conserved during various physical and chemical processes, with the goal of learning how to use nuclear spin to control chemical reactions and to enhance magnetic imaging techniques.  &lt;br/&gt;&lt;br/&gt;This experimental work uses a custom-designed cryogenic apparatus to synthesize cryocrystals of para-hydrogen (a specific nuclear spin isomer of molecular hydrogen) doped with parts per million concentrations of chemical impurities at temperatures in the 1.5 to 5 K range.  Hydrogen atoms are created in situ using a variety of ultraviolet light sources and the ensuing reaction kinetics are measured using high-resolution Fourier-transform infrared spectroscopy.  Professor Anderson and his group utilize a liquid helium cryostat to achieve such low temperatures and have built a dedicated helium recovery system to recycle the spent helium gas to minimize supply costs.  The students working with Professor Anderson gain experience using sophisticated methods in experimental physical chemistry that probe the physical and chemical properties of quantum materials, materials whose properties are dominated by the laws of quantum mechanics. The involvement of students in the research has a significant impact by training future scientists in the techniques of low-temperature chemistry and the quantum-mechanical manipulation of matter.&lt;br/&gt;&lt;br/&gt;This award reflects NSF's statutory mission and has been deemed worthy of support through evaluation using the Foundation's intellectual merit and broader impacts review criteria.</AbstractNarration>
<MinAmdLetterDate>04/29/2021</MinAmdLetterDate>
<MaxAmdLetterDate>04/29/2021</MaxAmdLetterDate>
<ARRAAmount/>
<TRAN_TYPE>Grant</TRAN_TYPE>
<CFDA_NUM>47.049</CFDA_NUM>
<NSF_PAR_USE_FLAG>1</NSF_PAR_USE_FLAG>
<FUND_AGCY_CODE>4900</FUND_AGCY_CODE>
<AWDG_AGCY_CODE>4900</AWDG_AGCY_CODE>
<AwardID>2101719</AwardID>
<Investigator>
<FirstName>David</FirstName>
<LastName>Anderson</LastName>
<PI_MID_INIT>T</PI_MID_INIT>
<PI_SUFX_NAME/>
<PI_FULL_NAME>David T Anderson</PI_FULL_NAME>
<EmailAddress>danderso@uwyo.edu</EmailAddress>
<PI_PHON>3077662775</PI_PHON>
<NSF_ID>000158215</NSF_ID>
<StartDate>04/29/2021</StartDate>
<EndDate/>
<RoleCode>Principal Investigator</RoleCode>
</Investigator>
<Institution>
<Name>University of Wyoming</Name>
<CityName>Laramie</CityName>
<CountyName/>
<ZipCode>820712000</ZipCode>
<PhoneNumber>3077665320</PhoneNumber>
<StreetAddress>1000 E. University Avenue</StreetAddress>
<StreetAddress2><![CDATA[Department 3355]]></StreetAddress2>
<CountryName>United States</CountryName>
<StateName>Wyoming</StateName>
<StateCode>WY</StateCode>
<CONGRESSDISTRICT>00</CONGRESSDISTRICT>
<CONGRESS_DISTRICT_ORG>WY00</CONGRESS_DISTRICT_ORG>
<ORG_DUNS_NUM>069690956</ORG_DUNS_NUM>
<ORG_LGL_BUS_NAME>UNIVERSITY OF WYOMING</ORG_LGL_BUS_NAME>
<ORG_PRNT_DUNS_NUM>069690956</ORG_PRNT_DUNS_NUM>
</Institution>
<Performance_Institution>
<Name><![CDATA[University of Wyoming]]></Name>
<CityName>Laramie</CityName>
<CountyName/>
<StateCode>WY</StateCode>
<ZipCode>820712000</ZipCode>
<StreetAddress><![CDATA[1000 East University Ave]]></StreetAddress>
<CountryCode>US</CountryCode>
<CountryName>United States</CountryName>
<StateName>Wyoming</StateName>
<CountryFlag>1</CountryFlag>
<CONGRESSDISTRICT>00</CONGRESSDISTRICT>
<CONGRESS_DISTRICT_PERF>WY00</CONGRESS_DISTRICT_PERF>
</Performance_Institution>
<ProgramElement>
<Code>9101</Code>
<Text>Chem Struct,Dynmcs&amp;Mechansms A</Text>
</ProgramElement>
<ProgramReference>
<Code>7203</Code>
<Text>QUANTUM INFORMATION SCIENCE</Text>
</ProgramReference>
<ProgramReference>
<Code>9150</Code>
<Text>EXP PROG TO STIM COMP RES</Text>
</ProgramReference>
<Appropriation>
<Code>0121</Code>
<Name>NSF RESEARCH &amp; RELATED ACTIVIT</Name>
<APP_SYMB_ID>040100</APP_SYMB_ID>
</Appropriation>
<FUND_OBLG>2021~499999</FUND_OBLG>
</Award>
</rootTag>
