<?xml version="1.0" encoding="UTF-8"?>
<rootTag>
<Award>
<AwardTitle>Some Algorithmic Questions Related to the Mordell Conjecture</AwardTitle>
<AGENCY>NSF</AGENCY>
<AwardEffectiveDate>07/01/2021</AwardEffectiveDate>
<AwardExpirationDate>06/30/2024</AwardExpirationDate>
<AwardTotalIntnAmount>164909.00</AwardTotalIntnAmount>
<AwardAmount>164909</AwardAmount>
<AwardInstrument>
<Value>Standard Grant</Value>
</AwardInstrument>
<Organization>
<Code>03040000</Code>
<Directorate>
<Abbreviation>MPS</Abbreviation>
<LongName>Direct For Mathematical &amp; Physical Scien</LongName>
</Directorate>
<Division>
<Abbreviation>DMS</Abbreviation>
<LongName>Division Of Mathematical Sciences</LongName>
</Division>
</Organization>
<ProgramOfficer>
<SignBlockName>Michelle Manes</SignBlockName>
<PO_EMAI>mmanes@nsf.gov</PO_EMAI>
<PO_PHON>7032924870</PO_PHON>
</ProgramOfficer>
<AbstractNarration>Number theory is a fundamental branch of mathematics that deals with properties of the integers. Since ancient times, people have been interested in integer solutions to equations, called Diophantine equations; the Pythagorean equation, the Pell equation, and Fermat's Last Theorem are well-known problems of this type. In modern times, research has focused on general techniques for this sort of problem. A breakthrough result, proven by Faltings, shows that certain types of equations have only finitely many integer solutions. However, there is no known algorithm to find these solutions in general; algorithmic approaches to Diophantine equations are an active area of research. Surprisingly, this problem relates to many other areas in math, including algebraic geometry, complex analysis, Galois theory, and more. In order to compute solutions to Diophantine problems, we need to develop methods to perform some calculations in these other fields.  This project involves studying several of these difficult computational problems.&lt;br/&gt;&lt;br/&gt;The goal of this project is to investigate various computational and algorithmic topics related to finiteness theorems in number theory. For example, a theorem of Faltings guarantees a polynomial equation of a certain type can have only finitely many rational solutions. (In geometric language, a curve of genus at least two can have only finitely many rational points.) All known proofs of Faltings's theorem are ineffective: one knows that the solutions are finite in number, but the proof provides no way to tell whether one has found them all. Recent work, including a new proof of Faltings's theorem by the PI and Venkatesh, has opened up promising new avenues toward an algorithmic solution. The PI will study algorithmic and computational questions in algebraic geometry and number theory, motivated by Faltings's theorem and other problems in algebraic and arithmetic geometry. The PI hopes to study algorithmic approaches to the Shafarevich conjecture (determining abelian varieties over a fixed number field, with good reduction away from a fixed finite set of bad primes) and the Riemann-Hilbert correspondence (finding algebraic differential equations with given monodromy representations).  The Riemann-Hilbert correspondence, in turn, should be applicable to the problem of finding branched covers of curves, as well as the problem of studying variations of Hodge structure over a given base. Both these problems relate to Faltings's theorem.&lt;br/&gt;&lt;br/&gt;This award reflects NSF's statutory mission and has been deemed worthy of support through evaluation using the Foundation's intellectual merit and broader impacts review criteria.</AbstractNarration>
<MinAmdLetterDate>06/04/2021</MinAmdLetterDate>
<MaxAmdLetterDate>06/04/2021</MaxAmdLetterDate>
<ARRAAmount/>
<TRAN_TYPE>Grant</TRAN_TYPE>
<CFDA_NUM>47.049</CFDA_NUM>
<NSF_PAR_USE_FLAG>1</NSF_PAR_USE_FLAG>
<FUND_AGCY_CODE>4900</FUND_AGCY_CODE>
<AWDG_AGCY_CODE>4900</AWDG_AGCY_CODE>
<AwardID>2101985</AwardID>
<Investigator>
<FirstName>Brian</FirstName>
<LastName>Lawrence</LastName>
<PI_MID_INIT/>
<PI_SUFX_NAME/>
<PI_FULL_NAME>Brian Lawrence</PI_FULL_NAME>
<EmailAddress>tideofwords@gmail.com</EmailAddress>
<PI_PHON>2024366218</PI_PHON>
<NSF_ID>000732104</NSF_ID>
<StartDate>06/04/2021</StartDate>
<EndDate/>
<RoleCode>Principal Investigator</RoleCode>
</Investigator>
<Institution>
<Name>University of Chicago</Name>
<CityName>Chicago</CityName>
<ZipCode>606372612</ZipCode>
<PhoneNumber>7737028669</PhoneNumber>
<StreetAddress>6054 South Drexel Avenue</StreetAddress>
<StreetAddress2><![CDATA[Suite 300]]></StreetAddress2>
<CountryName>United States</CountryName>
<StateName>Illinois</StateName>
<StateCode>IL</StateCode>
<CONGRESSDISTRICT>01</CONGRESSDISTRICT>
<CONGRESS_DISTRICT_ORG>IL01</CONGRESS_DISTRICT_ORG>
<ORG_DUNS_NUM>005421136</ORG_DUNS_NUM>
<ORG_LGL_BUS_NAME>UNIVERSITY OF CHICAGO, THE</ORG_LGL_BUS_NAME>
<ORG_PRNT_DUNS_NUM>005421136</ORG_PRNT_DUNS_NUM>
</Institution>
<Performance_Institution>
<Name><![CDATA[University of Chicago]]></Name>
<CityName>Chicago</CityName>
<StateCode>IL</StateCode>
<ZipCode>606372612</ZipCode>
<StreetAddress><![CDATA[6054 South Drexel Avenue]]></StreetAddress>
<CountryCode>US</CountryCode>
<CountryName>United States</CountryName>
<StateName>Illinois</StateName>
<CountryFlag>1</CountryFlag>
<CONGRESSDISTRICT>01</CONGRESSDISTRICT>
<CONGRESS_DISTRICT_PERF>IL01</CONGRESS_DISTRICT_PERF>
</Performance_Institution>
<ProgramElement>
<Code>1264</Code>
<Text>ALGEBRA,NUMBER THEORY,AND COM</Text>
</ProgramElement>
<Appropriation>
<Code>0121</Code>
<Name>NSF RESEARCH &amp; RELATED ACTIVIT</Name>
<APP_SYMB_ID>040100</APP_SYMB_ID>
</Appropriation>
<FUND_OBLG>2021~164909</FUND_OBLG>
</Award>
</rootTag>
