<?xml version="1.0" encoding="UTF-8"?>
<rootTag>
<Award>
<AwardTitle>Analytic Number Theory over Function Fields</AwardTitle>
<AGENCY>NSF</AGENCY>
<AwardEffectiveDate>07/01/2021</AwardEffectiveDate>
<AwardExpirationDate>06/30/2024</AwardExpirationDate>
<AwardTotalIntnAmount>235014.00</AwardTotalIntnAmount>
<AwardAmount>77318</AwardAmount>
<AwardInstrument>
<Value>Continuing Grant</Value>
</AwardInstrument>
<Organization>
<Code>03040000</Code>
<Directorate>
<Abbreviation>MPS</Abbreviation>
<LongName>Direct For Mathematical &amp; Physical Scien</LongName>
</Directorate>
<Division>
<Abbreviation>DMS</Abbreviation>
<LongName>Division Of Mathematical Sciences</LongName>
</Division>
</Organization>
<ProgramOfficer>
<SignBlockName>Andrew Pollington</SignBlockName>
<PO_EMAI>adpollin@nsf.gov</PO_EMAI>
<PO_PHON>7032924878</PO_PHON>
</ProgramOfficer>
<AbstractNarration>Number theory is an area of mathematics that centers on the ordinary counting numbers and their behavior when we add and multiply them. While problems in this area are often simple to state, they can be fiendishly difficult to solve. The subfield of function field number theory aims to obtain insight on these problems by considering a kind of model or parallel universe where numbers behave differently. We consider what happens when we add or multiply numbers as normal but, except, instead of carrying digits, we simply drop the excess. Certainly arithmetic is a little easier with this modified rule, but more surprisingly, some of the most important problems in number theory become easier as well, with even some of the most difficult ones becoming solvable. (Technically, we should work in binary, or any prime base, rather than our usual base 10, for this.) Alternately, we can describe this variant arithmetic as the addition or multiplication of polynomial functions in a single variable. In this setting, we can connect number-theoretic questions to geometry, by viewing the graph of the polynomial as a geometric object. In this award  the PI's research uses geometric tools to solve new problems in this area.&lt;br/&gt;&lt;br/&gt;The PI's research has resolved function field analogues of classical problems in number theory, including the twin primes conjecture and Chowla's conjecture (both joint with Shusterman), cases of the Ramanujan conjecture (joint with Templier), and conjectures about moments of L-functions. In this award the PI will continue along these lines, proving additional results about the distribution of prime numbers, L-function moments, and automorphic forms, and work in further directions such as non-abelian Cohen-Lenstra heuristics. These works are all based on etale cohomology theory, where the foundational result, Deligne's Riemann Hypothesis, allows many different analytic problems (problems about proving some inequality) to be reduced to cohomology problems (problems about calculating some of the cohomology groups of a variety or sheaf). The relevant varieties are high-dimensional, and calculating the necessary cohomology groups requires techniques like vanishing cycles theory and the characteristic cycle.&lt;br/&gt;&lt;br/&gt;This award reflects NSF's statutory mission and has been deemed worthy of support through evaluation using the Foundation's intellectual merit and broader impacts review criteria.</AbstractNarration>
<MinAmdLetterDate>02/26/2021</MinAmdLetterDate>
<MaxAmdLetterDate>05/21/2021</MaxAmdLetterDate>
<ARRAAmount/>
<TRAN_TYPE>Grant</TRAN_TYPE>
<CFDA_NUM>47.049</CFDA_NUM>
<NSF_PAR_USE_FLAG>1</NSF_PAR_USE_FLAG>
<FUND_AGCY_CODE>4900</FUND_AGCY_CODE>
<AWDG_AGCY_CODE>4900</AWDG_AGCY_CODE>
<AwardID>2101491</AwardID>
<Investigator>
<FirstName>Will</FirstName>
<LastName>Sawin</LastName>
<PI_MID_INIT/>
<PI_SUFX_NAME/>
<PI_FULL_NAME>Will Sawin</PI_FULL_NAME>
<EmailAddress>sawin@math.columbia.edu</EmailAddress>
<PI_PHON>2033127182</PI_PHON>
<NSF_ID>000832198</NSF_ID>
<StartDate>02/26/2021</StartDate>
<EndDate/>
<RoleCode>Principal Investigator</RoleCode>
</Investigator>
<Institution>
<Name>Columbia University</Name>
<CityName>NEW YORK</CityName>
<ZipCode>100276902</ZipCode>
<PhoneNumber>2128546851</PhoneNumber>
<StreetAddress>2960 Broadway</StreetAddress>
<StreetAddress2/>
<CountryName>United States</CountryName>
<StateName>New York</StateName>
<StateCode>NY</StateCode>
<CONGRESSDISTRICT>10</CONGRESSDISTRICT>
<CONGRESS_DISTRICT_ORG>NY10</CONGRESS_DISTRICT_ORG>
<ORG_DUNS_NUM>049179401</ORG_DUNS_NUM>
<ORG_LGL_BUS_NAME>TRUSTEES OF COLUMBIA UNIVERSITY IN THE CITY OF NEW YORK, THE</ORG_LGL_BUS_NAME>
<ORG_PRNT_DUNS_NUM>049179401</ORG_PRNT_DUNS_NUM>
</Institution>
<Performance_Institution>
<Name><![CDATA[Columbia University]]></Name>
<CityName>New York</CityName>
<StateCode>NY</StateCode>
<ZipCode>100276902</ZipCode>
<StreetAddress><![CDATA[2990 Broadway]]></StreetAddress>
<CountryCode>US</CountryCode>
<CountryName>United States</CountryName>
<StateName>New York</StateName>
<CountryFlag>1</CountryFlag>
<CONGRESSDISTRICT>10</CONGRESSDISTRICT>
<CONGRESS_DISTRICT_PERF>NY10</CONGRESS_DISTRICT_PERF>
</Performance_Institution>
<ProgramElement>
<Code>1264</Code>
<Text>ALGEBRA,NUMBER THEORY,AND COM</Text>
</ProgramElement>
<Appropriation>
<Code>0121</Code>
<Name>NSF RESEARCH &amp; RELATED ACTIVIT</Name>
<APP_SYMB_ID>040100</APP_SYMB_ID>
</Appropriation>
<FUND_OBLG>2021~77318</FUND_OBLG>
</Award>
</rootTag>
