<?xml version="1.0" encoding="UTF-8"?>
<rootTag>
<Award>
<AwardTitle>Asymptotic Hodge Theory, Fibered Motives, and Algebraic Cycles</AwardTitle>
<AGENCY>NSF</AGENCY>
<AwardEffectiveDate>08/15/2021</AwardEffectiveDate>
<AwardExpirationDate>07/31/2024</AwardExpirationDate>
<AwardTotalIntnAmount>164784.00</AwardTotalIntnAmount>
<AwardAmount>164784</AwardAmount>
<AwardInstrument>
<Value>Standard Grant</Value>
</AwardInstrument>
<Organization>
<Code>03040000</Code>
<Directorate>
<Abbreviation>MPS</Abbreviation>
<LongName>Direct For Mathematical &amp; Physical Scien</LongName>
</Directorate>
<Division>
<Abbreviation>DMS</Abbreviation>
<LongName>Division Of Mathematical Sciences</LongName>
</Division>
</Organization>
<ProgramOfficer>
<SignBlockName>Andrew Pollington</SignBlockName>
<PO_EMAI>adpollin@nsf.gov</PO_EMAI>
<PO_PHON>7032924878</PO_PHON>
</ProgramOfficer>
<AbstractNarration>The focus of this project is on polynomial equations and their solution sets, which have been studied specifically and intensively by algebraic geometers. Deep conjectures, including those of Bloch, Beilinson and Hodge, seek to relate the behavior of analytic objects (like integrals and differential equations), which are a priori non-algebraic, to the underlying algebraic structure and topological shape of such solution sets. Even as these conjectures remain intractable in general, solutions in individual cases both continue to bear out their validity and produce new algebraic structures (for example "cycles" and "motives") which facilitate the solutions of problems in apparently remote areas of mathematics and other sciences, for example, at the interface of number theory and physics (such as string theory and quantum field theory). Recent technical innovations, based on considering polynomial equations in families, have begun to provide access to new cases of these conjectures. Their further development and application is the subject of this project, whose results will be disseminated through conferences, summer schools, journal articles and websites. The project consultants brought to Washington University by the grant will contribute to its research atmosphere, and specialized problems embedded in the project will provide training for the PI's graduate students.&lt;br/&gt;&lt;br/&gt;Hodge-theoretic invariants such as period and regulator maps provide the basic interface between the algebraic and transcendental worlds in modern geometry. The goal of this project is to better understand the asymptotic properties of these invariants, and apply the results to closely intertwined problems of current interest in arithmetic geometry, physics, and algebraic geometry. Specifically, the PI plans to: (I) exhibit the Apery constants of Fano varieties as limits of higher normal functions (hence periods), and construct motives related to motivic Gamma functions to verify specific instances of conjectures of Beilinson and Green-Griffiths-Kerr; (II) compute the Feynman amplitudes associated to a family of two-loop graphs, and relate the spectra of quantum curves to zeroes and limits of normal functions (thereby confirming two consequences of a conjecture of Marino); and (III) use the mixed Hodge theory of miniversal deformations of singularities to interpret fibrations of geometric boundary components in moduli, and use Lie-theoretic methods to study local and global aspects of Hodge-theoretic compactifications of period maps.&lt;br/&gt;&lt;br/&gt;This award reflects NSF's statutory mission and has been deemed worthy of support through evaluation using the Foundation's intellectual merit and broader impacts review criteria.</AbstractNarration>
<MinAmdLetterDate>08/06/2021</MinAmdLetterDate>
<MaxAmdLetterDate>08/06/2021</MaxAmdLetterDate>
<ARRAAmount/>
<TRAN_TYPE>Grant</TRAN_TYPE>
<CFDA_NUM>47.049</CFDA_NUM>
<NSF_PAR_USE_FLAG>1</NSF_PAR_USE_FLAG>
<FUND_AGCY_CODE>4900</FUND_AGCY_CODE>
<AWDG_AGCY_CODE>4900</AWDG_AGCY_CODE>
<AwardID>2101482</AwardID>
<Investigator>
<FirstName>Matthew</FirstName>
<LastName>Kerr</LastName>
<PI_MID_INIT>D</PI_MID_INIT>
<PI_SUFX_NAME/>
<PI_FULL_NAME>Matthew D Kerr</PI_FULL_NAME>
<EmailAddress>matkerr@math.wustl.edu</EmailAddress>
<PI_PHON>3149356746</PI_PHON>
<NSF_ID>000574910</NSF_ID>
<StartDate>08/06/2021</StartDate>
<EndDate/>
<RoleCode>Principal Investigator</RoleCode>
</Investigator>
<Institution>
<Name>Washington University</Name>
<CityName>Saint Louis</CityName>
<ZipCode>631304862</ZipCode>
<PhoneNumber>3147474134</PhoneNumber>
<StreetAddress>CAMPUS BOX 1054</StreetAddress>
<StreetAddress2><![CDATA[1 Brookings Drive]]></StreetAddress2>
<CountryName>United States</CountryName>
<StateName>Missouri</StateName>
<StateCode>MO</StateCode>
<CONGRESSDISTRICT>01</CONGRESSDISTRICT>
<CONGRESS_DISTRICT_ORG>MO01</CONGRESS_DISTRICT_ORG>
<ORG_DUNS_NUM>068552207</ORG_DUNS_NUM>
<ORG_LGL_BUS_NAME>WASHINGTON UNIVERSITY, THE</ORG_LGL_BUS_NAME>
<ORG_PRNT_DUNS_NUM>068552207</ORG_PRNT_DUNS_NUM>
</Institution>
<Performance_Institution>
<Name><![CDATA[Washington University]]></Name>
<CityName>St. Louis</CityName>
<StateCode>MO</StateCode>
<ZipCode>631304899</ZipCode>
<StreetAddress><![CDATA[CAMPUS BOX 1146]]></StreetAddress>
<CountryCode>US</CountryCode>
<CountryName>United States</CountryName>
<StateName>Missouri</StateName>
<CountryFlag>1</CountryFlag>
<CONGRESSDISTRICT>01</CONGRESSDISTRICT>
<CONGRESS_DISTRICT_PERF>MO01</CONGRESS_DISTRICT_PERF>
</Performance_Institution>
<ProgramElement>
<Code>1264</Code>
<Text>ALGEBRA,NUMBER THEORY,AND COM</Text>
</ProgramElement>
<Appropriation>
<Code>0121</Code>
<Name>NSF RESEARCH &amp; RELATED ACTIVIT</Name>
<APP_SYMB_ID>040100</APP_SYMB_ID>
</Appropriation>
<FUND_OBLG>2021~164784</FUND_OBLG>
</Award>
</rootTag>
