<?xml version="1.0" encoding="UTF-8"?>
<rootTag>
<Award>
<AwardTitle>Excellence in Research: The evolutionary origins of sex chromosomes in docks and sorrels (Rumex)</AwardTitle>
<AGENCY>NSF</AGENCY>
<AwardEffectiveDate>08/01/2021</AwardEffectiveDate>
<AwardExpirationDate>07/31/2023</AwardExpirationDate>
<AwardTotalIntnAmount>378678.00</AwardTotalIntnAmount>
<AwardAmount>378678</AwardAmount>
<AwardInstrument>
<Value>Standard Grant</Value>
</AwardInstrument>
<Organization>
<Code>08010000</Code>
<Directorate>
<Abbreviation>BIO</Abbreviation>
<LongName>Direct For Biological Sciences</LongName>
</Directorate>
<Division>
<Abbreviation>DEB</Abbreviation>
<LongName>Division Of Environmental Biology</LongName>
</Division>
</Organization>
<ProgramOfficer>
<SignBlockName>Katharina Dittmar</SignBlockName>
<PO_EMAI>kdittmar@nsf.gov</PO_EMAI>
<PO_PHON>7032927799</PO_PHON>
</ProgramOfficer>
<AbstractNarration>Many plants have both male and female function, but certain groups provide a dynamic system in which to study the evolution of separate male and female individuals and its control at the chromosomal level. Docks and sorrels provide a particularly powerful system for studying the evolutionary development of these phenomena because two distinct sex chromosome systems are present in this plant group. Additionally, preliminary evidence suggests that some of these plants may have an unusual evolutionary reversal from sex chromosome-determined unisexuality to a loss of sex chromosomes and sex separation. Confirmation of this pattern by this project would change the way researchers think about the evolution and formation of these chromosomal arrangements in plants. Undergraduates from Howard University will participate in this research, collaborating with a scientist at the National Museum of Natural History, and researchers will participate in a variety of outreach activities to educate the general public and Howard University students about the evolution and diversity of plant sex determination and the project’s findings.&lt;br/&gt;&lt;br/&gt;Heteromorphic sex chromosomes are rare in plants. Yet, despite this rarity, plants provide a compelling system in which to study the development of sex determination and its control at the chromosomal level because in plants, unlike in vertebrate animals, these evolutionary processes are often relatively recent. Among plant groups, Rumex in particular provides a unique system for investigating the evolutionary development of these phenomena because two separate sex chromosome systems are present in the genus. For this project, the researchers will use next-generation sequencing techniques to construct a high-quality de novo nuclear genome for one species with a heteromorphic chromosome system, Rumex acetosa, and lower coverage genome assemblies for 25 other Rumex species, representing diversity in reproductive system. With the data generated from this project, the researchers will be able to unravel the evolutionary origins of complex reproductive systems and reconstruct sex chromosome structure in the genus. In addition, they will be able to identify structural variants that have occurred within the evolution of the chromosomes over time. This award was co-funded by the Historically Black Colleges and Universities - Excellence in Research Program and the Systematics and Biodiversity Science cluster in the Division of Environmental Biology.&lt;br/&gt;&lt;br/&gt;This award reflects NSF's statutory mission and has been deemed worthy of support through evaluation using the Foundation's intellectual merit and broader impacts review criteria.</AbstractNarration>
<MinAmdLetterDate>04/27/2021</MinAmdLetterDate>
<MaxAmdLetterDate>04/27/2021</MaxAmdLetterDate>
<ARRAAmount/>
<TRAN_TYPE>Grant</TRAN_TYPE>
<CFDA_NUM>47.074</CFDA_NUM>
<NSF_PAR_USE_FLAG>1</NSF_PAR_USE_FLAG>
<FUND_AGCY_CODE>4900</FUND_AGCY_CODE>
<AWDG_AGCY_CODE>4900</AWDG_AGCY_CODE>
<AwardID>2101101</AwardID>
<Investigator>
<FirstName>Janelle</FirstName>
<LastName>Burke</LastName>
<PI_MID_INIT>M</PI_MID_INIT>
<PI_SUFX_NAME/>
<PI_FULL_NAME>Janelle M Burke</PI_FULL_NAME>
<EmailAddress>janelle.burke@howard.edu</EmailAddress>
<PI_PHON>6072626713</PI_PHON>
<NSF_ID>000081149</NSF_ID>
<StartDate>04/27/2021</StartDate>
<EndDate/>
<RoleCode>Principal Investigator</RoleCode>
</Investigator>
<Investigator>
<FirstName>Logan</FirstName>
<LastName>Kistler</LastName>
<PI_MID_INIT/>
<PI_SUFX_NAME/>
<PI_FULL_NAME>Logan Kistler</PI_FULL_NAME>
<EmailAddress>kistlerl@si.edu</EmailAddress>
<PI_PHON>2026337110</PI_PHON>
<NSF_ID>000768715</NSF_ID>
<StartDate>04/27/2021</StartDate>
<EndDate/>
<RoleCode>Co-Principal Investigator</RoleCode>
</Investigator>
<Institution>
<Name>Howard University</Name>
<CityName>Washington</CityName>
<ZipCode>200599000</ZipCode>
<PhoneNumber>2028064759</PhoneNumber>
<StreetAddress>2400 Sixth Street N W</StreetAddress>
<StreetAddress2/>
<CountryName>United States</CountryName>
<StateName>District of Columbia</StateName>
<StateCode>DC</StateCode>
<CONGRESSDISTRICT>00</CONGRESSDISTRICT>
<CONGRESS_DISTRICT_ORG>DC00</CONGRESS_DISTRICT_ORG>
<ORG_DUNS_NUM>056282296</ORG_DUNS_NUM>
<ORG_LGL_BUS_NAME>HOWARD UNIVERSITY (INC)</ORG_LGL_BUS_NAME>
<ORG_PRNT_DUNS_NUM>056282296</ORG_PRNT_DUNS_NUM>
</Institution>
<Performance_Institution>
<Name><![CDATA[Howard University]]></Name>
<CityName/>
<StateCode>DC</StateCode>
<ZipCode>200591000</ZipCode>
<StreetAddress/>
<CountryCode>US</CountryCode>
<CountryName>United States</CountryName>
<StateName>District of Columbia</StateName>
<CountryFlag>1</CountryFlag>
<CONGRESSDISTRICT>00</CONGRESSDISTRICT>
<CONGRESS_DISTRICT_PERF>DC00</CONGRESS_DISTRICT_PERF>
</Performance_Institution>
<ProgramElement>
<Code>070Y</Code>
<Text>HBCU-EiR - HBCU-Excellence in</Text>
</ProgramElement>
<ProgramElement>
<Code>7374</Code>
<Text>Systematics &amp; Biodiversity Sci</Text>
</ProgramElement>
<Appropriation>
<Code>0121</Code>
<Name>NSF RESEARCH &amp; RELATED ACTIVIT</Name>
<APP_SYMB_ID>040100</APP_SYMB_ID>
</Appropriation>
<FUND_OBLG>2021~378678</FUND_OBLG>
</Award>
</rootTag>
