<?xml version="1.0" encoding="UTF-8"?>
<rootTag>
<Award>
<AwardTitle>Mesophase Engineering through Coarse-to-fine Grained Modeling</AwardTitle>
<AGENCY>NSF</AGENCY>
<AwardEffectiveDate>06/15/2021</AwardEffectiveDate>
<AwardExpirationDate>05/31/2024</AwardExpirationDate>
<AwardTotalIntnAmount>329815.00</AwardTotalIntnAmount>
<AwardAmount>329815</AwardAmount>
<AwardInstrument>
<Value>Standard Grant</Value>
</AwardInstrument>
<Organization>
<Code>03090000</Code>
<Directorate>
<Abbreviation>MPS</Abbreviation>
<LongName>Direct For Mathematical &amp; Physical Scien</LongName>
</Directorate>
<Division>
<Abbreviation>CHE</Abbreviation>
<LongName>Division Of Chemistry</LongName>
</Division>
</Organization>
<ProgramOfficer>
<SignBlockName>Michel Dupuis</SignBlockName>
<PO_EMAI>mdupuis@nsf.gov</PO_EMAI>
<PO_PHON>7032922919</PO_PHON>
</ProgramOfficer>
<AbstractNarration>With support from the Chemical Theory, Models and Computational Methods program in the Division of Chemistry, Fernando Escobedo of Cornell University aims to create computational tools to engineer organic materials that organize into intricate structures at molecular scales. Simple physical models are very efficient in charting the generic properties and molecular organization of soft materials, but they lack the detail necessary to assign specific chemistries to the molecules, and to guide the materials synthesis to realize the sought-after properties. Escobedo will develop methods to allow the predictions of widely used physical models to be realizable by adding the missing chemical details. Escobedo will combine advanced molecular simulation methods and machine learning strategies to systematically identify chemistries most likely to fulfill the simple-model predictions of materials that form complex structures of interest. While the methods developed are expected to be applicable to many classes of organic materials, Escobedo will demonstrate their use with benchmark examples involving large multi-functional molecules capable of self-assembling into three-dimensional networks. Accordingly, results from this work could impact the advanced materials industry by guiding researchers to formulate stable composites for separation membranes and photovoltaics, and porous networks for catalysts and adsorbents. The project will enable the training of doctoral and undergraduate students in computational materials research. For outreach and education, the PI will coordinate a new workshop series organized at Cornell to celebrate the student accomplishments in research and in inclusivity.&lt;br/&gt;&lt;br/&gt;In this project, Dr. Escobedo is developing and applying molecular simulation strategies to identify polyphilic oligomers and functionalized nanoparticles capable of forming complex phases with partial structural order, called mesophases. In particular, starting from a computationally efficient but chemistry-agnostic (CA), coarse-grained (CG) model that forms a target mesophase, Escobedo will develop a scheme able to find chemistry-specific (CS) models which are fine-grained (FG) or atomistically-detailed that preserve the mesophase-formation ability. This approach will be applied to two distinct classes of CG models that have shown significant promise in generating complex mesophases: (I) Non-linear polyphilic oligomers whose distinct chemical blocks bring about nano-phase segregation, and (II) binary blends of nanoparticles exhibiting non-additive mixing behavior. In both cases, multiple complex 3D network phases have already been predicted and many others are potentially accessible. The mapping a given CA CG model into a CS FG model exhibiting the same sought-after mesophase behavior will entail the iterative use of a machine learning model to search through a predefined chemical space. Importantly, instead of directly searching for a CS FG model that maps into a target CA CG phase, Escobedo will use a selection “filter” at the fast, computationally efficient CG level. Specifically, the candidate chemistries will be first mapped into simple CS CG models to readily identify those able to form the target phase; these will then be mapped onto candidate CS FG models for further validation.&lt;br/&gt;&lt;br/&gt;This award reflects NSF's statutory mission and has been deemed worthy of support through evaluation using the Foundation's intellectual merit and broader impacts review criteria.</AbstractNarration>
<MinAmdLetterDate>06/07/2021</MinAmdLetterDate>
<MaxAmdLetterDate>06/07/2021</MaxAmdLetterDate>
<ARRAAmount/>
<TRAN_TYPE>Grant</TRAN_TYPE>
<CFDA_NUM>47.049</CFDA_NUM>
<NSF_PAR_USE_FLAG>1</NSF_PAR_USE_FLAG>
<FUND_AGCY_CODE>4900</FUND_AGCY_CODE>
<AWDG_AGCY_CODE>4900</AWDG_AGCY_CODE>
<AwardID>2101829</AwardID>
<Investigator>
<FirstName>Fernando</FirstName>
<LastName>Escobedo</LastName>
<PI_MID_INIT>A</PI_MID_INIT>
<PI_SUFX_NAME/>
<PI_FULL_NAME>Fernando A Escobedo</PI_FULL_NAME>
<EmailAddress>fe13@cornell.edu</EmailAddress>
<PI_PHON>6072558243</PI_PHON>
<NSF_ID>000405638</NSF_ID>
<StartDate>06/07/2021</StartDate>
<EndDate/>
<RoleCode>Principal Investigator</RoleCode>
</Investigator>
<Institution>
<Name>Cornell University</Name>
<CityName>Ithaca</CityName>
<ZipCode>148502820</ZipCode>
<PhoneNumber>6072555014</PhoneNumber>
<StreetAddress>373 Pine Tree Road</StreetAddress>
<StreetAddress2/>
<CountryName>United States</CountryName>
<StateName>New York</StateName>
<StateCode>NY</StateCode>
<CONGRESSDISTRICT>23</CONGRESSDISTRICT>
<CONGRESS_DISTRICT_ORG>NY23</CONGRESS_DISTRICT_ORG>
<ORG_DUNS_NUM>872612445</ORG_DUNS_NUM>
<ORG_LGL_BUS_NAME>CORNELL UNIVERSITY</ORG_LGL_BUS_NAME>
<ORG_PRNT_DUNS_NUM>002254837</ORG_PRNT_DUNS_NUM>
</Institution>
<Performance_Institution>
<Name><![CDATA[Cornell University]]></Name>
<CityName>ITHACA</CityName>
<StateCode>NY</StateCode>
<ZipCode>148535201</ZipCode>
<StreetAddress><![CDATA[120  OLIN HALL, SCHOOL OF CHEMIC]]></StreetAddress>
<CountryCode>US</CountryCode>
<CountryName>United States</CountryName>
<StateName>New York</StateName>
<CountryFlag>1</CountryFlag>
<CONGRESSDISTRICT>23</CONGRESSDISTRICT>
<CONGRESS_DISTRICT_PERF>NY23</CONGRESS_DISTRICT_PERF>
</Performance_Institution>
<ProgramElement>
<Code>6881</Code>
<Text>Chem Thry, Mdls &amp; Cmptnl Mthds</Text>
</ProgramElement>
<ProgramReference>
<Code>8084</Code>
<Text>CDS&amp;E</Text>
</ProgramReference>
<ProgramReference>
<Code>9216</Code>
<Text>ADVANCED SOFTWARE TECH &amp; ALGOR</Text>
</ProgramReference>
<ProgramReference>
<Code>9263</Code>
<Text>COMPUTATIONAL SCIENCE &amp; ENGING</Text>
</ProgramReference>
<Appropriation>
<Code>0121</Code>
<Name>NSF RESEARCH &amp; RELATED ACTIVIT</Name>
<APP_SYMB_ID>040100</APP_SYMB_ID>
</Appropriation>
<FUND_OBLG>2021~329815</FUND_OBLG>
</Award>
</rootTag>
