<?xml version="1.0" encoding="UTF-8"?>
<rootTag>
<Award>
<AwardTitle>Analyzing algebraic varieties from the point of view of motivic homotopy theory</AwardTitle>
<AGENCY>NSF</AGENCY>
<AwardEffectiveDate>05/01/2021</AwardEffectiveDate>
<AwardExpirationDate>04/30/2024</AwardExpirationDate>
<AwardTotalIntnAmount>195000.00</AwardTotalIntnAmount>
<AwardAmount>195000</AwardAmount>
<AwardInstrument>
<Value>Standard Grant</Value>
</AwardInstrument>
<Organization>
<Code>03040000</Code>
<Directorate>
<Abbreviation>MPS</Abbreviation>
<LongName>Direct For Mathematical &amp; Physical Scien</LongName>
</Directorate>
<Division>
<Abbreviation>DMS</Abbreviation>
<LongName>Division Of Mathematical Sciences</LongName>
</Division>
</Organization>
<ProgramOfficer>
<SignBlockName>James Matthew Douglass</SignBlockName>
<PO_EMAI>mdouglas@nsf.gov</PO_EMAI>
<PO_PHON>7032922467</PO_PHON>
</ProgramOfficer>
<AbstractNarration>Algebraic geometry, one of the oldest branches of mathematics, is at its core concerned with the study of systems of polynomial equations in many variables.  The solutions to such systems give rise to algebraic varieties, which are fundamental objects of study in algebraic geometry.  Algebraic topology is the study of systematically attaching algebraic invariants (e.g., numbers or abstract algebraic structures) to spaces; these invariants should not depend on the way a space is pulled or twisted without tearing it.  When algebraic varieties have a spatial structure, it is natural to try to analyze them using the tools of algebraic topology.  However, when algebraic varieties do not have an obvious spatial structure, e.g., if they arise in arithmetic settings, then a new approach is required.  The focus of this project is to analyze algebraic invariants of algebraic varieties using the framework of the Morel-Voevodsky A^1-homotopy theory.  This theory allows one to apply the full power of techniques of algebraic topology to objects of interest in algebraic geometry – one may treat spaces having complicated arithmetic structure, but a priori limited geometric structure, in essentially the same way as more classical spaces.  The current project seeks to analyze certain classical algebraic and arithmetic questions using these new techniques and to provide a better understanding of specific systems of algebraic equations, which is fundamental to many areas of mathematics. &lt;br/&gt; &lt;br/&gt;More specifically, the PI will study problems in linear algebra over commutative unital rings, for example, the theory of projective modules and decompositions of matrices.  These structures lie in the domain of algebraic K-theory and are related to topological and arithmetic questions by means of Morel-Voeovdsky A^1-homotopy theory.  Among others, the PI will investigate the following concrete (and classical) question: given a complex algebraic variety, which topological vector bundles admit algebraic structures?  By their very nature, such problems draw together several branches of mathematics and thus illustrate the fundamental unity of the subject.&lt;br/&gt;&lt;br/&gt;This award reflects NSF's statutory mission and has been deemed worthy of support through evaluation using the Foundation's intellectual merit and broader impacts review criteria.</AbstractNarration>
<MinAmdLetterDate>04/07/2021</MinAmdLetterDate>
<MaxAmdLetterDate>05/21/2021</MaxAmdLetterDate>
<ARRAAmount/>
<TRAN_TYPE>Grant</TRAN_TYPE>
<CFDA_NUM>47.049</CFDA_NUM>
<NSF_PAR_USE_FLAG>1</NSF_PAR_USE_FLAG>
<FUND_AGCY_CODE>4900</FUND_AGCY_CODE>
<AWDG_AGCY_CODE>4900</AWDG_AGCY_CODE>
<AwardID>2101898</AwardID>
<Investigator>
<FirstName>Aravind</FirstName>
<LastName>Asok</LastName>
<PI_MID_INIT/>
<PI_SUFX_NAME/>
<PI_FULL_NAME>Aravind Asok</PI_FULL_NAME>
<EmailAddress>asok@usc.edu</EmailAddress>
<PI_PHON>2137402422</PI_PHON>
<NSF_ID>000530357</NSF_ID>
<StartDate>04/07/2021</StartDate>
<EndDate/>
<RoleCode>Principal Investigator</RoleCode>
</Investigator>
<Institution>
<Name>University of Southern California</Name>
<CityName>Los Angeles</CityName>
<ZipCode>900890001</ZipCode>
<PhoneNumber>2137407762</PhoneNumber>
<StreetAddress>University Park</StreetAddress>
<StreetAddress2><![CDATA[3720 S. Flower St.]]></StreetAddress2>
<CountryName>United States</CountryName>
<StateName>California</StateName>
<StateCode>CA</StateCode>
<CONGRESSDISTRICT>37</CONGRESSDISTRICT>
<CONGRESS_DISTRICT_ORG>CA37</CONGRESS_DISTRICT_ORG>
<ORG_DUNS_NUM>072933393</ORG_DUNS_NUM>
<ORG_LGL_BUS_NAME>UNIVERSITY OF SOUTHERN CALIFORNIA</ORG_LGL_BUS_NAME>
<ORG_PRNT_DUNS_NUM>072933393</ORG_PRNT_DUNS_NUM>
</Institution>
<Performance_Institution>
<Name><![CDATA[University of Southern California]]></Name>
<CityName>Los Angeles</CityName>
<StateCode>CA</StateCode>
<ZipCode>900892532</ZipCode>
<StreetAddress><![CDATA[HC3620 S. Vermont Ave., KAP 400B]]></StreetAddress>
<CountryCode>US</CountryCode>
<CountryName>United States</CountryName>
<StateName>California</StateName>
<CountryFlag>1</CountryFlag>
<CONGRESSDISTRICT>37</CONGRESSDISTRICT>
<CONGRESS_DISTRICT_PERF>CA37</CONGRESS_DISTRICT_PERF>
</Performance_Institution>
<ProgramElement>
<Code>1264</Code>
<Text>ALGEBRA,NUMBER THEORY,AND COM</Text>
</ProgramElement>
<Appropriation>
<Code>0121</Code>
<Name>NSF RESEARCH &amp; RELATED ACTIVIT</Name>
<APP_SYMB_ID>040100</APP_SYMB_ID>
</Appropriation>
<FUND_OBLG>2021~195000</FUND_OBLG>
</Award>
</rootTag>
