<?xml version="1.0" encoding="UTF-8"?>
<rootTag>
<Award>
<AwardTitle>Excellence in Research:  Coupling of DNA Replication and Cell Division at Low Temperature in E. coli</AwardTitle>
<AGENCY>NSF</AGENCY>
<AwardEffectiveDate>08/01/2021</AwardEffectiveDate>
<AwardExpirationDate>07/31/2024</AwardExpirationDate>
<AwardTotalIntnAmount>490303.00</AwardTotalIntnAmount>
<AwardAmount>490303</AwardAmount>
<AwardInstrument>
<Value>Standard Grant</Value>
</AwardInstrument>
<Organization>
<Code>08070000</Code>
<Directorate>
<Abbreviation>BIO</Abbreviation>
<LongName>Direct For Biological Sciences</LongName>
</Directorate>
<Division>
<Abbreviation>MCB</Abbreviation>
<LongName>Div Of Molecular and Cellular Bioscience</LongName>
</Division>
</Organization>
<ProgramOfficer>
<SignBlockName>Candi Phoebe Lostroh</SignBlockName>
<PO_EMAI>clostroh@nsf.gov</PO_EMAI>
<PO_PHON>7032927145</PO_PHON>
</ProgramOfficer>
<AbstractNarration>Adverse environmental conditions such as extreme temperatures can have deleterious effects on cellular structures, processes and growth.  Bacteria often encounter temperatures that are at or near their minimum temperature of growth.  At temperatures just above the minimum temperature of growth, bacteria adapt and grow by inducing physiological changes that counteract the damaging effects of the cold stress.  The long term goal of this project is to characterize the adaptive response to cold stress and identify factors that determine the minimum temperature of growth.  In the bacterium Escherichia coli, an adaptive physiological change in response to low temperature is a decrease in cell size.  Several proteins that function in DNA replication and cell division are specifically required for this adaptation.  This research project aims to determine the connection between replication and cell division that facilitates growth and small cell size at cold temperatures.  Broader impacts include the importance of understanding bacterial survival at cold temperatures because of our use of refrigeration in preserving and selling food.  Additionally, the project will broaden participation by providing closely-mentored, hands-on research experience to train undergraduate students from groups that are underrepresented in STEM fields.&lt;br/&gt;&lt;br/&gt;The E. coli minimum temperature of growth is just above 8oC.  The cells adapt to low temperature by increasing cell division and thereby reducing cell size.  Compared to the large rods formed at 37oC, wild type E. coli are smaller rods at temperatures just above 8oC and filamentous rods at temperatures below the minimum temperature of growth.  Late cell division proteins FtsN and DedD, which stimulate septal peptidoglycan synthesis and septation, are specifically required for growth and the formation of small rods at low temperature.  A nucleoid-associated protein that enhances DNA replication is also required for growth and the production of the small rods. This project aims to test the hypothesis that replication and cell division are intricately linked, facilitating the small cell size and enabling growth at low temperatures.  This hypothesis will be tested using two approaches.  Flow cytometric and nucleoid staining analyses of the various cold-sensitive mutants will be performed to investigate the requirement for specific cell division and nucleoid-associated proteins for DNA replication at low temperature.  Genetic screens will be done to identify suppressors of the cold-sensitive mutations, thereby elucidating the proteins required to couple DNA replication and cell division at low temperature.  This research project should give novel insights into the differential requirements for the progression of the cell cycle as a function of temperature.&lt;br/&gt;&lt;br/&gt;This award reflects NSF's statutory mission and has been deemed worthy of support through evaluation using the Foundation's intellectual merit and broader impacts review criteria.</AbstractNarration>
<MinAmdLetterDate>06/22/2021</MinAmdLetterDate>
<MaxAmdLetterDate>06/22/2021</MaxAmdLetterDate>
<ARRAAmount/>
<TRAN_TYPE>Grant</TRAN_TYPE>
<CFDA_NUM>47.074</CFDA_NUM>
<NSF_PAR_USE_FLAG>1</NSF_PAR_USE_FLAG>
<FUND_AGCY_CODE>4900</FUND_AGCY_CODE>
<AWDG_AGCY_CODE>4900</AWDG_AGCY_CODE>
<AwardID>2101124</AwardID>
<Investigator>
<FirstName>Pamela</FirstName>
<LastName>Jones</LastName>
<PI_MID_INIT/>
<PI_SUFX_NAME/>
<PI_FULL_NAME>Pamela Jones</PI_FULL_NAME>
<EmailAddress>jonesp@wssu.edu</EmailAddress>
<PI_PHON>3367502207</PI_PHON>
<NSF_ID>000833362</NSF_ID>
<StartDate>06/22/2021</StartDate>
<EndDate/>
<RoleCode>Principal Investigator</RoleCode>
</Investigator>
<Institution>
<Name>Winston-Salem State University</Name>
<CityName>Winston Salem</CityName>
<ZipCode>271100003</ZipCode>
<PhoneNumber>3367503019</PhoneNumber>
<StreetAddress>601 S Martin Luther King Jr Dr</StreetAddress>
<StreetAddress2><![CDATA[Ste 310]]></StreetAddress2>
<CountryName>United States</CountryName>
<StateName>North Carolina</StateName>
<StateCode>NC</StateCode>
<CONGRESSDISTRICT>05</CONGRESSDISTRICT>
<CONGRESS_DISTRICT_ORG>NC05</CONGRESS_DISTRICT_ORG>
<ORG_DUNS_NUM>071579031</ORG_DUNS_NUM>
<ORG_LGL_BUS_NAME>WINSTON-SALEM STATE UNIVERSITY</ORG_LGL_BUS_NAME>
<ORG_PRNT_DUNS_NUM>142363428</ORG_PRNT_DUNS_NUM>
</Institution>
<Performance_Institution>
<Name><![CDATA[Winston-Salem State University]]></Name>
<CityName>Winston-Salem</CityName>
<StateCode>NC</StateCode>
<ZipCode>271100001</ZipCode>
<StreetAddress><![CDATA[601 Martin Luther King Jr Drive]]></StreetAddress>
<CountryCode>US</CountryCode>
<CountryName>United States</CountryName>
<StateName>North Carolina</StateName>
<CountryFlag>1</CountryFlag>
<CONGRESSDISTRICT>06</CONGRESSDISTRICT>
<CONGRESS_DISTRICT_PERF>NC06</CONGRESS_DISTRICT_PERF>
</Performance_Institution>
<ProgramElement>
<Code>070Y</Code>
<Text>HBCU-EiR - HBCU-Excellence in</Text>
</ProgramElement>
<ProgramElement>
<Code>1112</Code>
<Text>Genetic Mechanisms</Text>
</ProgramElement>
<ProgramReference>
<Code>7465</Code>
<Text>NANOSCALE BIO CORE</Text>
</ProgramReference>
<Appropriation>
<Code>0121</Code>
<Name>NSF RESEARCH &amp; RELATED ACTIVIT</Name>
<APP_SYMB_ID>040100</APP_SYMB_ID>
</Appropriation>
<FUND_OBLG>2021~490303</FUND_OBLG>
</Award>
</rootTag>
