<?xml version="1.0" encoding="UTF-8"?>
<rootTag>
<Award>
<AwardTitle>Prime Characteristic Rings, Birational Morphisms, and Valuations</AwardTitle>
<AGENCY>NSF</AGENCY>
<AwardEffectiveDate>06/01/2021</AwardEffectiveDate>
<AwardExpirationDate>05/31/2024</AwardExpirationDate>
<AwardTotalIntnAmount>105000.00</AwardTotalIntnAmount>
<AwardAmount>34419</AwardAmount>
<AwardInstrument>
<Value>Continuing Grant</Value>
</AwardInstrument>
<Organization>
<Code>03040000</Code>
<Directorate>
<Abbreviation>MPS</Abbreviation>
<LongName>Direct For Mathematical &amp; Physical Scien</LongName>
</Directorate>
<Division>
<Abbreviation>DMS</Abbreviation>
<LongName>Division Of Mathematical Sciences</LongName>
</Division>
</Organization>
<ProgramOfficer>
<SignBlockName>Sandra Spiroff</SignBlockName>
<PO_EMAI>sspiroff@nsf.gov</PO_EMAI>
<PO_PHON>7032928069</PO_PHON>
</ProgramOfficer>
<AbstractNarration>Commutative algebra is the local theory of algebraic geometry, and algebraic geometry is the study of geometric objects defined by polynomial equations. The study of algebraic geometry stems from Descartes’ introduction of the coordinate plane to better understand the geometry of objects defined by polynomial equations. For example, the polynomial equation y=x^2 defines a parabola in the coordinate plane and the polynomial equation x^2+y^2=1 defines a circle. In contrast, the graph of the equation y^2 = x^3 has a sharp point, a type of singularity. Geometric objects defined by polynomial equations may admit singularities. The local study of these singularities is a necessity to understanding the geometry of the object. The main research goals of this project concern itself with the study of singularities when the defining equations have coefficients in a positive characteristic numbering system.  &lt;br/&gt; &lt;br/&gt;Singularities of prime characteristic rings are studied, classified, and understood through descriptive behavior of the Frobenius endomorphism. This project focuses on the study of F-pure and F-regular singularities, numerical invariants designed to relate rings among these singularity classes, and test ideals. A particular emphasis is to determine sufficient conditions that imply equality of the finitistic and big test ideal of a local F-pure ring. The purpose of doing so is to investigate the weak-implies-strong conjecture from tight closure theory, to establish unifying behavior of F-regular rings, and to relate the numerical invariant F-signature with the behavior of valuation rings centered over an F-regular ring.&lt;br/&gt;&lt;br/&gt;This award reflects NSF's statutory mission and has been deemed worthy of support through evaluation using the Foundation's intellectual merit and broader impacts review criteria.</AbstractNarration>
<MinAmdLetterDate>04/20/2021</MinAmdLetterDate>
<MaxAmdLetterDate>08/16/2021</MaxAmdLetterDate>
<ARRAAmount/>
<TRAN_TYPE>Grant</TRAN_TYPE>
<CFDA_NUM>47.049</CFDA_NUM>
<NSF_PAR_USE_FLAG>1</NSF_PAR_USE_FLAG>
<FUND_AGCY_CODE>4900</FUND_AGCY_CODE>
<AWDG_AGCY_CODE>4900</AWDG_AGCY_CODE>
<AwardID>2101890</AwardID>
<Investigator>
<FirstName>Craig</FirstName>
<LastName>Huneke</LastName>
<PI_MID_INIT>L</PI_MID_INIT>
<PI_SUFX_NAME/>
<PI_FULL_NAME>Craig L Huneke</PI_FULL_NAME>
<EmailAddress>clh4xd@virginia.edu</EmailAddress>
<PI_PHON>4342822480</PI_PHON>
<NSF_ID>000365543</NSF_ID>
<StartDate>08/16/2021</StartDate>
<EndDate/>
<RoleCode>Principal Investigator</RoleCode>
</Investigator>
<Investigator>
<FirstName>Thomas</FirstName>
<LastName>Polstra</LastName>
<PI_MID_INIT/>
<PI_SUFX_NAME/>
<PI_FULL_NAME>Thomas Polstra</PI_FULL_NAME>
<EmailAddress>tp2tt@virginia.edu</EmailAddress>
<PI_PHON>4045452194</PI_PHON>
<NSF_ID>000730063</NSF_ID>
<StartDate>04/20/2021</StartDate>
<EndDate>08/16/2021</EndDate>
<RoleCode>Former Principal Investigator</RoleCode>
</Investigator>
<Institution>
<Name>University of Virginia Main Campus</Name>
<CityName>CHARLOTTESVILLE</CityName>
<ZipCode>229044195</ZipCode>
<PhoneNumber>4349244270</PhoneNumber>
<StreetAddress>P.O.  BOX 400195</StreetAddress>
<StreetAddress2/>
<CountryName>United States</CountryName>
<StateName>Virginia</StateName>
<StateCode>VA</StateCode>
<CONGRESSDISTRICT>05</CONGRESSDISTRICT>
<CONGRESS_DISTRICT_ORG>VA05</CONGRESS_DISTRICT_ORG>
<ORG_DUNS_NUM>065391526</ORG_DUNS_NUM>
<ORG_LGL_BUS_NAME>RECTOR &amp; VISITORS OF THE UNIVERSITY OF VIRGINIA</ORG_LGL_BUS_NAME>
<ORG_PRNT_DUNS_NUM>065391526</ORG_PRNT_DUNS_NUM>
</Institution>
<Performance_Institution>
<Name><![CDATA[University of Virginia]]></Name>
<CityName/>
<StateCode>VA</StateCode>
<ZipCode>229032628</ZipCode>
<StreetAddress/>
<CountryCode>US</CountryCode>
<CountryName>United States</CountryName>
<StateName>Virginia</StateName>
<CountryFlag>1</CountryFlag>
<CONGRESSDISTRICT>05</CONGRESSDISTRICT>
<CONGRESS_DISTRICT_PERF>VA05</CONGRESS_DISTRICT_PERF>
</Performance_Institution>
<ProgramElement>
<Code>1264</Code>
<Text>ALGEBRA,NUMBER THEORY,AND COM</Text>
</ProgramElement>
<Appropriation>
<Code>0121</Code>
<Name>NSF RESEARCH &amp; RELATED ACTIVIT</Name>
<APP_SYMB_ID>040100</APP_SYMB_ID>
</Appropriation>
<FUND_OBLG>2021~34419</FUND_OBLG>
</Award>
</rootTag>
