<?xml version="1.0" encoding="UTF-8"?>
<rootTag>
<Award>
<AwardTitle>I-Corps: Using waste heat generated by spent nuclear fuel (SNF) to dry wastewater sludge</AwardTitle>
<AGENCY>NSF</AGENCY>
<AwardEffectiveDate>02/15/2021</AwardEffectiveDate>
<AwardExpirationDate>07/31/2022</AwardExpirationDate>
<AwardTotalIntnAmount>50000.00</AwardTotalIntnAmount>
<AwardAmount>50000</AwardAmount>
<AwardInstrument>
<Value>Standard Grant</Value>
</AwardInstrument>
<Organization>
<Code>07070000</Code>
<Directorate>
<Abbreviation>ENG</Abbreviation>
<LongName>Directorate For Engineering</LongName>
</Directorate>
<Division>
<Abbreviation>IIP</Abbreviation>
<LongName>Div Of Industrial Innovation &amp; Partnersh</LongName>
</Division>
</Organization>
<ProgramOfficer>
<SignBlockName>Ruth Shuman</SignBlockName>
<PO_EMAI>rshuman@nsf.gov</PO_EMAI>
<PO_PHON>7032922160</PO_PHON>
</ProgramOfficer>
<AbstractNarration>The broader impact/commercial potential of this I-Corps project is the development of a system that uses waste heat generated by spent nuclear fuel (SNF) to dry biosolids, a byproduct of wastewater treatment.  The technology may create a virtuous cycle whereby two currently existing sources of waste – spent nuclear fuel and biosolids – are associated to create a valuable product – a sustainable biomass. An estimated $180,000 and 4,000 metric tons of carbon dioxide may be saved yearly per nuclear fuel/biosolids dryer compared to the alternative drying system which uses natural gas. The United States market, which has a total of 90 spent nuclear fuel (SNF) storage sites and 14,748 wastewater plants is a potential market since current SNF is not recycled. An initial analysis revealed 26 SNF storage sites situated within 10 miles of wastewater treatment plants. The proximity of the SNF storage sites and wastewater treatment plants will significantly reduce the transportation costs of the biosolids.&lt;br/&gt;&lt;br/&gt;This I-Corps project is based on the development of a system that uses waste heat generated by spent nuclear fuel (SNF) to dry biosolids, a byproduct of wastewater treatment. The system collects decay heat from nuclear fuel stored in concrete dry casks and connects existing nuclear waste storage technology with existing wastewater sludge drying technology. In existing dry casks, the nuclear fuel is sealed within steel canisters, which are then placed in a concrete overpack. The canisters are cooled by natural convection. Air enters the casks from the bottom, pulls heat from the canister, and exits from the top of the cask. The heated air is collected by the system and directed into a biosolid dryer. This approach avoids two main problems associated with the storage of nuclear waste: designing, licensing, and constructing completely new nuclear waste storage solutions, and transporting nuclear waste. This approach also provides a much-needed, year-round biosolid disposal service to wastewater treatment plants and creates a sustainable biomass from the biosolids. Additionally, this system is flexible and could be used in other applications requiring low-grade heating, such as landfill leachate treatment, carbon capture systems, and more.&lt;br/&gt;&lt;br/&gt;This award reflects NSF's statutory mission and has been deemed worthy of support through evaluation using the Foundation's intellectual merit and broader impacts review criteria.</AbstractNarration>
<MinAmdLetterDate>02/23/2021</MinAmdLetterDate>
<MaxAmdLetterDate>05/21/2021</MaxAmdLetterDate>
<ARRAAmount/>
<TRAN_TYPE>Grant</TRAN_TYPE>
<CFDA_NUM>47.041</CFDA_NUM>
<NSF_PAR_USE_FLAG>1</NSF_PAR_USE_FLAG>
<FUND_AGCY_CODE>4900</FUND_AGCY_CODE>
<AWDG_AGCY_CODE>4900</AWDG_AGCY_CODE>
<AwardID>2101320</AwardID>
<Investigator>
<FirstName>Todd</FirstName>
<LastName>Allen</LastName>
<PI_MID_INIT>R</PI_MID_INIT>
<PI_SUFX_NAME/>
<PI_FULL_NAME>Todd R Allen</PI_FULL_NAME>
<EmailAddress>traumich@umich.edu</EmailAddress>
<PI_PHON>7346475845</PI_PHON>
<NSF_ID>000318343</NSF_ID>
<StartDate>02/23/2021</StartDate>
<EndDate/>
<RoleCode>Principal Investigator</RoleCode>
</Investigator>
<Institution>
<Name>Regents of the University of Michigan - Ann Arbor</Name>
<CityName>Ann Arbor</CityName>
<ZipCode>481091274</ZipCode>
<PhoneNumber>7347636438</PhoneNumber>
<StreetAddress>3003 South State St. Room 1062</StreetAddress>
<StreetAddress2/>
<CountryName>United States</CountryName>
<StateName>Michigan</StateName>
<StateCode>MI</StateCode>
<CONGRESSDISTRICT>12</CONGRESSDISTRICT>
<CONGRESS_DISTRICT_ORG>MI12</CONGRESS_DISTRICT_ORG>
<ORG_DUNS_NUM>073133571</ORG_DUNS_NUM>
<ORG_LGL_BUS_NAME>REGENTS OF THE UNIVERSITY OF MICHIGAN</ORG_LGL_BUS_NAME>
<ORG_PRNT_DUNS_NUM>073133571</ORG_PRNT_DUNS_NUM>
</Institution>
<Performance_Institution>
<Name><![CDATA[University of Michigan- Ann Arbor]]></Name>
<CityName>Ann Arbor,</CityName>
<StateCode>MI</StateCode>
<ZipCode>481091274</ZipCode>
<StreetAddress><![CDATA[3003 South State St.]]></StreetAddress>
<CountryCode>US</CountryCode>
<CountryName>United States</CountryName>
<StateName>Michigan</StateName>
<CountryFlag>1</CountryFlag>
<CONGRESSDISTRICT>12</CONGRESSDISTRICT>
<CONGRESS_DISTRICT_PERF>MI12</CONGRESS_DISTRICT_PERF>
</Performance_Institution>
<ProgramElement>
<Code>8023</Code>
<Text>I-Corps</Text>
</ProgramElement>
<ProgramReference>
<Code>1238</Code>
<Text>TECH FOR SUSTAINABLE ENVIRONMENT</Text>
</ProgramReference>
<Appropriation>
<Code>0121</Code>
<Name>NSF RESEARCH &amp; RELATED ACTIVIT</Name>
<APP_SYMB_ID>040100</APP_SYMB_ID>
</Appropriation>
<FUND_OBLG>2021~50000</FUND_OBLG>
</Award>
</rootTag>
