<?xml version="1.0" encoding="UTF-8"?>
<rootTag>
<Award>
<AwardTitle>Excellence in Research: Mechanisms of Hyperdoping Silicon with Nitrogen</AwardTitle>
<AGENCY>NSF</AGENCY>
<AwardEffectiveDate>08/01/2021</AwardEffectiveDate>
<AwardExpirationDate>07/31/2024</AwardExpirationDate>
<AwardTotalIntnAmount>500000.00</AwardTotalIntnAmount>
<AwardAmount>500000</AwardAmount>
<AwardInstrument>
<Value>Standard Grant</Value>
</AwardInstrument>
<Organization>
<Code>03070000</Code>
<Directorate>
<Abbreviation>MPS</Abbreviation>
<LongName>Direct For Mathematical &amp; Physical Scien</LongName>
</Directorate>
<Division>
<Abbreviation>DMR</Abbreviation>
<LongName>Division Of Materials Research</LongName>
</Division>
</Organization>
<ProgramOfficer>
<SignBlockName>James H. Edgar</SignBlockName>
<PO_EMAI>jedgar@nsf.gov</PO_EMAI>
<PO_PHON>7032922053</PO_PHON>
</ProgramOfficer>
<AbstractNarration>Non-Technical: The successful incorporation of high amount of nitrogen in silicon enables absorption of infra-red (IR) light, unabsorbed by pure silicon. The IR absorption of such modified silicon is tuned through the initial amount of incorporated N and subsequent heat treatments. The new material leads to a new generation of IR devices as well as enhancing the efficiency of widely used silicon solar cells. In addition, silicon absorbing IR enables easier integration of optical devices in microelectronics, high speed parallel microprocessors with optical interconnections, smart high resolution IR cameras, smart remote-control devices, and the detection of small amounts of IR light. These applications are important for the economy, national security, future appliances, and energy security and sustainability.&lt;br/&gt;This project offers research topics for graduate students in physics and materials science, as well as a strong research training for undergraduate students. The project will advance the understanding of the science underlying materials for next generation computers, consumer electronics, and many other applications, while it promotes teaching and training of underrepresented students. Furthermore, students will learn through this collaboration involving three major universities interested in improving silicon, as well as two national laboratories operating the most advanced materials characterization techniques that are appropriate for this research. Summer research activities will be offered to high school students and transfer students from neighboring two-year colleges. High school teachers and two-year college faculty will be included, to increase recruitment of underrepresented students in STEM programs.&lt;br/&gt;&lt;br/&gt;Technical: This project will develop new understanding of the materials science of hyperdoping silicon with nitrogen, as well as the physics of IR optical processes. Preliminary data suggests that N complexes in hyperdoped silicon create an Intermediate Band (IB) that enhances absorption from near infrared (NIR) to Mid-IR through two photon absorption. Intertwined physics and materials science issues are addressed to understand phase transitions coupled to transformation of the electronic band structure and the IB generation. The emphasis is on the energy levels induced by V_x N_y O_z complexes (V represents a Si vacancy) in the bandgap of oxygen-rich Czochralski and Float Zone silicon, and their conversion to an optically efficient band. &lt;br/&gt;The challenging questions consist in unravelling the: i) atomic configurations of dominant V-N complexes that generate deep level donor centers, ii) their thermodynamic stability during heat treatments for hyperdoping, iii) the mechanism that drives local phase transformations in N-hyperdoped Si, whether by the Mott transition, electron pairing, or the energy level delocalization proposed in this project, iv) the requisites (e.g., band filling, sub-bands, band valleys, and other conditions) for the IB to work, and v) the IB efficiency versus the V-N type and concentration. Large N-related complexes are modeled as nanodot arrays; the effects of array symmetry breaking on energy level mixing in such coupled systems, level delocalization, level anti-crossing, and tunneling between levels are investigated to clarify conditions at which they contribute in IB generation.&lt;br/&gt;The experimental data is correlated with multiscale computer modeling of N-related complexes and disordered nanodot arrays. Both continuum and atomistic calculations are used. Strain at the atomic scale is considered in the calculations since it is a determinant factor for energy levels and the IB. Quantum group behavior of electrons in nanodot arrays will shed light on the energy delocalization that leads to IB formation. IR absorption and photoluminescence of N-hyperdoped Si will indicate the efficiency of the sequential IR optical transitions via the IB.&lt;br/&gt;&lt;br/&gt;This award reflects NSF's statutory mission and has been deemed worthy of support through evaluation using the Foundation's intellectual merit and broader impacts review criteria.</AbstractNarration>
<MinAmdLetterDate>07/06/2021</MinAmdLetterDate>
<MaxAmdLetterDate>07/06/2021</MaxAmdLetterDate>
<ARRAAmount/>
<TRAN_TYPE>Grant</TRAN_TYPE>
<CFDA_NUM>47.049</CFDA_NUM>
<NSF_PAR_USE_FLAG>1</NSF_PAR_USE_FLAG>
<FUND_AGCY_CODE>4900</FUND_AGCY_CODE>
<AWDG_AGCY_CODE>4900</AWDG_AGCY_CODE>
<AwardID>2101220</AwardID>
<Investigator>
<FirstName>Abdennaceur</FirstName>
<LastName>Karoui</LastName>
<PI_MID_INIT/>
<PI_SUFX_NAME/>
<PI_FULL_NAME>Abdennaceur Karoui</PI_FULL_NAME>
<EmailAddress>akaroui@nccu.edu</EmailAddress>
<PI_PHON>9192749411</PI_PHON>
<NSF_ID>000723135</NSF_ID>
<StartDate>07/06/2021</StartDate>
<EndDate/>
<RoleCode>Principal Investigator</RoleCode>
</Investigator>
<Institution>
<Name>North Carolina Central University</Name>
<CityName>Durham</CityName>
<ZipCode>277073129</ZipCode>
<PhoneNumber>9195307333</PhoneNumber>
<StreetAddress>1801 Fayetteville Street</StreetAddress>
<StreetAddress2/>
<CountryName>United States</CountryName>
<StateName>North Carolina</StateName>
<StateCode>NC</StateCode>
<CONGRESSDISTRICT>01</CONGRESSDISTRICT>
<CONGRESS_DISTRICT_ORG>NC01</CONGRESS_DISTRICT_ORG>
<ORG_DUNS_NUM>783691801</ORG_DUNS_NUM>
<ORG_LGL_BUS_NAME>NORTH CAROLINA CENTRAL UNIVERSITY</ORG_LGL_BUS_NAME>
<ORG_PRNT_DUNS_NUM>142363428</ORG_PRNT_DUNS_NUM>
</Institution>
<Performance_Institution>
<Name><![CDATA[North Carolina Central University]]></Name>
<CityName>Durham</CityName>
<StateCode>NC</StateCode>
<ZipCode>277073129</ZipCode>
<StreetAddress><![CDATA[1801 Fayetteville Street]]></StreetAddress>
<CountryCode>US</CountryCode>
<CountryName>United States</CountryName>
<StateName>North Carolina</StateName>
<CountryFlag>1</CountryFlag>
<CONGRESSDISTRICT>04</CONGRESSDISTRICT>
<CONGRESS_DISTRICT_PERF>NC04</CONGRESS_DISTRICT_PERF>
</Performance_Institution>
<ProgramElement>
<Code>070Y</Code>
<Text>HBCU-EiR - HBCU-Excellence in</Text>
</ProgramElement>
<ProgramElement>
<Code>1253</Code>
<Text>OFFICE OF MULTIDISCIPLINARY AC</Text>
</ProgramElement>
<ProgramReference>
<Code>8396</Code>
<Text>Clean Energy Technology</Text>
</ProgramReference>
<ProgramReference>
<Code>8607</Code>
<Text>Solar Energy Capture&amp;Conver</Text>
</ProgramReference>
<Appropriation>
<Code>0121</Code>
<Name>NSF RESEARCH &amp; RELATED ACTIVIT</Name>
<APP_SYMB_ID>040100</APP_SYMB_ID>
</Appropriation>
<FUND_OBLG>2021~500000</FUND_OBLG>
</Award>
</rootTag>
