<?xml version="1.0" encoding="UTF-8"?>
<rootTag>
<Award>
<AwardTitle>Detail between Naval Postgraduate School and National Science Foundation for Dr. Robert Beverly.(Year 1-continuation)</AwardTitle>
<AGENCY>NSF</AGENCY>
<AwardEffectiveDate>10/09/2020</AwardEffectiveDate>
<AwardExpirationDate>04/09/2021</AwardExpirationDate>
<AwardTotalIntnAmount>109145.00</AwardTotalIntnAmount>
<AwardAmount>109145</AwardAmount>
<AwardInstrument>
<Value>Contract Interagency Agreement</Value>
</AwardInstrument>
<Organization>
<Code>05090000</Code>
<Directorate>
<Abbreviation>CSE</Abbreviation>
<LongName>Direct For Computer &amp; Info Scie &amp; Enginr</LongName>
</Directorate>
<Division>
<Abbreviation>OAC</Abbreviation>
<LongName>Office of Advanced Cyberinfrastructure (OAC)</LongName>
</Division>
</Organization>
<ProgramOfficer>
<SignBlockName>Carl Anderson</SignBlockName>
<PO_EMAI>cnanders@nsf.gov</PO_EMAI>
<PO_PHON>7032924545</PO_PHON>
</ProgramOfficer>
<AbstractNarration/>
<MinAmdLetterDate>11/18/2020</MinAmdLetterDate>
<MaxAmdLetterDate>11/18/2020</MaxAmdLetterDate>
<ARRAAmount/>
<TRAN_TYPE>Grant</TRAN_TYPE>
<CFDA_NUM>47.070</CFDA_NUM>
<NSF_PAR_USE_FLAG>1</NSF_PAR_USE_FLAG>
<FUND_AGCY_CODE>4900</FUND_AGCY_CODE>
<AWDG_AGCY_CODE>4900</AWDG_AGCY_CODE>
<AwardID>2101697</AwardID>
<Investigator>
<FirstName>Robert</FirstName>
<LastName>Beverly</LastName>
<PI_MID_INIT/>
<PI_SUFX_NAME/>
<PI_FULL_NAME>Robert Beverly</PI_FULL_NAME>
<EmailAddress>rbeverly@nps.edu</EmailAddress>
<PI_PHON>8316562132</PI_PHON>
<NSF_ID>000555476</NSF_ID>
<StartDate>11/18/2020</StartDate>
<EndDate/>
<RoleCode>Principal Investigator</RoleCode>
</Investigator>
<Institution>
<Name>Naval Postgraduate School</Name>
<CityName>Monterey</CityName>
<CountyName/>
<ZipCode>939435000</ZipCode>
<PhoneNumber>8316562271</PhoneNumber>
<StreetAddress>1 University Circle</StreetAddress>
<StreetAddress2/>
<CountryName>United States</CountryName>
<StateName>California</StateName>
<StateCode>CA</StateCode>
<CONGRESSDISTRICT>17</CONGRESSDISTRICT>
<CONGRESS_DISTRICT_ORG>CA17</CONGRESS_DISTRICT_ORG>
<ORG_DUNS_NUM>190171467</ORG_DUNS_NUM>
<ORG_LGL_BUS_NAME>NAVAL POSTGRADUATE SCHOOL</ORG_LGL_BUS_NAME>
<ORG_PRNT_DUNS_NUM>161906193</ORG_PRNT_DUNS_NUM>
</Institution>
<Performance_Institution>
<Name><![CDATA[Naval Postgraduate School]]></Name>
<CityName>Monterey</CityName>
<CountyName/>
<StateCode>CA</StateCode>
<ZipCode>939435000</ZipCode>
<StreetAddress><![CDATA[1 University Circle]]></StreetAddress>
<CountryCode>US</CountryCode>
<CountryName>United States</CountryName>
<StateName>California</StateName>
<CountryFlag>1</CountryFlag>
<CONGRESSDISTRICT>17</CONGRESSDISTRICT>
<CONGRESS_DISTRICT_PERF>CA17</CONGRESS_DISTRICT_PERF>
</Performance_Institution>
<ProgramElement>
<Code>0119</Code>
<Text/>
</ProgramElement>
<Appropriation>
<Code>0721</Code>
<Name>NSF Agency Oper &amp; Award Mgmt</Name>
<APP_SYMB_ID>040180</APP_SYMB_ID>
</Appropriation>
<FUND_OBLG>2021~109145</FUND_OBLG>
</Award>
</rootTag>
