<?xml version="1.0" encoding="UTF-8"?>
<rootTag>
<Award>
<AwardTitle>Building Insights through Observation: Researching Arts-Based Methods for Teaching and Learning with Data</AwardTitle>
<AGENCY>NSF</AGENCY>
<AwardEffectiveDate>07/01/2021</AwardEffectiveDate>
<AwardExpirationDate>06/30/2025</AwardExpirationDate>
<AwardTotalIntnAmount>1001564.00</AwardTotalIntnAmount>
<AwardAmount>1001564</AwardAmount>
<AwardInstrument>
<Value>Standard Grant</Value>
</AwardInstrument>
<Organization>
<Code>11090000</Code>
<Directorate>
<Abbreviation>EHR</Abbreviation>
<LongName>Direct For Education and Human Resources</LongName>
</Directorate>
<Division>
<Abbreviation>DRL</Abbreviation>
<LongName>Division Of Research On Learning</LongName>
</Division>
</Organization>
<ProgramOfficer>
<SignBlockName>Margret Hjalmarson</SignBlockName>
<PO_EMAI>mhjalmar@nsf.gov</PO_EMAI>
<PO_PHON>7032925186</PO_PHON>
</ProgramOfficer>
<AbstractNarration>Innovations in data collection, infrastructure, and visualization play an important role in modern society. Large, complex datasets are accessible to and shared widely with the public. However, students need to learn how to interpret and reason about visualizations of scientific data. This project will use visualizations from an easily accessible tool from NOAA, Science On a Sphere, to help students develop critical thinking skills and practices required to effectively make meaning from authentic scientific data. The project will use arts-based pedagogies for observing, analyzing, and critiquing visual features of data visualizations to build an understanding of what the data reveal. The project will work with middle school science teachers to develop tools for STEM educators to use these data visualizations effectively. This project focuses on visual thinking skills that have been found to apply in both science and art: describing, wondering, recognizing uncertainty, and interpreting with evidence. &lt;br/&gt;&lt;br/&gt;The project will conduct foundational research to understand the ways in which arts-based instructional methods and geospatial data visualization can be successfully applied by science teachers. The research will examine: (1) the ways in which arts-based instructional methods can be successfully applied by STEM teachers; (2) critical elements in the process of learning and applying these techniques to influence teachers’ content, pedagogical, and technological knowledge; and (3) for which transferable data literacy skills these approaches show most promise with children. This project will use a design-based research framework to develop data literacy teaching approaches in partnership with middle school teachers. The research process will include data about teachers’ development and students’ learning about data literacy. Data to be collected include qualitative and quantitative information from teachers and students.&lt;br/&gt;&lt;br/&gt;The Discovery Research preK-12 program (DRK-12) seeks to significantly enhance the learning and teaching of science, technology, engineering and mathematics (STEM) by preK-12 students and teachers, through research and development of innovative resources, models and tools. Projects in the DRK-12 program build on fundamental research in STEM education and prior research and development efforts that provide theoretical and empirical justification for proposed projects.&lt;br/&gt;&lt;br/&gt;This award reflects NSF's statutory mission and has been deemed worthy of support through evaluation using the Foundation's intellectual merit and broader impacts review criteria.</AbstractNarration>
<MinAmdLetterDate>06/11/2021</MinAmdLetterDate>
<MaxAmdLetterDate>06/22/2021</MaxAmdLetterDate>
<ARRAAmount/>
<TRAN_TYPE>Grant</TRAN_TYPE>
<CFDA_NUM>47.076</CFDA_NUM>
<NSF_PAR_USE_FLAG>1</NSF_PAR_USE_FLAG>
<FUND_AGCY_CODE>4900</FUND_AGCY_CODE>
<AWDG_AGCY_CODE>4900</AWDG_AGCY_CODE>
<AwardID>2101310</AwardID>
<Investigator>
<FirstName>Amy</FirstName>
<LastName>Busey</LastName>
<PI_MID_INIT/>
<PI_SUFX_NAME>Ms,</PI_SUFX_NAME>
<PI_FULL_NAME>Amy Busey</PI_FULL_NAME>
<EmailAddress>ABusey@edc.org</EmailAddress>
<PI_PHON>2128074212</PI_PHON>
<NSF_ID>000737961</NSF_ID>
<StartDate>06/11/2021</StartDate>
<EndDate/>
<RoleCode>Co-Principal Investigator</RoleCode>
</Investigator>
<Investigator>
<FirstName>Kathryn</FirstName>
<LastName>Semmens</LastName>
<PI_MID_INIT>A</PI_MID_INIT>
<PI_SUFX_NAME/>
<PI_FULL_NAME>Kathryn A Semmens</PI_FULL_NAME>
<EmailAddress>ksemmens@nurturenature.org</EmailAddress>
<PI_PHON>2158723998</PI_PHON>
<NSF_ID>000811772</NSF_ID>
<StartDate>06/11/2021</StartDate>
<EndDate/>
<RoleCode>Principal Investigator</RoleCode>
</Investigator>
<Investigator>
<FirstName>Jessica</FirstName>
<LastName>Sickler</LastName>
<PI_MID_INIT/>
<PI_SUFX_NAME/>
<PI_FULL_NAME>Jessica Sickler</PI_FULL_NAME>
<EmailAddress>jessica@jsickler.net</EmailAddress>
<PI_PHON>4125523027</PI_PHON>
<NSF_ID>000737273</NSF_ID>
<StartDate>06/11/2021</StartDate>
<EndDate/>
<RoleCode>Co-Principal Investigator</RoleCode>
</Investigator>
<Investigator>
<FirstName>Keri</FirstName>
<LastName>Maxfield</LastName>
<PI_MID_INIT>L</PI_MID_INIT>
<PI_SUFX_NAME/>
<PI_FULL_NAME>Keri L Maxfield</PI_FULL_NAME>
<EmailAddress>kmaxfield@nurturenature.org</EmailAddress>
<PI_PHON>6102534432</PI_PHON>
<NSF_ID>000837840</NSF_ID>
<StartDate>06/11/2021</StartDate>
<EndDate/>
<RoleCode>Co-Principal Investigator</RoleCode>
</Investigator>
<Investigator>
<FirstName>Hilary</FirstName>
<LastName>Peddicord</LastName>
<PI_MID_INIT/>
<PI_SUFX_NAME/>
<PI_FULL_NAME>Hilary Peddicord</PI_FULL_NAME>
<EmailAddress>hilary.peddicord@noaa.gov</EmailAddress>
<PI_PHON>3034977993</PI_PHON>
<NSF_ID>000837898</NSF_ID>
<StartDate>06/11/2021</StartDate>
<EndDate/>
<RoleCode>Co-Principal Investigator</RoleCode>
</Investigator>
<Institution>
<Name>Nurture Nature Center</Name>
<CityName>Easton</CityName>
<ZipCode>180423517</ZipCode>
<PhoneNumber>6102534432</PhoneNumber>
<StreetAddress>518 Northampton Street</StreetAddress>
<StreetAddress2/>
<CountryName>United States</CountryName>
<StateName>Pennsylvania</StateName>
<StateCode>PA</StateCode>
<CONGRESSDISTRICT>07</CONGRESSDISTRICT>
<CONGRESS_DISTRICT_ORG>PA07</CONGRESS_DISTRICT_ORG>
<ORG_DUNS_NUM>831383141</ORG_DUNS_NUM>
<ORG_LGL_BUS_NAME>NURTURE NATURE CENTER, THE</ORG_LGL_BUS_NAME>
<ORG_PRNT_DUNS_NUM/>
</Institution>
<Performance_Institution>
<Name><![CDATA[Nurture Nature Center]]></Name>
<CityName/>
<StateCode>PA</StateCode>
<ZipCode>180423517</ZipCode>
<StreetAddress/>
<CountryCode>US</CountryCode>
<CountryName>United States</CountryName>
<StateName>Pennsylvania</StateName>
<CountryFlag>1</CountryFlag>
<CONGRESSDISTRICT>07</CONGRESSDISTRICT>
<CONGRESS_DISTRICT_PERF>PA07</CONGRESS_DISTRICT_PERF>
</Performance_Institution>
<ProgramElement>
<Code>7645</Code>
<Text>Discovery Research K-12</Text>
</ProgramElement>
<ProgramReference>
<Code>8212</Code>
<Text>Broaden Particip STEM Resrch</Text>
</ProgramReference>
<ProgramReference>
<Code>8817</Code>
<Text>STEM Learning &amp; Learning Environments</Text>
</ProgramReference>
<Appropriation>
<Code>0421</Code>
<Name>NSF Education &amp; Human Resource</Name>
<APP_SYMB_ID>040106</APP_SYMB_ID>
</Appropriation>
<FUND_OBLG>2021~1001564</FUND_OBLG>
</Award>
</rootTag>
