<?xml version="1.0" encoding="UTF-8"?>
<rootTag>
<Award>
<AwardTitle>Extraordinary Engineering Impacts on Society: Seven Decades of Support from the National Science Foundation</AwardTitle>
<AGENCY>NSF</AGENCY>
<AwardEffectiveDate>02/15/2021</AwardEffectiveDate>
<AwardExpirationDate>06/30/2022</AwardExpirationDate>
<AwardTotalIntnAmount>843432.00</AwardTotalIntnAmount>
<AwardAmount>843432</AwardAmount>
<AwardInstrument>
<Value>Standard Grant</Value>
</AwardInstrument>
<Organization>
<Code>07040000</Code>
<Directorate>
<Abbreviation>ENG</Abbreviation>
<LongName>Directorate For Engineering</LongName>
</Directorate>
<Division>
<Abbreviation>EFMA</Abbreviation>
<LongName>Emerging Frontiers &amp; Multidisciplinary Activities</LongName>
</Division>
</Organization>
<ProgramOfficer>
<SignBlockName>Cecile Gonzalez</SignBlockName>
<PO_EMAI>cjgonzal@nsf.gov</PO_EMAI>
<PO_PHON>7032928538</PO_PHON>
</ProgramOfficer>
<AbstractNarration>The National Academy of Engineering (NAE) will conduct a study to identify significant engineering outcomes and impacts with origins in NSF-funded activities and their larger effects on society. The study will cover the period from 1950 to 2020, and it will be informed by broad engagement with engineering and related communities of stakeholders. The study will be conducted by an ad hoc committee of the NAE whose members will apply their expertise and experience in industry leadership, scholarly research, product development, public policy, and the communication of technology and science to general audiences. &lt;br/&gt;&lt;br/&gt;This study will provide an analysis of engineering impacts on U.S. technical, scientific, and economic achievements; increase the visibility of engineering among diverse audiences; and illuminate the role of NSF on the engineering research enterprise, the economic strength of the U.S., and the well-being of its people. A major goal of this project will be dissemination to illustrate how engineering impacts our lives and the role of engineering and engineers in society and the economy.&lt;br/&gt;&lt;br/&gt;This award reflects NSF's statutory mission and has been deemed worthy of support through evaluation using the Foundation's intellectual merit and broader impacts review criteria.</AbstractNarration>
<MinAmdLetterDate>02/04/2021</MinAmdLetterDate>
<MaxAmdLetterDate>02/04/2021</MaxAmdLetterDate>
<ARRAAmount/>
<TRAN_TYPE>Grant</TRAN_TYPE>
<CFDA_NUM>47.041</CFDA_NUM>
<NSF_PAR_USE_FLAG>1</NSF_PAR_USE_FLAG>
<FUND_AGCY_CODE>4900</FUND_AGCY_CODE>
<AWDG_AGCY_CODE>4900</AWDG_AGCY_CODE>
<AwardID>2101725</AwardID>
<Investigator>
<FirstName>David</FirstName>
<LastName>Butler</LastName>
<PI_MID_INIT>A</PI_MID_INIT>
<PI_SUFX_NAME/>
<PI_FULL_NAME>David A Butler</PI_FULL_NAME>
<EmailAddress>dbutler@nas.edu</EmailAddress>
<PI_PHON>2023342524</PI_PHON>
<NSF_ID>000830178</NSF_ID>
<StartDate>02/04/2021</StartDate>
<EndDate/>
<RoleCode>Principal Investigator</RoleCode>
</Investigator>
<Institution>
<Name>National Academy of Sciences</Name>
<CityName>Washington</CityName>
<ZipCode>200012721</ZipCode>
<PhoneNumber>2023342254</PhoneNumber>
<StreetAddress>500 FIFTH STREET NW</StreetAddress>
<StreetAddress2/>
<CountryName>United States</CountryName>
<StateName>District of Columbia</StateName>
<StateCode>DC</StateCode>
<CONGRESSDISTRICT>00</CONGRESSDISTRICT>
<CONGRESS_DISTRICT_ORG>DC00</CONGRESS_DISTRICT_ORG>
<ORG_DUNS_NUM>041964057</ORG_DUNS_NUM>
<ORG_LGL_BUS_NAME>NATIONAL ACADEMY OF SCIENCES</ORG_LGL_BUS_NAME>
<ORG_PRNT_DUNS_NUM>041964057</ORG_PRNT_DUNS_NUM>
</Institution>
<Performance_Institution>
<Name><![CDATA[National Academy of Sciences]]></Name>
<CityName>WASHINGTON</CityName>
<StateCode>DC</StateCode>
<ZipCode>200012721</ZipCode>
<StreetAddress><![CDATA[500 FIFTH ST NW]]></StreetAddress>
<CountryCode>US</CountryCode>
<CountryName>United States</CountryName>
<StateName>District of Columbia</StateName>
<CountryFlag>1</CountryFlag>
<CONGRESSDISTRICT>00</CONGRESSDISTRICT>
<CONGRESS_DISTRICT_PERF>DC00</CONGRESS_DISTRICT_PERF>
</Performance_Institution>
<ProgramElement>
<Code>1385</Code>
<Text>SSA-Special Studies &amp; Analysis</Text>
</ProgramElement>
<Appropriation>
<Code>0121</Code>
<Name>NSF RESEARCH &amp; RELATED ACTIVIT</Name>
<APP_SYMB_ID>040100</APP_SYMB_ID>
</Appropriation>
<FUND_OBLG>2021~843432</FUND_OBLG>
</Award>
</rootTag>
