<?xml version="1.0" encoding="UTF-8"?>
<rootTag>
<Award>
<AwardTitle>CAREER: Trust, Cooperation, and Collective Action in Diverse Communities</AwardTitle>
<AGENCY>NSF</AGENCY>
<AwardEffectiveDate>10/01/2020</AwardEffectiveDate>
<AwardExpirationDate>07/31/2024</AwardExpirationDate>
<AwardTotalIntnAmount>447480.00</AwardTotalIntnAmount>
<AwardAmount>278347</AwardAmount>
<AwardInstrument>
<Value>Continuing Grant</Value>
</AwardInstrument>
<Organization>
<Code>04050000</Code>
<Directorate>
<Abbreviation>SBE</Abbreviation>
<LongName>Direct For Social, Behav &amp; Economic Scie</LongName>
</Directorate>
<Division>
<Abbreviation>SES</Abbreviation>
<LongName>Divn Of Social and Economic Sciences</LongName>
</Division>
</Organization>
<ProgramOfficer>
<SignBlockName>Melanie Hughes</SignBlockName>
<PO_EMAI>mehughes@nsf.gov</PO_EMAI>
<PO_PHON>7032927318</PO_PHON>
</ProgramOfficer>
<AbstractNarration>This project will investigate how people view and respond to racial/ethnic diversity in their communities.  An underlying premise is that people may respond to diversity differently depending the specific racial/ethnic groups that make up that diversity.  The first part of the project will examine how people from different racial/ethnic backgrounds define diversity, followed by distinguishing heterogeneity from the share of non-Whites in a community. The second part asks whether and how people learn from past cross-racial interactions and become trusting toward strangers from different racial/ethnic backgrounds. The third part of this project studies neighborhoods in a large urban city where diversity functions well, i.e., where neighbors have repeatedly organized to achieve common goals, despite racial/ethnic differences between them. In this phase of the research, the project investigates the mechanisms, such as information sharing and sanctioning, that successfully promote cooperation between people from different backgrounds.  The project will create a research practicum for advanced undergraduate students and graduate students that will focus on experimental research methods.  The project will also continue and expand upon an ongoing initiative that has created an experimental design workshop.  This workshop brings together experimental social scientists from across the university to exchange ideas  and receive feedback on original experimental research. A final educational initiative will involve a weeklong summer school on the topic of experiments in the social sciences, which will be open to Ph.D. students from several local universities.  The project will provide insights useful in formulating and implementing policies such as those concerning affirmative action, immigration and residential integration.&lt;br/&gt;&lt;br/&gt;This project will first clarify the meaning of diversity and the burden-of-proof for documenting the effects of diversity. Second, it will analyze how members of racial/ethnic minority groups, not just Whites, react to diversity.  Third, it will bring innovative experimental methods to bear on questions of longstanding sociological interest. To shed light on understandings of diversity, the first part of this project relies on a conjoint experiment with a nationally representative sample of U.S. adults, including strategic oversamples of non-Whites. A second part involves a public goods game where participants are assigned to heterogeneous groups, homogeneously White groups, or homogeneously non-White groups. The goal is to understand how people respond not just to diversity, but also to the share of specific racial/ethnic groups. The third part involves recruiting White and non-White residents of diverse and homogeneous urban neighborhoods. These participants will participate in an online survey with behavioral game components. The behavioral games capture altruism, trust, and cooperativeness toward both in-group and out-group members. They also allow the researcher to address social desirability bias, to observe real-stakes behavior, to disentangle micro-level motivations and mechanisms, and to clarify the scope conditions around hypotheses. Taken together, this project will bring clarity to the growing but inconclusive social scientific literature on racial/ethnic diversity, both by informing theories of diversity and by producing new empirical findings regarding intergroup relations in diverse communities.&lt;br/&gt;&lt;br/&gt;This award reflects NSF's statutory mission and has been deemed worthy of support through evaluation using the Foundation's intellectual merit and broader impacts review criteria.</AbstractNarration>
<MinAmdLetterDate>01/19/2021</MinAmdLetterDate>
<MaxAmdLetterDate>01/19/2021</MaxAmdLetterDate>
<ARRAAmount/>
<TRAN_TYPE>Grant</TRAN_TYPE>
<CFDA_NUM>47.075</CFDA_NUM>
<NSF_PAR_USE_FLAG>1</NSF_PAR_USE_FLAG>
<FUND_AGCY_CODE>4900</FUND_AGCY_CODE>
<AWDG_AGCY_CODE>4900</AWDG_AGCY_CODE>
<AwardID>2101730</AwardID>
<Investigator>
<FirstName>Maria</FirstName>
<LastName>Abascal</LastName>
<PI_MID_INIT>C</PI_MID_INIT>
<PI_SUFX_NAME/>
<PI_FULL_NAME>Maria C Abascal</PI_FULL_NAME>
<EmailAddress>mca2113@columbia.edu</EmailAddress>
<PI_PHON>2128531741</PI_PHON>
<NSF_ID>000641337</NSF_ID>
<StartDate>01/19/2021</StartDate>
<EndDate/>
<RoleCode>Principal Investigator</RoleCode>
</Investigator>
<Institution>
<Name>New York University</Name>
<CityName>NEW YORK</CityName>
<ZipCode>100121019</ZipCode>
<PhoneNumber>2129982121</PhoneNumber>
<StreetAddress>70 WASHINGTON SQUARE S</StreetAddress>
<StreetAddress2/>
<CountryName>United States</CountryName>
<StateName>New York</StateName>
<StateCode>NY</StateCode>
<CONGRESSDISTRICT>10</CONGRESSDISTRICT>
<CONGRESS_DISTRICT_ORG>NY10</CONGRESS_DISTRICT_ORG>
<ORG_DUNS_NUM>041968306</ORG_DUNS_NUM>
<ORG_LGL_BUS_NAME>NEW YORK UNIVERSITY</ORG_LGL_BUS_NAME>
<ORG_PRNT_DUNS_NUM>041968306</ORG_PRNT_DUNS_NUM>
</Institution>
<Performance_Institution>
<Name><![CDATA[New York University]]></Name>
<CityName>New York</CityName>
<StateCode>NY</StateCode>
<ZipCode>100121019</ZipCode>
<StreetAddress><![CDATA[70 WASHINGTON SQUARE]]></StreetAddress>
<CountryCode>US</CountryCode>
<CountryName>United States</CountryName>
<StateName>New York</StateName>
<CountryFlag>1</CountryFlag>
<CONGRESSDISTRICT>10</CONGRESSDISTRICT>
<CONGRESS_DISTRICT_PERF>NY10</CONGRESS_DISTRICT_PERF>
</Performance_Institution>
<ProgramElement>
<Code>1331</Code>
<Text>Sociology</Text>
</ProgramElement>
<ProgramReference>
<Code>1045</Code>
<Text>CAREER-Faculty Erly Career Dev</Text>
</ProgramReference>
<ProgramReference>
<Code>9179</Code>
<Text>GRADUATE INVOLVEMENT</Text>
</ProgramReference>
<Appropriation>
<Code>0119</Code>
<Name>NSF RESEARCH &amp; RELATED ACTIVIT</Name>
<APP_SYMB_ID>040100</APP_SYMB_ID>
</Appropriation>
<Appropriation>
<Code>0120</Code>
<Name>NSF RESEARCH &amp; RELATED ACTIVIT</Name>
<APP_SYMB_ID>040100</APP_SYMB_ID>
</Appropriation>
<FUND_OBLG>2020~278347</FUND_OBLG>
</Award>
</rootTag>
