<?xml version="1.0" encoding="UTF-8"?>
<rootTag>
<Award>
<AwardTitle>The Distribution of Zeros of L-Functions and Related Questions</AwardTitle>
<AGENCY>NSF</AGENCY>
<AwardEffectiveDate>07/01/2021</AwardEffectiveDate>
<AwardExpirationDate>06/30/2024</AwardExpirationDate>
<AwardTotalIntnAmount>208579.00</AwardTotalIntnAmount>
<AwardAmount>208579</AwardAmount>
<AwardInstrument>
<Value>Standard Grant</Value>
</AwardInstrument>
<Organization>
<Code>03040000</Code>
<Directorate>
<Abbreviation>MPS</Abbreviation>
<LongName>Direct For Mathematical &amp; Physical Scien</LongName>
</Directorate>
<Division>
<Abbreviation>DMS</Abbreviation>
<LongName>Division Of Mathematical Sciences</LongName>
</Division>
</Organization>
<ProgramOfficer>
<SignBlockName>Andrew Pollington</SignBlockName>
<PO_EMAI>adpollin@nsf.gov</PO_EMAI>
<PO_PHON>7032924878</PO_PHON>
</ProgramOfficer>
<AbstractNarration>L-functions have played a pivotal role in the modern development of number theory and they can be used to study a wide variety of problems. The tools used to study L-functions draw from many branches of mathematics including analysis, algebra, algebraic geometry, representation theory, and mathematical physics while number theory has important applications outside of mathematics to fields such as theoretical computer science and cryptography. Many of the topics investigated in this project concern the distribution of zeros of L-functions and related topics in arithmetic. This relationship is central to two of the seven Millennium Prize Problems, the Riemann hypothesis and the Birch and Swinnerton-Dyer conjecture. The investigator will continue training and mentoring graduate students in this research area, and this project will provide research training opportunities for them. &lt;br/&gt; &lt;br/&gt;One of the problems in this project will investigate a thin family of Dirichlet L-functions which experimentally has significant and previously undetected bias in distribution of the gaps between their zeros. This bias seems to have an arithmetic explanation that corresponds to the non-vanishing of a certain Gauss type sum connected to moments of these L-functions. Other problems study the distribution of zeros and moments of the Riemann zeta-function, the prototypical example of an L-function, giving insight on previously unexplained, and in some cases previously unobserved, phenomena. The investigator also intends to combine tools from Fourier analysis with the theory of L-functions to study prime geodesics and to give improvements of several conditional estimates in prime number theory, assuming the generalized Riemann hypothesis.&lt;br/&gt;&lt;br/&gt;This award reflects NSF's statutory mission and has been deemed worthy of support through evaluation using the Foundation's intellectual merit and broader impacts review criteria.</AbstractNarration>
<MinAmdLetterDate>04/20/2021</MinAmdLetterDate>
<MaxAmdLetterDate>04/20/2021</MaxAmdLetterDate>
<ARRAAmount/>
<TRAN_TYPE>Grant</TRAN_TYPE>
<CFDA_NUM>47.049</CFDA_NUM>
<NSF_PAR_USE_FLAG>1</NSF_PAR_USE_FLAG>
<FUND_AGCY_CODE>4900</FUND_AGCY_CODE>
<AWDG_AGCY_CODE>4900</AWDG_AGCY_CODE>
<AwardID>2101912</AwardID>
<Investigator>
<FirstName>Micah</FirstName>
<LastName>Milinovich</LastName>
<PI_MID_INIT>B</PI_MID_INIT>
<PI_SUFX_NAME/>
<PI_FULL_NAME>Micah B Milinovich</PI_FULL_NAME>
<EmailAddress>mbmilino@olemiss.edu</EmailAddress>
<PI_PHON>6629157071</PI_PHON>
<NSF_ID>000706630</NSF_ID>
<StartDate>04/20/2021</StartDate>
<EndDate/>
<RoleCode>Principal Investigator</RoleCode>
</Investigator>
<Institution>
<Name>University of Mississippi</Name>
<CityName>UNIVERSITY</CityName>
<CountyName/>
<ZipCode>386771848</ZipCode>
<PhoneNumber>6629157482</PhoneNumber>
<StreetAddress>100 BARR HALL</StreetAddress>
<StreetAddress2><![CDATA[PO BOX 1848]]></StreetAddress2>
<CountryName>United States</CountryName>
<StateName>Mississippi</StateName>
<StateCode>MS</StateCode>
<CONGRESSDISTRICT>01</CONGRESSDISTRICT>
<CONGRESS_DISTRICT_ORG>MS01</CONGRESS_DISTRICT_ORG>
<ORG_DUNS_NUM>067713560</ORG_DUNS_NUM>
<ORG_LGL_BUS_NAME>UNIVERSITY OF MISSISSIPPI</ORG_LGL_BUS_NAME>
<ORG_PRNT_DUNS_NUM>067713560</ORG_PRNT_DUNS_NUM>
</Institution>
<Performance_Institution>
<Name><![CDATA[University of Mississippi]]></Name>
<CityName>University</CityName>
<CountyName/>
<StateCode>MS</StateCode>
<ZipCode>386771848</ZipCode>
<StreetAddress><![CDATA[304 Hume Hall]]></StreetAddress>
<CountryCode>US</CountryCode>
<CountryName>United States</CountryName>
<StateName>Mississippi</StateName>
<CountryFlag>1</CountryFlag>
<CONGRESSDISTRICT>01</CONGRESSDISTRICT>
<CONGRESS_DISTRICT_PERF>MS01</CONGRESS_DISTRICT_PERF>
</Performance_Institution>
<ProgramElement>
<Code>1264</Code>
<Text>ALGEBRA,NUMBER THEORY,AND COM</Text>
</ProgramElement>
<ProgramReference>
<Code>9150</Code>
<Text>EXP PROG TO STIM COMP RES</Text>
</ProgramReference>
<Appropriation>
<Code>0121</Code>
<Name>NSF RESEARCH &amp; RELATED ACTIVIT</Name>
<APP_SYMB_ID>040100</APP_SYMB_ID>
</Appropriation>
<FUND_OBLG>2021~208579</FUND_OBLG>
</Award>
</rootTag>
