<?xml version="1.0" encoding="UTF-8"?>
<rootTag>
<Award>
<AwardTitle>RUI:CAS: Metal Phosphides on Nanostructured Indium Oxide - New Photocatalysts for CO2 Hydrogenation</AwardTitle>
<AGENCY>NSF</AGENCY>
<AwardEffectiveDate>08/01/2021</AwardEffectiveDate>
<AwardExpirationDate>07/31/2024</AwardExpirationDate>
<AwardTotalIntnAmount>366514.00</AwardTotalIntnAmount>
<AwardAmount>228419</AwardAmount>
<AwardInstrument>
<Value>Continuing Grant</Value>
</AwardInstrument>
<Organization>
<Code>03090000</Code>
<Directorate>
<Abbreviation>MPS</Abbreviation>
<LongName>Direct For Mathematical &amp; Physical Scien</LongName>
</Directorate>
<Division>
<Abbreviation>CHE</Abbreviation>
<LongName>Division Of Chemistry</LongName>
</Division>
</Organization>
<ProgramOfficer>
<SignBlockName>George Richter-Addo</SignBlockName>
<PO_EMAI>grichter@nsf.gov</PO_EMAI>
<PO_PHON>7032927528</PO_PHON>
</ProgramOfficer>
<AbstractNarration>With the support of the Chemical Catalysis program in the Division of Chemistry, Mark Bussell and Robert Berger of Western Washington University will study the photothermal catalytic conversion of carbon dioxide. A particularly attractive but scientifically imposing challenge is the photocatalytic conversion of carbon dioxide to fuels such as methanol using sunlight.  In this project, a new class of catalytic materials that consists of a visible light-absorbing metal phosphide dispersed on nanostructured indium oxide supports will be developed for the photothermal conversion of carbon dioxide.  The catalyst design strategy employs a relatively new area of study within the heterogeneous catalysis community, namely photothermal catalysis, in which light absorption is optimized for the catalytic reaction, and localized heating within catalyst particles optimized for efficient conversion of reactants to products.  The experimental investigation will be led by PI Bussell while the computational studies will be led by co-PI Berger.  The project will involve undergraduate and M.S. students, and a course-based undergraduate research experience (CURE) investigating the photocatalytic properties of metal oxides will be developed for implementation at a nearby community college.&lt;br/&gt;&lt;br/&gt;Mark Bussell and Robert Berger of Western Washington University will investigate the photothermal catalytic conversion of carbon dioxide to carbon monoxide via the reverse water-gas shift reaction over metal phosphide-oxide hybrid materials. The photocatalysts to be developed will comprise visible light-absorbing metal phosphides (NixPy, In(x)Ga(1-x)P) dispersed on nanostructured indium oxide supports.  The metal phosphides will have distinct and tunable electronic and structural properties, and the two kinds of indium oxide materials to be employed (nanocubes and nanorods) will enable the effects of support morphology to be probed.  A range of structural and spectroscopic methods including in situ Raman spectroscopy will be used to characterize the photocatalysts, and the experimental studies will be complemented by density functional theory (DFT) investigations of the electronic and interfacial properties of the metal phosphide-oxide materials. The outcomes of this research will include the development of a new class of earth-abundant photothermal catalysts and an improved fundamental understanding of the roles of the metal phosphide and oxide components in CO2 hydrogenation and related processes.&lt;br/&gt;&lt;br/&gt;This award reflects NSF's statutory mission and has been deemed worthy of support through evaluation using the Foundation's intellectual merit and broader impacts review criteria.</AbstractNarration>
<MinAmdLetterDate>07/22/2021</MinAmdLetterDate>
<MaxAmdLetterDate>07/22/2021</MaxAmdLetterDate>
<ARRAAmount/>
<TRAN_TYPE>Grant</TRAN_TYPE>
<CFDA_NUM>47.049</CFDA_NUM>
<NSF_PAR_USE_FLAG>1</NSF_PAR_USE_FLAG>
<FUND_AGCY_CODE>4900</FUND_AGCY_CODE>
<AWDG_AGCY_CODE>4900</AWDG_AGCY_CODE>
<AwardID>2101259</AwardID>
<Investigator>
<FirstName>Mark</FirstName>
<LastName>Bussell</LastName>
<PI_MID_INIT>E</PI_MID_INIT>
<PI_SUFX_NAME/>
<PI_FULL_NAME>Mark E Bussell</PI_FULL_NAME>
<EmailAddress>Mark.Bussell@wwu.edu</EmailAddress>
<PI_PHON>3606503145</PI_PHON>
<NSF_ID>000427393</NSF_ID>
<StartDate>07/22/2021</StartDate>
<EndDate/>
<RoleCode>Principal Investigator</RoleCode>
</Investigator>
<Investigator>
<FirstName>Robert</FirstName>
<LastName>Berger</LastName>
<PI_MID_INIT>F</PI_MID_INIT>
<PI_SUFX_NAME/>
<PI_FULL_NAME>Robert F Berger</PI_FULL_NAME>
<EmailAddress>robert.berger@wwu.edu</EmailAddress>
<PI_PHON>3606504327</PI_PHON>
<NSF_ID>000723872</NSF_ID>
<StartDate>07/22/2021</StartDate>
<EndDate/>
<RoleCode>Co-Principal Investigator</RoleCode>
</Investigator>
<Institution>
<Name>Western Washington University</Name>
<CityName>Bellingham</CityName>
<ZipCode>982259038</ZipCode>
<PhoneNumber>3606502884</PhoneNumber>
<StreetAddress>516 High Street</StreetAddress>
<StreetAddress2/>
<CountryName>United States</CountryName>
<StateName>Washington</StateName>
<StateCode>WA</StateCode>
<CONGRESSDISTRICT>02</CONGRESSDISTRICT>
<CONGRESS_DISTRICT_ORG>WA02</CONGRESS_DISTRICT_ORG>
<ORG_DUNS_NUM>079253134</ORG_DUNS_NUM>
<ORG_LGL_BUS_NAME>WESTERN WASHINGTON UNIVERSITY</ORG_LGL_BUS_NAME>
<ORG_PRNT_DUNS_NUM>079253134</ORG_PRNT_DUNS_NUM>
</Institution>
<Performance_Institution>
<Name><![CDATA[Western Washington University]]></Name>
<CityName/>
<StateCode>WA</StateCode>
<ZipCode>982259038</ZipCode>
<StreetAddress/>
<CountryCode>US</CountryCode>
<CountryName>United States</CountryName>
<StateName>Washington</StateName>
<CountryFlag>1</CountryFlag>
<CONGRESSDISTRICT>02</CONGRESSDISTRICT>
<CONGRESS_DISTRICT_PERF>WA02</CONGRESS_DISTRICT_PERF>
</Performance_Institution>
<ProgramElement>
<Code>6884</Code>
<Text>Chemical Catalysis</Text>
</ProgramElement>
<ProgramReference>
<Code>090Z</Code>
<Text>CAS-Critical Aspects of Sustainability</Text>
</ProgramReference>
<ProgramReference>
<Code>7237</Code>
<Text>NANO NON-SOLIC SCI &amp; ENG AWD</Text>
</ProgramReference>
<ProgramReference>
<Code>8037</Code>
<Text>Advanced Manufacturing</Text>
</ProgramReference>
<ProgramReference>
<Code>8396</Code>
<Text>Clean Energy Technology</Text>
</ProgramReference>
<ProgramReference>
<Code>8398</Code>
<Text>Hydrocarbon Conversion</Text>
</ProgramReference>
<ProgramReference>
<Code>8607</Code>
<Text>Solar Energy Capture&amp;Conver</Text>
</ProgramReference>
<ProgramReference>
<Code>9229</Code>
<Text>RES IN UNDERGRAD INST-RESEARCH</Text>
</ProgramReference>
<Appropriation>
<Code>0121</Code>
<Name>NSF RESEARCH &amp; RELATED ACTIVIT</Name>
<APP_SYMB_ID>040100</APP_SYMB_ID>
</Appropriation>
<FUND_OBLG>2021~228419</FUND_OBLG>
</Award>
</rootTag>
