<?xml version="1.0" encoding="UTF-8"?>
<rootTag>
<Award>
<AwardTitle>Local Cohomology, Differential Operators, and Determinantal Rings</AwardTitle>
<AGENCY>NSF</AGENCY>
<AwardEffectiveDate>06/01/2021</AwardEffectiveDate>
<AwardExpirationDate>05/31/2024</AwardExpirationDate>
<AwardTotalIntnAmount>270000.00</AwardTotalIntnAmount>
<AwardAmount>95392</AwardAmount>
<AwardInstrument>
<Value>Continuing Grant</Value>
</AwardInstrument>
<Organization>
<Code>03040000</Code>
<Directorate>
<Abbreviation>MPS</Abbreviation>
<LongName>Direct For Mathematical &amp; Physical Scien</LongName>
</Directorate>
<Division>
<Abbreviation>DMS</Abbreviation>
<LongName>Division Of Mathematical Sciences</LongName>
</Division>
</Organization>
<ProgramOfficer>
<SignBlockName>Andrew Pollington</SignBlockName>
<PO_EMAI>adpollin@nsf.gov</PO_EMAI>
<PO_PHON>7032924878</PO_PHON>
</ProgramOfficer>
<AbstractNarration>The award is concerned with several questions in commutative algebra: this is a field that studies solution sets of polynomial equations, and the questions that will be investigated eventually yield information about the nature of the solution sets. Polynomial equations arise in a number of situations; indeed commutative algebra continues to develop a fascinating interaction with several fields, becoming an increasingly valuable tool in science and engineering. The focus here is on questions relating to differential operators, particularly in the context of rings of invariants; the differential operators may be thought of as extensions of the rules of calculus to solutions sets of polynomials, while the rings of invariants are collections of polynomials that remain unchanged under various transformations. A key part of the awarded work is the training of graduate students in topics connected with the research program.&lt;br/&gt;&lt;br/&gt;Levasseur and Stafford described the rings of differential operators on various classical invariant rings of characteristic zero; one of the projects, related to the PI's recent joint work with Jeffries, is studying the rings of differential operators on classical invariant rings in the positive characteristic case, and another is the behavior of differential operators under base change. Key tools for these come from local cohomology theory, and the study of integer torsion in local cohomology modules. Other projects involve Hankel determinantal rings, close cousins of the determinantal rings of classical invariant theory. The F-regularity of Hankel determinantal rings of positive prime characteristic will be investigated; this has an entirely equivalent formulation in terms of differential operators. The question arises naturally from the PI's joint work with Conca, Mostafazadehfard, and Varbaro, where it was proved that these rings have rational singularities.&lt;br/&gt;&lt;br/&gt;This award reflects NSF's statutory mission and has been deemed worthy of support through evaluation using the Foundation's intellectual merit and broader impacts review criteria.</AbstractNarration>
<MinAmdLetterDate>04/05/2021</MinAmdLetterDate>
<MaxAmdLetterDate>05/21/2021</MaxAmdLetterDate>
<ARRAAmount/>
<TRAN_TYPE>Grant</TRAN_TYPE>
<CFDA_NUM>47.049</CFDA_NUM>
<NSF_PAR_USE_FLAG>1</NSF_PAR_USE_FLAG>
<FUND_AGCY_CODE>4900</FUND_AGCY_CODE>
<AWDG_AGCY_CODE>4900</AWDG_AGCY_CODE>
<AwardID>2101671</AwardID>
<Investigator>
<FirstName>Anurag</FirstName>
<LastName>Singh</LastName>
<PI_MID_INIT>K</PI_MID_INIT>
<PI_SUFX_NAME/>
<PI_FULL_NAME>Anurag K Singh</PI_FULL_NAME>
<EmailAddress>singh@math.utah.edu</EmailAddress>
<PI_PHON>8015818647</PI_PHON>
<NSF_ID>000318473</NSF_ID>
<StartDate>04/05/2021</StartDate>
<EndDate/>
<RoleCode>Principal Investigator</RoleCode>
</Investigator>
<Institution>
<Name>University of Utah</Name>
<CityName>SALT LAKE CITY</CityName>
<ZipCode>841128930</ZipCode>
<PhoneNumber>8015816903</PhoneNumber>
<StreetAddress>75 S 2000 E</StreetAddress>
<StreetAddress2><![CDATA[Second Floor]]></StreetAddress2>
<CountryName>United States</CountryName>
<StateName>Utah</StateName>
<StateCode>UT</StateCode>
<CONGRESSDISTRICT>02</CONGRESSDISTRICT>
<CONGRESS_DISTRICT_ORG>UT02</CONGRESS_DISTRICT_ORG>
<ORG_DUNS_NUM>009095365</ORG_DUNS_NUM>
<ORG_LGL_BUS_NAME>UNIVERSITY OF UTAH, THE</ORG_LGL_BUS_NAME>
<ORG_PRNT_DUNS_NUM>009095365</ORG_PRNT_DUNS_NUM>
</Institution>
<Performance_Institution>
<Name><![CDATA[University of Utah]]></Name>
<CityName>Salt Lake City</CityName>
<StateCode>UT</StateCode>
<ZipCode>841120090</ZipCode>
<StreetAddress><![CDATA[155 South 1400 East]]></StreetAddress>
<CountryCode>US</CountryCode>
<CountryName>United States</CountryName>
<StateName>Utah</StateName>
<CountryFlag>1</CountryFlag>
<CONGRESSDISTRICT>02</CONGRESSDISTRICT>
<CONGRESS_DISTRICT_PERF>UT02</CONGRESS_DISTRICT_PERF>
</Performance_Institution>
<ProgramElement>
<Code>1264</Code>
<Text>ALGEBRA,NUMBER THEORY,AND COM</Text>
</ProgramElement>
<Appropriation>
<Code>0121</Code>
<Name>NSF RESEARCH &amp; RELATED ACTIVIT</Name>
<APP_SYMB_ID>040100</APP_SYMB_ID>
</Appropriation>
<FUND_OBLG>2021~95392</FUND_OBLG>
</Award>
</rootTag>
