<?xml version="1.0" encoding="UTF-8"?>
<rootTag>
<Award>
<AwardTitle>Integral points on stacks, hyperplane sections over finite fields, and vectors forming rational angles</AwardTitle>
<AGENCY>NSF</AGENCY>
<AwardEffectiveDate>09/01/2021</AwardEffectiveDate>
<AwardExpirationDate>08/31/2024</AwardExpirationDate>
<AwardTotalIntnAmount>360000.00</AwardTotalIntnAmount>
<AwardAmount>116517</AwardAmount>
<AwardInstrument>
<Value>Continuing Grant</Value>
</AwardInstrument>
<Organization>
<Code>03040000</Code>
<Directorate>
<Abbreviation>MPS</Abbreviation>
<LongName>Direct For Mathematical &amp; Physical Scien</LongName>
</Directorate>
<Division>
<Abbreviation>DMS</Abbreviation>
<LongName>Division Of Mathematical Sciences</LongName>
</Division>
</Organization>
<ProgramOfficer>
<SignBlockName>Michelle Manes</SignBlockName>
<PO_EMAI>mmanes@nsf.gov</PO_EMAI>
<PO_PHON>7032924870</PO_PHON>
</ProgramOfficer>
<AbstractNarration>Aristotle incorrectly claimed that one could fill space with copies of a regular tetrahedron.  Determining which nonregular tetrahedra can fill space is a 2300-year-old unsolved problem that the investigator will study using a new approach using tools from algebraic geometry and number theory. As a stepping stone towards this, the investigator will study a larger class of tetrahedra, those that can be sliced into finitely many pieces and reassembled into a cube; no new such tetrahedra have been found since 1974. In addition, the investigator will study other questions concerning the solutions to systems of equations; for example, generalizing the fact that the discriminant b^2-4ac of a quadratic polynomial ax^2+bx+c determines whether its roots coincide, the investigator will study the geometric meaning of the discriminant of a higher degree polynomial in many variables. Graduate and undergraduate students supported by the award will receive training to contribute towards these projects. &lt;br/&gt;&lt;br/&gt;The investigator will classify tetrahedra of Dehn invariant 0 (scissors-congrent to a cube) by relating this vanishing to the solutions of a system of exponential Diophantine equations, which will be studied a combination of Galois-theoretic and p-adic methods. The tetrahedra that can tile space are among these, so these Dehn invariant 0 tetrahedra will be tested for the ability to tile by using geometric and combinatorial methods, making use of computation to construct tilings or to rule them out. The investigator will extend the theory of cohomological obstructions to understand integral points on stacks instead of just varieties; such a study would have implications for rational points on varieties that admit morphisms to lower-dimensional stacks. He will relate geometry of a variety in P^n over a finite field to the moments of point counts of random hyperplane sections. Finally, he will explain the valuation of the discriminant of a projective hypersurface in terms of its geometry.&lt;br/&gt;&lt;br/&gt;This award reflects NSF's statutory mission and has been deemed worthy of support through evaluation using the Foundation's intellectual merit and broader impacts review criteria.</AbstractNarration>
<MinAmdLetterDate>04/05/2021</MinAmdLetterDate>
<MaxAmdLetterDate>05/21/2021</MaxAmdLetterDate>
<ARRAAmount/>
<TRAN_TYPE>Grant</TRAN_TYPE>
<CFDA_NUM>47.049</CFDA_NUM>
<NSF_PAR_USE_FLAG>1</NSF_PAR_USE_FLAG>
<FUND_AGCY_CODE>4900</FUND_AGCY_CODE>
<AWDG_AGCY_CODE>4900</AWDG_AGCY_CODE>
<AwardID>2101040</AwardID>
<Investigator>
<FirstName>Bjorn</FirstName>
<LastName>Poonen</LastName>
<PI_MID_INIT>M</PI_MID_INIT>
<PI_SUFX_NAME/>
<PI_FULL_NAME>Bjorn M Poonen</PI_FULL_NAME>
<EmailAddress>poonen@math.mit.edu</EmailAddress>
<PI_PHON>6172588164</PI_PHON>
<NSF_ID>000090891</NSF_ID>
<StartDate>04/05/2021</StartDate>
<EndDate/>
<RoleCode>Principal Investigator</RoleCode>
</Investigator>
<Institution>
<Name>Massachusetts Institute of Technology</Name>
<CityName>Cambridge</CityName>
<ZipCode>021394301</ZipCode>
<PhoneNumber>6172531000</PhoneNumber>
<StreetAddress>77 MASSACHUSETTS AVE</StreetAddress>
<StreetAddress2><![CDATA[NE18-901]]></StreetAddress2>
<CountryName>United States</CountryName>
<StateName>Massachusetts</StateName>
<StateCode>MA</StateCode>
<CONGRESSDISTRICT>07</CONGRESSDISTRICT>
<CONGRESS_DISTRICT_ORG>MA07</CONGRESS_DISTRICT_ORG>
<ORG_DUNS_NUM>001425594</ORG_DUNS_NUM>
<ORG_LGL_BUS_NAME>MASSACHUSETTS INSTITUTE OF TECHNOLOGY</ORG_LGL_BUS_NAME>
<ORG_PRNT_DUNS_NUM>001425594</ORG_PRNT_DUNS_NUM>
</Institution>
<Performance_Institution>
<Name><![CDATA[Massachusetts Institute of Technology]]></Name>
<CityName>Cambridge</CityName>
<StateCode>MA</StateCode>
<ZipCode>021394301</ZipCode>
<StreetAddress><![CDATA[77 Massachusetts]]></StreetAddress>
<CountryCode>US</CountryCode>
<CountryName>United States</CountryName>
<StateName>Massachusetts</StateName>
<CountryFlag>1</CountryFlag>
<CONGRESSDISTRICT>07</CONGRESSDISTRICT>
<CONGRESS_DISTRICT_PERF>MA07</CONGRESS_DISTRICT_PERF>
</Performance_Institution>
<ProgramElement>
<Code>1264</Code>
<Text>ALGEBRA,NUMBER THEORY,AND COM</Text>
</ProgramElement>
<ProgramElement>
<Code>7970</Code>
<Text>Combinatorics</Text>
</ProgramElement>
<ProgramReference>
<Code>9251</Code>
<Text>REU SUPP-Res Exp for Ugrd Supp</Text>
</ProgramReference>
<Appropriation>
<Code>0121</Code>
<Name>NSF RESEARCH &amp; RELATED ACTIVIT</Name>
<APP_SYMB_ID>040100</APP_SYMB_ID>
</Appropriation>
<FUND_OBLG>2021~116517</FUND_OBLG>
</Award>
</rootTag>
