<?xml version="1.0" encoding="UTF-8"?>
<rootTag>
<Award>
<AwardTitle>STTR Phase I:  A customized upper extremity telerehabilitation solution with remote therapist interaction and dynamic motor recovery feedback for individuals post stroke</AwardTitle>
<AGENCY>NSF</AGENCY>
<AwardEffectiveDate>05/01/2021</AwardEffectiveDate>
<AwardExpirationDate>10/31/2021</AwardExpirationDate>
<AwardTotalIntnAmount>256000.00</AwardTotalIntnAmount>
<AwardAmount>276000</AwardAmount>
<AwardInstrument>
<Value>Standard Grant</Value>
</AwardInstrument>
<Organization>
<Code>07070000</Code>
<Directorate>
<Abbreviation>ENG</Abbreviation>
<LongName>Directorate For Engineering</LongName>
</Directorate>
<Division>
<Abbreviation>IIP</Abbreviation>
<LongName>Div Of Industrial Innovation &amp; Partnersh</LongName>
</Division>
</Organization>
<ProgramOfficer>
<SignBlockName>Alastair Monk</SignBlockName>
<PO_EMAI>amonk@nsf.gov</PO_EMAI>
<PO_PHON>7032924392</PO_PHON>
</ProgramOfficer>
<AbstractNarration>The broader impact/commercial potential of this Small Business Innovation Research (SBIR) Phase I project is to improve the quality of life for individuals suffering arm and hand impairments from stroke, through a medical device for in-home telerehabilitation that is easy to use, engaging, and affordable. Every year, ~800,000 people have a stroke in the United States, and about 65% suffer long-term upper extremity impairments. Sustained and extensive therapy is often needed to improve and regain the functions of the hand. Many individuals post-stroke have difficulty accessing rehabilitation due to transportation, health and mobility issues. This device can potentially reduce long-term disability in the United States and alleviate the financial burden on both individuals and society. By integrating the product into physicians’ and therapists’ workflow, it expands the patient pool that can access rehabilitation, making it more time- and labor-efficient. It will contribute to the field of telehealth and promote decentralized health care. &lt;br/&gt;&lt;br/&gt;This Small Business Technology Transfer Research (STTR) Phase I project will develop a telerehabilitation system that promotes neuroplasticity for hand and arm motor recovery, to be used in the homes of individuals with neurological disorders. The objective of this proposal is to create a beta prototype that provides personalized intense hand and arm rehabilitation via engaging motion based games. The proposed project includes: 1. enhancing the adaptive algorithms to dynamically adjust the games to an individual’s needs; 2. developing a Rehabilitation Assessment Protocol by optimizing the extensive motion tracking capabilities. This provides important information to clinicians for making rehabilitation plan adjustments, improving the interventions, and reaching goals faster; 3. developing a HIPAA compliant data platform for the recommendation system to facilitate encrypted data streaming and therapist-patient interaction in real-time or offline. This includes the development of a therapist portal that generates automated progress reports, allowing them to treat more patients efficiently; 4. conducting a usability study to evaluate the capabilities of the system from the perspective of the prescribing therapist. These capabilities of virtual rehabilitation, remote clinician supervision, and progress tracking offer a cost-effective way to improve patient outcomes as well as the fiscal viability and profitability for clinicians.&lt;br/&gt;&lt;br/&gt;This award reflects NSF's statutory mission and has been deemed worthy of support through evaluation using the Foundation's intellectual merit and broader impacts review criteria.</AbstractNarration>
<MinAmdLetterDate>04/21/2021</MinAmdLetterDate>
<MaxAmdLetterDate>07/16/2021</MaxAmdLetterDate>
<ARRAAmount/>
<TRAN_TYPE>Grant</TRAN_TYPE>
<CFDA_NUM>47.041</CFDA_NUM>
<NSF_PAR_USE_FLAG>1</NSF_PAR_USE_FLAG>
<FUND_AGCY_CODE>4900</FUND_AGCY_CODE>
<AWDG_AGCY_CODE>4900</AWDG_AGCY_CODE>
<AwardID>2101981</AwardID>
<Investigator>
<FirstName>Mee</FirstName>
<LastName>Eriksson</LastName>
<PI_MID_INIT/>
<PI_SUFX_NAME/>
<PI_FULL_NAME>Mee Eriksson</PI_FULL_NAME>
<EmailAddress>mee.eriksson@gmail.com</EmailAddress>
<PI_PHON>9085774711</PI_PHON>
<NSF_ID>000826719</NSF_ID>
<StartDate>04/21/2021</StartDate>
<EndDate/>
<RoleCode>Principal Investigator</RoleCode>
</Investigator>
<Institution>
<Name>NEUROTECHR3 INC.</Name>
<CityName>WARREN</CityName>
<ZipCode>070592600</ZipCode>
<PhoneNumber>9085774711</PhoneNumber>
<StreetAddress>23 CHERRY TREE LN</StreetAddress>
<StreetAddress2/>
<CountryName>United States</CountryName>
<StateName>New Jersey</StateName>
<StateCode>NJ</StateCode>
<CONGRESSDISTRICT/>
<CONGRESS_DISTRICT_ORG/>
<ORG_DUNS_NUM>130846154</ORG_DUNS_NUM>
<ORG_LGL_BUS_NAME>NEUROTECHR3 INC.</ORG_LGL_BUS_NAME>
<ORG_PRNT_DUNS_NUM/>
</Institution>
<Performance_Institution>
<Name><![CDATA[NEUROTECHR3 INC.]]></Name>
<CityName>Newark</CityName>
<StateCode>NJ</StateCode>
<ZipCode>071033504</ZipCode>
<StreetAddress><![CDATA[211 Warren Street]]></StreetAddress>
<CountryCode>US</CountryCode>
<CountryName>United States</CountryName>
<StateName>New Jersey</StateName>
<CountryFlag>1</CountryFlag>
<CONGRESSDISTRICT>10</CONGRESSDISTRICT>
<CONGRESS_DISTRICT_PERF/>
</Performance_Institution>
<ProgramElement>
<Code>1505</Code>
<Text>STTR Phase I</Text>
</ProgramElement>
<ProgramElement>
<Code>8091</Code>
<Text>SBIR Outreach &amp; Tech. Assist</Text>
</ProgramElement>
<ProgramReference>
<Code>010E</Code>
<Text>DISABILITY RES &amp; HOMECARE TECH</Text>
</ProgramReference>
<ProgramReference>
<Code>8018</Code>
<Text>Smart and Connected Health</Text>
</ProgramReference>
<Appropriation>
<Code>0121</Code>
<Name>NSF RESEARCH &amp; RELATED ACTIVIT</Name>
<APP_SYMB_ID>040100</APP_SYMB_ID>
</Appropriation>
<FUND_OBLG>2021~276000</FUND_OBLG>
</Award>
</rootTag>
