<?xml version="1.0" encoding="UTF-8"?>
<rootTag>
<Award>
<AwardTitle>Stability and Instability in Conservative Dynamical Systems</AwardTitle>
<AGENCY>NSF</AGENCY>
<AwardEffectiveDate>09/01/2021</AwardEffectiveDate>
<AwardExpirationDate>08/31/2024</AwardExpirationDate>
<AwardTotalIntnAmount>312353.00</AwardTotalIntnAmount>
<AwardAmount>98386</AwardAmount>
<AwardInstrument>
<Value>Continuing Grant</Value>
</AwardInstrument>
<Organization>
<Code>03040000</Code>
<Directorate>
<Abbreviation>MPS</Abbreviation>
<LongName>Direct For Mathematical &amp; Physical Scien</LongName>
</Directorate>
<Division>
<Abbreviation>DMS</Abbreviation>
<LongName>Division Of Mathematical Sciences</LongName>
</Division>
</Organization>
<ProgramOfficer>
<SignBlockName>Marian Bocea</SignBlockName>
<PO_EMAI>mbocea@nsf.gov</PO_EMAI>
<PO_PHON>7032922595</PO_PHON>
</ProgramOfficer>
<AbstractNarration>The theory of dynamical systems seeks to describe the behavior of systems that evolve with time, such as the motion of planets or of gas particles in the air. Dynamical systems play an important role in mathematics, as well as having numerous applications in physics, biology, computer science and other sciences. Their range of application is growing, and will continue to grow given the widespread use of mathematical models by scientists and engineers.  A modern view of dynamical systems contains three classes, called elliptic, parabolic and hyperbolic, depending on the increasing sensitivity to initial conditions of the system. The principal investigator will study this classification, with particular interest paid to the interconnections between the three classes and their interactions with various areas of mathematics and other sciences. The large span of the project provides rich training opportunities for graduate students. In addition, there are likely to be successful transfers of methodologies from one field to another in the theory of dynamical systems. &lt;br/&gt;&lt;br/&gt;Elliptic dynamics often refers to recurrent behavior in dynamical systems that is at the other end of the spectrum from chaotic dynamics. The systems with stable asymptotic behavior that are best represented by quasi-periodic motions on tori, and which appear for example in KAM theory, are within elliptic dynamics. But instability is also possible in elliptic dynamics, due to the so-called Liouville phenomena, where the existence of fast periodic approximations may be the source of very complex ergodic behavior. Since chaotic dynamics, that is best represented by hyperbolic dynamical systems, is associated with exponential growth of orbit complexity, one may consider slow growth of various characteristics of such complexity as a hallmark of elliptic dynamics. In between the elliptic and the hyperbolic world lie the so-called parabolic dynamical systems, that are best represented by unipotent actions on homogeneous spaces. The polynomial shear or rate of separation between orbits of these flows makes their ergodic theory very special. The goal of this project is to push forward the study of these three paradigms, as well as to explore the interconnections between them. Some main directions are: KAM stability results beyond the classical theory; robust  unstable behavior in analytic Hamiltonian dynamics; approximation by the conjugation method  beyond its usual limits; extension of Ratner theory to non-algebraic parabolic flows; developing a KAM rigidity theory for higher rank parabolic actions; developing limit laws for higher rank hyperbolic actions and exploiting them in a systematic approach to Diophantine approximation theory; counting problems from a statistical point of view.&lt;br/&gt;&lt;br/&gt;This award reflects NSF's statutory mission and has been deemed worthy of support through evaluation using the Foundation's intellectual merit and broader impacts review criteria.</AbstractNarration>
<MinAmdLetterDate>06/25/2021</MinAmdLetterDate>
<MaxAmdLetterDate>06/25/2021</MaxAmdLetterDate>
<ARRAAmount/>
<TRAN_TYPE>Grant</TRAN_TYPE>
<CFDA_NUM>47.049</CFDA_NUM>
<NSF_PAR_USE_FLAG>1</NSF_PAR_USE_FLAG>
<FUND_AGCY_CODE>4900</FUND_AGCY_CODE>
<AWDG_AGCY_CODE>4900</AWDG_AGCY_CODE>
<AwardID>2101464</AwardID>
<Investigator>
<FirstName>Bassam</FirstName>
<LastName>Fayad</LastName>
<PI_MID_INIT/>
<PI_SUFX_NAME/>
<PI_FULL_NAME>Bassam Fayad</PI_FULL_NAME>
<EmailAddress>bassam.fayad@gmail.com</EmailAddress>
<PI_PHON>3014055403</PI_PHON>
<NSF_ID>000839735</NSF_ID>
<StartDate>06/25/2021</StartDate>
<EndDate/>
<RoleCode>Principal Investigator</RoleCode>
</Investigator>
<Institution>
<Name>University of Maryland, College Park</Name>
<CityName>College Park</CityName>
<ZipCode>207425141</ZipCode>
<PhoneNumber>3014056269</PhoneNumber>
<StreetAddress>3112 LEE BLDG 7809 Regents Drive</StreetAddress>
<StreetAddress2/>
<CountryName>United States</CountryName>
<StateName>Maryland</StateName>
<StateCode>MD</StateCode>
<CONGRESSDISTRICT>05</CONGRESSDISTRICT>
<CONGRESS_DISTRICT_ORG>MD05</CONGRESS_DISTRICT_ORG>
<ORG_DUNS_NUM>790934285</ORG_DUNS_NUM>
<ORG_LGL_BUS_NAME>UNIVERSITY OF MARYLAND, COLLEGE PARK</ORG_LGL_BUS_NAME>
<ORG_PRNT_DUNS_NUM>003256088</ORG_PRNT_DUNS_NUM>
</Institution>
<Performance_Institution>
<Name><![CDATA[University of Maryland College Park]]></Name>
<CityName>College Park</CityName>
<StateCode>MD</StateCode>
<ZipCode>207421800</ZipCode>
<StreetAddress><![CDATA[4176 Campus Dr.]]></StreetAddress>
<CountryCode>US</CountryCode>
<CountryName>United States</CountryName>
<StateName>Maryland</StateName>
<CountryFlag>1</CountryFlag>
<CONGRESSDISTRICT>05</CONGRESSDISTRICT>
<CONGRESS_DISTRICT_PERF>MD05</CONGRESS_DISTRICT_PERF>
</Performance_Institution>
<ProgramElement>
<Code>1281</Code>
<Text>ANALYSIS PROGRAM</Text>
</ProgramElement>
<Appropriation>
<Code>0121</Code>
<Name>NSF RESEARCH &amp; RELATED ACTIVIT</Name>
<APP_SYMB_ID>040100</APP_SYMB_ID>
</Appropriation>
<FUND_OBLG>2021~98386</FUND_OBLG>
</Award>
</rootTag>
