<?xml version="1.0" encoding="UTF-8"?>
<rootTag>
<Award>
<AwardTitle>Modular Symbols in Arithmetic</AwardTitle>
<AGENCY>NSF</AGENCY>
<AwardEffectiveDate>09/01/2021</AwardEffectiveDate>
<AwardExpirationDate>08/31/2024</AwardExpirationDate>
<AwardTotalIntnAmount>370000.00</AwardTotalIntnAmount>
<AwardAmount>126402</AwardAmount>
<AwardInstrument>
<Value>Continuing Grant</Value>
</AwardInstrument>
<Organization>
<Code>03040000</Code>
<Directorate>
<Abbreviation>MPS</Abbreviation>
<LongName>Direct For Mathematical &amp; Physical Scien</LongName>
</Directorate>
<Division>
<Abbreviation>DMS</Abbreviation>
<LongName>Division Of Mathematical Sciences</LongName>
</Division>
</Organization>
<ProgramOfficer>
<SignBlockName>Michelle Manes</SignBlockName>
<PO_EMAI>mmanes@nsf.gov</PO_EMAI>
<PO_PHON>7032924870</PO_PHON>
</ProgramOfficer>
<AbstractNarration>The focus of this research project is in number theory, an ancient subject that grew out of the study of arithmetic properties of the integers. Today, connections between arithmetic objects of different mathematical natures (algebraic, geometric, and analytic) form a hallmark of this field. The research in this award fits into this theme while exploring deep connections that were perhaps unexpected until recently. The general principle of the research is that certain algebraic problems can be reinterpreted as geometric problems in a higher dimension: for example, paths on a certain curve determine certain “products” of arithmetically interesting numbers. The research of the PI aims to uncover intricate but explicit relationships of this sort with the broad aim of providing a window through which well-known conjectures and statements of arithmetic may be seen in a new light. Graduate students supported by the award will receive training to contribute towards the research.&lt;br/&gt;&lt;br/&gt;The research supported by this award concerns analogues of a partly conjectural relationship between modular symbols and Steinberg symbols of cyclotomic units. This says roughly that class groups of cyclotomic fields are explicitly determined by and determine homology groups of modular curves reduced modulo Eisenstein ideals: an explicit map on symbols is expected to be inverse to a map constructed from the Galois action on the cohomology of a modular curve. The primary focus of the award is the extension of the framework and known results to higher-dimensional algebraic groups and other global fields. In particular, the PI plans to significantly generalize a motivic construction of the explicit map in the original conjecture and to analyze Galois representations that should give the inverse maps in cases of arithmetic interest. The overall expectation is that the geometry of locally symmetric spaces should explicitly determine the arithmetic of lattices in Galois representations, which is to say the structure of Selmer groups.&lt;br/&gt;&lt;br/&gt;This award reflects NSF's statutory mission and has been deemed worthy of support through evaluation using the Foundation's intellectual merit and broader impacts review criteria.</AbstractNarration>
<MinAmdLetterDate>07/08/2021</MinAmdLetterDate>
<MaxAmdLetterDate>07/08/2021</MaxAmdLetterDate>
<ARRAAmount/>
<TRAN_TYPE>Grant</TRAN_TYPE>
<CFDA_NUM>47.049</CFDA_NUM>
<NSF_PAR_USE_FLAG>1</NSF_PAR_USE_FLAG>
<FUND_AGCY_CODE>4900</FUND_AGCY_CODE>
<AWDG_AGCY_CODE>4900</AWDG_AGCY_CODE>
<AwardID>2101889</AwardID>
<Investigator>
<FirstName>Romyar</FirstName>
<LastName>Sharifi</LastName>
<PI_MID_INIT>T</PI_MID_INIT>
<PI_SUFX_NAME/>
<PI_FULL_NAME>Romyar T Sharifi</PI_FULL_NAME>
<EmailAddress>sharifi@math.ucla.edu</EmailAddress>
<PI_PHON>3108254984</PI_PHON>
<NSF_ID>000404680</NSF_ID>
<StartDate>07/08/2021</StartDate>
<EndDate/>
<RoleCode>Principal Investigator</RoleCode>
</Investigator>
<Institution>
<Name>University of California-Los Angeles</Name>
<CityName>LOS ANGELES</CityName>
<ZipCode>900951406</ZipCode>
<PhoneNumber>3107940102</PhoneNumber>
<StreetAddress>10889 Wilshire Boulevard</StreetAddress>
<StreetAddress2><![CDATA[Suite 700]]></StreetAddress2>
<CountryName>United States</CountryName>
<StateName>California</StateName>
<StateCode>CA</StateCode>
<CONGRESSDISTRICT>33</CONGRESSDISTRICT>
<CONGRESS_DISTRICT_ORG>CA33</CONGRESS_DISTRICT_ORG>
<ORG_DUNS_NUM>092530369</ORG_DUNS_NUM>
<ORG_LGL_BUS_NAME>UNIVERSITY OF CALIFORNIA, LOS ANGELES</ORG_LGL_BUS_NAME>
<ORG_PRNT_DUNS_NUM>071549000</ORG_PRNT_DUNS_NUM>
</Institution>
<Performance_Institution>
<Name><![CDATA[University of California-Los Angeles]]></Name>
<CityName>Los Angeles</CityName>
<StateCode>CA</StateCode>
<ZipCode>900951406</ZipCode>
<StreetAddress><![CDATA[520 Portola Plaza, MS 6191]]></StreetAddress>
<CountryCode>US</CountryCode>
<CountryName>United States</CountryName>
<StateName>California</StateName>
<CountryFlag>1</CountryFlag>
<CONGRESSDISTRICT>33</CONGRESSDISTRICT>
<CONGRESS_DISTRICT_PERF>CA33</CONGRESS_DISTRICT_PERF>
</Performance_Institution>
<ProgramElement>
<Code>1264</Code>
<Text>ALGEBRA,NUMBER THEORY,AND COM</Text>
</ProgramElement>
<Appropriation>
<Code>0121</Code>
<Name>NSF RESEARCH &amp; RELATED ACTIVIT</Name>
<APP_SYMB_ID>040100</APP_SYMB_ID>
</Appropriation>
<FUND_OBLG>2021~126402</FUND_OBLG>
</Award>
</rootTag>
