<?xml version="1.0" encoding="UTF-8"?>
<rootTag>
<Award>
<AwardTitle>Collaborative Research: Toric Geometry, Tropical Geometry, and Combinatorial Buildings</AwardTitle>
<AGENCY>NSF</AGENCY>
<AwardEffectiveDate>09/01/2021</AwardEffectiveDate>
<AwardExpirationDate>08/31/2024</AwardExpirationDate>
<AwardTotalIntnAmount>160000.00</AwardTotalIntnAmount>
<AwardAmount>160000</AwardAmount>
<AwardInstrument>
<Value>Standard Grant</Value>
</AwardInstrument>
<Organization>
<Code>03040000</Code>
<Directorate>
<Abbreviation>MPS</Abbreviation>
<LongName>Direct For Mathematical &amp; Physical Scien</LongName>
</Directorate>
<Division>
<Abbreviation>DMS</Abbreviation>
<LongName>Division Of Mathematical Sciences</LongName>
</Division>
</Organization>
<ProgramOfficer>
<SignBlockName>James Matthew Douglass</SignBlockName>
<PO_EMAI>mdouglas@nsf.gov</PO_EMAI>
<PO_PHON>7032922467</PO_PHON>
</ProgramOfficer>
<AbstractNarration>This project involves research at the intersection of algebraic geometry and combinatorics. Algebraic geometry is the study of solution sets of polynomial equations called algebraic varieties. It has applications in many fields as diverse as high energy physics, coding, cryptography, and mathematical biology. Understanding how the shape of the solution set changes as the coefficients are varied is one of the oldest and central questions in the field. Such continuous deformations, which appear in all branches of algebraic geometry and its applications, are called algebraic families. An important example is the geometric Langlands program, which is concerned with understanding principal bundles on curves, a very special class of families. Bundles are also main players in gauge theory in high energy physics. Algebraic families are the central focus of this project. The research aims to introduce new methods to classify and compute with algebraic families. The project will provide research training opportunities for graduate students.&lt;br/&gt;&lt;br/&gt;Toric varieties are a large class of varieties whose geometry is intimately connected with combinatorics of convex lattice polytopes. They play a central role in contemporary algebraic geometry. Tropical geometry, a relatively recent area of research, concerns study of piecewise linear geometry and has roots in convex optimization. Tropical geometry translates numerous questions in algebra and geometry into combinatorial and convex geometric questions that are often more tractable. The theory of buildings is an area of combinatorial geometry that has deep connections with topology and differential geometry. It aims to unravel hidden combinatorial geometric structures in matrix groups and related spaces. The topics of this research revolve around the common theme of studying families of algebraic varieties over a toric variety, or a toric family for short. The main insight is that the combinatorics needed to understand toric families comes from both tropical geometry and the theory of buildings. The approach followed in this project will lead to the development of new techniques in algebraic geometry and related fields.&lt;br/&gt;&lt;br/&gt;This award reflects NSF's statutory mission and has been deemed worthy of support through evaluation using the Foundation's intellectual merit and broader impacts review criteria.</AbstractNarration>
<MinAmdLetterDate>08/03/2021</MinAmdLetterDate>
<MaxAmdLetterDate>08/03/2021</MaxAmdLetterDate>
<ARRAAmount/>
<TRAN_TYPE>Grant</TRAN_TYPE>
<CFDA_NUM>47.049</CFDA_NUM>
<NSF_PAR_USE_FLAG>1</NSF_PAR_USE_FLAG>
<FUND_AGCY_CODE>4900</FUND_AGCY_CODE>
<AWDG_AGCY_CODE>4900</AWDG_AGCY_CODE>
<AwardID>2101911</AwardID>
<Investigator>
<FirstName>Christopher</FirstName>
<LastName>Manon</LastName>
<PI_MID_INIT>A</PI_MID_INIT>
<PI_SUFX_NAME/>
<PI_FULL_NAME>Christopher A Manon</PI_FULL_NAME>
<EmailAddress>Christopher.Manon@uky.edu</EmailAddress>
<PI_PHON>2085982504</PI_PHON>
<NSF_ID>000514637</NSF_ID>
<StartDate>08/03/2021</StartDate>
<EndDate/>
<RoleCode>Principal Investigator</RoleCode>
</Investigator>
<Institution>
<Name>University of Kentucky Research Foundation</Name>
<CityName>Lexington</CityName>
<ZipCode>405260001</ZipCode>
<PhoneNumber>8592579420</PhoneNumber>
<StreetAddress>109 Kinkead Hall</StreetAddress>
<StreetAddress2/>
<CountryName>United States</CountryName>
<StateName>Kentucky</StateName>
<StateCode>KY</StateCode>
<CONGRESSDISTRICT>06</CONGRESSDISTRICT>
<CONGRESS_DISTRICT_ORG>KY06</CONGRESS_DISTRICT_ORG>
<ORG_DUNS_NUM>939017877</ORG_DUNS_NUM>
<ORG_LGL_BUS_NAME>UNIVERSITY OF KENTUCKY</ORG_LGL_BUS_NAME>
<ORG_PRNT_DUNS_NUM>007400724</ORG_PRNT_DUNS_NUM>
</Institution>
<Performance_Institution>
<Name><![CDATA[University of Kentucky Research Foundation]]></Name>
<CityName>Lexington</CityName>
<StateCode>KY</StateCode>
<ZipCode>405260001</ZipCode>
<StreetAddress><![CDATA[500 S Limestone 109 Kinkead Hall]]></StreetAddress>
<CountryCode>US</CountryCode>
<CountryName>United States</CountryName>
<StateName>Kentucky</StateName>
<CountryFlag>1</CountryFlag>
<CONGRESSDISTRICT>06</CONGRESSDISTRICT>
<CONGRESS_DISTRICT_PERF>KY06</CONGRESS_DISTRICT_PERF>
</Performance_Institution>
<ProgramElement>
<Code>7970</Code>
<Text>Combinatorics</Text>
</ProgramElement>
<ProgramReference>
<Code>9150</Code>
<Text>EXP PROG TO STIM COMP RES</Text>
</ProgramReference>
<Appropriation>
<Code>0121</Code>
<Name>NSF RESEARCH &amp; RELATED ACTIVIT</Name>
<APP_SYMB_ID>040100</APP_SYMB_ID>
</Appropriation>
<FUND_OBLG>2021~160000</FUND_OBLG>
</Award>
</rootTag>
