<?xml version="1.0" encoding="UTF-8"?>
<rootTag>
<Award>
<AwardTitle>Facilitating Formative Feedback: Using Simulations to Impact the Capability of Novice Mathematics Teachers</AwardTitle>
<AGENCY>NSF</AGENCY>
<AwardEffectiveDate>09/01/2021</AwardEffectiveDate>
<AwardExpirationDate>08/31/2025</AwardExpirationDate>
<AwardTotalIntnAmount>2974545.00</AwardTotalIntnAmount>
<AwardAmount>1428709</AwardAmount>
<AwardInstrument>
<Value>Continuing Grant</Value>
</AwardInstrument>
<Organization>
<Code>11090000</Code>
<Directorate>
<Abbreviation>EHR</Abbreviation>
<LongName>Direct For Education and Human Resources</LongName>
</Directorate>
<Division>
<Abbreviation>DRL</Abbreviation>
<LongName>Division Of Research On Learning</LongName>
</Division>
</Organization>
<ProgramOfficer>
<SignBlockName>Michael Steele</SignBlockName>
<PO_EMAI>msteele@nsf.gov</PO_EMAI>
<PO_PHON>7032924313</PO_PHON>
</ProgramOfficer>
<AbstractNarration>During their initial teacher preparation experiences, preservice teachers need meaningful formative assessment that can support them in developing their skills and practices as new teachers of mathematics. While field placements offer some such opportunities, too often preservice teachers are not able to see, experience, and enact a full range of research-based effective mathematics teaching practices. This Level II four-year Design and Development Study in the Assessment strand explores the ways in which thoughtfully designed simulations can provide preservice teachers with formative assessment opportunities that serve as a complement to, or alternative to as needed, feedback derived from field placement contexts. A set of simulations will be designed with a focus on eliciting and interpreting student thinking. These simulations will be used with preservice teachers in three elementary teacher preparation programs of varying size and demographics. Data will be collected to understand the ways in which the feedback from engaging in the simulations serves to strengthen preservice teachers' abilities to elicit and interpret student thinking through an analysis of performance in the simulations, interviews with preservice teachers, and feedback from teacher educators. An associated study will establish the reliability and validity of the simulations as assessment tools.&lt;br/&gt;&lt;br/&gt;Simulations will be developed and tested in three cycles, with iterative improvements made between each cycle. The first cycle will involve 10 preservice teachers in a pilot study separate from participation in a course, in which preservice teachers engage in a simulation, receive formative feedback, and engage in a second similar simulation. This cycle will evaluate the extent to which feedback appears to influence subsequent performance. In the second cycle, the project will work with three teacher educators in diverse contexts to enact the simulations with all preservice teachers in one section of their elementary mathematics methods courses. In the final cycle, the use of the simulations will shift from a research team actor playing the role of the student to a site-based actor recruited by the teacher educators at each of the three institutions. To validate the tools, researcher reliability and teacher educator reliability studies will be conducted to asses the extent to which the four different simulation assessments provide consistent feedback on the targeted teaching practices and the extent to which the scoring of the assessments are reliable. A G study (generalizability study) will be conducted to evaluate the extent to which the teacher participant is the primary source of variation as compared to variations from student actors or the rater administering the assessment. Results will be disseminated in a variety of mathematics education settings and the simulation materials will be made available to practitioners and adapted for additional use in  mixed-reality simulation platforms.&lt;br/&gt;&lt;br/&gt;This award reflects NSF's statutory mission and has been deemed worthy of support through evaluation using the Foundation's intellectual merit and broader impacts review criteria.</AbstractNarration>
<MinAmdLetterDate>06/08/2021</MinAmdLetterDate>
<MaxAmdLetterDate>06/08/2021</MaxAmdLetterDate>
<ARRAAmount/>
<TRAN_TYPE>Grant</TRAN_TYPE>
<CFDA_NUM>47.076</CFDA_NUM>
<NSF_PAR_USE_FLAG>1</NSF_PAR_USE_FLAG>
<FUND_AGCY_CODE>4900</FUND_AGCY_CODE>
<AWDG_AGCY_CODE>4900</AWDG_AGCY_CODE>
<AwardID>2101343</AwardID>
<Investigator>
<FirstName>Daniel</FirstName>
<LastName>Heck</LastName>
<PI_MID_INIT>J</PI_MID_INIT>
<PI_SUFX_NAME/>
<PI_FULL_NAME>Daniel J Heck</PI_FULL_NAME>
<EmailAddress>dheck@horizon-research.com</EmailAddress>
<PI_PHON>9194891725</PI_PHON>
<NSF_ID>000252823</NSF_ID>
<StartDate>06/08/2021</StartDate>
<EndDate/>
<RoleCode>Co-Principal Investigator</RoleCode>
</Investigator>
<Investigator>
<FirstName>Tim</FirstName>
<LastName>Boerst</LastName>
<PI_MID_INIT/>
<PI_SUFX_NAME/>
<PI_FULL_NAME>Tim Boerst</PI_FULL_NAME>
<EmailAddress>tboerst@umich.edu</EmailAddress>
<PI_PHON>7346159048</PI_PHON>
<NSF_ID>000540122</NSF_ID>
<StartDate>06/08/2021</StartDate>
<EndDate/>
<RoleCode>Co-Principal Investigator</RoleCode>
</Investigator>
<Investigator>
<FirstName>Meghan</FirstName>
<LastName>Shaughnessy</LastName>
<PI_MID_INIT/>
<PI_SUFX_NAME/>
<PI_FULL_NAME>Meghan Shaughnessy</PI_FULL_NAME>
<EmailAddress>mshaugh@bu.edu</EmailAddress>
<PI_PHON>5102958824</PI_PHON>
<NSF_ID>000635758</NSF_ID>
<StartDate>06/08/2021</StartDate>
<EndDate/>
<RoleCode>Principal Investigator</RoleCode>
</Investigator>
<Investigator>
<FirstName>Evelyn</FirstName>
<LastName>Gordon</LastName>
<PI_MID_INIT>M</PI_MID_INIT>
<PI_SUFX_NAME/>
<PI_FULL_NAME>Evelyn M Gordon</PI_FULL_NAME>
<EmailAddress>egordon@horizon-research.com</EmailAddress>
<PI_PHON>9196190637</PI_PHON>
<NSF_ID>000678740</NSF_ID>
<StartDate>06/08/2021</StartDate>
<EndDate/>
<RoleCode>Co-Principal Investigator</RoleCode>
</Investigator>
<Investigator>
<FirstName>Nicole</FirstName>
<LastName>Garcia</LastName>
<PI_MID_INIT>M</PI_MID_INIT>
<PI_SUFX_NAME/>
<PI_FULL_NAME>Nicole M Garcia</PI_FULL_NAME>
<EmailAddress>nmgarcia@umich.edu</EmailAddress>
<PI_PHON>7349368905</PI_PHON>
<NSF_ID>000713330</NSF_ID>
<StartDate>06/08/2021</StartDate>
<EndDate/>
<RoleCode>Co-Principal Investigator</RoleCode>
</Investigator>
<Institution>
<Name>Trustees of Boston University</Name>
<CityName>BOSTON</CityName>
<ZipCode>022151300</ZipCode>
<PhoneNumber>6173534365</PhoneNumber>
<StreetAddress>881 COMMONWEALTH AVE</StreetAddress>
<StreetAddress2/>
<CountryName>United States</CountryName>
<StateName>Massachusetts</StateName>
<StateCode>MA</StateCode>
<CONGRESSDISTRICT>07</CONGRESSDISTRICT>
<CONGRESS_DISTRICT_ORG>MA07</CONGRESS_DISTRICT_ORG>
<ORG_DUNS_NUM>049435266</ORG_DUNS_NUM>
<ORG_LGL_BUS_NAME>TRUSTEES OF BOSTON UNIVERSITY</ORG_LGL_BUS_NAME>
<ORG_PRNT_DUNS_NUM>049435266</ORG_PRNT_DUNS_NUM>
</Institution>
<Performance_Institution>
<Name><![CDATA[Boston University]]></Name>
<CityName>Boston</CityName>
<StateCode>MA</StateCode>
<ZipCode>022151300</ZipCode>
<StreetAddress><![CDATA[881 Commonwealth Avenue]]></StreetAddress>
<CountryCode>US</CountryCode>
<CountryName>United States</CountryName>
<StateName>Massachusetts</StateName>
<CountryFlag>1</CountryFlag>
<CONGRESSDISTRICT>07</CONGRESSDISTRICT>
<CONGRESS_DISTRICT_PERF>MA07</CONGRESS_DISTRICT_PERF>
</Performance_Institution>
<ProgramElement>
<Code>7645</Code>
<Text>Discovery Research K-12</Text>
</ProgramElement>
<Appropriation>
<Code>0421</Code>
<Name>NSF Education &amp; Human Resource</Name>
<APP_SYMB_ID>040106</APP_SYMB_ID>
</Appropriation>
<FUND_OBLG>2021~1428709</FUND_OBLG>
</Award>
</rootTag>
