<?xml version="1.0" encoding="UTF-8"?>
<rootTag>
<Award>
<AwardTitle>Synthesis and Structure Analysis of Natural Products</AwardTitle>
<AGENCY>NSF</AGENCY>
<AwardEffectiveDate>05/01/2021</AwardEffectiveDate>
<AwardExpirationDate>04/30/2024</AwardExpirationDate>
<AwardTotalIntnAmount>485005.00</AwardTotalIntnAmount>
<AwardAmount>485005</AwardAmount>
<AwardInstrument>
<Value>Standard Grant</Value>
</AwardInstrument>
<Organization>
<Code>03090000</Code>
<Directorate>
<Abbreviation>MPS</Abbreviation>
<LongName>Direct For Mathematical &amp; Physical Scien</LongName>
</Directorate>
<Division>
<Abbreviation>CHE</Abbreviation>
<LongName>Division Of Chemistry</LongName>
</Division>
</Organization>
<ProgramOfficer>
<SignBlockName>Jin Cha</SignBlockName>
<PO_EMAI>jcha@nsf.gov</PO_EMAI>
<PO_PHON>7032922461</PO_PHON>
</ProgramOfficer>
<AbstractNarration>With the support of the Chemical Synthesis (SYN) Program in the Division of Chemistry, Professor Scott Rychnovsky of the University of California, Irvine is developing new strategies to assign the structure and handedness of molecules. Molecules may exist in two possible mirror-image forms, which are commonly described as right-handed or left-handed structures. New molecules are isolated from plants and animals, and are created in the lab by chemists. The structure of molecules determine their physical properties such as their physical form, liquid or solid, and how they interact with living systems. Odor and taste come from the shape and structure of a molecule.  More significantly, molecular drugs are effective because their shapes interact with proteins to alleviate diseases. The Rychnovsky group is using osmium complexes to simplify the determination of structure of new molecules, as well as computer modeling. In difficult cases, the final step to proving a structure consists of constructing the molecule in a lab from simpler components—chemical synthesis. Undergraduate and graduate students will carry out the research for this project. UC Irvine is a Hispanic Serving Institution, providing ample opportunities to recruit talented Hispanic (and other minority) students to participate in this project. Professor Rychnovsky works with the faculty at Santiago Community College to help their students develop their research skills and expertise. This project is expected to have a strong impact on student training, helping to build the future STEM (science, technology, engineering and mathematics) workforce for both careers in industry and in academia.&lt;br/&gt;&lt;br/&gt;The award supports the development of osmate derivatives to improve the crystallinity of complex molecules. Osmates are often highly crystalline, and the density of the osmium metal facilitates the determination of structure and handedness by X-ray crystallography (anomalous dispersion).  Chemical synthesis tools are also being developed, including a new intramolecular Diels-Alder reaction that builds new six-membered rings with easily predicted geometries. Computational modeling of spectroscopic properties is used to test plausible structure to determine if they correctly match the newly isolated molecular structures. Comparing the computer-predicted properties with the measured properties is a powerful technique to determine molecular structure. A final test is to build the best proposed structure from simpler fragments to prove that it matches the newly isolated molecule. The research is well suited for the training of undergraduate and graduate scientists, and students with diverse backgrounds are recruited to participate in this project. Santiago Community College has many students who transfer to the UC system, but they rarely have the opportunity to participate in research projects. Professor Rychnovsky works with the faculty there to recruit summer students to take part in this research program, thus providing an avenue for community college students to develop research skills and experience.&lt;br/&gt;&lt;br/&gt;This award reflects NSF's statutory mission and has been deemed worthy of support through evaluation using the Foundation's intellectual merit and broader impacts review criteria.</AbstractNarration>
<MinAmdLetterDate>04/29/2021</MinAmdLetterDate>
<MaxAmdLetterDate>04/29/2021</MaxAmdLetterDate>
<ARRAAmount/>
<TRAN_TYPE>Grant</TRAN_TYPE>
<CFDA_NUM>47.049</CFDA_NUM>
<NSF_PAR_USE_FLAG>1</NSF_PAR_USE_FLAG>
<FUND_AGCY_CODE>4900</FUND_AGCY_CODE>
<AWDG_AGCY_CODE>4900</AWDG_AGCY_CODE>
<AwardID>2101674</AwardID>
<Investigator>
<FirstName>Scott</FirstName>
<LastName>Rychnovsky</LastName>
<PI_MID_INIT/>
<PI_SUFX_NAME/>
<PI_FULL_NAME>Scott Rychnovsky</PI_FULL_NAME>
<EmailAddress>srychnov@uci.edu</EmailAddress>
<PI_PHON>9498248292</PI_PHON>
<NSF_ID>000392304</NSF_ID>
<StartDate>04/29/2021</StartDate>
<EndDate/>
<RoleCode>Principal Investigator</RoleCode>
</Investigator>
<Institution>
<Name>University of California-Irvine</Name>
<CityName>Irvine</CityName>
<CountyName/>
<ZipCode>926977600</ZipCode>
<PhoneNumber>9498247295</PhoneNumber>
<StreetAddress>160 Aldrich Hall</StreetAddress>
<StreetAddress2/>
<CountryName>United States</CountryName>
<StateName>California</StateName>
<StateCode>CA</StateCode>
<CONGRESSDISTRICT>45</CONGRESSDISTRICT>
<CONGRESS_DISTRICT_ORG>CA45</CONGRESS_DISTRICT_ORG>
<ORG_DUNS_NUM>046705849</ORG_DUNS_NUM>
<ORG_LGL_BUS_NAME>UNIVERSITY OF CALIFORNIA, IRVINE</ORG_LGL_BUS_NAME>
<ORG_PRNT_DUNS_NUM>071549000</ORG_PRNT_DUNS_NUM>
</Institution>
<Performance_Institution>
<Name><![CDATA[University of California-Irvine]]></Name>
<CityName>Irvine</CityName>
<CountyName/>
<StateCode>CA</StateCode>
<ZipCode>926972025</ZipCode>
<StreetAddress><![CDATA[1102 Natural Sciences 2]]></StreetAddress>
<CountryCode>US</CountryCode>
<CountryName>United States</CountryName>
<StateName>California</StateName>
<CountryFlag>1</CountryFlag>
<CONGRESSDISTRICT>45</CONGRESSDISTRICT>
<CONGRESS_DISTRICT_PERF>CA45</CONGRESS_DISTRICT_PERF>
</Performance_Institution>
<ProgramElement>
<Code>6878</Code>
<Text>Chemical Synthesis</Text>
</ProgramElement>
<ProgramReference>
<Code>8037</Code>
<Text>Advanced Manufacturing</Text>
</ProgramReference>
<ProgramReference>
<Code>9251</Code>
<Text>REU SUPP-Res Exp for Ugrd Supp</Text>
</ProgramReference>
<Appropriation>
<Code>0121</Code>
<Name>NSF RESEARCH &amp; RELATED ACTIVIT</Name>
<APP_SYMB_ID>040100</APP_SYMB_ID>
</Appropriation>
<FUND_OBLG>2021~485005</FUND_OBLG>
</Award>
</rootTag>
