<?xml version="1.0" encoding="UTF-8"?>
<rootTag>
<Award>
<AwardTitle>Zeros and Moments of L-Functions</AwardTitle>
<AGENCY>NSF</AGENCY>
<AwardEffectiveDate>07/01/2021</AwardEffectiveDate>
<AwardExpirationDate>06/30/2024</AwardExpirationDate>
<AwardTotalIntnAmount>230991.00</AwardTotalIntnAmount>
<AwardAmount>71798</AwardAmount>
<AwardInstrument>
<Value>Continuing Grant</Value>
</AwardInstrument>
<Organization>
<Code>03040000</Code>
<Directorate>
<Abbreviation>MPS</Abbreviation>
<LongName>Direct For Mathematical &amp; Physical Scien</LongName>
</Directorate>
<Division>
<Abbreviation>DMS</Abbreviation>
<LongName>Division Of Mathematical Sciences</LongName>
</Division>
</Organization>
<ProgramOfficer>
<SignBlockName>Andrew Pollington</SignBlockName>
<PO_EMAI>adpollin@nsf.gov</PO_EMAI>
<PO_PHON>7032924878</PO_PHON>
</ProgramOfficer>
<AbstractNarration>This award is in the area of analytic number theory, focusing on the study of L-functions, which play a central role in the field. L-functions are generalizations of the Riemann zeta function, which encodes important information about the distribution of prime numbers. More generally, L-functions package information about important arithmetic objects (such as the rank of an elliptic curve or the class number) which are of great interest. This project aims to develop new tools in the study of L-functions, particularly by focusing on their zeros and their central values, with the hope of extracting arithmetic information. The investigator will advise PhD students and provide mentorship to students coming from groups that are underrepresented in mathematics.&lt;br/&gt;&lt;br/&gt;The award will study moments and ratios of L-functions in families, both in the number field and in the function field setting. The final goal is that of understanding the mechanism through which lower-order terms in the moment asymptotics work and the structure of each family.  Another theme of the project is studying zeros of L-functions in families, focusing on obtaining vanishing and non-vanishing results. The methods employed will be analytic number theory techniques, including use of functional equations, summation formulas, exponential sums, sieve theory ideas and random matrix theory inspired insights.&lt;br/&gt;&lt;br/&gt;This award reflects NSF's statutory mission and has been deemed worthy of support through evaluation using the Foundation's intellectual merit and broader impacts review criteria.</AbstractNarration>
<MinAmdLetterDate>02/26/2021</MinAmdLetterDate>
<MaxAmdLetterDate>05/21/2021</MaxAmdLetterDate>
<ARRAAmount/>
<TRAN_TYPE>Grant</TRAN_TYPE>
<CFDA_NUM>47.049</CFDA_NUM>
<NSF_PAR_USE_FLAG>1</NSF_PAR_USE_FLAG>
<FUND_AGCY_CODE>4900</FUND_AGCY_CODE>
<AWDG_AGCY_CODE>4900</AWDG_AGCY_CODE>
<AwardID>2101769</AwardID>
<Investigator>
<FirstName>Alexandra</FirstName>
<LastName>Florea</LastName>
<PI_MID_INIT>M</PI_MID_INIT>
<PI_SUFX_NAME/>
<PI_FULL_NAME>Alexandra M Florea</PI_FULL_NAME>
<EmailAddress>alexandra.m.florea@gmail.com</EmailAddress>
<PI_PHON>6509337369</PI_PHON>
<NSF_ID>000731288</NSF_ID>
<StartDate>02/26/2021</StartDate>
<EndDate/>
<RoleCode>Principal Investigator</RoleCode>
</Investigator>
<Institution>
<Name>University of California-Irvine</Name>
<CityName>Irvine</CityName>
<ZipCode>926977600</ZipCode>
<PhoneNumber>9498247295</PhoneNumber>
<StreetAddress>160 Aldrich Hall</StreetAddress>
<StreetAddress2/>
<CountryName>United States</CountryName>
<StateName>California</StateName>
<StateCode>CA</StateCode>
<CONGRESSDISTRICT>45</CONGRESSDISTRICT>
<CONGRESS_DISTRICT_ORG>CA45</CONGRESS_DISTRICT_ORG>
<ORG_DUNS_NUM>046705849</ORG_DUNS_NUM>
<ORG_LGL_BUS_NAME>UNIVERSITY OF CALIFORNIA, IRVINE</ORG_LGL_BUS_NAME>
<ORG_PRNT_DUNS_NUM>071549000</ORG_PRNT_DUNS_NUM>
</Institution>
<Performance_Institution>
<Name><![CDATA[University of California Irvine]]></Name>
<CityName>Irvine</CityName>
<StateCode>CA</StateCode>
<ZipCode>926973875</ZipCode>
<StreetAddress><![CDATA[340 Rowland Hall (Bldg #400)]]></StreetAddress>
<CountryCode>US</CountryCode>
<CountryName>United States</CountryName>
<StateName>California</StateName>
<CountryFlag>1</CountryFlag>
<CONGRESSDISTRICT>45</CONGRESSDISTRICT>
<CONGRESS_DISTRICT_PERF>CA45</CONGRESS_DISTRICT_PERF>
</Performance_Institution>
<ProgramElement>
<Code>1264</Code>
<Text>ALGEBRA,NUMBER THEORY,AND COM</Text>
</ProgramElement>
<Appropriation>
<Code>0121</Code>
<Name>NSF RESEARCH &amp; RELATED ACTIVIT</Name>
<APP_SYMB_ID>040100</APP_SYMB_ID>
</Appropriation>
<FUND_OBLG>2021~71798</FUND_OBLG>
</Award>
</rootTag>
