<?xml version="1.0" encoding="UTF-8"?>
<rootTag>
<Award>
<AwardTitle>Quantitative Aspects of Arithmetic Statistics</AwardTitle>
<AGENCY>NSF</AGENCY>
<AwardEffectiveDate>09/01/2021</AwardEffectiveDate>
<AwardExpirationDate>08/31/2024</AwardExpirationDate>
<AwardTotalIntnAmount>191555.00</AwardTotalIntnAmount>
<AwardAmount>191555</AwardAmount>
<AwardInstrument>
<Value>Standard Grant</Value>
</AwardInstrument>
<Organization>
<Code>03040000</Code>
<Directorate>
<Abbreviation>MPS</Abbreviation>
<LongName>Direct For Mathematical &amp; Physical Scien</LongName>
</Directorate>
<Division>
<Abbreviation>DMS</Abbreviation>
<LongName>Division Of Mathematical Sciences</LongName>
</Division>
</Organization>
<ProgramOfficer>
<SignBlockName>Andrew Pollington</SignBlockName>
<PO_EMAI>adpollin@nsf.gov</PO_EMAI>
<PO_PHON>7032924878</PO_PHON>
</ProgramOfficer>
<AbstractNarration>Arithmetic statistics is concerned with the fundamental objects of number theory – such as number fields and ideal class groups, and asks questions such as how large they can be, or how common they are. It interfaces with a large number of areas of ongoing mathematical research, including algebraic number theory, algebraic geometry, representation theory, and Fourier analysis. The focus of this project will be the study of a family of problems in arithmetic statistics and applications to other problems in arithmetic statistics. The PI will continue his development of coursework, with associated book projects, at both the graduate and undergraduate levels, and the funding will also bolster the intellectual atmosphere in his home department, by funding graduate students, inviting visiting speakers, and assisting with the Columbia Math Circle.&lt;br/&gt;&lt;br/&gt;Technically, the research will focus on the improvement of upper bounds and error terms in arithmetic statistics. One aspect of the project will leverage the theory of Sato-Shintani zeta functions to improve error terms in various number field counting results, bypassing a known obstacle. A second aspect will bring harmonic analysis into Bhargava's averaging method, again leading to stronger quantitative results (with partial overlap with the first aspect). A third aspect aims to improve upon the best known general upper bound for counting number fields, which is joint work of the PI with Robert Lemke Oliver.&lt;br/&gt;&lt;br/&gt;This award reflects NSF's statutory mission and has been deemed worthy of support through evaluation using the Foundation's intellectual merit and broader impacts review criteria.</AbstractNarration>
<MinAmdLetterDate>08/16/2021</MinAmdLetterDate>
<MaxAmdLetterDate>08/16/2021</MaxAmdLetterDate>
<ARRAAmount/>
<TRAN_TYPE>Grant</TRAN_TYPE>
<CFDA_NUM>47.049</CFDA_NUM>
<NSF_PAR_USE_FLAG>1</NSF_PAR_USE_FLAG>
<FUND_AGCY_CODE>4900</FUND_AGCY_CODE>
<AWDG_AGCY_CODE>4900</AWDG_AGCY_CODE>
<AwardID>2101874</AwardID>
<Investigator>
<FirstName>Frank</FirstName>
<LastName>Thorne</LastName>
<PI_MID_INIT>H</PI_MID_INIT>
<PI_SUFX_NAME/>
<PI_FULL_NAME>Frank H Thorne</PI_FULL_NAME>
<EmailAddress>thorne@math.sc.edu</EmailAddress>
<PI_PHON>8037777527</PI_PHON>
<NSF_ID>000078559</NSF_ID>
<StartDate>08/16/2021</StartDate>
<EndDate/>
<RoleCode>Principal Investigator</RoleCode>
</Investigator>
<Institution>
<Name>University of South Carolina at Columbia</Name>
<CityName>COLUMBIA</CityName>
<ZipCode>292080001</ZipCode>
<PhoneNumber>8037777093</PhoneNumber>
<StreetAddress>Sponsored Awards Management</StreetAddress>
<StreetAddress2><![CDATA[1600 Hampton Street, Suite 414]]></StreetAddress2>
<CountryName>United States</CountryName>
<StateName>South Carolina</StateName>
<StateCode>SC</StateCode>
<CONGRESSDISTRICT>06</CONGRESSDISTRICT>
<CONGRESS_DISTRICT_ORG>SC06</CONGRESS_DISTRICT_ORG>
<ORG_DUNS_NUM>041387846</ORG_DUNS_NUM>
<ORG_LGL_BUS_NAME>UNIVERSITY OF SOUTH CAROLINA</ORG_LGL_BUS_NAME>
<ORG_PRNT_DUNS_NUM>041387846</ORG_PRNT_DUNS_NUM>
</Institution>
<Performance_Institution>
<Name><![CDATA[University of South Carolina at Columbia]]></Name>
<CityName>Columbia</CityName>
<StateCode>SC</StateCode>
<ZipCode>292084014</ZipCode>
<StreetAddress><![CDATA[1523 Greene Street]]></StreetAddress>
<CountryCode>US</CountryCode>
<CountryName>United States</CountryName>
<StateName>South Carolina</StateName>
<CountryFlag>1</CountryFlag>
<CONGRESSDISTRICT>06</CONGRESSDISTRICT>
<CONGRESS_DISTRICT_PERF>SC06</CONGRESS_DISTRICT_PERF>
</Performance_Institution>
<ProgramElement>
<Code>1264</Code>
<Text>ALGEBRA,NUMBER THEORY,AND COM</Text>
</ProgramElement>
<ProgramReference>
<Code>9150</Code>
<Text>EXP PROG TO STIM COMP RES</Text>
</ProgramReference>
<Appropriation>
<Code>0121</Code>
<Name>NSF RESEARCH &amp; RELATED ACTIVIT</Name>
<APP_SYMB_ID>040100</APP_SYMB_ID>
</Appropriation>
<FUND_OBLG>2021~191555</FUND_OBLG>
</Award>
</rootTag>
