<?xml version="1.0" encoding="UTF-8"?>
<rootTag>
<Award>
<AwardTitle>RUI: Arboreal Galois Groups and Nonarchimedean Dynamics</AwardTitle>
<AGENCY>NSF</AGENCY>
<AwardEffectiveDate>07/01/2021</AwardEffectiveDate>
<AwardExpirationDate>06/30/2024</AwardExpirationDate>
<AwardTotalIntnAmount>190106.00</AwardTotalIntnAmount>
<AwardAmount>190106</AwardAmount>
<AwardInstrument>
<Value>Standard Grant</Value>
</AwardInstrument>
<Organization>
<Code>03040000</Code>
<Directorate>
<Abbreviation>MPS</Abbreviation>
<LongName>Direct For Mathematical &amp; Physical Scien</LongName>
</Directorate>
<Division>
<Abbreviation>DMS</Abbreviation>
<LongName>Division Of Mathematical Sciences</LongName>
</Division>
</Organization>
<ProgramOfficer>
<SignBlockName>Michelle Manes</SignBlockName>
<PO_EMAI>mmanes@nsf.gov</PO_EMAI>
<PO_PHON>7032924870</PO_PHON>
</ProgramOfficer>
<AbstractNarration>This project concerns certain open questions in arithmetic dynamics, a field bridging number theory and dynamical systems. While the number-theoretic study of rational numbers and polynomial equations lies far from the chaos and fractals that arise in the study of dynamics, the two are tied together in this setting by p-adic dynamics. In addition, the PI will supervise undergraduate students in an REU summer research project to bolster their mathematical training. Any computational data produced in the REU will be published or posted on the web, for the benefit of the larger research community. Results from the project will also be disseminated via websites such as arXiv and via publication in mathematical journals.&lt;br/&gt;&lt;br/&gt;The specific questions to be studied arise in two areas within arithmetic dynamics: first, the action of Galois groups on dynamical orbits, and second, moduli spaces of nonarchimedean dynamical systems. On the Galois side, certain p-adic dynamical features are essential to exhibiting enough Galois automorphisms to generate the complicated Galois groups in question. On the moduli space side, nonarchimedean dynamics has evolved into an established field of research, but relatively little is currently known about one-parameter families of nonarchimedean dynamical systems. The project will focus on dynamics on the Berkovich projective line, the appropriate space on which one-variable nonarchimedean systems act. The problems to be explored are new areas that are continuations of rich theories with long histories in dynamics, Galois theory, and nonarchimedean analysis. In particular, the first topic promises to provide new dynamical tools for addressing the study of absolute Galois groups, while the second promises new approaches to moduli problems in arithmetic dynamical systems.&lt;br/&gt;&lt;br/&gt;This award reflects NSF's statutory mission and has been deemed worthy of support through evaluation using the Foundation's intellectual merit and broader impacts review criteria.</AbstractNarration>
<MinAmdLetterDate>06/07/2021</MinAmdLetterDate>
<MaxAmdLetterDate>06/07/2021</MaxAmdLetterDate>
<ARRAAmount/>
<TRAN_TYPE>Grant</TRAN_TYPE>
<CFDA_NUM>47.049</CFDA_NUM>
<NSF_PAR_USE_FLAG>1</NSF_PAR_USE_FLAG>
<FUND_AGCY_CODE>4900</FUND_AGCY_CODE>
<AWDG_AGCY_CODE>4900</AWDG_AGCY_CODE>
<AwardID>2101925</AwardID>
<Investigator>
<FirstName>Robert</FirstName>
<LastName>Benedetto</LastName>
<PI_MID_INIT>L</PI_MID_INIT>
<PI_SUFX_NAME/>
<PI_FULL_NAME>Robert L Benedetto</PI_FULL_NAME>
<EmailAddress>rlbenedetto@amherst.edu</EmailAddress>
<PI_PHON>4135428562</PI_PHON>
<NSF_ID>000227415</NSF_ID>
<StartDate>06/07/2021</StartDate>
<EndDate/>
<RoleCode>Principal Investigator</RoleCode>
</Investigator>
<Institution>
<Name>Amherst College</Name>
<CityName>Amherst</CityName>
<ZipCode>010025000</ZipCode>
<PhoneNumber>4135422804</PhoneNumber>
<StreetAddress>Controller's Office</StreetAddress>
<StreetAddress2><![CDATA[P.O. Box 5000]]></StreetAddress2>
<CountryName>United States</CountryName>
<StateName>Massachusetts</StateName>
<StateCode>MA</StateCode>
<CONGRESSDISTRICT>02</CONGRESSDISTRICT>
<CONGRESS_DISTRICT_ORG>MA02</CONGRESS_DISTRICT_ORG>
<ORG_DUNS_NUM>066985367</ORG_DUNS_NUM>
<ORG_LGL_BUS_NAME>AMHERST COLLEGE, TRUSTEES OF</ORG_LGL_BUS_NAME>
<ORG_PRNT_DUNS_NUM>066985367</ORG_PRNT_DUNS_NUM>
</Institution>
<Performance_Institution>
<Name><![CDATA[Amherst College]]></Name>
<CityName>Amherst</CityName>
<StateCode>MA</StateCode>
<ZipCode>010025000</ZipCode>
<StreetAddress><![CDATA[155 South Pleasant Street]]></StreetAddress>
<CountryCode>US</CountryCode>
<CountryName>United States</CountryName>
<StateName>Massachusetts</StateName>
<CountryFlag>1</CountryFlag>
<CONGRESSDISTRICT>02</CONGRESSDISTRICT>
<CONGRESS_DISTRICT_PERF>MA02</CONGRESS_DISTRICT_PERF>
</Performance_Institution>
<ProgramElement>
<Code>1264</Code>
<Text>ALGEBRA,NUMBER THEORY,AND COM</Text>
</ProgramElement>
<ProgramReference>
<Code>9229</Code>
<Text>RES IN UNDERGRAD INST-RESEARCH</Text>
</ProgramReference>
<ProgramReference>
<Code>9251</Code>
<Text>REU SUPP-Res Exp for Ugrd Supp</Text>
</ProgramReference>
<Appropriation>
<Code>0121</Code>
<Name>NSF RESEARCH &amp; RELATED ACTIVIT</Name>
<APP_SYMB_ID>040100</APP_SYMB_ID>
</Appropriation>
<FUND_OBLG>2021~190106</FUND_OBLG>
</Award>
</rootTag>
