<?xml version="1.0" encoding="UTF-8"?>
<rootTag>
<Award>
<AwardTitle>Multiscale Mechanisms of Dissolution and Reactivity of Calcium Aluminosilicate Glasses: Towards Rational Design of Low-Carbon Cement Substitutes</AwardTitle>
<AGENCY>NSF</AGENCY>
<AwardEffectiveDate>05/15/2021</AwardEffectiveDate>
<AwardExpirationDate>04/30/2024</AwardExpirationDate>
<AwardTotalIntnAmount>423685.00</AwardTotalIntnAmount>
<AwardAmount>423685</AwardAmount>
<AwardInstrument>
<Value>Standard Grant</Value>
</AwardInstrument>
<Organization>
<Code>07030000</Code>
<Directorate>
<Abbreviation>ENG</Abbreviation>
<LongName>Directorate For Engineering</LongName>
</Directorate>
<Division>
<Abbreviation>CMMI</Abbreviation>
<LongName>Div Of Civil, Mechanical, &amp; Manufact Inn</LongName>
</Division>
</Organization>
<ProgramOfficer>
<SignBlockName>Caglar Oskay</SignBlockName>
<PO_EMAI>coskay@nsf.gov</PO_EMAI>
<PO_PHON>7032927774</PO_PHON>
</ProgramOfficer>
<AbstractNarration>Cement, the binding agent of concrete, is the most widely used human-made material worldwide and is responsible for about 5 percent of global carbon emissions. Replacing cement in concrete has therefore emerged as one of the most effective strategies to mitigate the environmental impact of the concrete industry. The aim of this project is to formulate physics-based guidelines, using computer simulations and experimental testing, to advance the design of low-carbon cement substitute materials. Currently available low-carbon cement substitutes exhibit slow reactivity, and their availability continues to decline as the key supplier industries are phasing out for environmental reasons. The ability to predict and design the reactivity of low-carbon cement substitutes remains limited because of the poor understanding of the basic mechanisms that govern these reactions. This research aims to provide fundamental insight into the multiscale mechanisms that govern the reactivity of calcium aluminosilicate glasses, which are the main reactive phases in cement substitute materials. A comprehensive outreach plan developed in collaboration with local non-profit partners will also be implemented. The focus of the outreach plan is to promote scientific literacy and environmental leadership among K-12 students, especially those from underserved communities and underrepresented minorities in STEM. &lt;br/&gt;&lt;br/&gt;The goal of this research is to develop a fundamental understanding of the dissolution and reactivity of calcium aluminosilicate glasses as a function of glass structure and composition. The research will combine a multiscale framework based on density functional theory, molecular dynamics, and kinetic Monte Carlo simulations, together with glass characterization, dissolution measurements, and reactivity testing. This hybrid approach will bridge the gap between molecular-level understanding of glass reactivity and macroscopic reactivity measured in experiments. This research will result in the following outcomes: (1) full characterization of the reactivity spectrum of calcium aluminosilicate glasses at the molecular level, (2) fundamental understanding of the mechanisms that govern the dissolution behavior of calcium aluminosilicate glasses at the mesoscale, and (3) comprehensive understanding of the relationship between glass structure/composition, dissolution, and reactivity for a wide range of glass compositions. The findings from this work will shed light into the reactivity of disordered materials, which has broad cross-disciplinary applications, and will pave the way for the rational design of highly reactive low-carbon cement substitutes, a key step towards sustainable concrete.&lt;br/&gt;&lt;br/&gt;This award reflects NSF's statutory mission and has been deemed worthy of support through evaluation using the Foundation's intellectual merit and broader impacts review criteria.</AbstractNarration>
<MinAmdLetterDate>04/27/2021</MinAmdLetterDate>
<MaxAmdLetterDate>04/27/2021</MaxAmdLetterDate>
<ARRAAmount/>
<TRAN_TYPE>Grant</TRAN_TYPE>
<CFDA_NUM>47.041</CFDA_NUM>
<NSF_PAR_USE_FLAG>1</NSF_PAR_USE_FLAG>
<FUND_AGCY_CODE>4900</FUND_AGCY_CODE>
<AWDG_AGCY_CODE>4900</AWDG_AGCY_CODE>
<AwardID>2101961</AwardID>
<Investigator>
<FirstName>Prannoy</FirstName>
<LastName>Suraneni</LastName>
<PI_MID_INIT/>
<PI_SUFX_NAME/>
<PI_FULL_NAME>Prannoy Suraneni</PI_FULL_NAME>
<EmailAddress>suranenip@miami.edu</EmailAddress>
<PI_PHON>5419790035</PI_PHON>
<NSF_ID>000754922</NSF_ID>
<StartDate>04/27/2021</StartDate>
<EndDate/>
<RoleCode>Co-Principal Investigator</RoleCode>
</Investigator>
<Investigator>
<FirstName>Luis</FirstName>
<LastName>Ruiz Pestana</LastName>
<PI_MID_INIT>A</PI_MID_INIT>
<PI_SUFX_NAME/>
<PI_FULL_NAME>Luis A Ruiz Pestana</PI_FULL_NAME>
<EmailAddress>luisruizpestana@miami.edu</EmailAddress>
<PI_PHON>3219455225</PI_PHON>
<NSF_ID>000793688</NSF_ID>
<StartDate>04/27/2021</StartDate>
<EndDate/>
<RoleCode>Principal Investigator</RoleCode>
</Investigator>
<Institution>
<Name>University of Miami</Name>
<CityName>CORAL GABLES</CityName>
<ZipCode>331462926</ZipCode>
<PhoneNumber>3052843924</PhoneNumber>
<StreetAddress>1320 S. Dixie Highway Suite 650</StreetAddress>
<StreetAddress2><![CDATA[Suite 100-A]]></StreetAddress2>
<CountryName>United States</CountryName>
<StateName>Florida</StateName>
<StateCode>FL</StateCode>
<CONGRESSDISTRICT>27</CONGRESSDISTRICT>
<CONGRESS_DISTRICT_ORG>FL27</CONGRESS_DISTRICT_ORG>
<ORG_DUNS_NUM>625174149</ORG_DUNS_NUM>
<ORG_LGL_BUS_NAME>UNIVERSITY OF MIAMI</ORG_LGL_BUS_NAME>
<ORG_PRNT_DUNS_NUM>004146619</ORG_PRNT_DUNS_NUM>
</Institution>
<Performance_Institution>
<Name><![CDATA[UNIVERSITY OF MIAMI]]></Name>
<CityName>Coral Gables</CityName>
<StateCode>FL</StateCode>
<ZipCode>331462926</ZipCode>
<StreetAddress><![CDATA[1251 Memorial Drive]]></StreetAddress>
<CountryCode>US</CountryCode>
<CountryName>United States</CountryName>
<StateName>Florida</StateName>
<CountryFlag>1</CountryFlag>
<CONGRESSDISTRICT>27</CONGRESSDISTRICT>
<CONGRESS_DISTRICT_PERF>FL27</CONGRESS_DISTRICT_PERF>
</Performance_Institution>
<ProgramElement>
<Code>073Y</Code>
<Text>ECI-Engineering for Civil Infr</Text>
</ProgramElement>
<ProgramReference>
<Code>025E</Code>
<Text>INFRASTRUCTURE MATERIALS</Text>
</ProgramReference>
<ProgramReference>
<Code>036E</Code>
<Text>CIVIL INFRASTRUCTURE</Text>
</ProgramReference>
<ProgramReference>
<Code>8021</Code>
<Text>Materials Engineering</Text>
</ProgramReference>
<ProgramReference>
<Code>8022</Code>
<Text>Sustainable Infrastructure Materials</Text>
</ProgramReference>
<Appropriation>
<Code>0121</Code>
<Name>NSF RESEARCH &amp; RELATED ACTIVIT</Name>
<APP_SYMB_ID>040100</APP_SYMB_ID>
</Appropriation>
<FUND_OBLG>2021~423685</FUND_OBLG>
</Award>
</rootTag>
