<?xml version="1.0" encoding="UTF-8"?>
<rootTag>
<Award>
<AwardTitle>Teacher Collaborative for Culturally Relevant Mathematics and Science Curricula</AwardTitle>
<AGENCY>NSF</AGENCY>
<AwardEffectiveDate>06/15/2021</AwardEffectiveDate>
<AwardExpirationDate>05/31/2022</AwardExpirationDate>
<AwardTotalIntnAmount>99986.00</AwardTotalIntnAmount>
<AwardAmount>99986</AwardAmount>
<AwardInstrument>
<Value>Standard Grant</Value>
</AwardInstrument>
<Organization>
<Code>11090000</Code>
<Directorate>
<Abbreviation>EHR</Abbreviation>
<LongName>Direct For Education and Human Resources</LongName>
</Directorate>
<Division>
<Abbreviation>DRL</Abbreviation>
<LongName>Division Of Research On Learning</LongName>
</Division>
</Organization>
<ProgramOfficer>
<SignBlockName>Beth Herbel Eisenmann</SignBlockName>
<PO_EMAI>bherbele@nsf.gov</PO_EMAI>
<PO_PHON>7032924278</PO_PHON>
</ProgramOfficer>
<AbstractNarration>To be effective, teachers need a strong theoretical understanding of the frameworks that support success for all students, especially those students historically underserved by schools. Culturally relevant pedagogy (CRP) is a framework that puts students and their experiences at the center of teaching. Culturally relevant math and science teaching (CRMST), more specifically, describes equitable science and math teaching practices that support student success in schools. This project involves elementary teachers in a 3-day conference focusing on CRP and CRMST. The conference is designed to form a teacher collaborative to share experiences and resources, learn from one another, and create their own culturally relevant science and math units for use in their classrooms. To boost teacher learning, the conference includes a variety of workshops and activities led by local and national content area experts, teacher educators, and STEM teacher-leaders who use culturally relevant science/math curricula in their classrooms. In the year following the conference, teachers will be strategically supported to continue designing and implementing CRMST through monthly teacher collaborative meetings and in-classroom support. At the end of the project year, teachers will participate in a public curriculum fair that showcases their projects and allows them to share what they have learned. &lt;br/&gt;&lt;br/&gt;The research component of this project will use culturally relevant pedagogy and a framework that describes trajectories of development for CRMST as theoretical and analytical frameworks. In particular, the latter framework describes levels of engagement with key ideas from CRP and attends to, for example, whether teachers engage with transformative decision making, grapple with issues from an individual or structural perspective, and recognize tensions and discomfort in their learnings about CRMST. The research will focus on learning more about how teachers benefit from collaborative opportunities and how they develop understandings about CRMST.  Data sources will include: culturally relevant mathematics and science curricula (CR-MASC) units, classroom observations, field notes, and surveys collected from the teacher participants. Findings about practices and structures that support teachers’ movement towards CRMST, as well as exemplary CR-MASC units, will contribute to research and practice in teacher education aimed at improving science and math learning experiences for marginalized learners. &lt;br/&gt;&lt;br/&gt;The Discovery Research preK-12 program (DRK-12) seeks to significantly enhance the learning and teaching of STEM subjects by preK-12 students and teachers, through research and development of innovative resources, models and tools. Projects in the DRK-12 program build on fundamental research in STEM education and prior research and development efforts that provide theoretical and empirical justification for proposed projects.&lt;br/&gt;&lt;br/&gt;This award reflects NSF's statutory mission and has been deemed worthy of support through evaluation using the Foundation's intellectual merit and broader impacts review criteria.</AbstractNarration>
<MinAmdLetterDate>06/11/2021</MinAmdLetterDate>
<MaxAmdLetterDate>06/11/2021</MaxAmdLetterDate>
<ARRAAmount/>
<TRAN_TYPE>Grant</TRAN_TYPE>
<CFDA_NUM>47.076</CFDA_NUM>
<NSF_PAR_USE_FLAG>1</NSF_PAR_USE_FLAG>
<FUND_AGCY_CODE>4900</FUND_AGCY_CODE>
<AWDG_AGCY_CODE>4900</AWDG_AGCY_CODE>
<AwardID>2101532</AwardID>
<Investigator>
<FirstName>Paula</FirstName>
<LastName>Magee</LastName>
<PI_MID_INIT/>
<PI_SUFX_NAME/>
<PI_FULL_NAME>Paula Magee</PI_FULL_NAME>
<EmailAddress>pamagee@iupui.edu</EmailAddress>
<PI_PHON>3172781107</PI_PHON>
<NSF_ID>000075120</NSF_ID>
<StartDate>06/11/2021</StartDate>
<EndDate/>
<RoleCode>Co-Principal Investigator</RoleCode>
</Investigator>
<Investigator>
<FirstName>Craig</FirstName>
<LastName>Willey</LastName>
<PI_MID_INIT>J</PI_MID_INIT>
<PI_SUFX_NAME/>
<PI_FULL_NAME>Craig J Willey</PI_FULL_NAME>
<EmailAddress>cjwilley@iupui.edu</EmailAddress>
<PI_PHON>3172740159</PI_PHON>
<NSF_ID>000649000</NSF_ID>
<StartDate>06/11/2021</StartDate>
<EndDate/>
<RoleCode>Principal Investigator</RoleCode>
</Investigator>
<Institution>
<Name>Indiana University</Name>
<CityName>Bloomington</CityName>
<ZipCode>474013654</ZipCode>
<PhoneNumber>3172783473</PhoneNumber>
<StreetAddress>509 E 3RD ST</StreetAddress>
<StreetAddress2/>
<CountryName>United States</CountryName>
<StateName>Indiana</StateName>
<StateCode>IN</StateCode>
<CONGRESSDISTRICT>09</CONGRESSDISTRICT>
<CONGRESS_DISTRICT_ORG>IN09</CONGRESS_DISTRICT_ORG>
<ORG_DUNS_NUM>006046700</ORG_DUNS_NUM>
<ORG_LGL_BUS_NAME>TRUSTEES OF INDIANA UNIVERSITY</ORG_LGL_BUS_NAME>
<ORG_PRNT_DUNS_NUM>006046700</ORG_PRNT_DUNS_NUM>
</Institution>
<Performance_Institution>
<Name><![CDATA[Indiana University]]></Name>
<CityName>Bloomington</CityName>
<StateCode>IN</StateCode>
<ZipCode>474013654</ZipCode>
<StreetAddress><![CDATA[509 E. 3rd St]]></StreetAddress>
<CountryCode>US</CountryCode>
<CountryName>United States</CountryName>
<StateName>Indiana</StateName>
<CountryFlag>1</CountryFlag>
<CONGRESSDISTRICT>09</CONGRESSDISTRICT>
<CONGRESS_DISTRICT_PERF>IN09</CONGRESS_DISTRICT_PERF>
</Performance_Institution>
<ProgramElement>
<Code>7645</Code>
<Text>Discovery Research K-12</Text>
</ProgramElement>
<Appropriation>
<Code>0421</Code>
<Name>NSF Education &amp; Human Resource</Name>
<APP_SYMB_ID>040106</APP_SYMB_ID>
</Appropriation>
<FUND_OBLG>2021~99986</FUND_OBLG>
</Award>
</rootTag>
