<?xml version="1.0" encoding="UTF-8"?>
<rootTag>
<Award>
<AwardTitle>Shimura Varieties and Automorphic Forms with Arithmetic Applications</AwardTitle>
<AGENCY>NSF</AGENCY>
<AwardEffectiveDate>07/15/2021</AwardEffectiveDate>
<AwardExpirationDate>06/30/2024</AwardExpirationDate>
<AwardTotalIntnAmount>304859.00</AwardTotalIntnAmount>
<AwardAmount>304859</AwardAmount>
<AwardInstrument>
<Value>Standard Grant</Value>
</AwardInstrument>
<Organization>
<Code>03040000</Code>
<Directorate>
<Abbreviation>MPS</Abbreviation>
<LongName>Direct For Mathematical &amp; Physical Scien</LongName>
</Directorate>
<Division>
<Abbreviation>DMS</Abbreviation>
<LongName>Division Of Mathematical Sciences</LongName>
</Division>
</Organization>
<ProgramOfficer>
<SignBlockName>Michelle Manes</SignBlockName>
<PO_EMAI>mmanes@nsf.gov</PO_EMAI>
<PO_PHON>7032924870</PO_PHON>
</ProgramOfficer>
<AbstractNarration>Number theory studies integers, prime numbers, and solutions of an equation in integers or rational numbers. In the digital age, number theory has been essential in algorithms, cryptography, and data security. Modern mathematics has seen increasingly more interactions between number theory and other areas from a unifying perspective. A primary example is the Langlands program, comprising a vast web of conjectures and open-ended questions. Even partial progress has led to striking consequences such as verification of Fermat's Last Theorem and resolution of the Sato-Tate conjecture, the Serre conjecture, and more. This project aims to broaden understanding of the Langlands program and related questions.&lt;br/&gt;&lt;br/&gt;The research focuses on the following topics: (1) new instances of the global Langlands correspondence for the groups GSp(2n), GSO(2n), and SO(2n);  (2) a full stable trace formula for Igusa varieties and applications; (3) local harmonic analysis questions on supercuspidal representations such as invariant dimensions; and (4) a completion of the endoscopic classification for non-quasi-split unitary groups. The results of this research will stimulate further progress and inspire new investigations. Graduate students will be supported to take part in these projects.&lt;br/&gt;&lt;br/&gt;This award reflects NSF's statutory mission and has been deemed worthy of support through evaluation using the Foundation's intellectual merit and broader impacts review criteria.</AbstractNarration>
<MinAmdLetterDate>07/08/2021</MinAmdLetterDate>
<MaxAmdLetterDate>07/08/2021</MaxAmdLetterDate>
<ARRAAmount/>
<TRAN_TYPE>Grant</TRAN_TYPE>
<CFDA_NUM>47.049</CFDA_NUM>
<NSF_PAR_USE_FLAG>1</NSF_PAR_USE_FLAG>
<FUND_AGCY_CODE>4900</FUND_AGCY_CODE>
<AWDG_AGCY_CODE>4900</AWDG_AGCY_CODE>
<AwardID>2101688</AwardID>
<Investigator>
<FirstName>Sug Woo</FirstName>
<LastName>Shin</LastName>
<PI_MID_INIT/>
<PI_SUFX_NAME/>
<PI_FULL_NAME>Sug Woo Shin</PI_FULL_NAME>
<EmailAddress>sug.woo.shin@berkeley.edu</EmailAddress>
<PI_PHON/>
<NSF_ID>000600993</NSF_ID>
<StartDate>07/08/2021</StartDate>
<EndDate/>
<RoleCode>Principal Investigator</RoleCode>
</Investigator>
<Institution>
<Name>University of California-Berkeley</Name>
<CityName>BERKELEY</CityName>
<ZipCode>947101749</ZipCode>
<PhoneNumber>5106433891</PhoneNumber>
<StreetAddress>Sponsored Projects Office</StreetAddress>
<StreetAddress2><![CDATA[1608 Fourth Street, Suite 220]]></StreetAddress2>
<CountryName>United States</CountryName>
<StateName>California</StateName>
<StateCode>CA</StateCode>
<CONGRESSDISTRICT>13</CONGRESSDISTRICT>
<CONGRESS_DISTRICT_ORG>CA13</CONGRESS_DISTRICT_ORG>
<ORG_DUNS_NUM>124726725</ORG_DUNS_NUM>
<ORG_LGL_BUS_NAME>REGENTS OF THE UNIVERSITY OF CALIFORNIA, THE</ORG_LGL_BUS_NAME>
<ORG_PRNT_DUNS_NUM>071549000</ORG_PRNT_DUNS_NUM>
</Institution>
<Performance_Institution>
<Name><![CDATA[University of California-Berkeley]]></Name>
<CityName>Berkeley</CityName>
<StateCode>CA</StateCode>
<ZipCode>947203840</ZipCode>
<StreetAddress><![CDATA[901 Evans Hall]]></StreetAddress>
<CountryCode>US</CountryCode>
<CountryName>United States</CountryName>
<StateName>California</StateName>
<CountryFlag>1</CountryFlag>
<CONGRESSDISTRICT>13</CONGRESSDISTRICT>
<CONGRESS_DISTRICT_PERF>CA13</CONGRESS_DISTRICT_PERF>
</Performance_Institution>
<ProgramElement>
<Code>1264</Code>
<Text>ALGEBRA,NUMBER THEORY,AND COM</Text>
</ProgramElement>
<Appropriation>
<Code>0121</Code>
<Name>NSF RESEARCH &amp; RELATED ACTIVIT</Name>
<APP_SYMB_ID>040100</APP_SYMB_ID>
</Appropriation>
<FUND_OBLG>2021~304859</FUND_OBLG>
</Award>
</rootTag>
