<?xml version="1.0" encoding="UTF-8"?>
<rootTag>
<Award>
<AwardTitle>Diverse and Selective Catalytic P–C Bond Formation</AwardTitle>
<AGENCY>NSF</AGENCY>
<AwardEffectiveDate>08/15/2021</AwardEffectiveDate>
<AwardExpirationDate>07/31/2024</AwardExpirationDate>
<AwardTotalIntnAmount>477344.00</AwardTotalIntnAmount>
<AwardAmount>477344</AwardAmount>
<AwardInstrument>
<Value>Standard Grant</Value>
</AwardInstrument>
<Organization>
<Code>03090000</Code>
<Directorate>
<Abbreviation>MPS</Abbreviation>
<LongName>Direct For Mathematical &amp; Physical Scien</LongName>
</Directorate>
<Division>
<Abbreviation>CHE</Abbreviation>
<LongName>Division Of Chemistry</LongName>
</Division>
</Organization>
<ProgramOfficer>
<SignBlockName>George Richter-Addo</SignBlockName>
<PO_EMAI>grichter@nsf.gov</PO_EMAI>
<PO_PHON>7032927528</PO_PHON>
</ProgramOfficer>
<AbstractNarration>With the support of the Chemical Catalysis program in the Division of Chemistry, Professor Rory Waterman of the University of Vermont will study catalysis that promotes formation of phosphorus-carbon bonds. Phosphorus-carbon bonds appear in all living things, are in consumer goods, and are even present in some of the COVID-19 vaccines, among other pharmaceutical agents. However, methods to prepare molecules containing this element are limited, particularly those that are catalytic. Catalysis can create efficiencies in both resource utilization and synthesis that would aid in the challenges with phosphorus. As such, this project aims to deliver a new generation of faster, more efficient, and better controlled catalysts that use phosphorus, benefitting researchers in a range of fields. These efforts have the potential to have a large impact for the synthesis molecules related to biomedical science and chemical biology. Another more ambitious aim of the project is to use catalysis to generalize a rare but very efficient phosphorus-carbon bond forming reaction. The project also aims to establish light as an energy source for phosphorus-carbon bond forming catalysis, so-called photocatalysis, and understand how this photocatalysis operates to facilitate its expansion to catalytic reactions with other elements.  Professor Waterman has a strong history of involving high school students from historically underrepresented groups in NSF-funded research and will use this project to increase capacity to involve pre-college students in research, helping to meet long-standing workforce development goals.    &lt;br/&gt;&lt;br/&gt;In this research, Professor Rory Waterman of the University of Vermont will study catalysis that promotes P-C bond formation from both P(III) and P(I), improved enantioselectivity in hydrophosphination, and expand photocatalytic hydrophosphination. The project builds on an initial discovery that photocatalytic hydrophosphination is general and aims to unravel the mechanisms that unfold for both early and late transition metal catalysts. This effort compliments innovations in bench-stable hydrophosphination catalysis. The project will also combine these efforts to investigate enantioselective hydrophosphination catalysts for unactivated substrates, potentially availing hydrophosphination as a late-stage synthetic tool in the synthesis of complex molecular architectures, particularly those scaffolds that are likely to engender biological activity.  Additional efforts in the project aim to leverage cyclophosphines as P(I) precursors via catalysis with an eye toward controlling singlet phosphinidene formation. Cyclophosphines can also be primary phosphine precursors, and this understanding will aid in the expansion of hydrophosphination catalysis through expansion of phosphine substrates. These efforts are directed at making an end-run around limitations in hydrophosphination and phosphinidene transfer. This work holds promise to advance fundamental understanding of catalysis in P-C bond formation, with potential application to other catalytic systems. Additionally, many specific catalytic reactions targeted in this study have the potential for much broader application in the larger synthetic chemistry community.&lt;br/&gt;&lt;br/&gt;This award reflects NSF's statutory mission and has been deemed worthy of support through evaluation using the Foundation's intellectual merit and broader impacts review criteria.</AbstractNarration>
<MinAmdLetterDate>08/06/2021</MinAmdLetterDate>
<MaxAmdLetterDate>08/06/2021</MaxAmdLetterDate>
<ARRAAmount/>
<TRAN_TYPE>Grant</TRAN_TYPE>
<CFDA_NUM>47.049</CFDA_NUM>
<NSF_PAR_USE_FLAG>1</NSF_PAR_USE_FLAG>
<FUND_AGCY_CODE>4900</FUND_AGCY_CODE>
<AWDG_AGCY_CODE>4900</AWDG_AGCY_CODE>
<AwardID>2101766</AwardID>
<Investigator>
<FirstName>Rory</FirstName>
<LastName>Waterman</LastName>
<PI_MID_INIT/>
<PI_SUFX_NAME/>
<PI_FULL_NAME>Rory Waterman</PI_FULL_NAME>
<EmailAddress>Rory.Waterman@uvm.edu</EmailAddress>
<PI_PHON>8026563660</PI_PHON>
<NSF_ID>000113373</NSF_ID>
<StartDate>08/06/2021</StartDate>
<EndDate/>
<RoleCode>Principal Investigator</RoleCode>
</Investigator>
<Institution>
<Name>University of Vermont &amp; State Agricultural College</Name>
<CityName>Burlington</CityName>
<ZipCode>054050160</ZipCode>
<PhoneNumber>8026563660</PhoneNumber>
<StreetAddress>85 South Prospect Street</StreetAddress>
<StreetAddress2/>
<CountryName>United States</CountryName>
<StateName>Vermont</StateName>
<StateCode>VT</StateCode>
<CONGRESSDISTRICT>00</CONGRESSDISTRICT>
<CONGRESS_DISTRICT_ORG>VT00</CONGRESS_DISTRICT_ORG>
<ORG_DUNS_NUM>066811191</ORG_DUNS_NUM>
<ORG_LGL_BUS_NAME>UNIVERSITY OF VERMONT &amp; STATE AGRICULTURAL COLLEGE</ORG_LGL_BUS_NAME>
<ORG_PRNT_DUNS_NUM>066811191</ORG_PRNT_DUNS_NUM>
</Institution>
<Performance_Institution>
<Name><![CDATA[University of Vermont & State Agricultural College]]></Name>
<CityName>Burlington</CityName>
<StateCode>VT</StateCode>
<ZipCode>054050125</ZipCode>
<StreetAddress><![CDATA[82 University Pl]]></StreetAddress>
<CountryCode>US</CountryCode>
<CountryName>United States</CountryName>
<StateName>Vermont</StateName>
<CountryFlag>1</CountryFlag>
<CONGRESSDISTRICT>00</CONGRESSDISTRICT>
<CONGRESS_DISTRICT_PERF>VT00</CONGRESS_DISTRICT_PERF>
</Performance_Institution>
<ProgramElement>
<Code>6884</Code>
<Text>Chemical Catalysis</Text>
</ProgramElement>
<ProgramReference>
<Code>8037</Code>
<Text>Advanced Manufacturing</Text>
</ProgramReference>
<ProgramReference>
<Code>8396</Code>
<Text>Clean Energy Technology</Text>
</ProgramReference>
<ProgramReference>
<Code>8398</Code>
<Text>Hydrocarbon Conversion</Text>
</ProgramReference>
<ProgramReference>
<Code>8607</Code>
<Text>Solar Energy Capture&amp;Conver</Text>
</ProgramReference>
<ProgramReference>
<Code>9150</Code>
<Text>EXP PROG TO STIM COMP RES</Text>
</ProgramReference>
<Appropriation>
<Code>0121</Code>
<Name>NSF RESEARCH &amp; RELATED ACTIVIT</Name>
<APP_SYMB_ID>040100</APP_SYMB_ID>
</Appropriation>
<FUND_OBLG>2021~477344</FUND_OBLG>
</Award>
</rootTag>
