<?xml version="1.0" encoding="UTF-8"?>
<rootTag>
<Award>
<AwardTitle>Bilingualtek: An integrated science-language approach for Latinx preschoolers</AwardTitle>
<AGENCY>NSF</AGENCY>
<AwardEffectiveDate>06/01/2021</AwardEffectiveDate>
<AwardExpirationDate>05/31/2025</AwardExpirationDate>
<AwardTotalIntnAmount>1611921.00</AwardTotalIntnAmount>
<AwardAmount>923646</AwardAmount>
<AwardInstrument>
<Value>Continuing Grant</Value>
</AwardInstrument>
<Organization>
<Code>11090000</Code>
<Directorate>
<Abbreviation>EHR</Abbreviation>
<LongName>Direct For Education and Human Resources</LongName>
</Directorate>
<Division>
<Abbreviation>DRL</Abbreviation>
<LongName>Division Of Research On Learning</LongName>
</Division>
</Organization>
<ProgramOfficer>
<SignBlockName>Bradley Barker</SignBlockName>
<PO_EMAI>bsbarker@nsf.gov</PO_EMAI>
<PO_PHON>7032925183</PO_PHON>
</ProgramOfficer>
<AbstractNarration>Early childhood education currently faces challenges related to effective science instruction practices that meet the learning needs of culturally and linguistically diverse children, such as Latinx dual language learners (DLL). This project seeks to foster the science achievement of Latinx preschoolers by confronting current barriers that impact their STEM education through an integrated science-language instructional approach for preschool classrooms. The project will use everyday science experiences to engage Latinx preschoolers in learning the practices of scientists, including the practices of obtaining information and using language to communicate scientific findings.  These aims will be accomplished by combining engaging science experiences delivered via e-books, and multimedia supports for science and dual-language learning. Consistent with the Next Generation of Science Standards (NGSS), the project offers a transformative model of early childhood science and language education that supports kindergarten readiness at a national level and addresses the vital need for educational resources that build on and enhance the strengths of underserved communities.  &lt;br/&gt;&lt;br/&gt;The long-term goal of this project is to foster the science achievement of Latinx preschoolers by addressing current challenges impacting their STEM education.  These challenges include; limited early science education instruction for teachers, minimal incorporation of NGSS science principles in early science learning for preschoolers, and increasing numbers of Latinx DLLs entering preschools experiencing a shortage of bilingual early childhood teachers. The project addresses these challenges by leveraging recent research with preschool Latinx DLLs across several disciplines into a media-supported integrated science-language instructional approach. These instructional practices provide an NGSS-aligned model for preschool-age science education at the national level, support kindergarten readiness, and directly address the need for educational resources that build on the strengths that diverse children bring to their learning experience. Supporting monolingual teachers’ use of multimedia dual-language science materials will also address preschool teacher professional learning related to science instruction while promoting the participation of underrepresented minorities in STEM education at an early age. The science-language instructional practices will be developed by bringing together preschool teachers and Latinx families in an iterative co-design process to develop instructional content and supports to facilitate science and language learning by Latinx DLLs.  The project will be implemented in 28 classrooms to examine its usability, feasibility, and preliminary efficacy, including child outcomes (science talk, science knowledge, and language skills) through a rigorous quasi-experimental field study. The treatment and control groups will each include 42 children and 14 teachers. The project will produce 1) an integrated science and language instructional approach and resource materials relevant to Latinx children’s living experiences, 2) proof of concept of the project’s feasibility; and 3) initial findings on the impact of the project on children’s science and language learning outcomes.&lt;br/&gt;&lt;br/&gt;The Discovery Research preK-12 program (DRK-12) seeks to significantly enhance the learning and teaching of science, technology, engineering and mathematics (STEM) by preK-12 students and teachers, through research and development of innovative resources, models and tools. Projects in the DRK-12 program build on fundamental research in STEM education and prior research and development efforts that provide theoretical and empirical justification for proposed projects.&lt;br/&gt;&lt;br/&gt;This award reflects NSF's statutory mission and has been deemed worthy of support through evaluation using the Foundation's intellectual merit and broader impacts review criteria.</AbstractNarration>
<MinAmdLetterDate>05/25/2021</MinAmdLetterDate>
<MaxAmdLetterDate>05/25/2021</MaxAmdLetterDate>
<ARRAAmount/>
<TRAN_TYPE>Grant</TRAN_TYPE>
<CFDA_NUM>47.076</CFDA_NUM>
<NSF_PAR_USE_FLAG>1</NSF_PAR_USE_FLAG>
<FUND_AGCY_CODE>4900</FUND_AGCY_CODE>
<AWDG_AGCY_CODE>4900</AWDG_AGCY_CODE>
<AwardID>2101169</AwardID>
<Investigator>
<FirstName>Lucia</FirstName>
<LastName>Mendez</LastName>
<PI_MID_INIT>I</PI_MID_INIT>
<PI_SUFX_NAME/>
<PI_FULL_NAME>Lucia I Mendez</PI_FULL_NAME>
<EmailAddress>limendez@uncg.edu</EmailAddress>
<PI_PHON>3363561104</PI_PHON>
<NSF_ID>000830108</NSF_ID>
<StartDate>05/25/2021</StartDate>
<EndDate/>
<RoleCode>Principal Investigator</RoleCode>
</Investigator>
<Investigator>
<FirstName>Karen</FirstName>
<LastName>La Paro</LastName>
<PI_MID_INIT>M</PI_MID_INIT>
<PI_SUFX_NAME/>
<PI_FULL_NAME>Karen M La Paro</PI_FULL_NAME>
<EmailAddress>kmlaparo@uncg.edu</EmailAddress>
<PI_PHON>3363345307</PI_PHON>
<NSF_ID>000839672</NSF_ID>
<StartDate>05/25/2021</StartDate>
<EndDate/>
<RoleCode>Co-Principal Investigator</RoleCode>
</Investigator>
<Institution>
<Name>University of North Carolina Greensboro</Name>
<CityName>Greensboro</CityName>
<ZipCode>274125013</ZipCode>
<PhoneNumber>3363345878</PhoneNumber>
<StreetAddress>1111 Spring Garden Street</StreetAddress>
<StreetAddress2><![CDATA[2702 Moore Hum. & Research Admin]]></StreetAddress2>
<CountryName>United States</CountryName>
<StateName>North Carolina</StateName>
<StateCode>NC</StateCode>
<CONGRESSDISTRICT>13</CONGRESSDISTRICT>
<CONGRESS_DISTRICT_ORG>NC13</CONGRESS_DISTRICT_ORG>
<ORG_DUNS_NUM>616152567</ORG_DUNS_NUM>
<ORG_LGL_BUS_NAME>UNIVERSITY OF NORTH CAROLINA AT GREENSBORO</ORG_LGL_BUS_NAME>
<ORG_PRNT_DUNS_NUM>142363428</ORG_PRNT_DUNS_NUM>
</Institution>
<Performance_Institution>
<Name><![CDATA[University of North Carolina Greensboro]]></Name>
<CityName>Greensboro</CityName>
<StateCode>NC</StateCode>
<ZipCode>274125013</ZipCode>
<StreetAddress><![CDATA[1111 Spring Garden Street]]></StreetAddress>
<CountryCode>US</CountryCode>
<CountryName>United States</CountryName>
<StateName>North Carolina</StateName>
<CountryFlag>1</CountryFlag>
<CONGRESSDISTRICT>06</CONGRESSDISTRICT>
<CONGRESS_DISTRICT_PERF>NC06</CONGRESS_DISTRICT_PERF>
</Performance_Institution>
<ProgramElement>
<Code>7645</Code>
<Text>Discovery Research K-12</Text>
</ProgramElement>
<Appropriation>
<Code>0421</Code>
<Name>NSF Education &amp; Human Resource</Name>
<APP_SYMB_ID>040106</APP_SYMB_ID>
</Appropriation>
<FUND_OBLG>2021~923646</FUND_OBLG>
</Award>
</rootTag>
