<?xml version="1.0" encoding="UTF-8"?>
<rootTag>
<Award>
<AwardTitle>COLLABORATIVE RESEARCH: The role of quality control in microbial translation</AwardTitle>
<AGENCY>NSF</AGENCY>
<AwardEffectiveDate>08/01/2020</AwardEffectiveDate>
<AwardExpirationDate>06/30/2022</AwardExpirationDate>
<AwardTotalIntnAmount>127162.00</AwardTotalIntnAmount>
<AwardAmount>127162</AwardAmount>
<AwardInstrument>
<Value>Standard Grant</Value>
</AwardInstrument>
<Organization>
<Code>08070000</Code>
<Directorate>
<Abbreviation>BIO</Abbreviation>
<LongName>Direct For Biological Sciences</LongName>
</Directorate>
<Division>
<Abbreviation>MCB</Abbreviation>
<LongName>Div Of Molecular and Cellular Bioscience</LongName>
</Division>
</Organization>
<ProgramOfficer>
<SignBlockName>Stephen DiFazio</SignBlockName>
<PO_EMAI>sdifazio@nsf.gov</PO_EMAI>
<PO_PHON>7032924517</PO_PHON>
</ProgramOfficer>
<AbstractNarration>Translating the four-letter code of RNA into the twenty-two-letter alphabet of proteins is a central feature of cellular life.  Cells have evolved a number of so-called quality control strategies to ensure the accuracy of this process and to prevent accumulation of errors in cellular proteins. However, these mechanisms do not seem to operate the same way all the time. Rather, they appear to vary when cells experience environmental stress. The goal of this research is to understand this variation and its effect on cellular fitness. The results could reveal new insights on how this quality control pathway could be used as a key control point for manipulating microbial growth and development. The project will integrate laboratory research and training programs for students at graduate, undergraduate and high school levels, including members of historically underrepresented minorities. The project will also establish a program for mentoring and lab-shadowing for community college transfer students to promote their productive engagement in STEM research.&lt;br/&gt;&lt;br/&gt;The accuracy of translating the genetic code determines how faithfully the information in a genome is transformed into proteins with correct amino acid sequences. Aminoacyl-tRNA synthetases play a key role in accurate translation by correctly pairing cognate tRNAs with their corresponding amino acids. Aminoacyl-tRNA synthetases select the correct tRNA with comparative ease due to the unique sequences and structures found in these small RNAs. By contrast, the simplicity of amino acid structures makes discrimination between them far more difficult, posing a potential threat to accurate translation of the genetic code and by extension, to healthy cell growth.  To prevent the accumulation of errors during translation of the genetic code, many synthetases have several quality control mechanisms to limit the attachment of incorrect or near-cognate amino acids to tRNAs. These synthetase proofreading activities provide quality control checkpoints that help to prevent the formation of an aberrant proteome. Despite the intrinsic need for high accuracy during translation of the genetic code, the requirements for quality control vary depending on cellular physiology and changes in environmental growth conditions. While translation quality control by synthetases has not been shown to be essential in any organism, both its presence and absence can be critical for optimal growth and cellular fitness under various conditions in different organisms. This project will use state-of-the art quantitative and genetic approaches to investigate to what extent synthetase quality control can vary depending on environmental conditions and to determine whether such changes in accuracy are beneficial, detrimental or neutral to cellular fitness.</AbstractNarration>
<MinAmdLetterDate>10/15/2020</MinAmdLetterDate>
<MaxAmdLetterDate>10/15/2020</MaxAmdLetterDate>
<ARRAAmount/>
<TRAN_TYPE>Grant</TRAN_TYPE>
<CFDA_NUM>47.074</CFDA_NUM>
<NSF_PAR_USE_FLAG>1</NSF_PAR_USE_FLAG>
<FUND_AGCY_CODE>4900</FUND_AGCY_CODE>
<AWDG_AGCY_CODE>4900</AWDG_AGCY_CODE>
<AwardID>2101998</AwardID>
<Investigator>
<FirstName>Michael</FirstName>
<LastName>Ibba</LastName>
<PI_MID_INIT/>
<PI_SUFX_NAME/>
<PI_FULL_NAME>Michael Ibba</PI_FULL_NAME>
<EmailAddress>ibba@chapman.edu</EmailAddress>
<PI_PHON>7145165235</PI_PHON>
<NSF_ID>000118865</NSF_ID>
<StartDate>10/15/2020</StartDate>
<EndDate/>
<RoleCode>Principal Investigator</RoleCode>
</Investigator>
<Institution>
<Name>Chapman University</Name>
<CityName>Orange</CityName>
<ZipCode>928661099</ZipCode>
<PhoneNumber>7146287383</PhoneNumber>
<StreetAddress>One University Drive</StreetAddress>
<StreetAddress2><![CDATA[Chapman University]]></StreetAddress2>
<CountryName>United States</CountryName>
<StateName>California</StateName>
<StateCode>CA</StateCode>
<CONGRESSDISTRICT>46</CONGRESSDISTRICT>
<CONGRESS_DISTRICT_ORG>CA46</CONGRESS_DISTRICT_ORG>
<ORG_DUNS_NUM>072528433</ORG_DUNS_NUM>
<ORG_LGL_BUS_NAME>CHAPMAN UNIVERSITY</ORG_LGL_BUS_NAME>
<ORG_PRNT_DUNS_NUM>072528433</ORG_PRNT_DUNS_NUM>
</Institution>
<Performance_Institution>
<Name><![CDATA[Chapman University]]></Name>
<CityName>Orange</CityName>
<StateCode>CA</StateCode>
<ZipCode>928661099</ZipCode>
<StreetAddress><![CDATA[One University Drive]]></StreetAddress>
<CountryCode>US</CountryCode>
<CountryName>United States</CountryName>
<StateName>California</StateName>
<CountryFlag>1</CountryFlag>
<CONGRESSDISTRICT>46</CONGRESSDISTRICT>
<CONGRESS_DISTRICT_PERF>CA46</CONGRESS_DISTRICT_PERF>
</Performance_Institution>
<ProgramElement>
<Code>1112</Code>
<Text>Genetic Mechanisms</Text>
</ProgramElement>
<ProgramReference>
<Code>7465</Code>
<Text>NANOSCALE BIO CORE</Text>
</ProgramReference>
<ProgramReference>
<Code>9251</Code>
<Text>REU SUPP-Res Exp for Ugrd Supp</Text>
</ProgramReference>
<Appropriation>
<Code>0117</Code>
<Name>NSF RESEARCH &amp; RELATED ACTIVIT</Name>
<APP_SYMB_ID>040100</APP_SYMB_ID>
</Appropriation>
<FUND_OBLG>2017~127162</FUND_OBLG>
</Award>
</rootTag>
