<?xml version="1.0" encoding="UTF-8"?>
<rootTag>
<Award>
<AwardTitle>SEE DATA: Spaces of Empowerment for Equity and Diversity: Advancement Through Access</AwardTitle>
<AGENCY>NSF</AGENCY>
<AwardEffectiveDate>09/15/2021</AwardEffectiveDate>
<AwardExpirationDate>08/31/2023</AwardExpirationDate>
<AwardTotalIntnAmount>300000.00</AwardTotalIntnAmount>
<AwardAmount>300000</AwardAmount>
<AwardInstrument>
<Value>Standard Grant</Value>
</AwardInstrument>
<Organization>
<Code>11060000</Code>
<Directorate>
<Abbreviation>EHR</Abbreviation>
<LongName>Direct For Education and Human Resources</LongName>
</Directorate>
<Division>
<Abbreviation>HRD</Abbreviation>
<LongName>Division Of Human Resource Development</LongName>
</Division>
</Organization>
<ProgramOfficer>
<SignBlockName>Erika Tatiana Camacho</SignBlockName>
<PO_EMAI>ecamacho@nsf.gov</PO_EMAI>
<PO_PHON>7032922834</PO_PHON>
</ProgramOfficer>
<AbstractNarration>The Spaces of Empowerment for Equity and Diversity: Advancement Through Access (SEE-DATA) project at Portland State University (PSU) aims to identify, understand, and improve the workplace experiences and retention of faculty in STEM fields who have been traditionally minoritized and marginalized based on gender, race/ethnicity, and other intersectional identities (e.g., sexual orientation, disability, socioeconomic status, national origin, immigrant status). The project will collect, analyze, and map data about faculty’s experiences at PSU to inform programs and policies that seek to foster the retention and flourishing of a faculty that more closely resembles the diverse student body at PSU. It is anticipated that the SEE-DATA project will significantly contribute to improving institutional equity.&lt;br/&gt;&lt;br/&gt;SEE-DATA will take an intersectional approach to data collection, management, analysis, visualization, and dissemination by combining qualitative, quantitative, and socio-spatial data, techniques, and mapping tools with the goal of conveying more nuanced understandings of the equity landscape and “ecosystem” for diverse faculty members than has been established to date elsewhere. The scope of the methodology that the project will develop will be applicable to STEM departments across the university and to other institutions. The project’s strengths-based self-assessment methodologies will contribute to a toolkit for capturing and visualizing the dynamic interplay between the multiple lived identities of STEM faculty as they are manifested in the institutional landscape, thus supporting ADVANCE goals for expanding intersectional equity strategies and interventions. This project addresses limits in extant sources of data (e.g., numerical counts, climate surveys) on the intersectional factors affecting academic STEM recruitment, workplace experiences, retention, and promotion. Outcomes will be expected to advance a clearer and deeper understanding of individual empowerment pathways and institutional systemic change levers in advancing faculty equity in STEM. Knowledge generated will be disseminated via avenues such as a project webpage, public seminars, and conferences geared to professional and general audiences, as well as through networks within PSU, at other colleges/universities, with professional organizations nationally, and via the ADVANCE Resource Coordination Network (ARC) and StratEGIC website. The NSF ADVANCE program is designed to foster gender equity through a focus on the identification and elimination of organizational barriers that impede the full participation and advancement of diverse faculty in academic institutions. Organizational barriers that inhibit equity may exist in policies, processes, practices, and the organizational culture and climate. ADVANCE "Catalyst" awards provide support for institutional equity assessments and the development of five-year faculty equity strategic plans at an academic, non-profit institution of higher education.&lt;br/&gt;&lt;br/&gt;This award reflects NSF's statutory mission and has been deemed worthy of support through evaluation using the Foundation's intellectual merit and broader impacts review criteria.</AbstractNarration>
<MinAmdLetterDate>06/29/2021</MinAmdLetterDate>
<MaxAmdLetterDate>06/29/2021</MaxAmdLetterDate>
<ARRAAmount/>
<TRAN_TYPE>Grant</TRAN_TYPE>
<CFDA_NUM>47.076</CFDA_NUM>
<NSF_PAR_USE_FLAG>1</NSF_PAR_USE_FLAG>
<FUND_AGCY_CODE>4900</FUND_AGCY_CODE>
<AWDG_AGCY_CODE>4900</AWDG_AGCY_CODE>
<AwardID>2101255</AwardID>
<Investigator>
<FirstName>Lisa</FirstName>
<LastName>Weasel</LastName>
<PI_MID_INIT>H</PI_MID_INIT>
<PI_SUFX_NAME/>
<PI_FULL_NAME>Lisa H Weasel</PI_FULL_NAME>
<EmailAddress>lisaw@pdx.edu</EmailAddress>
<PI_PHON>5037253862</PI_PHON>
<NSF_ID>000219137</NSF_ID>
<StartDate>06/29/2021</StartDate>
<EndDate/>
<RoleCode>Co-Principal Investigator</RoleCode>
</Investigator>
<Investigator>
<FirstName>Eva</FirstName>
<LastName>Thanheiser</LastName>
<PI_MID_INIT/>
<PI_SUFX_NAME/>
<PI_FULL_NAME>Eva Thanheiser</PI_FULL_NAME>
<EmailAddress>evat@pdx.edu</EmailAddress>
<PI_PHON>7329969965</PI_PHON>
<NSF_ID>000545121</NSF_ID>
<StartDate>06/29/2021</StartDate>
<EndDate/>
<RoleCode>Principal Investigator</RoleCode>
</Investigator>
<Investigator>
<FirstName>Larry</FirstName>
<LastName>Martinez</LastName>
<PI_MID_INIT>R</PI_MID_INIT>
<PI_SUFX_NAME/>
<PI_FULL_NAME>Larry R Martinez</PI_FULL_NAME>
<EmailAddress>larry.martinez@pdx.edu</EmailAddress>
<PI_PHON>5037253998</PI_PHON>
<NSF_ID>000783073</NSF_ID>
<StartDate>06/29/2021</StartDate>
<EndDate/>
<RoleCode>Co-Principal Investigator</RoleCode>
</Investigator>
<Investigator>
<FirstName>Idowu</FirstName>
<LastName>Ajibade</LastName>
<PI_MID_INIT/>
<PI_SUFX_NAME/>
<PI_FULL_NAME>Idowu Ajibade</PI_FULL_NAME>
<EmailAddress>iajibade@pdx.edu</EmailAddress>
<PI_PHON>5037253167</PI_PHON>
<NSF_ID>000781344</NSF_ID>
<StartDate>06/29/2021</StartDate>
<EndDate/>
<RoleCode>Co-Principal Investigator</RoleCode>
</Investigator>
<Investigator>
<FirstName>Gina</FirstName>
<LastName>Greco</LastName>
<PI_MID_INIT>L</PI_MID_INIT>
<PI_SUFX_NAME/>
<PI_FULL_NAME>Gina L Greco</PI_FULL_NAME>
<EmailAddress>grecog@pdx.edu</EmailAddress>
<PI_PHON>5039647898</PI_PHON>
<NSF_ID>000839258</NSF_ID>
<StartDate>06/29/2021</StartDate>
<EndDate/>
<RoleCode>Co-Principal Investigator</RoleCode>
</Investigator>
<Institution>
<Name>Portland State University</Name>
<CityName>Portland</CityName>
<ZipCode>972070751</ZipCode>
<PhoneNumber>5037259900</PhoneNumber>
<StreetAddress>1600 SW 4th Ave</StreetAddress>
<StreetAddress2><![CDATA[Attn: Sponsored Projects Admin]]></StreetAddress2>
<CountryName>United States</CountryName>
<StateName>Oregon</StateName>
<StateCode>OR</StateCode>
<CONGRESSDISTRICT>03</CONGRESSDISTRICT>
<CONGRESS_DISTRICT_ORG>OR03</CONGRESS_DISTRICT_ORG>
<ORG_DUNS_NUM>052226800</ORG_DUNS_NUM>
<ORG_LGL_BUS_NAME>PORTLAND STATE UNIVERSITY</ORG_LGL_BUS_NAME>
<ORG_PRNT_DUNS_NUM>052226800</ORG_PRNT_DUNS_NUM>
</Institution>
<Performance_Institution>
<Name><![CDATA[Portland State University]]></Name>
<CityName/>
<StateCode>OR</StateCode>
<ZipCode>972070751</ZipCode>
<StreetAddress/>
<CountryCode>US</CountryCode>
<CountryName>United States</CountryName>
<StateName>Oregon</StateName>
<CountryFlag>1</CountryFlag>
<CONGRESSDISTRICT>03</CONGRESSDISTRICT>
<CONGRESS_DISTRICT_PERF>OR03</CONGRESS_DISTRICT_PERF>
</Performance_Institution>
<ProgramElement>
<Code>016Y</Code>
<Text>ADVANCE</Text>
</ProgramElement>
<ProgramReference>
<Code>102Z</Code>
<Text>COVID-Disproportionate Impcts Inst-Indiv</Text>
</ProgramReference>
<ProgramReference>
<Code>7690</Code>
<Text>ADVANCE - IT-START</Text>
</ProgramReference>
<Appropriation>
<Code>0421</Code>
<Name>NSF Education &amp; Human Resource</Name>
<APP_SYMB_ID>040106</APP_SYMB_ID>
</Appropriation>
<FUND_OBLG>2021~300000</FUND_OBLG>
</Award>
</rootTag>
