<?xml version="1.0" encoding="UTF-8"?>
<rootTag>
<Award>
<AwardTitle>RAPID: Wildfire impacts on snowpack, flow paths, and sediment dynamics across an elevation gradient</AwardTitle>
<AGENCY>NSF</AGENCY>
<AwardEffectiveDate>11/01/2020</AwardEffectiveDate>
<AwardExpirationDate>10/31/2021</AwardExpirationDate>
<AwardTotalIntnAmount>49990.00</AwardTotalIntnAmount>
<AwardAmount>49990</AwardAmount>
<AwardInstrument>
<Value>Standard Grant</Value>
</AwardInstrument>
<Organization>
<Code>06030000</Code>
<Directorate>
<Abbreviation>GEO</Abbreviation>
<LongName>Directorate For Geosciences</LongName>
</Directorate>
<Division>
<Abbreviation>EAR</Abbreviation>
<LongName>Division Of Earth Sciences</LongName>
</Division>
</Organization>
<ProgramOfficer>
<SignBlockName>Justin Lawrence</SignBlockName>
<PO_EMAI>jlawrenc@nsf.gov</PO_EMAI>
<PO_PHON>7032922425</PO_PHON>
</ProgramOfficer>
<AbstractNarration>The 2020 Cameron Peak wildfire in northern Colorado is the third largest wildfire in Colorado history, and it covers 19% of the Cache la Poudre basin, which supplies water for multiple cities and irrigation districts. Fires pose risks to water supplies and infrastructure due to post-fire floods, erosion, and debris flows. After prior large fires in Colorado, these risks have been greatest during summer thunderstorms, with minimal hazards during winter and spring snowmelt seasons. However, the Cameron Peak fire is unique in that it has burned at much higher elevations than these previous large fires. Compared to all wildfires across the western U.S. since 1984, the Cameron Peak fire has burned the largest area recorded in the persistent snow zone, the high mountain zone where snow stays on the ground from winter through spring. Because the snowpack is so much greater in this zone than at lower elevations, snowmelt could cause more dramatic slope and channel changes than have been documented for other fires. This project will focus on collecting critical post-fire data for understanding how the fire impacts the snowpack, streamflow, slope failures, stream channels, and water supply reservoirs.&lt;br/&gt;&lt;br/&gt;Data collection will include drone flights, a sensor network, and field surveys conducted both across the full burn area and at focus areas at the higher and lower elevations of the fire. Snowpack changes will be documented using fine resolution topography for snow-free and snow-on conditions collected from LiDAR and drone imagery. At focus areas in burned and unburned conditions, weather stations will document snow depth and radiation budget, and field surveys will document spatial patterns of snow water equivalent. Streamflow changes will be documented using a network of stream stage sensors distributed by elevation, burn severity, and drainage area. Erosion, slope failures, and channel changes will be identified by comparing drone imagery from before snow accumulation, after snowmelt, and after summer thunderstorms. Field surveys of channels will also document channel geomorphic changes and distributions of large wood and sediment. Finally, sedimentation rates to water supply reservoirs will be quantified using sediment cores. These datasets will be released as soon as possible after collection and will facilitate post-fire research coordination among an interdisciplinary team of scientists with expertise in atmospheric science, hydrology, and geomorphology. This project is co-funded by the Geomorphology and Land-use Dynamics and the Hydrological Sciences programs.&lt;br/&gt;&lt;br/&gt;This award reflects NSF's statutory mission and has been deemed worthy of support through evaluation using the Foundation's intellectual merit and broader impacts review criteria.</AbstractNarration>
<MinAmdLetterDate>10/26/2020</MinAmdLetterDate>
<MaxAmdLetterDate>10/26/2020</MaxAmdLetterDate>
<ARRAAmount/>
<TRAN_TYPE>Grant</TRAN_TYPE>
<CFDA_NUM>47.050</CFDA_NUM>
<NSF_PAR_USE_FLAG>1</NSF_PAR_USE_FLAG>
<FUND_AGCY_CODE>4900</FUND_AGCY_CODE>
<AWDG_AGCY_CODE>4900</AWDG_AGCY_CODE>
<AwardID>2101068</AwardID>
<Investigator>
<FirstName>Sara</FirstName>
<LastName>Rathburn</LastName>
<PI_MID_INIT>L</PI_MID_INIT>
<PI_SUFX_NAME/>
<PI_FULL_NAME>Sara L Rathburn</PI_FULL_NAME>
<EmailAddress>sara.rathburn@colostate.edu</EmailAddress>
<PI_PHON>9704911101</PI_PHON>
<NSF_ID>000417291</NSF_ID>
<StartDate>10/26/2020</StartDate>
<EndDate/>
<RoleCode>Co-Principal Investigator</RoleCode>
</Investigator>
<Investigator>
<FirstName>Stephanie</FirstName>
<LastName>Kampf</LastName>
<PI_MID_INIT/>
<PI_SUFX_NAME/>
<PI_FULL_NAME>Stephanie Kampf</PI_FULL_NAME>
<EmailAddress>Stephanie.Kampf@colostate.edu</EmailAddress>
<PI_PHON>9704910931</PI_PHON>
<NSF_ID>000070308</NSF_ID>
<StartDate>10/26/2020</StartDate>
<EndDate/>
<RoleCode>Principal Investigator</RoleCode>
</Investigator>
<Investigator>
<FirstName>Ryan</FirstName>
<LastName>Morrison</LastName>
<PI_MID_INIT>R</PI_MID_INIT>
<PI_SUFX_NAME/>
<PI_FULL_NAME>Ryan R Morrison</PI_FULL_NAME>
<EmailAddress>ryan.morrison@colostate.edu</EmailAddress>
<PI_PHON>9704916057</PI_PHON>
<NSF_ID>000719082</NSF_ID>
<StartDate>10/26/2020</StartDate>
<EndDate/>
<RoleCode>Co-Principal Investigator</RoleCode>
</Investigator>
<Investigator>
<FirstName>Sean</FirstName>
<LastName>Gallen</LastName>
<PI_MID_INIT>F</PI_MID_INIT>
<PI_SUFX_NAME/>
<PI_FULL_NAME>Sean F Gallen</PI_FULL_NAME>
<EmailAddress>sean.gallen@colostate.edu</EmailAddress>
<PI_PHON>9704916355</PI_PHON>
<NSF_ID>000769935</NSF_ID>
<StartDate>10/26/2020</StartDate>
<EndDate/>
<RoleCode>Co-Principal Investigator</RoleCode>
</Investigator>
<Institution>
<Name>Colorado State University</Name>
<CityName>Fort Collins</CityName>
<CountyName>LARIMER</CountyName>
<ZipCode>805232002</ZipCode>
<PhoneNumber>9704916355</PhoneNumber>
<StreetAddress>601 S Howes St</StreetAddress>
<StreetAddress2/>
<CountryName>United States</CountryName>
<StateName>Colorado</StateName>
<StateCode>CO</StateCode>
<CONGRESSDISTRICT>02</CONGRESSDISTRICT>
<CONGRESS_DISTRICT_ORG>CO02</CONGRESS_DISTRICT_ORG>
<ORG_DUNS_NUM>785979618</ORG_DUNS_NUM>
<ORG_LGL_BUS_NAME>COLORADO STATE UNIVERSITY</ORG_LGL_BUS_NAME>
<ORG_PRNT_DUNS_NUM>948905492</ORG_PRNT_DUNS_NUM>
</Institution>
<Performance_Institution>
<Name>Colorado State University</Name>
<CityName>Fort Collins</CityName>
<CountyName>LARIMER</CountyName>
<StateCode>CO</StateCode>
<ZipCode>805214593</ZipCode>
<StreetAddress>200 W Lake</StreetAddress>
<CountryCode>US</CountryCode>
<CountryName>United States</CountryName>
<StateName>Colorado</StateName>
<CountryFlag>1</CountryFlag>
<CONGRESSDISTRICT>02</CONGRESSDISTRICT>
<CONGRESS_DISTRICT_PERF>CO02</CONGRESS_DISTRICT_PERF>
</Performance_Institution>
<ProgramElement>
<Code>1579</Code>
<Text>Hydrologic Sciences</Text>
</ProgramElement>
<ProgramElement>
<Code>7222</Code>
<Text>XC-Crosscutting Activities Pro</Text>
</ProgramElement>
<ProgramElement>
<Code>7458</Code>
<Text>Geomorphology &amp; Land-use Dynam</Text>
</ProgramElement>
<ProgramReference>
<Code>7914</Code>
<Text>RAPID</Text>
</ProgramReference>
<Appropriation>
<Code>0121</Code>
<Name>NSF RESEARCH &amp; RELATED ACTIVIT</Name>
<APP_SYMB_ID>040100</APP_SYMB_ID>
</Appropriation>
<FUND_OBLG>2021~49990</FUND_OBLG>
</Award>
</rootTag>
