<?xml version="1.0" encoding="UTF-8"?>
<rootTag>
<Award>
<AwardTitle>Functoriality in the Mod-p Langlands Program</AwardTitle>
<AGENCY>NSF</AGENCY>
<AwardEffectiveDate>06/15/2021</AwardEffectiveDate>
<AwardExpirationDate>05/31/2024</AwardExpirationDate>
<AwardTotalIntnAmount>124050.00</AwardTotalIntnAmount>
<AwardAmount>124050</AwardAmount>
<AwardInstrument>
<Value>Standard Grant</Value>
</AwardInstrument>
<Organization>
<Code>03040000</Code>
<Directorate>
<Abbreviation>MPS</Abbreviation>
<LongName>Direct For Mathematical &amp; Physical Scien</LongName>
</Directorate>
<Division>
<Abbreviation>DMS</Abbreviation>
<LongName>Division Of Mathematical Sciences</LongName>
</Division>
</Organization>
<ProgramOfficer>
<SignBlockName>Michelle Manes</SignBlockName>
<PO_EMAI>mmanes@nsf.gov</PO_EMAI>
<PO_PHON>7032924870</PO_PHON>
</ProgramOfficer>
<AbstractNarration>Number theory is the branch of mathematics that deals with properties of whole numbers and whole number solutions to polynomial equations, and stands as one of the oldest mathematical disciplines.  Representation theory, another equally influential branch of mathematics, quantifies symmetries of geometric objects (such as a square or a hydrogen atom), and has important uses in physics.  Though seemingly unrelated, these two areas are intimately linked by the Langlands Program, a vast set of conjectures that allows for the transfer of results and theorems between number theory and representation theory.  It is of paramount importance to understand these conjectures, since  tools from one discipline can be imported to tackle previously intractable problems in another (the proof of Fermat's Last Theorem being a prime example).  This has pushed the Langlands Program to the forefront of current research.  The present project seeks to establish instances of a local version of the Langlands Program with mod p coefficients, so that information from representation theory can be transferred into arithmetic data.&lt;br/&gt;&lt;br/&gt;The setting of the current project lies within the representation theory of p-adic reductive groups (such as GL_2(Q_p)) on mod p vector spaces.  Such representations are exceedingly intricate, and one of the main goals is to use derived categories in order to more precisely relate such representations to modules over differential graded Hecke algebras.  This will allow for the use of new tools to understand the relationships between Langlands correspondences for varying groups.  In addition to this, the PI and his collaborators plan to use known instances of automorphic base change and the global theory of automorphic forms to develop a mod p Langlands correspondence for p-adic unitary groups.  This would enrich the known instances of mod p Langlands correspondences by showing that they are compatible with functorial constructions.&lt;br/&gt;&lt;br/&gt;This award reflects NSF's statutory mission and has been deemed worthy of support through evaluation using the Foundation's intellectual merit and broader impacts review criteria.</AbstractNarration>
<MinAmdLetterDate>06/04/2021</MinAmdLetterDate>
<MaxAmdLetterDate>06/04/2021</MaxAmdLetterDate>
<ARRAAmount/>
<TRAN_TYPE>Grant</TRAN_TYPE>
<CFDA_NUM>47.049</CFDA_NUM>
<NSF_PAR_USE_FLAG>1</NSF_PAR_USE_FLAG>
<FUND_AGCY_CODE>4900</FUND_AGCY_CODE>
<AWDG_AGCY_CODE>4900</AWDG_AGCY_CODE>
<AwardID>2101836</AwardID>
<Investigator>
<FirstName>Karol</FirstName>
<LastName>Koziol</LastName>
<PI_MID_INIT/>
<PI_SUFX_NAME/>
<PI_FULL_NAME>Karol Koziol</PI_FULL_NAME>
<EmailAddress>kkoziol@umich.edu</EmailAddress>
<PI_PHON>7247999927</PI_PHON>
<NSF_ID>000652864</NSF_ID>
<StartDate>06/04/2021</StartDate>
<EndDate/>
<RoleCode>Principal Investigator</RoleCode>
</Investigator>
<Institution>
<Name>Regents of the University of Michigan - Ann Arbor</Name>
<CityName>Ann Arbor</CityName>
<ZipCode>481091274</ZipCode>
<PhoneNumber>7347636438</PhoneNumber>
<StreetAddress>3003 South State St. Room 1062</StreetAddress>
<StreetAddress2/>
<CountryName>United States</CountryName>
<StateName>Michigan</StateName>
<StateCode>MI</StateCode>
<CONGRESSDISTRICT>12</CONGRESSDISTRICT>
<CONGRESS_DISTRICT_ORG>MI12</CONGRESS_DISTRICT_ORG>
<ORG_DUNS_NUM>073133571</ORG_DUNS_NUM>
<ORG_LGL_BUS_NAME>REGENTS OF THE UNIVERSITY OF MICHIGAN</ORG_LGL_BUS_NAME>
<ORG_PRNT_DUNS_NUM>073133571</ORG_PRNT_DUNS_NUM>
</Institution>
<Performance_Institution>
<Name><![CDATA[Regents of the University of Michigan - Ann Arbor]]></Name>
<CityName>Ann Arbor</CityName>
<StateCode>MI</StateCode>
<ZipCode>481091043</ZipCode>
<StreetAddress><![CDATA[530 Church St.]]></StreetAddress>
<CountryCode>US</CountryCode>
<CountryName>United States</CountryName>
<StateName>Michigan</StateName>
<CountryFlag>1</CountryFlag>
<CONGRESSDISTRICT>12</CONGRESSDISTRICT>
<CONGRESS_DISTRICT_PERF>MI12</CONGRESS_DISTRICT_PERF>
</Performance_Institution>
<ProgramElement>
<Code>1264</Code>
<Text>ALGEBRA,NUMBER THEORY,AND COM</Text>
</ProgramElement>
<Appropriation>
<Code>0121</Code>
<Name>NSF RESEARCH &amp; RELATED ACTIVIT</Name>
<APP_SYMB_ID>040100</APP_SYMB_ID>
</Appropriation>
<FUND_OBLG>2021~124050</FUND_OBLG>
</Award>
</rootTag>
