<?xml version="1.0" encoding="UTF-8"?>
<rootTag>
<Award>
<AwardTitle>Research Initiation Award: Investigating the Efficacy and Stability of Charred Nanocellulose Materials in High Temperature  and High Performing Polymers</AwardTitle>
<AGENCY>NSF</AGENCY>
<AwardEffectiveDate>06/01/2021</AwardEffectiveDate>
<AwardExpirationDate>05/31/2024</AwardExpirationDate>
<AwardTotalIntnAmount>298886.00</AwardTotalIntnAmount>
<AwardAmount>298886</AwardAmount>
<AwardInstrument>
<Value>Standard Grant</Value>
</AwardInstrument>
<Organization>
<Code>11060000</Code>
<Directorate>
<Abbreviation>EHR</Abbreviation>
<LongName>Direct For Education and Human Resources</LongName>
</Directorate>
<Division>
<Abbreviation>HRD</Abbreviation>
<LongName>Division Of Human Resource Development</LongName>
</Division>
</Organization>
<ProgramOfficer>
<SignBlockName>Michelle Claville</SignBlockName>
<PO_EMAI>mclavill@nsf.gov</PO_EMAI>
<PO_PHON>7032927751</PO_PHON>
</ProgramOfficer>
<AbstractNarration>Research Initiation Awards provide support for junior and mid-career faculty at Historically Black Colleges and Universities who are building new research programs or redirecting and rebuilding existing research programs. It is expected that the award helps to further the faculty member's research capability and effectiveness, improves research and teaching at the home institution, and involves undergraduate students in research experiences.  The award to Johnson C. Smith University will support research in the design of novel materials enhanced with cellulosic nano-additives.  The project will also develop an undergraduate research program that will prepare undergraduate students for careers in STEM fields.&lt;br/&gt;&lt;br/&gt;The goal of the project is to investigate the addition of pyrolyzed nanocellulose materials – in the form of char residue – as an additive into high performing and high curing temperature polyimide resins and examine the resulting mechanical properties of the new polymer/char composite.  The char residue of cellulose nanomaterials is an attractive additive that can be added into high performance polyimides resins, because it does not degrade at cure temperatures above 350 °C. The project will involve the integration of the char-residue into high-temperature polymers non-covalently via the pyrolysis of nanocellulosic materials into the polymeric matrices final composite.  This approach opens additional opportunities for cellulose nanomaterial applications.  Since the char residue has higher carbon content and surface area than the original polyimide material, its addition to the material as a reinforcement agent is expected to improve the mechanical properties of the resultant polyimide composite.&lt;br/&gt;&lt;br/&gt;This award reflects NSF's statutory mission and has been deemed worthy of support through evaluation using the Foundation's intellectual merit and broader impacts review criteria.</AbstractNarration>
<MinAmdLetterDate>03/29/2021</MinAmdLetterDate>
<MaxAmdLetterDate>05/21/2021</MaxAmdLetterDate>
<ARRAAmount/>
<TRAN_TYPE>Grant</TRAN_TYPE>
<CFDA_NUM>47.076</CFDA_NUM>
<NSF_PAR_USE_FLAG>1</NSF_PAR_USE_FLAG>
<FUND_AGCY_CODE>4900</FUND_AGCY_CODE>
<AWDG_AGCY_CODE>4900</AWDG_AGCY_CODE>
<AwardID>2101209</AwardID>
<Investigator>
<FirstName>Tracy</FirstName>
<LastName>Brown-Fox</LastName>
<PI_MID_INIT/>
<PI_SUFX_NAME/>
<PI_FULL_NAME>Tracy Brown-Fox</PI_FULL_NAME>
<EmailAddress>tbrown2@jcsu.edu</EmailAddress>
<PI_PHON>7043781054</PI_PHON>
<NSF_ID>000706800</NSF_ID>
<StartDate>03/29/2021</StartDate>
<EndDate/>
<RoleCode>Principal Investigator</RoleCode>
</Investigator>
<Institution>
<Name>Johnson C. Smith University</Name>
<CityName>Charlotte</CityName>
<ZipCode>282165302</ZipCode>
<PhoneNumber>7043781006</PhoneNumber>
<StreetAddress>100 Beatties Ford Rd</StreetAddress>
<StreetAddress2/>
<CountryName>United States</CountryName>
<StateName>North Carolina</StateName>
<StateCode>NC</StateCode>
<CONGRESSDISTRICT>12</CONGRESSDISTRICT>
<CONGRESS_DISTRICT_ORG>NC12</CONGRESS_DISTRICT_ORG>
<ORG_DUNS_NUM>071057806</ORG_DUNS_NUM>
<ORG_LGL_BUS_NAME>JOHNSON C. SMITH UNIVERSITY, INCORPORATED</ORG_LGL_BUS_NAME>
<ORG_PRNT_DUNS_NUM>071057806</ORG_PRNT_DUNS_NUM>
</Institution>
<Performance_Institution>
<Name><![CDATA[Johnson C. Smith University]]></Name>
<CityName>Charlotte</CityName>
<StateCode>NC</StateCode>
<ZipCode>282165302</ZipCode>
<StreetAddress><![CDATA[100 Beatties Ford Road]]></StreetAddress>
<CountryCode>US</CountryCode>
<CountryName>United States</CountryName>
<StateName>North Carolina</StateName>
<CountryFlag>1</CountryFlag>
<CONGRESSDISTRICT>12</CONGRESSDISTRICT>
<CONGRESS_DISTRICT_PERF>NC12</CONGRESS_DISTRICT_PERF>
</Performance_Institution>
<ProgramElement>
<Code>1594</Code>
<Text>Hist Black Colleges and Univ</Text>
</ProgramElement>
<ProgramReference>
<Code>9178</Code>
<Text>UNDERGRADUATE EDUCATION</Text>
</ProgramReference>
<Appropriation>
<Code>0421</Code>
<Name>NSF Education &amp; Human Resource</Name>
<APP_SYMB_ID>040106</APP_SYMB_ID>
</Appropriation>
<FUND_OBLG>2021~298886</FUND_OBLG>
</Award>
</rootTag>
