<?xml version="1.0" encoding="UTF-8"?>
<rootTag>
<Award>
<AwardTitle>Collective Interaction of Photons with Rare Earth Ions on a Photonic Chip</AwardTitle>
<AGENCY>NSF</AGENCY>
<AwardEffectiveDate>09/01/2021</AwardEffectiveDate>
<AwardExpirationDate>08/31/2024</AwardExpirationDate>
<AwardTotalIntnAmount>369461.00</AwardTotalIntnAmount>
<AwardAmount>369461</AwardAmount>
<AwardInstrument>
<Value>Standard Grant</Value>
</AwardInstrument>
<Organization>
<Code>07010000</Code>
<Directorate>
<Abbreviation>ENG</Abbreviation>
<LongName>Directorate For Engineering</LongName>
</Directorate>
<Division>
<Abbreviation>ECCS</Abbreviation>
<LongName>Div Of Electrical, Commun &amp; Cyber Sys</LongName>
</Division>
</Organization>
<ProgramOfficer>
<SignBlockName>Ruyan Guo</SignBlockName>
<PO_EMAI>rguo@nsf.gov</PO_EMAI>
<PO_PHON>7032927718</PO_PHON>
</ProgramOfficer>
<AbstractNarration>Title: Study of coherent interaction of light with arrays of rare-earth ions in crystalline micro photonic structures&lt;br/&gt; &lt;br/&gt;Light particles or photons are ideal carriers of information that have transformed the way we communicate. The advent of quantum information has given these trusted messengers more light to shine. By encoding peculiar quantum properties such as superposition and entanglement on light, the security of communication can be fundamentally guaranteed. Such quantum optical information is however very fragile and its control and routing possess challenges for the community implementing quantum communication technologies. Mapping optical information to and from atoms is one way to control and synchronize delicate quantum information. The choice of atoms, techniques for engineering atoms’ environment, and suitable mapping protocols are all important aspects of research pursued to develop effective systems for controlling quantum optical information. This project aims to explore new materials and protocols to develop an efficient quantum interface for optical information storage and control.&lt;br/&gt;&lt;br/&gt;To control quantum optical information, light needs to efficiently and coherently interact with atoms. As the light wavelength is much larger than the size of a typical atom, the interaction between the two is intrinsically weak in free space. Apart from the interaction strength, scalability and miniaturization of devices are important engineering aspects of quantum optical devices. Rare-earth ions such as Erbium ions in solid-state crystals provide a unique interface for optical information at the telecom wavelength. This project is studying the role of atomic geometry and environment engineering of Erbium ions in solids to develop atomic memories to store and synchronize optical information. By designing periodic ion arrays and micro-and nano-photonic devices on rare-earth crystals, the project aims to explore new regimes of collective light-atom interactions for the generation and storage of quantum optical information.&lt;br/&gt;&lt;br/&gt;This award reflects NSF's statutory mission and has been deemed worthy of support through evaluation using the Foundation's intellectual merit and broader impacts review criteria.</AbstractNarration>
<MinAmdLetterDate>08/10/2021</MinAmdLetterDate>
<MaxAmdLetterDate>08/10/2021</MaxAmdLetterDate>
<ARRAAmount/>
<TRAN_TYPE>Grant</TRAN_TYPE>
<CFDA_NUM>47.041</CFDA_NUM>
<NSF_PAR_USE_FLAG>1</NSF_PAR_USE_FLAG>
<FUND_AGCY_CODE>4900</FUND_AGCY_CODE>
<AWDG_AGCY_CODE>4900</AWDG_AGCY_CODE>
<AwardID>2101928</AwardID>
<Investigator>
<FirstName>Mahdi</FirstName>
<LastName>Hosseini</LastName>
<PI_MID_INIT/>
<PI_SUFX_NAME/>
<PI_FULL_NAME>Mahdi Hosseini</PI_FULL_NAME>
<EmailAddress>mh@purdue.edu</EmailAddress>
<PI_PHON>7564967423</PI_PHON>
<NSF_ID>000734100</NSF_ID>
<StartDate>08/10/2021</StartDate>
<EndDate/>
<RoleCode>Principal Investigator</RoleCode>
</Investigator>
<Institution>
<Name>Purdue University</Name>
<CityName>West Lafayette</CityName>
<ZipCode>479072114</ZipCode>
<PhoneNumber>7654941055</PhoneNumber>
<StreetAddress>Young Hall</StreetAddress>
<StreetAddress2><![CDATA[155 S Grant Street]]></StreetAddress2>
<CountryName>United States</CountryName>
<StateName>Indiana</StateName>
<StateCode>IN</StateCode>
<CONGRESSDISTRICT>04</CONGRESSDISTRICT>
<CONGRESS_DISTRICT_ORG>IN04</CONGRESS_DISTRICT_ORG>
<ORG_DUNS_NUM>072051394</ORG_DUNS_NUM>
<ORG_LGL_BUS_NAME>PURDUE UNIVERSITY</ORG_LGL_BUS_NAME>
<ORG_PRNT_DUNS_NUM>072051394</ORG_PRNT_DUNS_NUM>
</Institution>
<Performance_Institution>
<Name><![CDATA[Purdue University]]></Name>
<CityName>West Lafayette</CityName>
<StateCode>IN</StateCode>
<ZipCode>479072035</ZipCode>
<StreetAddress><![CDATA[465 Northwestern Ave]]></StreetAddress>
<CountryCode>US</CountryCode>
<CountryName>United States</CountryName>
<StateName>Indiana</StateName>
<CountryFlag>1</CountryFlag>
<CONGRESSDISTRICT>04</CONGRESSDISTRICT>
<CONGRESS_DISTRICT_PERF>IN04</CONGRESS_DISTRICT_PERF>
</Performance_Institution>
<ProgramElement>
<Code>1517</Code>
<Text>EPMD-ElectrnPhoton&amp;MagnDevices</Text>
</ProgramElement>
<ProgramReference>
<Code>094E</Code>
<Text>Optoelectronic devices</Text>
</ProgramReference>
<ProgramReference>
<Code>095E</Code>
<Text>Photonic integration</Text>
</ProgramReference>
<Appropriation>
<Code>0121</Code>
<Name>NSF RESEARCH &amp; RELATED ACTIVIT</Name>
<APP_SYMB_ID>040100</APP_SYMB_ID>
</Appropriation>
<FUND_OBLG>2021~369461</FUND_OBLG>
</Award>
</rootTag>
