<?xml version="1.0" encoding="UTF-8"?>
<rootTag>
<Award>
<AwardTitle>CRII: III: A Socio-technical Approach for Biomedical Content Authoring and Structured Web Publishing</AwardTitle>
<AGENCY>NSF</AGENCY>
<AwardEffectiveDate>07/01/2021</AwardEffectiveDate>
<AwardExpirationDate>06/30/2023</AwardExpirationDate>
<AwardTotalIntnAmount>175000.00</AwardTotalIntnAmount>
<AwardAmount>175000</AwardAmount>
<AwardInstrument>
<Value>Standard Grant</Value>
</AwardInstrument>
<Organization>
<Code>05020000</Code>
<Directorate>
<Abbreviation>CSE</Abbreviation>
<LongName>Direct For Computer &amp; Info Scie &amp; Enginr</LongName>
</Directorate>
<Division>
<Abbreviation>IIS</Abbreviation>
<LongName>Div Of Information &amp; Intelligent Systems</LongName>
</Division>
</Organization>
<ProgramOfficer>
<SignBlockName>Wei Ding</SignBlockName>
<PO_EMAI>weiding@nsf.gov</PO_EMAI>
<PO_PHON>7032928017</PO_PHON>
</ProgramOfficer>
<AbstractNarration>Efficient retrieval of context-appropriate, accurate and valuable information from the myriad of information available in the world is the bedrock of any successful search engine. For instance, in a library, librarians employ complex strategies with varying degrees of success to retrieve the appropriate book for a reader out of the many available titles. Similarly, a large volume of digital biomedical textual content such as research papers, clinical notes, biomedical reports, etc., has been produced in recent years due to the unprecedented growth of biomedical research and clinical practices. Efficient strategies for accessing these biomedical contents are crucial for allowing a timely transfer of correct information from the scientific research community to peer investigators and interested individuals. Even though valuable information is embedded in online biomedical contents, it remains opaque to information retrieval and knowledge extraction search engines. It is mainly because most biomedical contents are unstructured with minor or no explicit machine-interpretable semantic (context-aware) markups or annotations. For example, Google search engine algorithms require metadata to properly tag biomedical contents in a context-aware (semantic) fashion enabling more precise searches. Thus, developing an apt technology infrastructure to empower content users to add context-aware tagging (semantic annotations) to the biomedical content and later share them to promote their accessibility with improved accuracy would be a game-changer and the need of the hour. This project promotes the progress of science and technology by developing state-of-the-art freely accessible interactive systems that enable individuals at different expertise levels in the biomedical domain without any technical background to collaboratively author and publish biomedical semantic content. Hence, this research democratizes the process of semantic content authoring currently available to elite users. This project intends to involve a socio-economically diverse pool of learners in getting hands-on experience, enabling peer-to-peer knowledge sharing and opening up many career progression opportunities. The research will not only generate public educational material, bibliographies, and reusable empirical data to support wide-ranging biomedical stakeholders, but it will also provide opportunities for curriculum enhancement by integrating research results in biomedical informatics courses. &lt;br/&gt;&lt;br/&gt;&lt;br/&gt;&lt;br/&gt;This research introduces an out-of-the-box socio-technical approach and a novel set of semantic content models to develop open interactive systems overcoming the research challenges of balancing speed and accuracy and semantic preservation during semantic content authoring and structured publishing. Balancing speed and accuracy is the key research challenge; finding the right semantic annotations in real-time during content authoring is extremely difficult since often one semantic annotation is available in multiple biomedical ontologies with different text or connotations. This research develops a biomedical semantic content authoring system to balance the speed and accuracy of available biomedical annotators by keeping the original author in the loop during the entire process. Intelligent algorithms such as AuthorsLikeMe and RecommendMe are developed to get real-time help from other fellow authors working on similar biomedical contents. Semantically Cafe: A virtual collaboration environment in tandem enables novice authors to seek help from experts where the experts are attracted based on an incentive model for helping others. Preserving content-level semantics remains the key challenge and center of attention of online publishing. The team addresses this by developing novel semantic models extending the research engines endorsed controlled metadata to publish the biomedical contents on the web. Multiple user-friendly, customizable interfaces are developed for authoring, publishing, concept searching, and knowledge sharing with peers. One of the by-products of this research will be one-of-its-own kind of biomedical annotations corpus that will be openly available through the API for any potential usage. Understanding the system's efficiency and the quality of the content from the users' perspective will be studied through user studies and system evaluations.&lt;br/&gt;&lt;br/&gt;This award reflects NSF's statutory mission and has been deemed worthy of support through evaluation using the Foundation's intellectual merit and broader impacts review criteria.</AbstractNarration>
<MinAmdLetterDate>05/12/2021</MinAmdLetterDate>
<MaxAmdLetterDate>05/12/2021</MaxAmdLetterDate>
<ARRAAmount/>
<TRAN_TYPE>Grant</TRAN_TYPE>
<CFDA_NUM>47.070</CFDA_NUM>
<NSF_PAR_USE_FLAG>1</NSF_PAR_USE_FLAG>
<FUND_AGCY_CODE>4900</FUND_AGCY_CODE>
<AWDG_AGCY_CODE>4900</AWDG_AGCY_CODE>
<AwardID>2101350</AwardID>
<Investigator>
<FirstName>Syed Ahmad Chan</FirstName>
<LastName>Bukhari</LastName>
<PI_MID_INIT/>
<PI_SUFX_NAME/>
<PI_FULL_NAME>Syed Ahmad Chan Bukhari</PI_FULL_NAME>
<EmailAddress>bukharis@stjohns.edu</EmailAddress>
<PI_PHON>7189902362</PI_PHON>
<NSF_ID>000834035</NSF_ID>
<StartDate>05/12/2021</StartDate>
<EndDate/>
<RoleCode>Principal Investigator</RoleCode>
</Investigator>
<Institution>
<Name>Saint John's University</Name>
<CityName>Jamaica</CityName>
<CountyName/>
<ZipCode>114399000</ZipCode>
<PhoneNumber>7189902920</PhoneNumber>
<StreetAddress>8000 Utopia Parkway</StreetAddress>
<StreetAddress2/>
<CountryName>United States</CountryName>
<StateName>New York</StateName>
<StateCode>NY</StateCode>
<CONGRESSDISTRICT>05</CONGRESSDISTRICT>
<CONGRESS_DISTRICT_ORG>NY05</CONGRESS_DISTRICT_ORG>
<ORG_DUNS_NUM>073134744</ORG_DUNS_NUM>
<ORG_LGL_BUS_NAME>ST JOHN'S UNIVERSITY, NEW YORK</ORG_LGL_BUS_NAME>
<ORG_PRNT_DUNS_NUM>073134744</ORG_PRNT_DUNS_NUM>
</Institution>
<Performance_Institution>
<Name><![CDATA[St Johns University]]></Name>
<CityName>Jamaica</CityName>
<CountyName/>
<StateCode>NY</StateCode>
<ZipCode>114390001</ZipCode>
<StreetAddress><![CDATA[8000 Utopia Parkway]]></StreetAddress>
<CountryCode>US</CountryCode>
<CountryName>United States</CountryName>
<StateName>New York</StateName>
<CountryFlag>1</CountryFlag>
<CONGRESSDISTRICT>05</CONGRESSDISTRICT>
<CONGRESS_DISTRICT_PERF>NY05</CONGRESS_DISTRICT_PERF>
</Performance_Institution>
<ProgramElement>
<Code>7364</Code>
<Text>Info Integration &amp; Informatics</Text>
</ProgramElement>
<ProgramReference>
<Code>7364</Code>
<Text>INFO INTEGRATION &amp; INFORMATICS</Text>
</ProgramReference>
<ProgramReference>
<Code>8228</Code>
<Text>CISE Resrch Initiatn Initiatve</Text>
</ProgramReference>
<Appropriation>
<Code>0121</Code>
<Name>NSF RESEARCH &amp; RELATED ACTIVIT</Name>
<APP_SYMB_ID>040100</APP_SYMB_ID>
</Appropriation>
<FUND_OBLG>2021~175000</FUND_OBLG>
</Award>
</rootTag>
