<?xml version="1.0" encoding="UTF-8"?>
<rootTag>
<Award>
<AwardTitle>COVID Connects Us: Nurturing Novice Teachers’ Justice Science Teaching Identities</AwardTitle>
<AGENCY>NSF</AGENCY>
<AwardEffectiveDate>07/01/2021</AwardEffectiveDate>
<AwardExpirationDate>06/30/2024</AwardExpirationDate>
<AwardTotalIntnAmount>1492218.00</AwardTotalIntnAmount>
<AwardAmount>1107139</AwardAmount>
<AwardInstrument>
<Value>Continuing Grant</Value>
</AwardInstrument>
<Organization>
<Code>11090000</Code>
<Directorate>
<Abbreviation>EHR</Abbreviation>
<LongName>Direct For Education and Human Resources</LongName>
</Directorate>
<Division>
<Abbreviation>DRL</Abbreviation>
<LongName>Division Of Research On Learning</LongName>
</Division>
</Organization>
<ProgramOfficer>
<SignBlockName>Beth Herbel Eisenmann</SignBlockName>
<PO_EMAI>bherbele@nsf.gov</PO_EMAI>
<PO_PHON>7032924278</PO_PHON>
</ProgramOfficer>
<AbstractNarration>This project relates to two contemporary concerns in the US: the devastation felt by racial and ethnic minoritized communities during the COVID-19 pandemic; and the challenges states face as they strategically navigate the adoption of the Next Generation Science Standards. These concerns necessitate a shift in the culture of science classrooms to align with the following findings from current research on learning. (a) Students are best motivated when they need to explain real world events and solve problems that are meaningful to them. (b) When students develop explanations of these real-world events or societal problems and are allowed to participate in creative ways, they can develop deep understandings of core science ideas similar to that of scientists and engineers. (c) Students need to develop a critical lens about what science is studied, how it is studied, and who is left out of what is studied to understand how science is impacted by issues of power and to engage in more just forms of participation. Realizing these cultural transformations in science classrooms will require teachers to develop professional identities that are justice-, student- and culture-centered.  In COVID Connects Us, the project team investigates the challenges of learning how to support justice-centered ambitious science teaching (JuST). The project team will partner with networks of secondary science teachers as they first implement a common unit aimed at engaging youth in science and engineering practices in ways that are culturally-sustaining, focused on explanation-construction and intentionally anti-oppressive. The teachers will then use their shared experiences to revise future instruction in ways that are justice-centered and that engage students in the ways research suggests is important for their learning.&lt;br/&gt; &lt;br/&gt;The goals of this three-year project center on developing and understanding core culture-setting teaching routines that can serve as powerful footholds to realize cultural shifts in science classrooms. The project team will collect and analyze teacher narratives to study the impact of two core and focal teacher supports on participating teachers’ professional identity development as practitioners of JuST practices. The supports include 1) a culture setting unit that all teachers will implement on the science of COVID; and 2) teachers’ engagement in a network of learning communities.  During each of the first two academic years of the project, about 20 learning communities made up of four teachers in three different sites will engage in design-based implementation research cycles. These learning communities will collectively study videos of their teaching and samples of student-work to understand and address the challenges of JuST practices. Expected contributions of the study include: (a) a set of JuST routines that teachers find to be effective across curricular units; (b) exemplar JuST units including, but not limited to, the initial unit on the science of COVID; (c) research-based findings about how science educators develop critical consciousness related to disciplinary racism and practices that support students’ in developing the same; and d) vignettes and in-depth case studies of teachers’ development of JuST identities.&lt;br/&gt;&lt;br/&gt;The Discovery Research preK-12 program (DRK-12) seeks to significantly enhance the learning and teaching of science, technology, engineering and mathematics (STEM) by preK-12 students and teachers, through research and development of innovative resources, models and tools. Projects in the DRK-12 program build on fundamental research in STEM education and prior research and development efforts that provide theoretical and empirical justification for proposed projects.&lt;br/&gt;&lt;br/&gt;This award reflects NSF's statutory mission and has been deemed worthy of support through evaluation using the Foundation's intellectual merit and broader impacts review criteria.</AbstractNarration>
<MinAmdLetterDate>05/19/2021</MinAmdLetterDate>
<MaxAmdLetterDate>05/19/2021</MaxAmdLetterDate>
<ARRAAmount/>
<TRAN_TYPE>Grant</TRAN_TYPE>
<CFDA_NUM>47.076</CFDA_NUM>
<NSF_PAR_USE_FLAG>1</NSF_PAR_USE_FLAG>
<FUND_AGCY_CODE>4900</FUND_AGCY_CODE>
<AWDG_AGCY_CODE>4900</AWDG_AGCY_CODE>
<AwardID>2101217</AwardID>
<Investigator>
<FirstName>April</FirstName>
<LastName>Luehmann</LastName>
<PI_MID_INIT>L</PI_MID_INIT>
<PI_SUFX_NAME/>
<PI_FULL_NAME>April L Luehmann</PI_FULL_NAME>
<EmailAddress>april.luehmann@rochester.edu</EmailAddress>
<PI_PHON>5852753010</PI_PHON>
<NSF_ID>000387884</NSF_ID>
<StartDate>05/19/2021</StartDate>
<EndDate/>
<RoleCode>Principal Investigator</RoleCode>
</Investigator>
<Investigator>
<FirstName>David</FirstName>
<LastName>Campbell</LastName>
<PI_MID_INIT>T</PI_MID_INIT>
<PI_SUFX_NAME/>
<PI_FULL_NAME>David T Campbell</PI_FULL_NAME>
<EmailAddress>todd.campbell@uconn.edu</EmailAddress>
<PI_PHON>8604860515</PI_PHON>
<NSF_ID>000248955</NSF_ID>
<StartDate>05/19/2021</StartDate>
<EndDate/>
<RoleCode>Co-Principal Investigator</RoleCode>
</Investigator>
<Investigator>
<FirstName>Deana</FirstName>
<LastName>Scipio</LastName>
<PI_MID_INIT/>
<PI_SUFX_NAME/>
<PI_FULL_NAME>Deana Scipio</PI_FULL_NAME>
<EmailAddress>deana_scipio@terc.edu</EmailAddress>
<PI_PHON>6178739600</PI_PHON>
<NSF_ID>000736059</NSF_ID>
<StartDate>05/19/2021</StartDate>
<EndDate/>
<RoleCode>Co-Principal Investigator</RoleCode>
</Investigator>
<Institution>
<Name>University of Rochester</Name>
<CityName>Rochester</CityName>
<ZipCode>146270140</ZipCode>
<PhoneNumber>5852754031</PhoneNumber>
<StreetAddress>518 HYLAN, RC BOX 270140</StreetAddress>
<StreetAddress2/>
<CountryName>United States</CountryName>
<StateName>New York</StateName>
<StateCode>NY</StateCode>
<CONGRESSDISTRICT>25</CONGRESSDISTRICT>
<CONGRESS_DISTRICT_ORG>NY25</CONGRESS_DISTRICT_ORG>
<ORG_DUNS_NUM>041294109</ORG_DUNS_NUM>
<ORG_LGL_BUS_NAME>UNIVERSITY OF ROCHESTER</ORG_LGL_BUS_NAME>
<ORG_PRNT_DUNS_NUM>041294109</ORG_PRNT_DUNS_NUM>
</Institution>
<Performance_Institution>
<Name><![CDATA[University of Rochester]]></Name>
<CityName/>
<StateCode>NY</StateCode>
<ZipCode>146270140</ZipCode>
<StreetAddress/>
<CountryCode>US</CountryCode>
<CountryName>United States</CountryName>
<StateName>New York</StateName>
<CountryFlag>1</CountryFlag>
<CONGRESSDISTRICT>25</CONGRESSDISTRICT>
<CONGRESS_DISTRICT_PERF>NY25</CONGRESS_DISTRICT_PERF>
</Performance_Institution>
<ProgramElement>
<Code>7645</Code>
<Text>Discovery Research K-12</Text>
</ProgramElement>
<ProgramReference>
<Code>096Z</Code>
<Text>COVID-19 Research</Text>
</ProgramReference>
<Appropriation>
<Code>0421</Code>
<Name>NSF Education &amp; Human Resource</Name>
<APP_SYMB_ID>040106</APP_SYMB_ID>
</Appropriation>
<FUND_OBLG>2021~1107139</FUND_OBLG>
</Award>
</rootTag>
