<?xml version="1.0" encoding="UTF-8"?>
<rootTag>
<Award>
<AwardTitle>Excellence in Research: iMed-Sec: Exploring Hardware-Assisted Solutions for Energy-Efficient Low-Overhead Security and Privacy for the Internet-of-Medical-Things</AwardTitle>
<AGENCY>NSF</AGENCY>
<AwardEffectiveDate>06/01/2021</AwardEffectiveDate>
<AwardExpirationDate>05/31/2024</AwardExpirationDate>
<AwardTotalIntnAmount>499500.00</AwardTotalIntnAmount>
<AwardAmount>499500</AwardAmount>
<AwardInstrument>
<Value>Standard Grant</Value>
</AwardInstrument>
<Organization>
<Code>05050000</Code>
<Directorate>
<Abbreviation>CSE</Abbreviation>
<LongName>Direct For Computer &amp; Info Scie &amp; Enginr</LongName>
</Directorate>
<Division>
<Abbreviation>CNS</Abbreviation>
<LongName>Division Of Computer and Network Systems</LongName>
</Division>
</Organization>
<ProgramOfficer>
<SignBlockName>Fay Cobb Payton</SignBlockName>
<PO_EMAI>fpayton@nsf.gov</PO_EMAI>
<PO_PHON>7032927939</PO_PHON>
</ProgramOfficer>
<AbstractNarration>The combination of a network of physical devices embedded with electronics, Internet connectivity, and sensors, that can communicate and interact with others over the Internet is known as the Internet of Things (IoT).  An IoT-based framework for the healthcare industry is called the Internet of Medical Things (IoMT).  Security of Implantable Medical Devices and Wearable Medical Devices is one of the major concerns of IoMT, in addition to medical data privacy. Imminent threats to the safe use of IoMT include the vulnerability of IoMT-devices to hacking. The project will undertake research to explore Hardware-Assisted Security with low-overhead, energy-efficient solutions for the IoMT. The uniqueness of the iMed-Sec project is a unified multilayer effort involving devices, circuits, and systems for robust cybersecurity. The project will build IoMT security course materials (such as modules, training materials, and syllabi) to boost various interdisciplinary STEM undergraduate curricula to train students in smart healthcare paradigms, thus serving the national interest.&lt;br/&gt;&lt;br/&gt;&lt;br/&gt;iMed-Sec is a novel unified multilayer effort involving devices, circuits, and systems using a Security-by-Design (SbD) paradigm for energy-efficient robust cybersecurity of internet-connected smart systems used in healthcare industry, popularly known as the Internet of Medical Things (IoMT). The project will address research to integrate IoMT devices with hardware security primitives called Physical Unclonable Functions (PUF) so that these can be used to perform real-time security and privacy functionalities, without using the resources of the devices, thus ensuring low-overhead. PUF-based unified security and privacy protocols are not available in the current literature. The project will determine appropriate device technology and circuit topologies for robust, energy efficient PUFs useful in smart healthcare security and privacy. The project will result in energy efficient novel protocols for IoMT device cybersecurity. The project will build IoMT cybersecurity course materials (such as modules, training materials, and syllabi) to boost various interdisciplinary STEM undergraduate curricula to train students in smart healthcare paradigms at Historically Black College and Universities.&lt;br/&gt;&lt;br/&gt;This award reflects NSF's statutory mission and has been deemed worthy of support through evaluation using the Foundation's intellectual merit and broader impacts review criteria.</AbstractNarration>
<MinAmdLetterDate>06/25/2021</MinAmdLetterDate>
<MaxAmdLetterDate>06/25/2021</MaxAmdLetterDate>
<ARRAAmount/>
<TRAN_TYPE>Grant</TRAN_TYPE>
<CFDA_NUM>47.070</CFDA_NUM>
<NSF_PAR_USE_FLAG>1</NSF_PAR_USE_FLAG>
<FUND_AGCY_CODE>4900</FUND_AGCY_CODE>
<AWDG_AGCY_CODE>4900</AWDG_AGCY_CODE>
<AwardID>2101181</AwardID>
<Investigator>
<FirstName>Saraju</FirstName>
<LastName>Mohanty</LastName>
<PI_MID_INIT>P</PI_MID_INIT>
<PI_SUFX_NAME/>
<PI_FULL_NAME>Saraju P Mohanty</PI_FULL_NAME>
<EmailAddress>saraju.mohanty@unt.edu</EmailAddress>
<PI_PHON>9405653276</PI_PHON>
<NSF_ID>000482976</NSF_ID>
<StartDate>06/25/2021</StartDate>
<EndDate/>
<RoleCode>Co-Principal Investigator</RoleCode>
</Investigator>
<Investigator>
<FirstName>Bibhudutta</FirstName>
<LastName>Rout</LastName>
<PI_MID_INIT/>
<PI_SUFX_NAME/>
<PI_FULL_NAME>Bibhudutta Rout</PI_FULL_NAME>
<EmailAddress>bibhu@unt.edu</EmailAddress>
<PI_PHON>9403698127</PI_PHON>
<NSF_ID>000183237</NSF_ID>
<StartDate>06/25/2021</StartDate>
<EndDate/>
<RoleCode>Co-Principal Investigator</RoleCode>
</Investigator>
<Investigator>
<FirstName>Babu</FirstName>
<LastName>Baniya</LastName>
<PI_MID_INIT>K</PI_MID_INIT>
<PI_SUFX_NAME/>
<PI_FULL_NAME>Babu K Baniya</PI_FULL_NAME>
<EmailAddress>baniyab@gram.edu</EmailAddress>
<PI_PHON>3182742232</PI_PHON>
<NSF_ID>000823938</NSF_ID>
<StartDate>06/25/2021</StartDate>
<EndDate/>
<RoleCode>Principal Investigator</RoleCode>
</Investigator>
<Investigator>
<FirstName>Vasanth</FirstName>
<LastName>Iyer</LastName>
<PI_MID_INIT/>
<PI_SUFX_NAME/>
<PI_FULL_NAME>Vasanth Iyer</PI_FULL_NAME>
<EmailAddress>iyerv@gram.edu</EmailAddress>
<PI_PHON>4053852350</PI_PHON>
<NSF_ID>000833569</NSF_ID>
<StartDate>06/25/2021</StartDate>
<EndDate/>
<RoleCode>Co-Principal Investigator</RoleCode>
</Investigator>
<Institution>
<Name>Grambling State University</Name>
<CityName>Grambling</CityName>
<ZipCode>712452715</ZipCode>
<PhoneNumber>3182746117</PhoneNumber>
<StreetAddress>P.O.Drawer 607</StreetAddress>
<StreetAddress2><![CDATA[Long Jones Hall Room 110]]></StreetAddress2>
<CountryName>United States</CountryName>
<StateName>Louisiana</StateName>
<StateCode>LA</StateCode>
<CONGRESSDISTRICT>05</CONGRESSDISTRICT>
<CONGRESS_DISTRICT_ORG>LA05</CONGRESS_DISTRICT_ORG>
<ORG_DUNS_NUM>939855565</ORG_DUNS_NUM>
<ORG_LGL_BUS_NAME>GRAMBLING STATE UNIVERSITY</ORG_LGL_BUS_NAME>
<ORG_PRNT_DUNS_NUM>939855565</ORG_PRNT_DUNS_NUM>
</Institution>
<Performance_Institution>
<Name><![CDATA[Grambling State university]]></Name>
<CityName>Grambling</CityName>
<StateCode>LA</StateCode>
<ZipCode>712452715</ZipCode>
<StreetAddress><![CDATA[P.O.Drawer 607, 403 MAIN]]></StreetAddress>
<CountryCode>US</CountryCode>
<CountryName>United States</CountryName>
<StateName>Louisiana</StateName>
<CountryFlag>1</CountryFlag>
<CONGRESSDISTRICT>05</CONGRESSDISTRICT>
<CONGRESS_DISTRICT_PERF>LA05</CONGRESS_DISTRICT_PERF>
</Performance_Institution>
<ProgramElement>
<Code>070Y</Code>
<Text>HBCU-EiR - HBCU-Excellence in</Text>
</ProgramElement>
<ProgramReference>
<Code>041Z</Code>
<Text>HBCU-Strengthening Research Capacities</Text>
</ProgramReference>
<ProgramReference>
<Code>9150</Code>
<Text>EXP PROG TO STIM COMP RES</Text>
</ProgramReference>
<Appropriation>
<Code>0121</Code>
<Name>NSF RESEARCH &amp; RELATED ACTIVIT</Name>
<APP_SYMB_ID>040100</APP_SYMB_ID>
</Appropriation>
<FUND_OBLG>2021~499500</FUND_OBLG>
</Award>
</rootTag>
