<?xml version="1.0" encoding="UTF-8"?>
<rootTag>
<Award>
<AwardTitle>Disentangling Many-Body Effects and Coupling in the Vibrational Spectra of Aqueous Clusters</AwardTitle>
<AGENCY>NSF</AGENCY>
<AwardEffectiveDate>06/01/2021</AwardEffectiveDate>
<AwardExpirationDate>05/31/2024</AwardExpirationDate>
<AwardTotalIntnAmount>789413.00</AwardTotalIntnAmount>
<AwardAmount>789413</AwardAmount>
<AwardInstrument>
<Value>Standard Grant</Value>
</AwardInstrument>
<Organization>
<Code>03090000</Code>
<Directorate>
<Abbreviation>MPS</Abbreviation>
<LongName>Direct For Mathematical &amp; Physical Scien</LongName>
</Directorate>
<Division>
<Abbreviation>CHE</Abbreviation>
<LongName>Division Of Chemistry</LongName>
</Division>
</Organization>
<ProgramOfficer>
<SignBlockName>Anne-Marie Schmoltner</SignBlockName>
<PO_EMAI>aschmolt@nsf.gov</PO_EMAI>
<PO_PHON>7032924716</PO_PHON>
</ProgramOfficer>
<AbstractNarration>With support from the Chemical Structure, Dynamics, and Mechanism A program of the Division of Chemistry, Professors Francesco Paesani (University of California – San Diego) and Ryan Steele (The University of Utah) will collaboratively investigate the manner in which charged particles, called ions, interact with water.  This hydration of ions drives numerous processes, including biological chemistry, atmospheric chemistry, and renewable-energy chemistry.  The response of these chemical species to infrared light provides clues regarding their behavior, but unraveling the details of this behavior from experiments often requires large-scale computer simulations.  The two research groups will use new computer simulations to study, at the atomic level, the processes that govern these ion-water interactions. In parallel, the investigators will be involved in outreach and mentoring activities designed to promote science, technology, engineering, and mathematics (STEM) disciplines among students from underrepresented groups.  In particular, Professor Paesani will focus on integrating UC San Diego and San Diego community college students in research projects throughout the academic year.  Professor Steele will focus on mentoring high-school chemistry teachers through M.S. Program for Secondary School Teachers at the University of Utah as well as in the integration of computational simulations into the high school curriculum.&lt;br/&gt;&lt;br/&gt;The two research groups will combine newly developed many-body potential energy functions with new local-mode approaches for simulating anharmonic vibrational spectroscopy.  This synergy will enable the decomposition of the anharmonic couplings that drive unique vibrational behavior in strong ions and provide insight to recent hydrated-ion experiments.  The impact of divalent ions on hydrogen-bonding networks will also be investigated, along with the evolution of hydration behavior of small biomolecular ions.  Wherever possible, these investigations will be coupled with recent and forthcoming results from experimental collaborators.  Ultimately, these studies will be used to calibrate the potential energy functions and their underlying physics, in order to simulate both small, hydrated ions and condensed-phase solutions.&lt;br/&gt;&lt;br/&gt;This award reflects NSF's statutory mission and has been deemed worthy of support through evaluation using the Foundation's intellectual merit and broader impacts review criteria.</AbstractNarration>
<MinAmdLetterDate>04/26/2021</MinAmdLetterDate>
<MaxAmdLetterDate>04/26/2021</MaxAmdLetterDate>
<ARRAAmount/>
<TRAN_TYPE>Grant</TRAN_TYPE>
<CFDA_NUM>47.049</CFDA_NUM>
<NSF_PAR_USE_FLAG>1</NSF_PAR_USE_FLAG>
<FUND_AGCY_CODE>4900</FUND_AGCY_CODE>
<AWDG_AGCY_CODE>4900</AWDG_AGCY_CODE>
<AwardID>2102309</AwardID>
<Investigator>
<FirstName>Francesco</FirstName>
<LastName>Paesani</LastName>
<PI_MID_INIT/>
<PI_SUFX_NAME/>
<PI_FULL_NAME>Francesco Paesani</PI_FULL_NAME>
<EmailAddress>fpaesani@ucsd.edu</EmailAddress>
<PI_PHON>8588223383</PI_PHON>
<NSF_ID>000547903</NSF_ID>
<StartDate>04/26/2021</StartDate>
<EndDate/>
<RoleCode>Principal Investigator</RoleCode>
</Investigator>
<Investigator>
<FirstName>Ryan</FirstName>
<LastName>Steele</LastName>
<PI_MID_INIT>P</PI_MID_INIT>
<PI_SUFX_NAME/>
<PI_FULL_NAME>Ryan P Steele</PI_FULL_NAME>
<EmailAddress>ryan.steele@utah.edu</EmailAddress>
<PI_PHON>8015873800</PI_PHON>
<NSF_ID>000609253</NSF_ID>
<StartDate>04/26/2021</StartDate>
<EndDate/>
<RoleCode>Co-Principal Investigator</RoleCode>
</Investigator>
<Institution>
<Name>University of California-San Diego</Name>
<CityName>La Jolla</CityName>
<CountyName/>
<ZipCode>920930934</ZipCode>
<PhoneNumber>8585344896</PhoneNumber>
<StreetAddress>Office of Contract &amp; Grant Admin</StreetAddress>
<StreetAddress2><![CDATA[9500 Gilman Drive, 0934]]></StreetAddress2>
<CountryName>United States</CountryName>
<StateName>California</StateName>
<StateCode>CA</StateCode>
<CONGRESSDISTRICT>49</CONGRESSDISTRICT>
<CONGRESS_DISTRICT_ORG>CA49</CONGRESS_DISTRICT_ORG>
<ORG_DUNS_NUM>804355790</ORG_DUNS_NUM>
<ORG_LGL_BUS_NAME>UNIVERSITY OF CALIFORNIA, SAN DIEGO</ORG_LGL_BUS_NAME>
<ORG_PRNT_DUNS_NUM>071549000</ORG_PRNT_DUNS_NUM>
</Institution>
<Performance_Institution>
<Name><![CDATA[University of California-San Diego]]></Name>
<CityName>La Jolla</CityName>
<CountyName/>
<StateCode>CA</StateCode>
<ZipCode>920930934</ZipCode>
<StreetAddress><![CDATA[Office of Contract and Grant Adm]]></StreetAddress>
<CountryCode>US</CountryCode>
<CountryName>United States</CountryName>
<StateName>California</StateName>
<CountryFlag>1</CountryFlag>
<CONGRESSDISTRICT>49</CONGRESSDISTRICT>
<CONGRESS_DISTRICT_PERF>CA49</CONGRESS_DISTRICT_PERF>
</Performance_Institution>
<ProgramElement>
<Code>9101</Code>
<Text>Chem Struct,Dynmcs&amp;Mechansms A</Text>
</ProgramElement>
<Appropriation>
<Code>0121</Code>
<Name>NSF RESEARCH &amp; RELATED ACTIVIT</Name>
<APP_SYMB_ID>040100</APP_SYMB_ID>
</Appropriation>
<FUND_OBLG>2021~789413</FUND_OBLG>
</Award>
</rootTag>
