<?xml version="1.0" encoding="UTF-8"?>
<rootTag>
<Award>
<AwardTitle>Mapping Dark Matter with Light: Stellar Bar Driven Substructure in the Milky Way Dark Matter Halo</AwardTitle>
<AGENCY>NSF</AGENCY>
<AwardEffectiveDate>09/01/2021</AwardEffectiveDate>
<AwardExpirationDate>08/31/2024</AwardExpirationDate>
<AwardTotalIntnAmount>300000.00</AwardTotalIntnAmount>
<AwardAmount>100000</AwardAmount>
<AwardInstrument>
<Value>Fellowship Award</Value>
</AwardInstrument>
<Organization>
<Code>03020000</Code>
<Directorate>
<Abbreviation>MPS</Abbreviation>
<LongName>Direct For Mathematical &amp; Physical Scien</LongName>
</Directorate>
<Division>
<Abbreviation>AST</Abbreviation>
<LongName>Division Of Astronomical Sciences</LongName>
</Division>
</Organization>
<ProgramOfficer>
<SignBlockName>Harshal Gupta</SignBlockName>
<PO_EMAI>hgupta@nsf.gov</PO_EMAI>
<PO_PHON>7032925039</PO_PHON>
</ProgramOfficer>
<AbstractNarration>Angela Collier is awarded an NSF Astronomy and Astrophysics Postdoctoral Fellowship to conduct a program of research and education at the University of Colorado. Collier will perform theoretical calculations to predict the structure and flux of dark matter in the bar and near the center of the Milky Way. Results from this project will allow astronomers to understand how dark matter influences baryonic matter in barred galaxies. For the education component of this project, Collier will develop a planetarium show to improve the science outcomes and social-emotional development of pre-kindergarten and kindergarten students, and she will provide research experiences to undergraduate students.&lt;br/&gt;&lt;br/&gt;This project will investigate the role of stellar bar-driven substructure in dark matter and its consequences for the detection of dark matter in the Galaxy. Analytical calculations and numerical simulations undertaken in this project will predict the impact of dark matter trapped in the stellar bar on dark matter in the Galactic halo. The resultant insight into halo-bar coupling and dynamics will permit accurate predictions of indirect signatures to aid future astronomical searches for dark matter near the Galactic Center.  More generally, it will advance our understanding of how dark matter bars are formed in galaxies.&lt;br/&gt;&lt;br/&gt;This award reflects NSF's statutory mission and has been deemed worthy of support through evaluation using the Foundation's intellectual merit and broader impacts review criteria.</AbstractNarration>
<MinAmdLetterDate>06/10/2021</MinAmdLetterDate>
<MaxAmdLetterDate>06/10/2021</MaxAmdLetterDate>
<ARRAAmount/>
<TRAN_TYPE>Grant</TRAN_TYPE>
<CFDA_NUM>47.049</CFDA_NUM>
<NSF_PAR_USE_FLAG>1</NSF_PAR_USE_FLAG>
<FUND_AGCY_CODE>4900</FUND_AGCY_CODE>
<AWDG_AGCY_CODE>4900</AWDG_AGCY_CODE>
<AwardID>2102185</AwardID>
<Investigator>
<FirstName>Angela</FirstName>
<LastName>Collier</LastName>
<PI_MID_INIT>C</PI_MID_INIT>
<PI_SUFX_NAME/>
<PI_FULL_NAME>Angela C Collier</PI_FULL_NAME>
<EmailAddress/>
<PI_PHON>6065481662</PI_PHON>
<NSF_ID>000840695</NSF_ID>
<StartDate>06/10/2021</StartDate>
<EndDate/>
<RoleCode>Principal Investigator</RoleCode>
</Investigator>
<Institution>
<Name>Collier, Angela C</Name>
<CityName>Boulder</CityName>
<ZipCode>80303</ZipCode>
<PhoneNumber/>
<StreetAddress/>
<StreetAddress2/>
<CountryName>United States</CountryName>
<StateName>Colorado</StateName>
<StateCode>CO</StateCode>
<CONGRESSDISTRICT/>
<CONGRESS_DISTRICT_ORG/>
<ORG_DUNS_NUM/>
<ORG_LGL_BUS_NAME/>
<ORG_PRNT_DUNS_NUM/>
</Institution>
<Performance_Institution>
<Name><![CDATA[JILA/ UC Boulder]]></Name>
<CityName>Boulder</CityName>
<StateCode>CO</StateCode>
<ZipCode>803090123</ZipCode>
<StreetAddress/>
<CountryCode>US</CountryCode>
<CountryName>United States</CountryName>
<StateName>Colorado</StateName>
<CountryFlag>1</CountryFlag>
<CONGRESSDISTRICT>02</CONGRESSDISTRICT>
<CONGRESS_DISTRICT_PERF/>
</Performance_Institution>
<ProgramElement>
<Code>1609</Code>
<Text>NSF ASTRON &amp; ASTROPHY PSTDC FE</Text>
</ProgramElement>
<ProgramReference>
<Code>1206</Code>
<Text>THEORETICAL &amp; COMPUTATIONAL ASTROPHYSICS</Text>
</ProgramReference>
<Appropriation>
<Code>0121</Code>
<Name>NSF RESEARCH &amp; RELATED ACTIVIT</Name>
<APP_SYMB_ID>040100</APP_SYMB_ID>
</Appropriation>
<FUND_OBLG>2021~100000</FUND_OBLG>
</Award>
</rootTag>
