<?xml version="1.0" encoding="UTF-8"?>
<rootTag>
<Award>
<AwardTitle>Understanding and Engineering the Nucleation of Enzyme Metal-Organic Frameworks</AwardTitle>
<AGENCY>NSF</AGENCY>
<AwardEffectiveDate>07/15/2021</AwardEffectiveDate>
<AwardExpirationDate>06/30/2024</AwardExpirationDate>
<AwardTotalIntnAmount>339247.00</AwardTotalIntnAmount>
<AwardAmount>339247</AwardAmount>
<AwardInstrument>
<Value>Standard Grant</Value>
</AwardInstrument>
<Organization>
<Code>07020000</Code>
<Directorate>
<Abbreviation>ENG</Abbreviation>
<LongName>Directorate For Engineering</LongName>
</Directorate>
<Division>
<Abbreviation>CBET</Abbreviation>
<LongName>Div Of Chem, Bioeng, Env, &amp; Transp Sys</LongName>
</Division>
</Organization>
<ProgramOfficer>
<SignBlockName>Christina Payne</SignBlockName>
<PO_EMAI>cpayne@nsf.gov</PO_EMAI>
<PO_PHON>7032922895</PO_PHON>
</ProgramOfficer>
<AbstractNarration>Enzymes are natural catalysts that can be used by chemical industries to speed up the rate of reactions and reduce the energy requirements of catalytic processes. However, enzymes are not typically stable outside of the physiological environment in which they evolved, significantly limiting their utility for industrial applications. A potential solution to this problem is to immobilize enzymes onto support structures. The ideal support material must be capable of loading high quantities of the active form of the enzyme. The support should also increase the stability and recyclability of the enzyme compared to the free enzyme in solution. Metal-organic frameworks (MOFs) are a promising class of materials for enzyme immobilization. MOFs are porous crystalline materials formed by the self-assembly of metal ions and organic ligands. Enzymes can be immobilized on MOFs by simply mixing the metal, ligand, and enzyme in aqueous solutions at room temperature. The enzymes are then incorporated into the MOF framework during the nucleation and growth processes. Understanding how this process works requires a detailed analysis of the system's nucleation and growth mechanisms. This fundamental mechanistic knowledge will provide robust design rules for the synthesis of enzyme-immobilized MOFs with high loading of the active form of the enzyme. The ability to immobilize practically any enzyme at the MOF surface has the potential to revolutionize the biotechnology industry and benefit society through lower energy chemical processes. The investigator will also develop a mobile K-12 outreach activity that uses low-cost microscopy to observe salt crystal growth. &lt;br/&gt;&lt;br/&gt;This project aims to determine the nucleation and growth mechanisms of enzyme MOF composite materials. The approach employs cryogenic and liquid-phase electron microscopy. Cryogenic electron microscopy will be used to trap intermediates and analyze their high-resolution structure. Liquid-phase electron microscopy will be used to monitor the kinetics of absorption, nucleation, and growth. The electron microscopy data will be supported by bulk scattering analysis using light and X-rays. The knowledge gained from these mechanistic studies will be used to re-engineer the interfacial chemistry to improve both encapsulation efficiency and enzymatic activity. The project will reveal the formation mechanisms, how the mechanisms can be manipulated by tuning the interfacial chemistry, and the structure-property relationships.&lt;br/&gt;&lt;br/&gt;This award reflects NSF's statutory mission and has been deemed worthy of support through evaluation using the Foundation's intellectual merit and broader impacts review criteria.</AbstractNarration>
<MinAmdLetterDate>07/08/2021</MinAmdLetterDate>
<MaxAmdLetterDate>07/08/2021</MaxAmdLetterDate>
<ARRAAmount/>
<TRAN_TYPE>Grant</TRAN_TYPE>
<CFDA_NUM>47.041</CFDA_NUM>
<NSF_PAR_USE_FLAG>1</NSF_PAR_USE_FLAG>
<FUND_AGCY_CODE>4900</FUND_AGCY_CODE>
<AWDG_AGCY_CODE>4900</AWDG_AGCY_CODE>
<AwardID>2102033</AwardID>
<Investigator>
<FirstName>Joe</FirstName>
<LastName>Patterson</LastName>
<PI_MID_INIT>P</PI_MID_INIT>
<PI_SUFX_NAME/>
<PI_FULL_NAME>Joe P Patterson</PI_FULL_NAME>
<EmailAddress>patters3@uci.edu</EmailAddress>
<PI_PHON>9498244097</PI_PHON>
<NSF_ID>000780784</NSF_ID>
<StartDate>07/08/2021</StartDate>
<EndDate/>
<RoleCode>Principal Investigator</RoleCode>
</Investigator>
<Institution>
<Name>University of California-Irvine</Name>
<CityName>Irvine</CityName>
<ZipCode>926977600</ZipCode>
<PhoneNumber>9498247295</PhoneNumber>
<StreetAddress>160 Aldrich Hall</StreetAddress>
<StreetAddress2/>
<CountryName>United States</CountryName>
<StateName>California</StateName>
<StateCode>CA</StateCode>
<CONGRESSDISTRICT>45</CONGRESSDISTRICT>
<CONGRESS_DISTRICT_ORG>CA45</CONGRESS_DISTRICT_ORG>
<ORG_DUNS_NUM>046705849</ORG_DUNS_NUM>
<ORG_LGL_BUS_NAME>UNIVERSITY OF CALIFORNIA, IRVINE</ORG_LGL_BUS_NAME>
<ORG_PRNT_DUNS_NUM>071549000</ORG_PRNT_DUNS_NUM>
</Institution>
<Performance_Institution>
<Name><![CDATA[University of California-Irvine]]></Name>
<CityName>Irvine</CityName>
<StateCode>CA</StateCode>
<ZipCode>926972025</ZipCode>
<StreetAddress><![CDATA[Reines Hall 5003]]></StreetAddress>
<CountryCode>US</CountryCode>
<CountryName>United States</CountryName>
<StateName>California</StateName>
<CountryFlag>1</CountryFlag>
<CONGRESSDISTRICT>45</CONGRESSDISTRICT>
<CONGRESS_DISTRICT_PERF>CA45</CONGRESS_DISTRICT_PERF>
</Performance_Institution>
<ProgramElement>
<Code>1417</Code>
<Text>Interfacial Engineering Progra</Text>
</ProgramElement>
<Appropriation>
<Code>0121</Code>
<Name>NSF RESEARCH &amp; RELATED ACTIVIT</Name>
<APP_SYMB_ID>040100</APP_SYMB_ID>
</Appropriation>
<FUND_OBLG>2021~339247</FUND_OBLG>
</Award>
</rootTag>
