<?xml version="1.0" encoding="UTF-8"?>
<rootTag>
<Award>
<AwardTitle>Leveraging Main-Group Redox Catalysis for Enantioselective Alkene Difunctionalization</AwardTitle>
<AGENCY>NSF</AGENCY>
<AwardEffectiveDate>04/01/2021</AwardEffectiveDate>
<AwardExpirationDate>03/31/2025</AwardExpirationDate>
<AwardTotalIntnAmount>700000.00</AwardTotalIntnAmount>
<AwardAmount>356344</AwardAmount>
<AwardInstrument>
<Value>Continuing Grant</Value>
</AwardInstrument>
<Organization>
<Code>03090000</Code>
<Directorate>
<Abbreviation>MPS</Abbreviation>
<LongName>Direct For Mathematical &amp; Physical Scien</LongName>
</Directorate>
<Division>
<Abbreviation>CHE</Abbreviation>
<LongName>Division Of Chemistry</LongName>
</Division>
</Organization>
<ProgramOfficer>
<SignBlockName>Kenneth Moloy</SignBlockName>
<PO_EMAI>kmoloy@nsf.gov</PO_EMAI>
<PO_PHON>7032928441</PO_PHON>
</ProgramOfficer>
<AbstractNarration>With the support of the Chemical Catalysis program in the Division of Chemistry, Professor Scott E. Denmark at the University of Illinois at Urbana-Champaign will conduct research to develop new methods for selective difunctionalizations of alkenes. Addition to alkenes and other unsaturated compounds is among the oldest and most reliable transformations in organic chemistry. However, controlling reaction selectivity remains a challenge. The growing number of complex natural products, pharmaceutical, and agrochemical compounds containing vicinal nitrogen and oxygen atoms at stereogenic centers underscores this critical deficiency in synthetic methodology. This proposal addresses the challenges inherent in the design of enantioselective difunctionalization processes through a mechanismbased approach. The research activities planned are ideal for the intellectual and practical training of undergraduates, graduate students, and postdoctoral coworkers. The interplay of reaction design, development and application represent the essence of the scientific method. Students are presented with hypotheses for the outcome of planned experiments and they must learn to collect and interpret data to substantiate or eliminate the hypothesis. The unifying theme of this activity is the invention of new chemical reactions that challenge current thinking. An undergraduate intern under the auspices of the St. Elmo Brady Summer Research Scholars Program at UIUC will be supported. This program is a 10-week summer research experience for underrepresented minority students (African American, Hispanic, Native Americans) from Historically Black Colleges at the University the Illinois Chemistry Department to encourage future enrollment in the PhD program.&lt;br/&gt; &lt;br/&gt;&lt;br/&gt;Countless reactions have been introduced to effect regio, diastereo and enantioselective functionalization of double bonds with good generality. However, the vast majority of the existing methods employ transition metal catalysis such as dihydroxylation and aminohydroxylation (osmium), and diamination (palladium, copper). Despite the undeniable utility of these methods, they are rarely employed industrially in view of the challenges associated with metal contamination. This proposal aims to provide an alternative approach that is rooted in Main Group redox catalysis the advantages of which include ability to use innocent oxidants to drive the catalytic cycle and the high affinity of Se(II) reagents for carbon-carbon double bonds. The actionable roadmap to achieve this goal is to construct the mechanistic/physical organic foundation for the development of generally applicable and highly selective alkene difunctionalization. The overall objective is divided into three Specific Aims of this project: (1) catalytic, enantioselective syn-1,2-diamination, (2) catalytic, enantioselective syn-1,2-oxyamination and (3) catalytic, enantioselective syn-1,2-carboamination. For each Specific Aim, the team will: (1) carry out detailed mechanistic (kinetic, spectroscopic, crystallographic, computational) investigations of the catalytic reactions to learn the rules for achieving high catalytic activity (turnover frequency and turnover number) for the target reactions (2) design chiral catalysts that will impart high stereoselectivity and high chemical conversion for the introduction of new stereocenters, and (3) demonstrate generality in a variety of substrate classes that represent broadly useful structural motifs. The project also supports an undergraduate intern under the auspices of the St. Elmo Brady Summer Research Scholars Program at UIUC.&lt;br/&gt;&lt;br/&gt;This award reflects NSF's statutory mission and has been deemed worthy of support through evaluation using the Foundation's intellectual merit and broader impacts review criteria.</AbstractNarration>
<MinAmdLetterDate>02/25/2021</MinAmdLetterDate>
<MaxAmdLetterDate>05/21/2021</MaxAmdLetterDate>
<ARRAAmount/>
<TRAN_TYPE>Grant</TRAN_TYPE>
<CFDA_NUM>47.049</CFDA_NUM>
<NSF_PAR_USE_FLAG>1</NSF_PAR_USE_FLAG>
<FUND_AGCY_CODE>4900</FUND_AGCY_CODE>
<AWDG_AGCY_CODE>4900</AWDG_AGCY_CODE>
<AwardID>2102232</AwardID>
<Investigator>
<FirstName>Scott</FirstName>
<LastName>Denmark</LastName>
<PI_MID_INIT>E</PI_MID_INIT>
<PI_SUFX_NAME/>
<PI_FULL_NAME>Scott E Denmark</PI_FULL_NAME>
<EmailAddress>sdenmark@illinois.edu</EmailAddress>
<PI_PHON>2173330066</PI_PHON>
<NSF_ID>000163137</NSF_ID>
<StartDate>02/25/2021</StartDate>
<EndDate/>
<RoleCode>Principal Investigator</RoleCode>
</Investigator>
<Institution>
<Name>University of Illinois at Urbana-Champaign</Name>
<CityName>Champaign</CityName>
<ZipCode>618207406</ZipCode>
<PhoneNumber>2173332187</PhoneNumber>
<StreetAddress>1901 South First Street</StreetAddress>
<StreetAddress2><![CDATA[Suite A]]></StreetAddress2>
<CountryName>United States</CountryName>
<StateName>Illinois</StateName>
<StateCode>IL</StateCode>
<CONGRESSDISTRICT>13</CONGRESSDISTRICT>
<CONGRESS_DISTRICT_ORG>IL13</CONGRESS_DISTRICT_ORG>
<ORG_DUNS_NUM>041544081</ORG_DUNS_NUM>
<ORG_LGL_BUS_NAME>UNIVERSITY OF ILLINOIS</ORG_LGL_BUS_NAME>
<ORG_PRNT_DUNS_NUM>041544081</ORG_PRNT_DUNS_NUM>
</Institution>
<Performance_Institution>
<Name><![CDATA[University of Illinois at Urbana-Champaign]]></Name>
<CityName>Urbana</CityName>
<StateCode>IL</StateCode>
<ZipCode>618013620</ZipCode>
<StreetAddress><![CDATA[506 S. Wright Street]]></StreetAddress>
<CountryCode>US</CountryCode>
<CountryName>United States</CountryName>
<StateName>Illinois</StateName>
<CountryFlag>1</CountryFlag>
<CONGRESSDISTRICT>13</CONGRESSDISTRICT>
<CONGRESS_DISTRICT_PERF>IL13</CONGRESS_DISTRICT_PERF>
</Performance_Institution>
<ProgramElement>
<Code>6884</Code>
<Text>Chemical Catalysis</Text>
</ProgramElement>
<ProgramReference>
<Code>8037</Code>
<Text>Advanced Manufacturing</Text>
</ProgramReference>
<ProgramReference>
<Code>9251</Code>
<Text>REU SUPP-Res Exp for Ugrd Supp</Text>
</ProgramReference>
<Appropriation>
<Code>0121</Code>
<Name>NSF RESEARCH &amp; RELATED ACTIVIT</Name>
<APP_SYMB_ID>040100</APP_SYMB_ID>
</Appropriation>
<FUND_OBLG>2021~356344</FUND_OBLG>
</Award>
</rootTag>
