<?xml version="1.0" encoding="UTF-8"?>
<rootTag>
<Award>
<AwardTitle>RUI: Collaborative Research: Rational Design and Mechanistic Understanding of Carbon-Based Hybrid Nanostructures for Potent Microbicidal Function</AwardTitle>
<AGENCY>NSF</AGENCY>
<AwardEffectiveDate>09/01/2021</AwardEffectiveDate>
<AwardExpirationDate>08/31/2024</AwardExpirationDate>
<AwardTotalIntnAmount>307779.00</AwardTotalIntnAmount>
<AwardAmount>307779</AwardAmount>
<AwardInstrument>
<Value>Standard Grant</Value>
</AwardInstrument>
<Organization>
<Code>03070000</Code>
<Directorate>
<Abbreviation>MPS</Abbreviation>
<LongName>Direct For Mathematical &amp; Physical Scien</LongName>
</Directorate>
<Division>
<Abbreviation>DMR</Abbreviation>
<LongName>Division Of Materials Research</LongName>
</Division>
</Organization>
<ProgramOfficer>
<SignBlockName>Steve Smith</SignBlockName>
<PO_EMAI>sjsmith@nsf.gov</PO_EMAI>
<PO_PHON>7032928158</PO_PHON>
</ProgramOfficer>
<AbstractNarration>NON-TECHNICAL SUMMARY:&lt;br/&gt;&lt;br/&gt;Infections by bacterial pathogens, especially those that are resistant to antibiotics, represent a major threat to the public health in this country, with millions of people suffering from the infections and a significant number of deaths each year. Thus, there are urgent demands for alternative approaches to prevent the spread of such infections. Nanomaterials-based approaches hold promise to serve as antibacterial agents against multidrug-resistant (MDR) bacteria. This collaborative project will develop and establish the newly discovered photoactive nanomaterials, specifically carbon dots (CDots) and derived “hybrid dots” (with other components),  as a uniquely potent biomaterials platform for killing MDR bacteria. CDots are of a core-shell structure, each with a nanoscale carbon particle as the core and organic molecules as the coating on its surface (shell). When exposed to human-friendly visible/natural or ambient light, CDots generate radical-like species that are highly lethal to bacterial pathogens, making them excellent bio-nanomaterials for antibacterial applications. This project will use some new strategies to design CDots and hybrid dots to improve and optimize the antibacterial performance, with expected broad positive impacts to the control of MDR pathogens, and also to the training of students in the important biomaterials field.&lt;br/&gt;&lt;br/&gt;TECHNICAL SUMMARY:&lt;br/&gt;&lt;br/&gt;This collaborative project is to further develop and establish carbon dots (CDots) and derived hybrid nanostructures as a unique biomaterials platform for visible/natural or ambient light-activated potent antibacterial function. CDots may be considered as a special kind of “core-shell” hybrid nanostructures, each with a small carbon nanoparticle core and a thin shell of attached organic materials for the particle surface passivation. They are strongly absorptive in the visible spectrum, and their photoexcited state properties and processes resemble those typically found in semiconductor quantum dots, but with unique advantages. The versatility and flexibility of modifying the dot surface with organic moieties enable the manipulation of CDots to enhance their optical properties and their interactions with the targeted bacterial cells. The project team will leverage these distinctive characteristics to design and prepare CDots and derived hybrid nanostructures for the desired properties based on the rationales including 1) the more effective photon harvesting across the entire visible spectrum, 2) highly efficient photoexcited state processes responsible for the antimicrobial activities, and 3) more targeted and stronger interactions with the bacterial cells, thus to establish the CDots/hybrid dots as effective and efficient broad spectrum agents for killing multidrug-resistant pathogens. The efforts will be coupled with investigations for mechanistic understanding of these bio-nanomaterials. The project will also have broader impacts in terms of societal benefits and technology development, institutional research enhancement, education and engagement of undergraduate students in research, and outreach activities.&lt;br/&gt;&lt;br/&gt;This award reflects NSF's statutory mission and has been deemed worthy of support through evaluation using the Foundation's intellectual merit and broader impacts review criteria.</AbstractNarration>
<MinAmdLetterDate>06/16/2021</MinAmdLetterDate>
<MaxAmdLetterDate>06/16/2021</MaxAmdLetterDate>
<ARRAAmount/>
<TRAN_TYPE>Grant</TRAN_TYPE>
<CFDA_NUM>47.049</CFDA_NUM>
<NSF_PAR_USE_FLAG>1</NSF_PAR_USE_FLAG>
<FUND_AGCY_CODE>4900</FUND_AGCY_CODE>
<AWDG_AGCY_CODE>4900</AWDG_AGCY_CODE>
<AwardID>2102056</AwardID>
<Investigator>
<FirstName>Liju</FirstName>
<LastName>Yang</LastName>
<PI_MID_INIT/>
<PI_SUFX_NAME/>
<PI_FULL_NAME>Liju Yang</PI_FULL_NAME>
<EmailAddress>lyang@nccu.edu</EmailAddress>
<PI_PHON>9195306704</PI_PHON>
<NSF_ID>000070428</NSF_ID>
<StartDate>06/16/2021</StartDate>
<EndDate/>
<RoleCode>Principal Investigator</RoleCode>
</Investigator>
<Investigator>
<FirstName>Yongan</FirstName>
<LastName>Tang</LastName>
<PI_MID_INIT/>
<PI_SUFX_NAME/>
<PI_FULL_NAME>Yongan Tang</PI_FULL_NAME>
<EmailAddress>tangy@nccu.edu</EmailAddress>
<PI_PHON>9195305106</PI_PHON>
<NSF_ID>000070843</NSF_ID>
<StartDate>06/16/2021</StartDate>
<EndDate/>
<RoleCode>Co-Principal Investigator</RoleCode>
</Investigator>
<Institution>
<Name>North Carolina Central University</Name>
<CityName>Durham</CityName>
<ZipCode>277073129</ZipCode>
<PhoneNumber>9195307333</PhoneNumber>
<StreetAddress>1801 Fayetteville Street</StreetAddress>
<StreetAddress2/>
<CountryName>United States</CountryName>
<StateName>North Carolina</StateName>
<StateCode>NC</StateCode>
<CONGRESSDISTRICT>01</CONGRESSDISTRICT>
<CONGRESS_DISTRICT_ORG>NC01</CONGRESS_DISTRICT_ORG>
<ORG_DUNS_NUM>783691801</ORG_DUNS_NUM>
<ORG_LGL_BUS_NAME>NORTH CAROLINA CENTRAL UNIVERSITY</ORG_LGL_BUS_NAME>
<ORG_PRNT_DUNS_NUM>142363428</ORG_PRNT_DUNS_NUM>
</Institution>
<Performance_Institution>
<Name><![CDATA[North Carolina Central University]]></Name>
<CityName>Durham</CityName>
<StateCode>NC</StateCode>
<ZipCode>277073129</ZipCode>
<StreetAddress><![CDATA[1801 Fayetteville Street]]></StreetAddress>
<CountryCode>US</CountryCode>
<CountryName>United States</CountryName>
<StateName>North Carolina</StateName>
<CountryFlag>1</CountryFlag>
<CONGRESSDISTRICT>04</CONGRESSDISTRICT>
<CONGRESS_DISTRICT_PERF>NC04</CONGRESS_DISTRICT_PERF>
</Performance_Institution>
<ProgramElement>
<Code>7623</Code>
<Text>BIOMATERIALS PROGRAM</Text>
</ProgramElement>
<ProgramReference>
<Code>7237</Code>
<Text>NANO NON-SOLIC SCI &amp; ENG AWD</Text>
</ProgramReference>
<ProgramReference>
<Code>7573</Code>
<Text>BIO-RELATED MATERIALS RESEARCH</Text>
</ProgramReference>
<ProgramReference>
<Code>8249</Code>
<Text>Sustainable Materials</Text>
</ProgramReference>
<ProgramReference>
<Code>8614</Code>
<Text>Nanomaterials</Text>
</ProgramReference>
<ProgramReference>
<Code>9229</Code>
<Text>RES IN UNDERGRAD INST-RESEARCH</Text>
</ProgramReference>
<Appropriation>
<Code>0121</Code>
<Name>NSF RESEARCH &amp; RELATED ACTIVIT</Name>
<APP_SYMB_ID>040100</APP_SYMB_ID>
</Appropriation>
<FUND_OBLG>2021~307779</FUND_OBLG>
</Award>
</rootTag>
