<?xml version="1.0" encoding="UTF-8"?>
<rootTag>
<Award>
<AwardTitle>CAS: Developing Homogeneous Mn Catalyst Systems for the Oxygen Reduction Reaction</AwardTitle>
<AGENCY>NSF</AGENCY>
<AwardEffectiveDate>05/01/2021</AwardEffectiveDate>
<AwardExpirationDate>04/30/2024</AwardExpirationDate>
<AwardTotalIntnAmount>475000.00</AwardTotalIntnAmount>
<AwardAmount>475000</AwardAmount>
<AwardInstrument>
<Value>Standard Grant</Value>
</AwardInstrument>
<Organization>
<Code>03090000</Code>
<Directorate>
<Abbreviation>MPS</Abbreviation>
<LongName>Direct For Mathematical &amp; Physical Scien</LongName>
</Directorate>
<Division>
<Abbreviation>CHE</Abbreviation>
<LongName>Division Of Chemistry</LongName>
</Division>
</Organization>
<ProgramOfficer>
<SignBlockName>Kenneth Moloy</SignBlockName>
<PO_EMAI>kmoloy@nsf.gov</PO_EMAI>
<PO_PHON>7032928441</PO_PHON>
</ProgramOfficer>
<AbstractNarration>With the support of the Chemical Catalysis program in the Division of Chemistry, Dr. Charles W. Machan of the University of Virginia is studying the catalytic reduction of dioxygen by molecular manganese compounds. The reduction of dioxygen is important for producing energy from chemical bonds. Fuel cells, for example, often employ the reduction of dioxygen to water to generate clean energy. The current best catalysts for this reaction are based on platinum metal, which is rare and expensive. In the search for earth-abundant alternatives, systems containing iron and cobalt have been studied extensively, however, manganese versions of these systems are more poorly understood. Manganese generally interacts strongly with dioxygen and has the potential to rival or exceed the catalytic activity of iron or cobalt. These studies will achieve this by developing design principles for dioxygen reduction by manganese complexes, thus enabling optimized systems with improved performance. Integrated into these efforts is a research-focused educational outreach program, which will develop a scientific communication training program and a research-based lab experience. The integrated research and educational components will address fundamental challenges for the field and priorities of the current NSF Strategic Plan, with the goal of maximizing the health, environmental and economic benefits of renewable energy technologies.&lt;br/&gt;&lt;br/&gt;With the support of the Chemical Catalysis program in the Division of Chemistry, Dr. Charles W. Machan of the University of Virginia is studying the catalytic reduction of dioxygen by molecular manganese compounds. When paired with the oxidation of energy rich molecules, dioxygen reduction is a convenient way to drive oxidation reactions or to convert chemical energy to electrical energy. Manganese metal centers, while underrepresented as molecular catalyst active sites, have strong interactions with dioxygen and could demonstrate catalytic activity that rivals or exceeds the activity of more well-understood iron and cobalt species. A coordination chemistry-based approach will be used to enhance the binding and activation of dioxygen by tuning electronic properties at the Mn center, with the ultimate goal of improving catalytic performance. In initial studies, conditions for the selective generation of hydrogen peroxide or water as the reaction product have been developed: hydrogen peroxide is a valuable chemical oxidant and water is the desired half-reaction for fuel cells. Understanding how to achieve high selectivity and activity for each of these products has implications for renewable energy utilization. To address the ongoing need for fundamental understanding of the reduction of dioxygen by manganese complexes, the role of axial ligands in dioxygen binding and activation will be quantified, the catalytic response will be improved by synthetically modifying the ligand framework, and conditions for selective hydrogen peroxide and water production will be sought using redox mediators.&lt;br/&gt;&lt;br/&gt;This award reflects NSF's statutory mission and has been deemed worthy of support through evaluation using the Foundation's intellectual merit and broader impacts review criteria.</AbstractNarration>
<MinAmdLetterDate>04/16/2021</MinAmdLetterDate>
<MaxAmdLetterDate>04/16/2021</MaxAmdLetterDate>
<ARRAAmount/>
<TRAN_TYPE>Grant</TRAN_TYPE>
<CFDA_NUM>47.049</CFDA_NUM>
<NSF_PAR_USE_FLAG>1</NSF_PAR_USE_FLAG>
<FUND_AGCY_CODE>4900</FUND_AGCY_CODE>
<AWDG_AGCY_CODE>4900</AWDG_AGCY_CODE>
<AwardID>2102156</AwardID>
<Investigator>
<FirstName>Charles</FirstName>
<LastName>Machan</LastName>
<PI_MID_INIT>W</PI_MID_INIT>
<PI_SUFX_NAME/>
<PI_FULL_NAME>Charles W Machan</PI_FULL_NAME>
<EmailAddress>machan@virginia.edu</EmailAddress>
<PI_PHON>4349244270</PI_PHON>
<NSF_ID>000757048</NSF_ID>
<StartDate>04/16/2021</StartDate>
<EndDate/>
<RoleCode>Principal Investigator</RoleCode>
</Investigator>
<Institution>
<Name>University of Virginia Main Campus</Name>
<CityName>CHARLOTTESVILLE</CityName>
<CountyName/>
<ZipCode>229044195</ZipCode>
<PhoneNumber>4349244270</PhoneNumber>
<StreetAddress>P.O.  BOX 400195</StreetAddress>
<StreetAddress2/>
<CountryName>United States</CountryName>
<StateName>Virginia</StateName>
<StateCode>VA</StateCode>
<CONGRESSDISTRICT>05</CONGRESSDISTRICT>
<CONGRESS_DISTRICT_ORG>VA05</CONGRESS_DISTRICT_ORG>
<ORG_DUNS_NUM>065391526</ORG_DUNS_NUM>
<ORG_LGL_BUS_NAME>RECTOR &amp; VISITORS OF THE UNIVERSITY OF VIRGINIA</ORG_LGL_BUS_NAME>
<ORG_PRNT_DUNS_NUM>065391526</ORG_PRNT_DUNS_NUM>
</Institution>
<Performance_Institution>
<Name><![CDATA[University of Virginia]]></Name>
<CityName>Charlottesville</CityName>
<CountyName/>
<StateCode>VA</StateCode>
<ZipCode>229044319</ZipCode>
<StreetAddress><![CDATA[409 McCormick Road]]></StreetAddress>
<CountryCode>US</CountryCode>
<CountryName>United States</CountryName>
<StateName>Virginia</StateName>
<CountryFlag>1</CountryFlag>
<CONGRESSDISTRICT>05</CONGRESSDISTRICT>
<CONGRESS_DISTRICT_PERF>VA05</CONGRESS_DISTRICT_PERF>
</Performance_Institution>
<ProgramElement>
<Code>6884</Code>
<Text>Chemical Catalysis</Text>
</ProgramElement>
<ProgramReference>
<Code>090Z</Code>
<Text>CAS-Critical Aspects of Sustainability</Text>
</ProgramReference>
<ProgramReference>
<Code>8037</Code>
<Text>Advanced Manufacturing</Text>
</ProgramReference>
<ProgramReference>
<Code>8396</Code>
<Text>Clean Energy Technology</Text>
</ProgramReference>
<ProgramReference>
<Code>8399</Code>
<Text>Energy Storage or Transmission</Text>
</ProgramReference>
<Appropriation>
<Code>0121</Code>
<Name>NSF RESEARCH &amp; RELATED ACTIVIT</Name>
<APP_SYMB_ID>040100</APP_SYMB_ID>
</Appropriation>
<FUND_OBLG>2021~475000</FUND_OBLG>
</Award>
</rootTag>
