<?xml version="1.0" encoding="UTF-8"?>
<rootTag>
<Award>
<AwardTitle>NeTS: Small: Toward Optimal, Efficient, and Holistic Networking Design for Massive-MIMO Wireless Networks</AwardTitle>
<AGENCY>NSF</AGENCY>
<AwardEffectiveDate>08/16/2020</AwardEffectiveDate>
<AwardExpirationDate>09/30/2021</AwardExpirationDate>
<AwardTotalIntnAmount>133294.00</AwardTotalIntnAmount>
<AwardAmount>133294</AwardAmount>
<AwardInstrument>
<Value>Standard Grant</Value>
</AwardInstrument>
<Organization>
<Code>05050000</Code>
<Directorate>
<Abbreviation>CSE</Abbreviation>
<LongName>Direct For Computer &amp; Info Scie &amp; Enginr</LongName>
</Directorate>
<Division>
<Abbreviation>CNS</Abbreviation>
<LongName>Division Of Computer and Network Systems</LongName>
</Division>
</Organization>
<ProgramOfficer>
<SignBlockName>Alexander Sprintson</SignBlockName>
<PO_EMAI>asprints@nsf.gov</PO_EMAI>
<PO_PHON>7032922170</PO_PHON>
</ProgramOfficer>
<AbstractNarration>The proliferation of mobile-Internet devices in recent years (e.g., smartphones, tablets, etc.) has continuously pushed the current wireless networks to their capacity limits. A key approach to enlarge network capacity is to increase spectrum efficiency. To allow future wireless networks to support multi-Gigabit per second data rates, there have been significant research efforts in recent years termed 'massive multiple-input multiple-output' systems (M-MIMO), where the numbers of antennas are scaled up to hundreds or even thousands. However, so far, these efforts are mostly limited to problems at the physical layer or signal processing aspects. There is very limited knowledge on how to optimally employ M-MIMO technologies and develop control and optimization algorithms to improve network capacity, delay, and energy expenditure performances from networking perspectives. The proposed research will enable the networking community by facilitating the development of M-MIMO-based wireless networks with substantially increased network performances in terms of throughput, delay, energy expenditure. Through this project, the investigator also aims to advance M-MIMO research in formal classroom instruction and educate students to inculcate a strong comprehension and knowledge of M-MIMO. The investigator will host a workshop to present research findings to companies in the areas of wireless networking. This research will not only advance the knowledge in the design of M-MIMO wireless networks but will also serve a critical need in the general networking research community by exploring a network-level understanding of M-MIMO networks through a unified research program, which consists of the development of tractable cross-layer theoretical models, exploration of theoretical performance bounds and limits, and the development of distributed algorithms.&lt;br/&gt;&lt;br/&gt;This project strives to answer the following overarching questions: Could the linear capacity scaling law at the M-MIMO physical layer be translated into upper layers' performance gains in throughput, delay, and energy expenditure?  Specifically, the project will focus the research efforts along the following three interrelated thrust areas: 1) optimal routing and congestion control for M-MIMO multi-hop backhaul networks; 2) efficient scheduling design for M-MIMO cellular networks; and 3) energy analytics for M-MIMO wireless networks. The project aims to bridge the gaps between physical layer advances in M-MIMO and wireless networking research.</AbstractNarration>
<MinAmdLetterDate>11/09/2020</MinAmdLetterDate>
<MaxAmdLetterDate>11/09/2020</MaxAmdLetterDate>
<ARRAAmount/>
<TRAN_TYPE>Grant</TRAN_TYPE>
<CFDA_NUM>47.070</CFDA_NUM>
<NSF_PAR_USE_FLAG>0</NSF_PAR_USE_FLAG>
<FUND_AGCY_CODE>4900</FUND_AGCY_CODE>
<AWDG_AGCY_CODE>4900</AWDG_AGCY_CODE>
<AwardID>2102233</AwardID>
<Investigator>
<FirstName>Jia</FirstName>
<LastName>Liu</LastName>
<PI_MID_INIT/>
<PI_SUFX_NAME/>
<PI_FULL_NAME>Jia Liu</PI_FULL_NAME>
<EmailAddress>liu.1736@osu.edu</EmailAddress>
<PI_PHON>6142922572</PI_PHON>
<NSF_ID>000687104</NSF_ID>
<StartDate>11/09/2020</StartDate>
<EndDate/>
<RoleCode>Principal Investigator</RoleCode>
</Investigator>
<Institution>
<Name>Ohio State University</Name>
<CityName>Columbus</CityName>
<CountyName>FRANKLIN</CountyName>
<ZipCode>432101016</ZipCode>
<PhoneNumber>6146888735</PhoneNumber>
<StreetAddress>Office of Sponsored Programs</StreetAddress>
<StreetAddress2>1960 Kenny Road</StreetAddress2>
<CountryName>United States</CountryName>
<StateName>Ohio</StateName>
<StateCode>OH</StateCode>
<CONGRESSDISTRICT>03</CONGRESSDISTRICT>
<CONGRESS_DISTRICT_ORG>OH03</CONGRESS_DISTRICT_ORG>
<ORG_DUNS_NUM>832127323</ORG_DUNS_NUM>
<ORG_LGL_BUS_NAME>OHIO STATE UNIVERSITY, THE</ORG_LGL_BUS_NAME>
<ORG_PRNT_DUNS_NUM>001964634</ORG_PRNT_DUNS_NUM>
</Institution>
<Performance_Institution>
<Name><![CDATA[Ohio State University]]></Name>
<CityName>Columbus</CityName>
<CountyName>FRANKLIN</CountyName>
<StateCode>OH</StateCode>
<ZipCode>432101016</ZipCode>
<StreetAddress><![CDATA[1960 Kenny Road]]></StreetAddress>
<CountryCode>US</CountryCode>
<CountryName>United States</CountryName>
<StateName>Ohio</StateName>
<CountryFlag>1</CountryFlag>
<CONGRESSDISTRICT>03</CONGRESSDISTRICT>
<CONGRESS_DISTRICT_PERF>OH03</CONGRESS_DISTRICT_PERF>
</Performance_Institution>
<ProgramElement>
<Code>7363</Code>
<Text>Networking Technology and Syst</Text>
</ProgramElement>
<ProgramReference>
<Code>7923</Code>
<Text>SMALL PROJECT</Text>
</ProgramReference>
<Appropriation>
<Code>0115</Code>
<Name>NSF RESEARCH &amp; RELATED ACTIVIT</Name>
<APP_SYMB_ID>040100</APP_SYMB_ID>
</Appropriation>
<FUND_OBLG>2015~133294</FUND_OBLG>
</Award>
</rootTag>
