<?xml version="1.0" encoding="UTF-8"?>
<rootTag>
<Award>
<AwardTitle>Collaborative Research: Electrocatalytic Synthesis of Heterocycles from Biomass-Derived Furanics via Immobilized 1st-Row Transition Metal Catalysts</AwardTitle>
<AGENCY>NSF</AGENCY>
<AwardEffectiveDate>09/01/2021</AwardEffectiveDate>
<AwardExpirationDate>08/31/2024</AwardExpirationDate>
<AwardTotalIntnAmount>150000.00</AwardTotalIntnAmount>
<AwardAmount>150000</AwardAmount>
<AwardInstrument>
<Value>Standard Grant</Value>
</AwardInstrument>
<Organization>
<Code>03090000</Code>
<Directorate>
<Abbreviation>MPS</Abbreviation>
<LongName>Direct For Mathematical &amp; Physical Scien</LongName>
</Directorate>
<Division>
<Abbreviation>CHE</Abbreviation>
<LongName>Division Of Chemistry</LongName>
</Division>
</Organization>
<ProgramOfficer>
<SignBlockName>Kenneth Moloy</SignBlockName>
<PO_EMAI>kmoloy@nsf.gov</PO_EMAI>
<PO_PHON>7032928441</PO_PHON>
</ProgramOfficer>
<AbstractNarration>With the support of the Chemical Catalysis program in the Division of Chemistry,  Yujie Sun from the University of Cincinnati and De-en Jiang from the University of California-Riverside are studying the electrocatalytic conversion of biomass-derived compounds to value-added compounds. Biomass is a promising sustainable raw material and biomass valorization continues to attract increasing attention. However, most existing methods for the synthesis of value-added chemical building blocks from biomass are inefficient and not cost-effective compared to those employed in the petrochemical industry. Following the principles of green chemistry, Drs. Sun and Jiang will design and develop kinetically viable  and low-cost electrocatalysts for the upgrading of biomass-derived chemicals to value-enhanced heterocyclic compounds. The synergy between the experimental and computational efforts of the two principal investigators is notable and offers potential for improved understanding of the various electrocatalytic processes under study. Dr. Sun has been actively developing a new course in Green Chemistry to offer undergraduates a broad background in sustainable chemical approaches and methods. Dr. Jiang has been developing a Freshman Discovery Seminar entitled “Frontiers in Chemical Research” to chemistry-oriented freshmen. Dr. Jiang is also working closely with the Riverside STEM Academy 15, a Riverside Unified School with a focus on STEM. Both research groups are actively involved in a variety of other outreach programs, such as UC Community Day Open House and UC-Chem Summer Camp at the Cincinnati Museum Center.&lt;br/&gt;&lt;br/&gt;With the support of the Chemical Catalysis program in the Division of Chemistry, Yujie Sun from the University of Cincinnati and Professor De-en Jiang from the University of California Riverside are developing 1st-row transition metal-based electrocatalysts to synthetically upgrade biomass-derived compounds to value-added heterocyclic compounds. Chemical synthesis from biomass has attracted increasing interest because of its abundant, sustainable, and carbon-neutral nature. Due to the existence of multiple functional groups in biomass-derived intermediate compounds, selective transformations are crucial for the successful upgrading of biomass to targeted chemical systems. Taking advantages of both homogeneous and heterogeneous catalytic strategies, Drs. Sun and Jiang will investigate 1st-row transition metal-based and coordinatively-unsaturated electrocatalysts immobilized on electrodes for the selective transformation of biomass-derived furan-based edicts into heterocyclic compounds of interest. Fundamental knowledge of the electrocatalytic mechanisms involved is expected to evolve out of these studies given the tight integration of theory/computation and experiment in the approach.&lt;br/&gt;&lt;br/&gt;This award reflects NSF's statutory mission and has been deemed worthy of support through evaluation using the Foundation's intellectual merit and broader impacts review criteria.</AbstractNarration>
<MinAmdLetterDate>07/09/2021</MinAmdLetterDate>
<MaxAmdLetterDate>07/09/2021</MaxAmdLetterDate>
<ARRAAmount/>
<TRAN_TYPE>Grant</TRAN_TYPE>
<CFDA_NUM>47.049</CFDA_NUM>
<NSF_PAR_USE_FLAG>1</NSF_PAR_USE_FLAG>
<FUND_AGCY_CODE>4900</FUND_AGCY_CODE>
<AWDG_AGCY_CODE>4900</AWDG_AGCY_CODE>
<AwardID>2102191</AwardID>
<Investigator>
<FirstName>De-en</FirstName>
<LastName>Jiang</LastName>
<PI_MID_INIT/>
<PI_SUFX_NAME/>
<PI_FULL_NAME>De-en Jiang</PI_FULL_NAME>
<EmailAddress>de-en.jiang@ucr.edu</EmailAddress>
<PI_PHON>9518274430</PI_PHON>
<NSF_ID>000677840</NSF_ID>
<StartDate>07/09/2021</StartDate>
<EndDate/>
<RoleCode>Principal Investigator</RoleCode>
</Investigator>
<Institution>
<Name>University of California-Riverside</Name>
<CityName>RIVERSIDE</CityName>
<ZipCode>925210217</ZipCode>
<PhoneNumber>9518275535</PhoneNumber>
<StreetAddress>Research &amp; Economic Development</StreetAddress>
<StreetAddress2><![CDATA[245 University Office Building]]></StreetAddress2>
<CountryName>United States</CountryName>
<StateName>California</StateName>
<StateCode>CA</StateCode>
<CONGRESSDISTRICT>44</CONGRESSDISTRICT>
<CONGRESS_DISTRICT_ORG>CA44</CONGRESS_DISTRICT_ORG>
<ORG_DUNS_NUM>627797426</ORG_DUNS_NUM>
<ORG_LGL_BUS_NAME>REGENTS OF THE UNIVERSITY OF CALIFORNIA AT RIVERSIDE</ORG_LGL_BUS_NAME>
<ORG_PRNT_DUNS_NUM>071549000</ORG_PRNT_DUNS_NUM>
</Institution>
<Performance_Institution>
<Name><![CDATA[University of California-Riverside]]></Name>
<CityName/>
<StateCode>CA</StateCode>
<ZipCode>925210001</ZipCode>
<StreetAddress/>
<CountryCode>US</CountryCode>
<CountryName>United States</CountryName>
<StateName>California</StateName>
<CountryFlag>1</CountryFlag>
<CONGRESSDISTRICT>41</CONGRESSDISTRICT>
<CONGRESS_DISTRICT_PERF>CA41</CONGRESS_DISTRICT_PERF>
</Performance_Institution>
<ProgramElement>
<Code>6884</Code>
<Text>Chemical Catalysis</Text>
</ProgramElement>
<ProgramReference>
<Code>090Z</Code>
<Text>CAS-Critical Aspects of Sustainability</Text>
</ProgramReference>
<ProgramReference>
<Code>8037</Code>
<Text>Advanced Manufacturing</Text>
</ProgramReference>
<ProgramReference>
<Code>8396</Code>
<Text>Clean Energy Technology</Text>
</ProgramReference>
<ProgramReference>
<Code>8398</Code>
<Text>Hydrocarbon Conversion</Text>
</ProgramReference>
<Appropriation>
<Code>0121</Code>
<Name>NSF RESEARCH &amp; RELATED ACTIVIT</Name>
<APP_SYMB_ID>040100</APP_SYMB_ID>
</Appropriation>
<FUND_OBLG>2021~150000</FUND_OBLG>
</Award>
</rootTag>
