<?xml version="1.0" encoding="UTF-8"?>
<rootTag>
<Award>
<AwardTitle>Interagency Agreement between NSF and FPS.</AwardTitle>
<AGENCY>NSF</AGENCY>
<AwardEffectiveDate>10/15/2020</AwardEffectiveDate>
<AwardExpirationDate>10/15/2021</AwardExpirationDate>
<AwardTotalIntnAmount>1200000.00</AwardTotalIntnAmount>
<AwardAmount>4850000</AwardAmount>
<AwardInstrument>
<Value>Contract Interagency Agreement</Value>
</AwardInstrument>
<Organization>
<Code>02060000</Code>
<Directorate>
<Abbreviation>IRM</Abbreviation>
<LongName>Office Of Information &amp; Resource Mgmt</LongName>
</Directorate>
<Division>
<Abbreviation>DAS</Abbreviation>
<LongName>Division Of Administrative Services</LongName>
</Division>
</Organization>
<ProgramOfficer>
<SignBlockName>Antonio Bermudez</SignBlockName>
<PO_EMAI>abermude@nsf.gov</PO_EMAI>
<PO_PHON>7032927844</PO_PHON>
</ProgramOfficer>
<AbstractNarration/>
<MinAmdLetterDate>10/27/2020</MinAmdLetterDate>
<MaxAmdLetterDate>08/09/2021</MaxAmdLetterDate>
<ARRAAmount/>
<TRAN_TYPE>Grant</TRAN_TYPE>
<CFDA_NUM/>
<NSF_PAR_USE_FLAG>1</NSF_PAR_USE_FLAG>
<FUND_AGCY_CODE>4900</FUND_AGCY_CODE>
<AWDG_AGCY_CODE>4900</AWDG_AGCY_CODE>
<AwardID>2102175</AwardID>
<Investigator>
<FirstName>Jerene</FirstName>
<LastName>Shaheed</LastName>
<PI_MID_INIT/>
<PI_SUFX_NAME/>
<PI_FULL_NAME>Jerene Shaheed</PI_FULL_NAME>
<EmailAddress/>
<PI_PHON>7032927562</PI_PHON>
<NSF_ID>000697291</NSF_ID>
<StartDate>10/27/2020</StartDate>
<EndDate/>
<RoleCode>Principal Investigator</RoleCode>
</Investigator>
<Institution>
<Name>U.S. Department of Homeland Security-S&amp;T and IAIP</Name>
<CityName>Washington</CityName>
<ZipCode>205280000</ZipCode>
<PhoneNumber/>
<StreetAddress>245 Murray Drive</StreetAddress>
<StreetAddress2><![CDATA[Building 410]]></StreetAddress2>
<CountryName>United States</CountryName>
<StateName>District of Columbia</StateName>
<StateCode>DC</StateCode>
<CONGRESSDISTRICT>98</CONGRESSDISTRICT>
<CONGRESS_DISTRICT_ORG>DC98</CONGRESS_DISTRICT_ORG>
<ORG_DUNS_NUM>145450016</ORG_DUNS_NUM>
<ORG_LGL_BUS_NAME>DEPARTMENT OF HOMELAND SECURITY</ORG_LGL_BUS_NAME>
<ORG_PRNT_DUNS_NUM>161906193</ORG_PRNT_DUNS_NUM>
</Institution>
<Performance_Institution>
<Name/>
<CityName/>
<StateCode/>
<ZipCode/>
<StreetAddress/>
<CountryCode/>
<CountryName>RI REQUIRED</CountryName>
<StateName>RI REQUIRED</StateName>
<CountryFlag>0</CountryFlag>
<CONGRESSDISTRICT/>
<CONGRESS_DISTRICT_PERF>""</CONGRESS_DISTRICT_PERF>
</Performance_Institution>
<ProgramElement>
<Code>0420</Code>
<Text/>
</ProgramElement>
<Appropriation>
<Code>0721</Code>
<Name>NSF Agency Oper &amp; Award Mgmt</Name>
<APP_SYMB_ID>040180</APP_SYMB_ID>
</Appropriation>
<FUND_OBLG>2021~4850000</FUND_OBLG>
</Award>
</rootTag>
