<?xml version="1.0" encoding="UTF-8"?>
<rootTag>
<Award>
<AwardTitle>ADVANCE Partnership: ImPACT IT: Increasing the Participation and Advancement of Women in Information Technology</AwardTitle>
<AGENCY>NSF</AGENCY>
<AwardEffectiveDate>09/01/2020</AwardEffectiveDate>
<AwardExpirationDate>07/31/2024</AwardExpirationDate>
<AwardTotalIntnAmount>998053.00</AwardTotalIntnAmount>
<AwardAmount>998053</AwardAmount>
<AwardInstrument>
<Value>Standard Grant</Value>
</AwardInstrument>
<Organization>
<Code>11060000</Code>
<Directorate>
<Abbreviation>EHR</Abbreviation>
<LongName>Direct For Education and Human Resources</LongName>
</Directorate>
<Division>
<Abbreviation>HRD</Abbreviation>
<LongName>Division Of Human Resource Development</LongName>
</Division>
</Organization>
<ProgramOfficer>
<SignBlockName>Erika Tatiana Camacho</SignBlockName>
<PO_EMAI>ecamacho@nsf.gov</PO_EMAI>
<PO_PHON>7032922834</PO_PHON>
</ProgramOfficer>
<AbstractNarration>The ImPACT IT project will address the lack of gender equity within Information Systems (IS) academia. Increasing the number of women, especially at the rank of full professor, benefits all of society since equal representation of women of all intersectional identities among the senior ranks of IS faculty will enhance the quality of students’ education, the impact of university research, engagement with communities, and the leadership of higher education institutions. Using a three-pronged intersectional approach, ImPACT IT will: (1) assess, develop, and improve AIS policies and practices, including intersectional data collection and analysis, (2) create and institutionalize best practices and systems that support women in their path towards promotion to full professor; and (3) implement best practices in reducing and mitigating hidden and implicit biases within the Association for Information Systems (AIS) and its members. Taken together these activities will catalyze action and foster accountability around supporting women’s efforts to advance to full professor. The expected outcome will be increased gender equity within the AIS, its processes, and policies, as well as increased numbers of women IS faculty receiving promotion to full professor. Additionally, because this project includes a diverse cross-section of association members, it will contribute to the research knowledge base on gender equity and the intersection of gender with other identities in IT academic careers, such as race and sexuality. By partnering with successful programs and adapting existing ADVANCE program supported resources and best practices, greater impact will be achieved.  The ImPact IT model will be disseminated broadly and can serve as a role model for other associations seeking to increase the number of women promoted to full professor in higher education.&lt;br/&gt;&lt;br/&gt;The AIS has only just begun to grapple with the systemic disadvantages to women and under-represented minorities in the IS field, and especially in their efforts to advance to full professor. A primary driver of this has been the lack of comprehensive demographic data on AIS membership, including the number of women and minorities in the AIS.  The dearth of data makes it difficult to track the success or failure in AIS’ efforts to support women and under-represented minority members.  The project is unique in the way it builds upon prior research from ADVANCE grants. Further, it gives greater insight into how STEM associations can engage their leadership and members to increase the representation and advancement of women and underrepresented minorities in the rank of full professor. &lt;br/&gt;&lt;br/&gt;The NSF ADVANCE program is designed to foster gender equity through a focus on the identification and elimination of organizational barriers that impede the full participation and advancement of diverse faculty in academic institutions. Organizational barriers that inhibit equity may exist in policies, processes, practices, and the organizational culture and climate. ADVANCE "Partnership" awards provide support to collaborations among STEM professional societies and academic and non-academic non-profit organizations designed to broaden the implementation of evidence-based equity strategies and have a national or regional reach.&lt;br/&gt;&lt;br/&gt;This award reflects NSF's statutory mission and has been deemed worthy of support through evaluation using the Foundation's intellectual merit and broader impacts review criteria.</AbstractNarration>
<MinAmdLetterDate>11/11/2020</MinAmdLetterDate>
<MaxAmdLetterDate>11/11/2020</MaxAmdLetterDate>
<ARRAAmount/>
<TRAN_TYPE>Grant</TRAN_TYPE>
<CFDA_NUM>47.076</CFDA_NUM>
<NSF_PAR_USE_FLAG>1</NSF_PAR_USE_FLAG>
<FUND_AGCY_CODE>4900</FUND_AGCY_CODE>
<AWDG_AGCY_CODE>4900</AWDG_AGCY_CODE>
<AwardID>2102119</AwardID>
<Investigator>
<FirstName>Eleanor</FirstName>
<LastName>Loiacono</LastName>
<PI_MID_INIT>T</PI_MID_INIT>
<PI_SUFX_NAME/>
<PI_FULL_NAME>Eleanor T Loiacono</PI_FULL_NAME>
<EmailAddress>eleanor.loiacono@mason.wm.edu</EmailAddress>
<PI_PHON>7572212054</PI_PHON>
<NSF_ID>000272026</NSF_ID>
<StartDate>11/11/2020</StartDate>
<EndDate/>
<RoleCode>Principal Investigator</RoleCode>
</Investigator>
<Institution>
<Name>College of William and Mary</Name>
<CityName>Williamsburg</CityName>
<ZipCode>231878795</ZipCode>
<PhoneNumber>7572213966</PhoneNumber>
<StreetAddress>Office of Sponsored Programs</StreetAddress>
<StreetAddress2><![CDATA[P.O. Box 8795]]></StreetAddress2>
<CountryName>United States</CountryName>
<StateName>Virginia</StateName>
<StateCode>VA</StateCode>
<CONGRESSDISTRICT>02</CONGRESSDISTRICT>
<CONGRESS_DISTRICT_ORG>VA02</CONGRESS_DISTRICT_ORG>
<ORG_DUNS_NUM>074762238</ORG_DUNS_NUM>
<ORG_LGL_BUS_NAME>COLLEGE OF WILLIAM &amp; MARY, THE</ORG_LGL_BUS_NAME>
<ORG_PRNT_DUNS_NUM>074762238</ORG_PRNT_DUNS_NUM>
</Institution>
<Performance_Institution>
<Name><![CDATA[College of William and Mary]]></Name>
<CityName/>
<StateCode>VA</StateCode>
<ZipCode>231878795</ZipCode>
<StreetAddress/>
<CountryCode>US</CountryCode>
<CountryName>United States</CountryName>
<StateName>Virginia</StateName>
<CountryFlag>1</CountryFlag>
<CONGRESSDISTRICT>02</CONGRESSDISTRICT>
<CONGRESS_DISTRICT_PERF>VA02</CONGRESS_DISTRICT_PERF>
</Performance_Institution>
<ProgramElement>
<Code>016Y</Code>
<Text>ADVANCE</Text>
</ProgramElement>
<ProgramReference>
<Code>011Z</Code>
<Text>ADVANCE PLAN D</Text>
</ProgramReference>
<ProgramReference>
<Code>7650</Code>
<Text>ADVANCE PLAN IHE</Text>
</ProgramReference>
<Appropriation>
<Code>0420</Code>
<Name>NSF Education &amp; Human Resource</Name>
<APP_SYMB_ID>040106</APP_SYMB_ID>
</Appropriation>
<FUND_OBLG>2020~998053</FUND_OBLG>
</Award>
</rootTag>
