<?xml version="1.0" encoding="UTF-8"?>
<rootTag>
<Award>
<AwardTitle>CIF: Small: Collaborative Research: Graphical Modeling of Multivariate Functional Data</AwardTitle>
<AGENCY>NSF</AGENCY>
<AwardEffectiveDate>07/01/2021</AwardEffectiveDate>
<AwardExpirationDate>06/30/2024</AwardExpirationDate>
<AwardTotalIntnAmount>249563.00</AwardTotalIntnAmount>
<AwardAmount>249563</AwardAmount>
<AwardInstrument>
<Value>Standard Grant</Value>
</AwardInstrument>
<Organization>
<Code>05010000</Code>
<Directorate>
<Abbreviation>CSE</Abbreviation>
<LongName>Direct For Computer &amp; Info Scie &amp; Enginr</LongName>
</Directorate>
<Division>
<Abbreviation>CCF</Abbreviation>
<LongName>Division of Computing and Communication Foundations</LongName>
</Division>
</Organization>
<ProgramOfficer>
<SignBlockName>Scott Acton</SignBlockName>
<PO_EMAI>sacton@nsf.gov</PO_EMAI>
<PO_PHON>7032922124</PO_PHON>
</ProgramOfficer>
<AbstractNarration>Multivariate functional data, where continuous observations are sampled from multiple processes, are emerging in a wide range of scientific applications. A central problem in analyzing multivariate functional data is to understand the interdependency among the functions. This can be formulated as the problem of graphical modeling of multivariate functions. The majority of existing solutions, however, focus on random variables, and extension to random functions is far from trivial. This project is developing a class of novel statistical methods and associated theory for functional graphical modeling. This research is timely in that it responds to the growing demand for functional data analysis, and is expected to advance numerous biological and medical research areas, including the analyses of brain connectivity networks, gene regulatory networks, and protein-protein interaction networks. &lt;br/&gt;&lt;br/&gt;This project is studying three sets of problems: (1) nonparametric functional graphical modeling, which relaxes the Gaussian distribution or the linear structural assumptions, and avoids the curse of dimensionality and works for large graphs; (2) functional directed acyclic graphical modeling, which combines directed graph and functional graph, and offers a tractable solution for inferring directional dependency among multivariate functions; and (3) conditional and dynamic functional graphical modeling, which models graph that varies continuously with one or multiple external variables such as time. At the heart of its development is linear-operator-based statistical learning, which provides a highly flexible and efficient platform to handle massive and complex functional data. The accompanying estimation algorithms and asymptotic theory also make useful additions to the toolbox of multiple fields, including functional data analysis, network and graphical modeling, and statistical machine learning.&lt;br/&gt;&lt;br/&gt;This award reflects NSF's statutory mission and has been deemed worthy of support through evaluation using the Foundation's intellectual merit and broader impacts review criteria.</AbstractNarration>
<MinAmdLetterDate>05/28/2021</MinAmdLetterDate>
<MaxAmdLetterDate>05/28/2021</MaxAmdLetterDate>
<ARRAAmount/>
<TRAN_TYPE>Grant</TRAN_TYPE>
<CFDA_NUM>47.070</CFDA_NUM>
<NSF_PAR_USE_FLAG>1</NSF_PAR_USE_FLAG>
<FUND_AGCY_CODE>4900</FUND_AGCY_CODE>
<AWDG_AGCY_CODE>4900</AWDG_AGCY_CODE>
<AwardID>2102227</AwardID>
<Investigator>
<FirstName>Lexin</FirstName>
<LastName>Li</LastName>
<PI_MID_INIT/>
<PI_SUFX_NAME/>
<PI_FULL_NAME>Lexin Li</PI_FULL_NAME>
<EmailAddress>lexinli@berkeley.edu</EmailAddress>
<PI_PHON>5106644584</PI_PHON>
<NSF_ID>000381981</NSF_ID>
<StartDate>05/28/2021</StartDate>
<EndDate/>
<RoleCode>Principal Investigator</RoleCode>
</Investigator>
<Institution>
<Name>University of California-Berkeley</Name>
<CityName>BERKELEY</CityName>
<ZipCode>947101749</ZipCode>
<PhoneNumber>5106433891</PhoneNumber>
<StreetAddress>Sponsored Projects Office</StreetAddress>
<StreetAddress2><![CDATA[1608 Fourth Street, Suite 220]]></StreetAddress2>
<CountryName>United States</CountryName>
<StateName>California</StateName>
<StateCode>CA</StateCode>
<CONGRESSDISTRICT>13</CONGRESSDISTRICT>
<CONGRESS_DISTRICT_ORG>CA13</CONGRESS_DISTRICT_ORG>
<ORG_DUNS_NUM>124726725</ORG_DUNS_NUM>
<ORG_LGL_BUS_NAME>REGENTS OF THE UNIVERSITY OF CALIFORNIA, THE</ORG_LGL_BUS_NAME>
<ORG_PRNT_DUNS_NUM>071549000</ORG_PRNT_DUNS_NUM>
</Institution>
<Performance_Institution>
<Name><![CDATA[University of California-Berkeley]]></Name>
<CityName>Berkeley</CityName>
<StateCode>CA</StateCode>
<ZipCode>947203370</ZipCode>
<StreetAddress><![CDATA[344B Li Ka Shing Center]]></StreetAddress>
<CountryCode>US</CountryCode>
<CountryName>United States</CountryName>
<StateName>California</StateName>
<CountryFlag>1</CountryFlag>
<CONGRESSDISTRICT>13</CONGRESSDISTRICT>
<CONGRESS_DISTRICT_PERF>CA13</CONGRESS_DISTRICT_PERF>
</Performance_Institution>
<ProgramElement>
<Code>7797</Code>
<Text>Comm &amp; Information Foundations</Text>
</ProgramElement>
<ProgramReference>
<Code>7923</Code>
<Text>SMALL PROJECT</Text>
</ProgramReference>
<ProgramReference>
<Code>7936</Code>
<Text>SIGNAL PROCESSING</Text>
</ProgramReference>
<Appropriation>
<Code>0121</Code>
<Name>NSF RESEARCH &amp; RELATED ACTIVIT</Name>
<APP_SYMB_ID>040100</APP_SYMB_ID>
</Appropriation>
<FUND_OBLG>2021~249563</FUND_OBLG>
</Award>
</rootTag>
