<?xml version="1.0" encoding="UTF-8"?>
<rootTag>
<Award>
<AwardTitle>The Role of Differential Stress in the Physics of Asymmetric Lipid Membranes</AwardTitle>
<AGENCY>NSF</AGENCY>
<AwardEffectiveDate>06/15/2021</AwardEffectiveDate>
<AwardExpirationDate>05/31/2024</AwardExpirationDate>
<AwardTotalIntnAmount>450000.00</AwardTotalIntnAmount>
<AwardAmount>145872</AwardAmount>
<AwardInstrument>
<Value>Continuing Grant</Value>
</AwardInstrument>
<Organization>
<Code>03090000</Code>
<Directorate>
<Abbreviation>MPS</Abbreviation>
<LongName>Direct For Mathematical &amp; Physical Scien</LongName>
</Directorate>
<Division>
<Abbreviation>CHE</Abbreviation>
<LongName>Division Of Chemistry</LongName>
</Division>
</Organization>
<ProgramOfficer>
<SignBlockName>Richard Dawes</SignBlockName>
<PO_EMAI>rdawes@nsf.gov</PO_EMAI>
<PO_PHON>7032927486</PO_PHON>
</ProgramOfficer>
<AbstractNarration>Markus Deserno of Carnegie Mellon University is supported by an award from the Chemical Theory, Models and Computational Methods program in the Division of Chemistry to investigate how so-called “differential stress” affects the membranes of biological cells. These membranes consist of two leaflets that have long been known to differ in their lipid composition. Recently, Deserno has argued that they also differ in their lateral stress (think of the tension in a stretched sheet of rubber). This impacts many important biological processes, such as cellular signaling, nutrient uptake, and the shaping of intracellular organelles. Deserno will develop theoretical and computational models in the quest to uncover how a stress difference between the leaflets changes many other membrane properties, such as their preferred shape, rigidity, or composition. Since it is still a major challenge to measure differential stress directly, Deserno will place special emphasis on finding observables that allow an indirect determination of this value, for instance, via shifts in phase transitions. The PI will closely coordinate his investigations with several experimental and computational groups, aiming to advance our understanding of a this fundamental cell biological phenomenon. This research will offer training opportunities for graduate and undergraduate students at Carnegie Mellon, and it will be incorporated into several public outreach and science communication activities at high schools in the Pittsburgh area.&lt;br/&gt;&lt;br/&gt;In this project, Dr. Deserno and his research team aim to develop a theoretical framework that quantifies how differential stress affects the thermodynamics of asymmetric lipid membranes. Such a framework would enable ways of measuring such differential stress on cell membranes via “proxy-observables” that are experimentally accessible. The theory will be tested against and refined by Molecular Dynamics (MD) simulations at different levels of coarse graining. Specifically, Deserno will study the interplay between differential stress and four thermodynamic situations: (i) the liquid-gel transition, as the cleanest example where hidden mechanical stress directly couples to observable phase behavior; (ii) competing driving forces for cholesterol’s inter-leaflet distribution, as a path to uncover its physiologically important but largely unknown partitioning in cellular plasma membranes; (iii) a liquid-ordered/liquid-disordered (lo/ld) phase coexistence, as a more complex but also stronger and biophysically more relevant coupling to a phase transition, with implications for how signals originating in the plasma membrane’s inner leaflet might be transduced to the raft-associated signaling platforms on its outer side; and (iv) semi-grand canonical lipid exchange, as an intriguing conjecture for how bilayer mechanics, in conjunction with lipid remodeling enzymes, could affect lipid homeostasis by co-regulating a cell’s lipidome.&lt;br/&gt;&lt;br/&gt;This award reflects NSF's statutory mission and has been deemed worthy of support through evaluation using the Foundation's intellectual merit and broader impacts review criteria.</AbstractNarration>
<MinAmdLetterDate>06/03/2021</MinAmdLetterDate>
<MaxAmdLetterDate>06/03/2021</MaxAmdLetterDate>
<ARRAAmount/>
<TRAN_TYPE>Grant</TRAN_TYPE>
<CFDA_NUM>47.049</CFDA_NUM>
<NSF_PAR_USE_FLAG>1</NSF_PAR_USE_FLAG>
<FUND_AGCY_CODE>4900</FUND_AGCY_CODE>
<AWDG_AGCY_CODE>4900</AWDG_AGCY_CODE>
<AwardID>2102316</AwardID>
<Investigator>
<FirstName>Markus</FirstName>
<LastName>Deserno</LastName>
<PI_MID_INIT/>
<PI_SUFX_NAME/>
<PI_FULL_NAME>Markus Deserno</PI_FULL_NAME>
<EmailAddress>deserno@andrew.cmu.edu</EmailAddress>
<PI_PHON>4122684401</PI_PHON>
<NSF_ID>000486512</NSF_ID>
<StartDate>06/03/2021</StartDate>
<EndDate/>
<RoleCode>Principal Investigator</RoleCode>
</Investigator>
<Institution>
<Name>Carnegie-Mellon University</Name>
<CityName>PITTSBURGH</CityName>
<ZipCode>152133815</ZipCode>
<PhoneNumber>4122688746</PhoneNumber>
<StreetAddress>5000 Forbes Avenue</StreetAddress>
<StreetAddress2><![CDATA[WQED Building]]></StreetAddress2>
<CountryName>United States</CountryName>
<StateName>Pennsylvania</StateName>
<StateCode>PA</StateCode>
<CONGRESSDISTRICT>18</CONGRESSDISTRICT>
<CONGRESS_DISTRICT_ORG>PA18</CONGRESS_DISTRICT_ORG>
<ORG_DUNS_NUM>052184116</ORG_DUNS_NUM>
<ORG_LGL_BUS_NAME>CARNEGIE MELLON UNIVERSITY</ORG_LGL_BUS_NAME>
<ORG_PRNT_DUNS_NUM>052184116</ORG_PRNT_DUNS_NUM>
</Institution>
<Performance_Institution>
<Name><![CDATA[Carnegie Mellon University]]></Name>
<CityName>Pittsburgh</CityName>
<StateCode>PA</StateCode>
<ZipCode>152133815</ZipCode>
<StreetAddress><![CDATA[5000 Forbes Ave]]></StreetAddress>
<CountryCode>US</CountryCode>
<CountryName>United States</CountryName>
<StateName>Pennsylvania</StateName>
<CountryFlag>1</CountryFlag>
<CONGRESSDISTRICT>18</CONGRESSDISTRICT>
<CONGRESS_DISTRICT_PERF>PA18</CONGRESS_DISTRICT_PERF>
</Performance_Institution>
<ProgramElement>
<Code>6881</Code>
<Text>Chem Thry, Mdls &amp; Cmptnl Mthds</Text>
</ProgramElement>
<ProgramReference>
<Code>068Z</Code>
<Text>URoL-Understanding Rules of Life</Text>
</ProgramReference>
<ProgramReference>
<Code>8084</Code>
<Text>CDS&amp;E</Text>
</ProgramReference>
<ProgramReference>
<Code>9216</Code>
<Text>ADVANCED SOFTWARE TECH &amp; ALGOR</Text>
</ProgramReference>
<ProgramReference>
<Code>9263</Code>
<Text>COMPUTATIONAL SCIENCE &amp; ENGING</Text>
</ProgramReference>
<Appropriation>
<Code>0121</Code>
<Name>NSF RESEARCH &amp; RELATED ACTIVIT</Name>
<APP_SYMB_ID>040100</APP_SYMB_ID>
</Appropriation>
<FUND_OBLG>2021~145872</FUND_OBLG>
</Award>
</rootTag>
