<?xml version="1.0" encoding="UTF-8"?>
<rootTag>
<Award>
<AwardTitle>The Synthetic Use of Lewis and Bronsted Acid Catalyzed Electrophilic Deborylations</AwardTitle>
<AGENCY>NSF</AGENCY>
<AwardEffectiveDate>06/01/2021</AwardEffectiveDate>
<AwardExpirationDate>05/31/2024</AwardExpirationDate>
<AwardTotalIntnAmount>474114.00</AwardTotalIntnAmount>
<AwardAmount>474114</AwardAmount>
<AwardInstrument>
<Value>Standard Grant</Value>
</AwardInstrument>
<Organization>
<Code>03090000</Code>
<Directorate>
<Abbreviation>MPS</Abbreviation>
<LongName>Direct For Mathematical &amp; Physical Scien</LongName>
</Directorate>
<Division>
<Abbreviation>CHE</Abbreviation>
<LongName>Division Of Chemistry</LongName>
</Division>
</Organization>
<ProgramOfficer>
<SignBlockName>Laura Anderson</SignBlockName>
<PO_EMAI>laanders@nsf.gov</PO_EMAI>
<PO_PHON>7032922934</PO_PHON>
</ProgramOfficer>
<AbstractNarration>With the support of the Chemical Synthesis Program in the Division of Chemistry, Professor Jeremy A. May of the University of Houston is developing new ways to couple reagents with carbon-boron bonds to other organic fragments to rapidly access complex molecular scaffolds with control of stereochemistry. These reactions proceed to form new carbon-carbon bonds with organoborane reagents and address limitations of related synthetic methodologies that require heavy metals. This work is directed at establishing new methods to control C-C bond formation in three-dimensional molecular structures.  The methodology is targeted toward improving the chemical synthesis of molecules with medicinally relevant biological activity. Professor May is also collaborating with KIPP Sharpstown Junior High, a liberal arts-focused school in Houston, to introduce the students to experimental chemistry and other physical sciences. This partnership provides disadvantaged and at-risk students the opportunity to bolster their scientific understanding and desire to prepare for college. &lt;br/&gt;&lt;br/&gt;Professor May and his research team are developing new ways to activate and control nucleophilic additions of organoboranes with the goal of constructing challenging carbon-carbon bonds within architecturally complex organic frameworks. Lewis and Bronsted acid catalysts will be investigated for their ability to promote these additions into a variety of electrophilic organic fragments with stereochemical control. The transformations to be studied include examples involving heterocyclic organoboranes and other functionalities that are often incompatible with transition metal-catalyzed carbon-carbon bond forming strategies. Electrophilic deborylation approaches are further being tested in annulation reactions and natural product synthesis. These activities are expected to synergistically provide excellent training for a diverse group of graduate and undergraduate students in synthetic chemistry.&lt;br/&gt;&lt;br/&gt;This award reflects NSF's statutory mission and has been deemed worthy of support through evaluation using the Foundation's intellectual merit and broader impacts review criteria.</AbstractNarration>
<MinAmdLetterDate>04/26/2021</MinAmdLetterDate>
<MaxAmdLetterDate>04/26/2021</MaxAmdLetterDate>
<ARRAAmount/>
<TRAN_TYPE>Grant</TRAN_TYPE>
<CFDA_NUM>47.049</CFDA_NUM>
<NSF_PAR_USE_FLAG>1</NSF_PAR_USE_FLAG>
<FUND_AGCY_CODE>4900</FUND_AGCY_CODE>
<AWDG_AGCY_CODE>4900</AWDG_AGCY_CODE>
<AwardID>2102282</AwardID>
<Investigator>
<FirstName>Jeremy</FirstName>
<LastName>May</LastName>
<PI_MID_INIT>A</PI_MID_INIT>
<PI_SUFX_NAME/>
<PI_FULL_NAME>Jeremy A May</PI_FULL_NAME>
<EmailAddress>jmay@uh.edu</EmailAddress>
<PI_PHON>8328428808</PI_PHON>
<NSF_ID>000591016</NSF_ID>
<StartDate>04/26/2021</StartDate>
<EndDate/>
<RoleCode>Principal Investigator</RoleCode>
</Investigator>
<Institution>
<Name>University of Houston</Name>
<CityName>Houston</CityName>
<CountyName/>
<ZipCode>772042015</ZipCode>
<PhoneNumber>7137435773</PhoneNumber>
<StreetAddress>4800 Calhoun Boulevard</StreetAddress>
<StreetAddress2/>
<CountryName>United States</CountryName>
<StateName>Texas</StateName>
<StateCode>TX</StateCode>
<CONGRESSDISTRICT>18</CONGRESSDISTRICT>
<CONGRESS_DISTRICT_ORG>TX18</CONGRESS_DISTRICT_ORG>
<ORG_DUNS_NUM>036837920</ORG_DUNS_NUM>
<ORG_LGL_BUS_NAME>UNIVERSITY OF HOUSTON SYSTEM</ORG_LGL_BUS_NAME>
<ORG_PRNT_DUNS_NUM>042916627</ORG_PRNT_DUNS_NUM>
</Institution>
<Performance_Institution>
<Name><![CDATA[University of Houston]]></Name>
<CityName>Houston</CityName>
<CountyName/>
<StateCode>TX</StateCode>
<ZipCode>772042015</ZipCode>
<StreetAddress><![CDATA[4800 Calhoun Boulevard]]></StreetAddress>
<CountryCode>US</CountryCode>
<CountryName>United States</CountryName>
<StateName>Texas</StateName>
<CountryFlag>1</CountryFlag>
<CONGRESSDISTRICT>18</CONGRESSDISTRICT>
<CONGRESS_DISTRICT_PERF>TX18</CONGRESS_DISTRICT_PERF>
</Performance_Institution>
<ProgramElement>
<Code>6878</Code>
<Text>Chemical Synthesis</Text>
</ProgramElement>
<ProgramReference>
<Code>8037</Code>
<Text>Advanced Manufacturing</Text>
</ProgramReference>
<Appropriation>
<Code>0121</Code>
<Name>NSF RESEARCH &amp; RELATED ACTIVIT</Name>
<APP_SYMB_ID>040100</APP_SYMB_ID>
</Appropriation>
<FUND_OBLG>2021~474114</FUND_OBLG>
</Award>
</rootTag>
