<?xml version="1.0" encoding="UTF-8"?>
<rootTag>
<Award>
<AwardTitle>CAS: Hydrogen Evolution in Water Catalyzed by Molecular Cobalt Complexes with Pentadentate Ligands</AwardTitle>
<AGENCY>NSF</AGENCY>
<AwardEffectiveDate>05/01/2021</AwardEffectiveDate>
<AwardExpirationDate>04/30/2024</AwardExpirationDate>
<AwardTotalIntnAmount>475000.00</AwardTotalIntnAmount>
<AwardAmount>475000</AwardAmount>
<AwardInstrument>
<Value>Standard Grant</Value>
</AwardInstrument>
<Organization>
<Code>03090000</Code>
<Directorate>
<Abbreviation>MPS</Abbreviation>
<LongName>Direct For Mathematical &amp; Physical Scien</LongName>
</Directorate>
<Division>
<Abbreviation>CHE</Abbreviation>
<LongName>Division Of Chemistry</LongName>
</Division>
</Organization>
<ProgramOfficer>
<SignBlockName>George Richter-Addo</SignBlockName>
<PO_EMAI>grichter@nsf.gov</PO_EMAI>
<PO_PHON>7032927528</PO_PHON>
</ProgramOfficer>
<AbstractNarration>With the support of the Chemical Catalysis program in the Division of Chemistry, Dr. Xuan Zhao of The University of Memphis is studying hydrogen production from water as a promising approach to generate this alternative, clean and renewable fuel for the future. Discoveries from the proposed research will have the potential to realize scalable hydrogen production from water using well-defined metal catalysts. The proposed study will impact the scientific community and society by the generation of new fundamental science, the training of graduate and undergraduate researchers, and the dissemination of the importance of renewable energy research. Undergraduate students in the Memphis region, particularly underrepresented minorities, will have an opportunity to participate in the summer research program in the PI's laboratory. In addition, annual workshops on solar and renewable energy research will be offered to undergraduate students in the Memphis area. This outreach activity will introduce young researchers to challenges at the forefront of solar energy conversion and inspire them to pursue careers in the field of renewable energy research.&lt;br/&gt;&lt;br/&gt;With the support of the Chemical Catalysis program in the Division of Chemistry, Dr. Xuan Zhao of The University of Memphis is studying the basic science of hydrogen evolution reaction catalyzed by molecular cobalt complexes with pentadentate ligands. Based on thermodynamic and kinetic analyses, systematic ligand variations will allow the evaluation of electronic and steric factors that contribute to catalytic activity for hydrogen production. The proposed study will employ advanced transient spectroscopic techniques (pulse radiolysis, laser flash photolysis and time-resolved infrared spectroscopy) and density functional theory calculations to identify and characterize the electronic structures of critical catalytic intermediates that are important for H–H bond formation. In the context of future applications in renewable energy conversion, the success of this program will lead to the discovery of new catalysts with high efficiency and stability for aqueous hydrogen production at wide range of pHs, including in alkaline solutions. New ligands and metal compounds created from this program will also impact fundamental studies in other energy-related research such as carbon dioxide reduction, functionalization of hydrocarbons, and green chemistry catalysis.&lt;br/&gt;&lt;br/&gt;This award reflects NSF's statutory mission and has been deemed worthy of support through evaluation using the Foundation's intellectual merit and broader impacts review criteria.</AbstractNarration>
<MinAmdLetterDate>04/26/2021</MinAmdLetterDate>
<MaxAmdLetterDate>04/26/2021</MaxAmdLetterDate>
<ARRAAmount/>
<TRAN_TYPE>Grant</TRAN_TYPE>
<CFDA_NUM>47.049</CFDA_NUM>
<NSF_PAR_USE_FLAG>1</NSF_PAR_USE_FLAG>
<FUND_AGCY_CODE>4900</FUND_AGCY_CODE>
<AWDG_AGCY_CODE>4900</AWDG_AGCY_CODE>
<AwardID>2102265</AwardID>
<Investigator>
<FirstName>Xuan</FirstName>
<LastName>Zhao</LastName>
<PI_MID_INIT/>
<PI_SUFX_NAME/>
<PI_FULL_NAME>Xuan Zhao</PI_FULL_NAME>
<EmailAddress>xzhao1@memphis.edu</EmailAddress>
<PI_PHON>9016781423</PI_PHON>
<NSF_ID>000516406</NSF_ID>
<StartDate>04/26/2021</StartDate>
<EndDate/>
<RoleCode>Principal Investigator</RoleCode>
</Investigator>
<Institution>
<Name>University of Memphis</Name>
<CityName>Memphis</CityName>
<CountyName/>
<ZipCode>381523370</ZipCode>
<PhoneNumber>9016783251</PhoneNumber>
<StreetAddress>Administration 315</StreetAddress>
<StreetAddress2/>
<CountryName>United States</CountryName>
<StateName>Tennessee</StateName>
<StateCode>TN</StateCode>
<CONGRESSDISTRICT>09</CONGRESSDISTRICT>
<CONGRESS_DISTRICT_ORG>TN09</CONGRESS_DISTRICT_ORG>
<ORG_DUNS_NUM>055688857</ORG_DUNS_NUM>
<ORG_LGL_BUS_NAME>UNIVERSITY OF MEMPHIS, THE</ORG_LGL_BUS_NAME>
<ORG_PRNT_DUNS_NUM>878135631</ORG_PRNT_DUNS_NUM>
</Institution>
<Performance_Institution>
<Name><![CDATA[University of Memphis]]></Name>
<CityName>Memphis</CityName>
<CountyName/>
<StateCode>TN</StateCode>
<ZipCode>381523370</ZipCode>
<StreetAddress><![CDATA[Smith Chemistry Building, 305]]></StreetAddress>
<CountryCode>US</CountryCode>
<CountryName>United States</CountryName>
<StateName>Tennessee</StateName>
<CountryFlag>1</CountryFlag>
<CONGRESSDISTRICT>09</CONGRESSDISTRICT>
<CONGRESS_DISTRICT_PERF>TN09</CONGRESS_DISTRICT_PERF>
</Performance_Institution>
<ProgramElement>
<Code>6884</Code>
<Text>Chemical Catalysis</Text>
</ProgramElement>
<ProgramReference>
<Code>090Z</Code>
<Text>CAS-Critical Aspects of Sustainability</Text>
</ProgramReference>
<ProgramReference>
<Code>8037</Code>
<Text>Advanced Manufacturing</Text>
</ProgramReference>
<ProgramReference>
<Code>8396</Code>
<Text>Clean Energy Technology</Text>
</ProgramReference>
<ProgramReference>
<Code>8397</Code>
<Text>Hydrogen Storage or Generation</Text>
</ProgramReference>
<ProgramReference>
<Code>9251</Code>
<Text>REU SUPP-Res Exp for Ugrd Supp</Text>
</ProgramReference>
<Appropriation>
<Code>0121</Code>
<Name>NSF RESEARCH &amp; RELATED ACTIVIT</Name>
<APP_SYMB_ID>040100</APP_SYMB_ID>
</Appropriation>
<FUND_OBLG>2021~475000</FUND_OBLG>
</Award>
</rootTag>
