<?xml version="1.0" encoding="UTF-8"?>
<rootTag>
<Award>
<AwardTitle>Ultra-High Efficiency Microwave Plasma for Extreme Low-Power Applications</AwardTitle>
<AGENCY>NSF</AGENCY>
<AwardEffectiveDate>07/15/2021</AwardEffectiveDate>
<AwardExpirationDate>06/30/2024</AwardExpirationDate>
<AwardTotalIntnAmount>364986.00</AwardTotalIntnAmount>
<AwardAmount>364986</AwardAmount>
<AwardInstrument>
<Value>Standard Grant</Value>
</AwardInstrument>
<Organization>
<Code>07010000</Code>
<Directorate>
<Abbreviation>ENG</Abbreviation>
<LongName>Directorate For Engineering</LongName>
</Directorate>
<Division>
<Abbreviation>ECCS</Abbreviation>
<LongName>Div Of Electrical, Commun &amp; Cyber Sys</LongName>
</Division>
</Organization>
<ProgramOfficer>
<SignBlockName>Lawrence Goldberg</SignBlockName>
<PO_EMAI>lgoldber@nsf.gov</PO_EMAI>
<PO_PHON>7032928339</PO_PHON>
</ProgramOfficer>
<AbstractNarration>Cold plasma is a critical technology in many application fields such as plasma medicine, food preservation, water treatment, reconfigurable electronics, high-quality lighting, electric propulsion systems, sterilization, and microfabrication. However, generating stable plasma is not a trivial task as bulky, expensive, and energy-hungry units are often required. To facilitate widespread use, particularly in low resource settings, there is a need for high efficiency, low power, and low-cost plasmas. Preliminary results indicate that it is indeed possible to achieve plasma of required density with very low input power, even in the milliwatts range, by properly employing microwave resonant structures. Hence, the overarching objective of this effort is to fundamentally investigate extremely low-power and highly efficient resonant microwave plasmas using theoretical, computational, and experimental approaches. This research will advance the knowledge on the fundamental understanding of low-temperature resonant microwave plasmas and is expected to elucidate the interactions between electromagnetic waves and plasmas including self-sustained resonant microwave plasmas. The outcomes of this research will pave the road for the next generation of low-cost and readily available plasma generators. This project is expected to change the understanding of not only the plasma community but also the engineering community that rely on conventional bulky and cumbersome plasma sources that inherently limit their applications. The research results will also be utilized for educational purposes, both at the undergraduate and graduate levels, as well as for scientific demonstrations to children to increase their knowledge about plasma and potentially attract them to the STEM field.&lt;br/&gt;&lt;br/&gt;Although DC, pulse, and RF plasmas have been extensively explored, there is no comprehensive understanding of microwave plasmas, especially in resonant mode. Resonant microwave plasma occurs in the alpha–discharge regime with an extremely low sheath voltage drop, ensuring that the ignited plasma is stable with no electrode erosion as an important lifetime issue. The proposed research is aimed at developing a theoretical framework for extreme high efficiency and low power plasmas, simulating their behavior computationally, and experimentally validating the theory and computational models. Such plasma can potentially be powered by low-power and readily available supplies including cell phones, solar cells, or even batteries, which makes it safe, low cost, portable, and readily available to many end users. To turn this vision into reality, four major objectives are being pursued: (1) development of a fundamental understanding of resonant microwave discharge physics, (2) assessment and utilization of proper high quality-factor microwave resonant structures, (3) design and implementation of innovative engineered electrodes, and (4) investigation of pre-ionization (e.g., DC and RF) and pulsed microwave techniques. In addition, arrays of scalable resonators will be employed for larger plasma regions. The results of this research are expected to facilitate the realization of ultra-low power plasma sources that can become directly available to many end users.&lt;br/&gt;&lt;br/&gt;This award reflects NSF's statutory mission and has been deemed worthy of support through evaluation using the Foundation's intellectual merit and broader impacts review criteria.</AbstractNarration>
<MinAmdLetterDate>07/26/2021</MinAmdLetterDate>
<MaxAmdLetterDate>07/26/2021</MaxAmdLetterDate>
<ARRAAmount/>
<TRAN_TYPE>Grant</TRAN_TYPE>
<CFDA_NUM>47.041</CFDA_NUM>
<NSF_PAR_USE_FLAG>1</NSF_PAR_USE_FLAG>
<FUND_AGCY_CODE>4900</FUND_AGCY_CODE>
<AWDG_AGCY_CODE>4900</AWDG_AGCY_CODE>
<AwardID>2102100</AwardID>
<Investigator>
<FirstName>Abbas</FirstName>
<LastName>Semnani</LastName>
<PI_MID_INIT/>
<PI_SUFX_NAME/>
<PI_FULL_NAME>Abbas Semnani</PI_FULL_NAME>
<EmailAddress>abbas.semnani@utoledo.edu</EmailAddress>
<PI_PHON>4195308150</PI_PHON>
<NSF_ID>000697387</NSF_ID>
<StartDate>07/26/2021</StartDate>
<EndDate/>
<RoleCode>Principal Investigator</RoleCode>
</Investigator>
<Institution>
<Name>University of Toledo</Name>
<CityName>TOLEDO</CityName>
<ZipCode>436063390</ZipCode>
<PhoneNumber>4195302844</PhoneNumber>
<StreetAddress>2801 W Bancroft St., MS 218</StreetAddress>
<StreetAddress2/>
<CountryName>United States</CountryName>
<StateName>Ohio</StateName>
<StateCode>OH</StateCode>
<CONGRESSDISTRICT>09</CONGRESSDISTRICT>
<CONGRESS_DISTRICT_ORG>OH09</CONGRESS_DISTRICT_ORG>
<ORG_DUNS_NUM>051623734</ORG_DUNS_NUM>
<ORG_LGL_BUS_NAME>UNIVERSITY OF TOLEDO, THE</ORG_LGL_BUS_NAME>
<ORG_PRNT_DUNS_NUM>051623734</ORG_PRNT_DUNS_NUM>
</Institution>
<Performance_Institution>
<Name><![CDATA[The University of Toledo]]></Name>
<CityName>Toledo</CityName>
<StateCode>OH</StateCode>
<ZipCode>436063390</ZipCode>
<StreetAddress><![CDATA[2801 W Bancroft, Mail Stop 218]]></StreetAddress>
<CountryCode>US</CountryCode>
<CountryName>United States</CountryName>
<StateName>Ohio</StateName>
<CountryFlag>1</CountryFlag>
<CONGRESSDISTRICT>09</CONGRESSDISTRICT>
<CONGRESS_DISTRICT_PERF>OH09</CONGRESS_DISTRICT_PERF>
</Performance_Institution>
<ProgramElement>
<Code>7564</Code>
<Text>CCSS-Comms Circuits &amp; Sens Sys</Text>
</ProgramElement>
<ProgramReference>
<Code>096E</Code>
<Text>High freq comm/sensing circuits</Text>
</ProgramReference>
<ProgramReference>
<Code>105E</Code>
<Text>RF/Microwave &amp; mm-wave tech</Text>
</ProgramReference>
<Appropriation>
<Code>0121</Code>
<Name>NSF RESEARCH &amp; RELATED ACTIVIT</Name>
<APP_SYMB_ID>040100</APP_SYMB_ID>
</Appropriation>
<FUND_OBLG>2021~364986</FUND_OBLG>
</Award>
</rootTag>
