<?xml version="1.0" encoding="UTF-8"?>
<rootTag>
<Award>
<AwardTitle>Collaborative Research: SHF: Small: Interactive Synthesis and Repair For Robot Programs</AwardTitle>
<AGENCY>NSF</AGENCY>
<AwardEffectiveDate>09/01/2020</AwardEffectiveDate>
<AwardExpirationDate>05/31/2023</AwardExpirationDate>
<AwardTotalIntnAmount>193821.00</AwardTotalIntnAmount>
<AwardAmount>193821</AwardAmount>
<AwardInstrument>
<Value>Standard Grant</Value>
</AwardInstrument>
<Organization>
<Code>05010000</Code>
<Directorate>
<Abbreviation>CSE</Abbreviation>
<LongName>Direct For Computer &amp; Info Scie &amp; Enginr</LongName>
</Directorate>
<Division>
<Abbreviation>CCF</Abbreviation>
<LongName>Division of Computing and Communication Foundations</LongName>
</Division>
</Organization>
<ProgramOfficer>
<SignBlockName>Anindya Banerjee</SignBlockName>
<PO_EMAI>abanerje@nsf.gov</PO_EMAI>
<PO_PHON>7032927885</PO_PHON>
</ProgramOfficer>
<AbstractNarration>Over the past few years, robots have started to be deployed in unstructured human environments. There are hundreds of robots deployed in hospitals, hotels, and supermarkets. Unfortunately, the software that runs on robots is programmed using low-level abstractions and languages, and is hard to transfer across robots and environments. In addition robotic software requires complex control logic to ensure that robots are safe and well-behaved in all situations. Thus, robot software is extraordinarily hard to write and maintain. This research project develops tools and techniques to make robot software safer, easier to write, and easier to maintain. &lt;br/&gt;&lt;br/&gt;The intellectual merits of the project are the development of (1) techniques for fixing bugs in robot software, based on advances to automatic program repair and program synthesis; (2) abstractions for writing robot software that can automatically handle certain kinds of failures, based on new programming-language design; (3) methods for checking the correctness of robot software, based on new program-verification techniques. The project's broader significance and importance are that it helps make robot software easier to write and maintain, and cheaper, safer, and more reliable. The project encourages further research at the intersection of programming languages and robotics by publishing research results and releasing open-source software. The project also involves high-school outreach workshops to broaden participation in computing.&lt;br/&gt;&lt;br/&gt;This award reflects NSF's statutory mission and has been deemed worthy of support through evaluation using the Foundation's intellectual merit and broader impacts review criteria.</AbstractNarration>
<MinAmdLetterDate>11/04/2020</MinAmdLetterDate>
<MaxAmdLetterDate>11/04/2020</MaxAmdLetterDate>
<ARRAAmount/>
<TRAN_TYPE>Grant</TRAN_TYPE>
<CFDA_NUM>47.070</CFDA_NUM>
<NSF_PAR_USE_FLAG>1</NSF_PAR_USE_FLAG>
<FUND_AGCY_CODE>4900</FUND_AGCY_CODE>
<AWDG_AGCY_CODE>4900</AWDG_AGCY_CODE>
<AwardID>2102291</AwardID>
<Investigator>
<FirstName>Arjun</FirstName>
<LastName>Guha</LastName>
<PI_MID_INIT/>
<PI_SUFX_NAME/>
<PI_FULL_NAME>Arjun Guha</PI_FULL_NAME>
<EmailAddress>a.guha@northeastern.edu</EmailAddress>
<PI_PHON>6173732000</PI_PHON>
<NSF_ID>000633150</NSF_ID>
<StartDate>11/04/2020</StartDate>
<EndDate/>
<RoleCode>Principal Investigator</RoleCode>
</Investigator>
<Institution>
<Name>Northeastern University</Name>
<CityName>BOSTON</CityName>
<CountyName/>
<ZipCode>021155005</ZipCode>
<PhoneNumber>6173733004</PhoneNumber>
<StreetAddress>360 HUNTINGTON AVE</StreetAddress>
<StreetAddress2><![CDATA[177-500]]></StreetAddress2>
<CountryName>United States</CountryName>
<StateName>Massachusetts</StateName>
<StateCode>MA</StateCode>
<CONGRESSDISTRICT>07</CONGRESSDISTRICT>
<CONGRESS_DISTRICT_ORG>MA07</CONGRESS_DISTRICT_ORG>
<ORG_DUNS_NUM>001423631</ORG_DUNS_NUM>
<ORG_LGL_BUS_NAME>NORTHEASTERN UNIVERSITY</ORG_LGL_BUS_NAME>
<ORG_PRNT_DUNS_NUM>001423631</ORG_PRNT_DUNS_NUM>
</Institution>
<Performance_Institution>
<Name><![CDATA[Northeastern University]]></Name>
<CityName>Boston</CityName>
<CountyName/>
<StateCode>MA</StateCode>
<ZipCode>021155005</ZipCode>
<StreetAddress><![CDATA[360 Huntington Ave]]></StreetAddress>
<CountryCode>US</CountryCode>
<CountryName>United States</CountryName>
<StateName>Massachusetts</StateName>
<CountryFlag>1</CountryFlag>
<CONGRESSDISTRICT>07</CONGRESSDISTRICT>
<CONGRESS_DISTRICT_PERF>MA07</CONGRESS_DISTRICT_PERF>
</Performance_Institution>
<ProgramElement>
<Code>7798</Code>
<Text>Software &amp; Hardware Foundation</Text>
</ProgramElement>
<ProgramReference>
<Code>7923</Code>
<Text>SMALL PROJECT</Text>
</ProgramReference>
<ProgramReference>
<Code>7943</Code>
<Text>PROGRAMMING LANGUAGES</Text>
</ProgramReference>
<Appropriation>
<Code>0120</Code>
<Name>NSF RESEARCH &amp; RELATED ACTIVIT</Name>
<APP_SYMB_ID>040100</APP_SYMB_ID>
</Appropriation>
<FUND_OBLG>2020~193821</FUND_OBLG>
</Award>
</rootTag>
