<?xml version="1.0" encoding="UTF-8"?>
<rootTag>
<Award>
<AwardTitle>NSF-BSF:Fluid-fluid interfaces with diminished surface tension and giant thermal and quantum fluctuations as novel materials for ultrasoft photonics</AwardTitle>
<AGENCY>NSF</AGENCY>
<AwardEffectiveDate>07/01/2021</AwardEffectiveDate>
<AwardExpirationDate>06/30/2024</AwardExpirationDate>
<AwardTotalIntnAmount>286280.00</AwardTotalIntnAmount>
<AwardAmount>286280</AwardAmount>
<AwardInstrument>
<Value>Standard Grant</Value>
</AwardInstrument>
<Organization>
<Code>03070000</Code>
<Directorate>
<Abbreviation>MPS</Abbreviation>
<LongName>Direct For Mathematical &amp; Physical Scien</LongName>
</Directorate>
<Division>
<Abbreviation>DMR</Abbreviation>
<LongName>Division Of Materials Research</LongName>
</Division>
</Organization>
<ProgramOfficer>
<SignBlockName>James H. Edgar</SignBlockName>
<PO_EMAI>jedgar@nsf.gov</PO_EMAI>
<PO_PHON>7032922053</PO_PHON>
</ProgramOfficer>
<AbstractNarration>Nontechnical abstract&lt;br/&gt;The behavior of materials under extreme conditions is often where new fundamental discoveries are made and new applications are developed. The authors of this project study the behavior of interfaces between two different liquids in the limit of extreme softness such that by making the material even a little bit softer will result in the destruction of the interface by thermal oscillations. This project will study light confined in the interior part of the spherical interface by using the difference in refraction indexes on the opposite sides of the interface. This novel confinement enables the researchers to study the details of the thermal fluctuations of the ultrasoft interface with an unprecedent resolution and accuracy using the modes of the confined light. In addition to providing information about thermal motion of the molecules, optical excitations confined by the interface allow researchers to optically affect its mechanical oscillations, which will, in their turn affect the optical excitations. Such so-called optomechanical interaction is expected to be significantly enhanced in the ultrasoft materials and will allow studying novel optomechanical phenomena. This international collaborative project will also contribute to educational activities of both participating institutions (Queens College, New York and Tel-Aviv University, Israel) by developing new courses around the themes of the project and involving students, especially those from underrepresented groups, in work on the project. In particular, this project will fund a research internship opportunity for a student at Queens College’s M.S. in Photonics program, designed to help students from underrepresented groups to enter the labor market in photonics related industries.&lt;br/&gt;&lt;br/&gt;Technical abstract&lt;br/&gt;This project deals with optomechanical properties of fluid-in-fluid spherical droplets actuated as whispering-gallery-mode resonators. The elasticity of the droplet-forming interface is controlled by surfactants and can be reduced to the limit of ultimate softness such that any additional surfactant would destruct the droplet by Brownian fluctuations. The mechanical softness of the droplets does not affect their performance as optical resonators, which is determined by the refractive index contrast between the material of the droplet and the surrounding medium. The combination of mechanical softness and the resonance enhanced sensitivity due to the formation of whispering gallery modes enables the optical interrogation of Brownian fluctuations of the surface with resolution exceeding that of existing Rayleigh- limited imaging techniques. The extreme softness of the droplets results in the giant mechanical response to resonantly enhanced optical forces allowing researchers to achieve a strength of optomechanical coupling far exceeding that in any other available optomechanical system. The regime of the extremely strong optomechanical coupling enables the study of optomechanical phenomena well outside of typically available range of parameters. For instance, in these systems one can achieve efficient cavity-mediated cooling of the surface oscillations to the smallest phonon population numbers despite the penalty imposed by the lower phonon frequencies. The high-value goal of the project is to cool the capillary oscillations of the softened droplets toward the quantum mechanical ground-state while maintaining the bath at room temperature. The high risks of such a project will be mitigated by testing various gas-liquid and liquid-liquid interfaces at different temperatures, pressures, and surfactant adsorption-concentration. The experimental efforts will be accompanied by theoretical research, with a novel perturbation approach based on generalized theory of Mie scattering to computing optical spectra of resonators with shapes deviating from spherical will be developed. A theory will also be developed of sideband cooling to minimize the phonon number at the non-resolved sideband limit.&lt;br/&gt;&lt;br/&gt;This award reflects NSF's statutory mission and has been deemed worthy of support through evaluation using the Foundation's intellectual merit and broader impacts review criteria.</AbstractNarration>
<MinAmdLetterDate>05/28/2021</MinAmdLetterDate>
<MaxAmdLetterDate>05/28/2021</MaxAmdLetterDate>
<ARRAAmount/>
<TRAN_TYPE>Grant</TRAN_TYPE>
<CFDA_NUM>47.049</CFDA_NUM>
<NSF_PAR_USE_FLAG>1</NSF_PAR_USE_FLAG>
<FUND_AGCY_CODE>4900</FUND_AGCY_CODE>
<AWDG_AGCY_CODE>4900</AWDG_AGCY_CODE>
<AwardID>2102249</AwardID>
<Investigator>
<FirstName>Lev</FirstName>
<LastName>Deych</LastName>
<PI_MID_INIT/>
<PI_SUFX_NAME/>
<PI_FULL_NAME>Lev Deych</PI_FULL_NAME>
<EmailAddress>lev.deych@qc.cuny.edu</EmailAddress>
<PI_PHON>7189973380</PI_PHON>
<NSF_ID>000155955</NSF_ID>
<StartDate>05/28/2021</StartDate>
<EndDate/>
<RoleCode>Principal Investigator</RoleCode>
</Investigator>
<Institution>
<Name>CUNY Queens College</Name>
<CityName>Flushing</CityName>
<ZipCode>113671575</ZipCode>
<PhoneNumber>7189975400</PhoneNumber>
<StreetAddress>65 30 Kissena Blvd</StreetAddress>
<StreetAddress2/>
<CountryName>United States</CountryName>
<StateName>New York</StateName>
<StateCode>NY</StateCode>
<CONGRESSDISTRICT>06</CONGRESSDISTRICT>
<CONGRESS_DISTRICT_ORG>NY06</CONGRESS_DISTRICT_ORG>
<ORG_DUNS_NUM>619346146</ORG_DUNS_NUM>
<ORG_LGL_BUS_NAME>RESEARCH FOUNDATION OF THE CITY UNIVERSITY OF NEW YORK</ORG_LGL_BUS_NAME>
<ORG_PRNT_DUNS_NUM>073268849</ORG_PRNT_DUNS_NUM>
</Institution>
<Performance_Institution>
<Name><![CDATA[CUNY Queens College]]></Name>
<CityName>Flushing</CityName>
<StateCode>NY</StateCode>
<ZipCode>113671597</ZipCode>
<StreetAddress><![CDATA[65-30 Kissena Blvd]]></StreetAddress>
<CountryCode>US</CountryCode>
<CountryName>United States</CountryName>
<StateName>New York</StateName>
<CountryFlag>1</CountryFlag>
<CONGRESSDISTRICT>06</CONGRESSDISTRICT>
<CONGRESS_DISTRICT_PERF>NY06</CONGRESS_DISTRICT_PERF>
</Performance_Institution>
<ProgramElement>
<Code>1775</Code>
<Text>ELECTRONIC/PHOTONIC MATERIALS</Text>
</ProgramElement>
<ProgramReference>
<Code>8990</Code>
<Text>Optics and Photonics</Text>
</ProgramReference>
<Appropriation>
<Code>0121</Code>
<Name>NSF RESEARCH &amp; RELATED ACTIVIT</Name>
<APP_SYMB_ID>040100</APP_SYMB_ID>
</Appropriation>
<FUND_OBLG>2021~286280</FUND_OBLG>
</Award>
</rootTag>
