<?xml version="1.0" encoding="UTF-8"?>
<rootTag>
<Award>
<AwardTitle>Investigating Alaska Native Successful Aging through Elder-Centered, Community-Based Participatory Research</AwardTitle>
<AGENCY>NSF</AGENCY>
<AwardEffectiveDate>05/01/2021</AwardEffectiveDate>
<AwardExpirationDate>04/30/2024</AwardExpirationDate>
<AwardTotalIntnAmount>1040432.00</AwardTotalIntnAmount>
<AwardAmount>1040432</AwardAmount>
<AwardInstrument>
<Value>Standard Grant</Value>
</AwardInstrument>
<Organization>
<Code>06090100</Code>
<Directorate>
<Abbreviation>GEO</Abbreviation>
<LongName>Directorate For Geosciences</LongName>
</Directorate>
<Division>
<Abbreviation>OPP</Abbreviation>
<LongName>Office of Polar Programs (OPP)</LongName>
</Division>
</Organization>
<ProgramOfficer>
<SignBlockName>Erica Hill</SignBlockName>
<PO_EMAI>erhill@nsf.gov</PO_EMAI>
<PO_PHON>7032924521</PO_PHON>
</ProgramOfficer>
<AbstractNarration>This research explores the concept of successful aging among Alaska Native Elders in four communities in the Interior and Southeast regions of the state. Building upon previous successful research, the PI will employ a community-based participatory approach to define and document what aging successfully means to Elders and to evaluate the impacts of care facilities on Elders’ experiences. This research will advance understanding of aging in the fields of gerontology and community health; produce recommendations to promote successful aging in local communities; and present alternatives to perceptions that equate aging with poor health and immobility.&lt;br/&gt;&lt;br/&gt;Working collaboratively with local tribal councils in Fairbanks, Galena, and Juneau, the PI will establish an Elder Advisory Council to oversee all phases of the project. Data will be collected using survey instruments and in-depth qualitative interviews with Elders from the Interior and Southeast Alaska. The PI will present findings and receive feedback from communities at several stages in the research process. Broader impacts include opportunities for student research and training; increased participation of Alaska Native communities in setting research agendas; development of partnerships among communities, care facilities, and researchers; and advancing understanding of successful aging in different cultural and geographic contexts.&lt;br/&gt;&lt;br/&gt;This award reflects NSF's statutory mission and has been deemed worthy of support through evaluation using the Foundation's intellectual merit and broader impacts review criteria.</AbstractNarration>
<MinAmdLetterDate>03/31/2021</MinAmdLetterDate>
<MaxAmdLetterDate>05/21/2021</MaxAmdLetterDate>
<ARRAAmount/>
<TRAN_TYPE>Grant</TRAN_TYPE>
<CFDA_NUM>47.078</CFDA_NUM>
<NSF_PAR_USE_FLAG>1</NSF_PAR_USE_FLAG>
<FUND_AGCY_CODE>4900</FUND_AGCY_CODE>
<AWDG_AGCY_CODE>4900</AWDG_AGCY_CODE>
<AwardID>2102294</AwardID>
<Investigator>
<FirstName>Jordan</FirstName>
<LastName>Lewis</LastName>
<PI_MID_INIT>P</PI_MID_INIT>
<PI_SUFX_NAME/>
<PI_FULL_NAME>Jordan P Lewis</PI_FULL_NAME>
<EmailAddress>jplewis@d.umn.edu</EmailAddress>
<PI_PHON>2187267024</PI_PHON>
<NSF_ID>000499566</NSF_ID>
<StartDate>03/31/2021</StartDate>
<EndDate/>
<RoleCode>Principal Investigator</RoleCode>
</Investigator>
<Institution>
<Name>University of Minnesota-Twin Cities</Name>
<CityName>Minneapolis</CityName>
<ZipCode>554552070</ZipCode>
<PhoneNumber>6126245599</PhoneNumber>
<StreetAddress>200 OAK ST SE</StreetAddress>
<StreetAddress2/>
<CountryName>United States</CountryName>
<StateName>Minnesota</StateName>
<StateCode>MN</StateCode>
<CONGRESSDISTRICT>05</CONGRESSDISTRICT>
<CONGRESS_DISTRICT_ORG>MN05</CONGRESS_DISTRICT_ORG>
<ORG_DUNS_NUM>555917996</ORG_DUNS_NUM>
<ORG_LGL_BUS_NAME>REGENTS OF THE UNIVERSITY OF MINNESOTA</ORG_LGL_BUS_NAME>
<ORG_PRNT_DUNS_NUM>117178941</ORG_PRNT_DUNS_NUM>
</Institution>
<Performance_Institution>
<Name><![CDATA[Regents of the University of Minnesota]]></Name>
<CityName>Duluth</CityName>
<StateCode>MN</StateCode>
<ZipCode>558052069</ZipCode>
<StreetAddress><![CDATA[624 E. 1st St., Suite 201]]></StreetAddress>
<CountryCode>US</CountryCode>
<CountryName>United States</CountryName>
<StateName>Minnesota</StateName>
<CountryFlag>1</CountryFlag>
<CONGRESSDISTRICT>08</CONGRESSDISTRICT>
<CONGRESS_DISTRICT_PERF>MN08</CONGRESS_DISTRICT_PERF>
</Performance_Institution>
<ProgramElement>
<Code>5221</Code>
<Text>ASSP-Arctic Social Science</Text>
</ProgramElement>
<ProgramReference>
<Code>1079</Code>
<Text>ARCTIC RESEARCH</Text>
</ProgramReference>
<ProgramReference>
<Code>5221</Code>
<Text>ARCTIC SOCIAL SCIENCES</Text>
</ProgramReference>
<Appropriation>
<Code>02XX</Code>
<Name>NSF RESEARCH &amp; RELATED ACTIVIT</Name>
<APP_SYMB_ID>040100</APP_SYMB_ID>
</Appropriation>
<FUND_OBLG>2021~1040432</FUND_OBLG>
</Award>
</rootTag>
