<?xml version="1.0" encoding="UTF-8"?>
<rootTag>
<Award>
<AwardTitle>An integrated framework for condition monitoring and fault diagnosis of electric machine drive systems</AwardTitle>
<AGENCY>NSF</AGENCY>
<AwardEffectiveDate>06/01/2021</AwardEffectiveDate>
<AwardExpirationDate>05/31/2024</AwardExpirationDate>
<AwardTotalIntnAmount>360000.00</AwardTotalIntnAmount>
<AwardAmount>360000</AwardAmount>
<AwardInstrument>
<Value>Standard Grant</Value>
</AwardInstrument>
<Organization>
<Code>07010000</Code>
<Directorate>
<Abbreviation>ENG</Abbreviation>
<LongName>Directorate For Engineering</LongName>
</Directorate>
<Division>
<Abbreviation>ECCS</Abbreviation>
<LongName>Div Of Electrical, Commun &amp; Cyber Sys</LongName>
</Division>
</Organization>
<ProgramOfficer>
<SignBlockName>Aranya Chakrabortty</SignBlockName>
<PO_EMAI>achakrab@nsf.gov</PO_EMAI>
<PO_PHON>7032928113</PO_PHON>
</ProgramOfficer>
<AbstractNarration>This NSF project aims to design and demonstrate an innovative physics-guided signature-based approach for condition monitoring and fault diagnosis (CMFD) of electric machine networks. As the number of electric machines grows rapidly in response to less carbon dioxide emissions, a large number of electric machines are connected to form electric machine networks.  However, traditional CMFD were developed based on individual machine sensors, which requires a large number of sensors and do not comprehensively consider fault and degradation propagation. This limitation will be in part resolved by coordinated monitoring and analysis of strategically-placed electrical waveform sensors in power networks. The intellectual merits of the project include integrating high-fidelity physical model of electric machine networks to signature-based CMFD for improved accuracy and robustness. The broader impacts of the project include advancing the research experiences for K-12 and undergraduate students including underrepresented students. The research will be integrated into the undergraduate and graduate electric power engineering curriculum to educate future engineers who will have the skills and knowledge to meet the emerging needs of the industry. &lt;br/&gt;&lt;br/&gt;The proposed physics-guided signature-based approach for condition monitoring and fault diagnosis (CMFD) of electric machine networks will advance the literature in a new direction compared to the traditional approach based on individual machine sensors. Four specific objectives will be pursued: (1) Assess the electrical waveform signature due to faults and degradation that will build a technical foundation for the proposed CMFD approach. (2) Create a high-fidelity physical model of electric machine networks that reflects not only the fault, degradation and nonlinearity of the machine, but also waveform propagation due to faults and degradation. (3) Design a physics-guided signature-based method that leverages the waveform propagation model to more effectively and efficiently identify and locate faults or degradation source in electric machine networks. (4) Build a semi-virtual testbed of electric machine networks to evaluate the performance of the proposed CMFD approach. The proposed CMFD approach can be generally used in a variety of applications, including manufacturing and industrial systems, smart buildings, wind farms, and electrified transportation.&lt;br/&gt;&lt;br/&gt;This award reflects NSF's statutory mission and has been deemed worthy of support through evaluation using the Foundation's intellectual merit and broader impacts review criteria.</AbstractNarration>
<MinAmdLetterDate>04/27/2021</MinAmdLetterDate>
<MaxAmdLetterDate>04/27/2021</MaxAmdLetterDate>
<ARRAAmount/>
<TRAN_TYPE>Grant</TRAN_TYPE>
<CFDA_NUM>47.041</CFDA_NUM>
<NSF_PAR_USE_FLAG>1</NSF_PAR_USE_FLAG>
<FUND_AGCY_CODE>4900</FUND_AGCY_CODE>
<AWDG_AGCY_CODE>4900</AWDG_AGCY_CODE>
<AwardID>2102032</AwardID>
<Investigator>
<FirstName>Jin</FirstName>
<LastName>Ye</LastName>
<PI_MID_INIT/>
<PI_SUFX_NAME/>
<PI_FULL_NAME>Jin Ye</PI_FULL_NAME>
<EmailAddress>jin.ye@uga.edu</EmailAddress>
<PI_PHON>6508675220</PI_PHON>
<NSF_ID>000730301</NSF_ID>
<StartDate>04/27/2021</StartDate>
<EndDate/>
<RoleCode>Principal Investigator</RoleCode>
</Investigator>
<Institution>
<Name>University of Georgia Research Foundation Inc</Name>
<CityName>ATHENS</CityName>
<ZipCode>306021589</ZipCode>
<PhoneNumber>7065425939</PhoneNumber>
<StreetAddress>310 East Campus Rd</StreetAddress>
<StreetAddress2><![CDATA[Tucker Hall Room 409]]></StreetAddress2>
<CountryName>United States</CountryName>
<StateName>Georgia</StateName>
<StateCode>GA</StateCode>
<CONGRESSDISTRICT>10</CONGRESSDISTRICT>
<CONGRESS_DISTRICT_ORG>GA10</CONGRESS_DISTRICT_ORG>
<ORG_DUNS_NUM>004315578</ORG_DUNS_NUM>
<ORG_LGL_BUS_NAME>UNIVERSITY OF GEORGIA RESEARCH FOUNDATION, INC.</ORG_LGL_BUS_NAME>
<ORG_PRNT_DUNS_NUM/>
</Institution>
<Performance_Institution>
<Name><![CDATA[University of Georgia]]></Name>
<CityName>Athens</CityName>
<StateCode>GA</StateCode>
<ZipCode>306021589</ZipCode>
<StreetAddress><![CDATA[310 East Campus Rd.]]></StreetAddress>
<CountryCode>US</CountryCode>
<CountryName>United States</CountryName>
<StateName>Georgia</StateName>
<CountryFlag>1</CountryFlag>
<CONGRESSDISTRICT>10</CONGRESSDISTRICT>
<CONGRESS_DISTRICT_PERF>GA10</CONGRESS_DISTRICT_PERF>
</Performance_Institution>
<ProgramElement>
<Code>7607</Code>
<Text>EPCN-Energy-Power-Ctrl-Netwrks</Text>
</ProgramElement>
<ProgramReference>
<Code>090E</Code>
<Text>Chem/Bio and Physical Diagnostics</Text>
</ProgramReference>
<ProgramReference>
<Code>155E</Code>
<Text>Electric power networks</Text>
</ProgramReference>
<Appropriation>
<Code>0121</Code>
<Name>NSF RESEARCH &amp; RELATED ACTIVIT</Name>
<APP_SYMB_ID>040100</APP_SYMB_ID>
</Appropriation>
<FUND_OBLG>2021~360000</FUND_OBLG>
</Award>
</rootTag>
