<?xml version="1.0" encoding="UTF-8"?>
<rootTag>
<Award>
<AwardTitle>RESEARCH-PGR: Exploring the genetics of drought resistance with field-based phenomics and biophysical process-based modeling</AwardTitle>
<AGENCY>NSF</AGENCY>
<AwardEffectiveDate>02/01/2022</AwardEffectiveDate>
<AwardExpirationDate>01/31/2026</AwardExpirationDate>
<AwardTotalIntnAmount>2670232.00</AwardTotalIntnAmount>
<AwardAmount>639986</AwardAmount>
<AwardInstrument>
<Value>Continuing Grant</Value>
</AwardInstrument>
<Organization>
<Code>08090000</Code>
<Directorate>
<Abbreviation>BIO</Abbreviation>
<LongName>Direct For Biological Sciences</LongName>
</Directorate>
<Division>
<Abbreviation>IOS</Abbreviation>
<LongName>Division Of Integrative Organismal Systems</LongName>
</Division>
</Organization>
<ProgramOfficer>
<SignBlockName>Gerald Schoenknecht</SignBlockName>
<PO_EMAI>gschoenk@nsf.gov</PO_EMAI>
<PO_PHON>7032925076</PO_PHON>
</ProgramOfficer>
<AbstractNarration>Plants require proper hydration status regardless of environmental conditions. Despite this fundamental property of plant life, the genetic and molecular processes responsible for regulating plant water status are not fully understood. This lack of knowledge limits the ability to develop crops that can thrive with less water or are able to withstand climatic extremes. This project seeks to address this knowledge gap by combining physiological and molecular trait data with computational approaches to reveal the mechanism(s) responsible for controlling plant water status. Cotton, the world’s most important fiber crop, will be used to study how gene expression relates to quantifiable changes in key, stress-adaptive plant traits responsible for ensuring growth and productivity under drought conditions. Using these data, a computational model will be developed to simulate cotton growth in response to environmental and soil water conditions so that various combinations of plant traits can be tested in silico to predict how plants may perform under a variety of conditions. This project will provide data and tools to help identify and quantify the genetic mechanisms responsible for conferring drought adaptation. Information gained can be used by the broader community for crop improvement and managing water resources – a critical aspect as agriculture is threatened by reduced water availability. The tools and techniques will also be integrated into undergraduate research opportunities to help provide training and education for the next generation of scientists to combat crop insecurity due to existential threats posed by climate change. &lt;br/&gt;&lt;br/&gt;The genetic mechanisms that control and regulate water movement in crop plants is poorly understood, limiting the ability to enhance crop resiliency under water limited conditions. This knowledge gap exists because the methods for characterizing genotype-specific drought resistance traits are time and labor intensive and do not scale to genetically informative populations. Additionally, current methods to quantify the functional connections between genotypic variation and altered physiological performance on a temporal basis in response to fluctuating environmental conditions are severely lacking. One approach to bridge this gap is the use of biophysical process-based models (BPMs), which simulate complex systems based on fundamental physical, chemical, and biological theory. This project aims to address the lack of knowledge surrounding the genetic mechanisms controlling plant water dynamics by: 1) determining the temporal dynamics of molecular and phenotypic responses characterized by transcriptional and biophysical mechanisms in plants grown under drought conditions; 2) utilizing these data to develop a BPM capable of simulating genotype-specific parameters that capture acclimation response to water limitation; and 3) uncovering the genetic basis of drought resistance in cotton by using model-derived phenotypes that represent the physiological processes regulating water balance in cotton. In sum, our proposal seeks to close the genotype-to-phenotype gap for drought resistance to improve crop resiliency while providing a paradigm for dissecting stress-adaptive traits in crop plants.&lt;br/&gt;&lt;br/&gt;This award reflects NSF's statutory mission and has been deemed worthy of support through evaluation using the Foundation's intellectual merit and broader impacts review criteria.</AbstractNarration>
<MinAmdLetterDate>06/23/2021</MinAmdLetterDate>
<MaxAmdLetterDate>06/23/2021</MaxAmdLetterDate>
<ARRAAmount/>
<TRAN_TYPE>Grant</TRAN_TYPE>
<CFDA_NUM>47.074</CFDA_NUM>
<NSF_PAR_USE_FLAG>1</NSF_PAR_USE_FLAG>
<FUND_AGCY_CODE>4900</FUND_AGCY_CODE>
<AWDG_AGCY_CODE>4900</AWDG_AGCY_CODE>
<AwardID>2102120</AwardID>
<Investigator>
<FirstName>Joshua</FirstName>
<LastName>Udall</LastName>
<PI_MID_INIT>A</PI_MID_INIT>
<PI_SUFX_NAME/>
<PI_FULL_NAME>Joshua A Udall</PI_FULL_NAME>
<EmailAddress>joshua.udall@usda.gov</EmailAddress>
<PI_PHON>9192609311</PI_PHON>
<NSF_ID>000425814</NSF_ID>
<StartDate>06/23/2021</StartDate>
<EndDate/>
<RoleCode>Co-Principal Investigator</RoleCode>
</Investigator>
<Investigator>
<FirstName>Diane</FirstName>
<LastName>Wang</LastName>
<PI_MID_INIT>R</PI_MID_INIT>
<PI_SUFX_NAME/>
<PI_FULL_NAME>Diane R Wang</PI_FULL_NAME>
<EmailAddress>drwang@purdue.edu</EmailAddress>
<PI_PHON>9083924474</PI_PHON>
<NSF_ID>000730848</NSF_ID>
<StartDate>06/23/2021</StartDate>
<EndDate/>
<RoleCode>Co-Principal Investigator</RoleCode>
</Investigator>
<Investigator>
<FirstName>Andrew</FirstName>
<LastName>Nelson</LastName>
<PI_MID_INIT>D</PI_MID_INIT>
<PI_SUFX_NAME/>
<PI_FULL_NAME>Andrew D Nelson</PI_FULL_NAME>
<EmailAddress>an425@cornell.edu</EmailAddress>
<PI_PHON>9792200641</PI_PHON>
<NSF_ID>000741905</NSF_ID>
<StartDate>06/23/2021</StartDate>
<EndDate/>
<RoleCode>Co-Principal Investigator</RoleCode>
</Investigator>
<Investigator>
<FirstName>Duke</FirstName>
<LastName>Pauli</LastName>
<PI_MID_INIT/>
<PI_SUFX_NAME/>
<PI_FULL_NAME>Duke Pauli</PI_FULL_NAME>
<EmailAddress>dukepauli@email.arizona.edu</EmailAddress>
<PI_PHON>5206213656</PI_PHON>
<NSF_ID>000761322</NSF_ID>
<StartDate>06/23/2021</StartDate>
<EndDate/>
<RoleCode>Principal Investigator</RoleCode>
</Investigator>
<Investigator>
<FirstName>Carmela</FirstName>
<LastName>Guadagno</LastName>
<PI_MID_INIT/>
<PI_SUFX_NAME/>
<PI_FULL_NAME>Carmela Guadagno</PI_FULL_NAME>
<EmailAddress>cguadagn@uwyo.edu</EmailAddress>
<PI_PHON/>
<NSF_ID>000765375</NSF_ID>
<StartDate>06/23/2021</StartDate>
<EndDate/>
<RoleCode>Co-Principal Investigator</RoleCode>
</Investigator>
<Institution>
<Name>University of Arizona</Name>
<CityName>Tucson</CityName>
<ZipCode>857194824</ZipCode>
<PhoneNumber>5206266000</PhoneNumber>
<StreetAddress>888 N Euclid Ave</StreetAddress>
<StreetAddress2/>
<CountryName>United States</CountryName>
<StateName>Arizona</StateName>
<StateCode>AZ</StateCode>
<CONGRESSDISTRICT>03</CONGRESSDISTRICT>
<CONGRESS_DISTRICT_ORG>AZ03</CONGRESS_DISTRICT_ORG>
<ORG_DUNS_NUM>806345617</ORG_DUNS_NUM>
<ORG_LGL_BUS_NAME>UNIVERSITY OF ARIZONA</ORG_LGL_BUS_NAME>
<ORG_PRNT_DUNS_NUM>072459266</ORG_PRNT_DUNS_NUM>
</Institution>
<Performance_Institution>
<Name><![CDATA[University of Arizona]]></Name>
<CityName>Tucson</CityName>
<StateCode>AZ</StateCode>
<ZipCode>857194824</ZipCode>
<StreetAddress><![CDATA[888 N Euclid Ave]]></StreetAddress>
<CountryCode>US</CountryCode>
<CountryName>United States</CountryName>
<StateName>Arizona</StateName>
<CountryFlag>1</CountryFlag>
<CONGRESSDISTRICT>03</CONGRESSDISTRICT>
<CONGRESS_DISTRICT_PERF>AZ03</CONGRESS_DISTRICT_PERF>
</Performance_Institution>
<ProgramElement>
<Code>1329</Code>
<Text>Plant Genome Research Project</Text>
</ProgramElement>
<ProgramReference>
<Code>1228</Code>
<Text>MINORITY INVOLVEMENT -- BIO</Text>
</ProgramReference>
<ProgramReference>
<Code>1329</Code>
<Text>PLANT GENOME RESEARCH PROJECT</Text>
</ProgramReference>
<ProgramReference>
<Code>7577</Code>
<Text>PLANT GENOME RESEARCH RESOURCE</Text>
</ProgramReference>
<ProgramReference>
<Code>8038</Code>
<Text>Biotechnology</Text>
</ProgramReference>
<ProgramReference>
<Code>9109</Code>
<Text>AGRICULTURAL BIOTECHNOLOGY</Text>
</ProgramReference>
<ProgramReference>
<Code>9178</Code>
<Text>UNDERGRADUATE EDUCATION</Text>
</ProgramReference>
<ProgramReference>
<Code>9179</Code>
<Text>GRADUATE INVOLVEMENT</Text>
</ProgramReference>
<Appropriation>
<Code>0121</Code>
<Name>NSF RESEARCH &amp; RELATED ACTIVIT</Name>
<APP_SYMB_ID>040100</APP_SYMB_ID>
</Appropriation>
<FUND_OBLG>2021~639986</FUND_OBLG>
</Award>
</rootTag>
