<?xml version="1.0" encoding="UTF-8"?>
<rootTag>
<Award>
<AwardTitle>(Radio)Fluorination and Other Nucleophilic Functionalizations Enabled by Photocatalytic Radical-Polar Crossover</AwardTitle>
<AGENCY>NSF</AGENCY>
<AwardEffectiveDate>08/01/2021</AwardEffectiveDate>
<AwardExpirationDate>07/31/2024</AwardExpirationDate>
<AwardTotalIntnAmount>500000.00</AwardTotalIntnAmount>
<AwardAmount>500000</AwardAmount>
<AwardInstrument>
<Value>Standard Grant</Value>
</AwardInstrument>
<Organization>
<Code>03090000</Code>
<Directorate>
<Abbreviation>MPS</Abbreviation>
<LongName>Direct For Mathematical &amp; Physical Scien</LongName>
</Directorate>
<Division>
<Abbreviation>CHE</Abbreviation>
<LongName>Division Of Chemistry</LongName>
</Division>
</Organization>
<ProgramOfficer>
<SignBlockName>Jin Cha</SignBlockName>
<PO_EMAI>jcha@nsf.gov</PO_EMAI>
<PO_PHON>7032922461</PO_PHON>
</ProgramOfficer>
<AbstractNarration>With the support of the Chemical Synthesis (SYN) program in the Division of Chemistry, Professor Abigail Doyle of University of California, Los Angeles is developing new chemical reactions that will enable the synthesis of organofluorine compounds; namely those that contain a C-F bond.  Such bond constructions are in high demand as C-F bonds are found in next-generation medicines, agrochemicals, and biomedical imaging agents. The chemical reactions under development here use a catalyst that can harness the energy in visible light to generate a high-energy reactive intermediate, a carbocation, that is most often only accessible under harsh (thermal or strongly acidic or Lewis-acidic) conditions. Because the strategy being pursued by Professor Doyle and her students accesses this intermediate under the mild conditions associated with visible light irradiation, reactions are being developed that generate chemical structures that were previously challenging to access, starting from abundant and inexpensive reagents. The researchers will use a variety of tools to help them understand how the reactions work at the molecular level such that this knowledge can be used to discover new processes and design improved reactions. Students conducting these research activities will have the opportunity to develop a broad skill set, both scientific in nature and with respect to communication, mentorship, leadership, and also with respect to embracing and building diversity, equity, inclusion and belonging, that will help them become leaders in their independent careers. Broader impacts of this work also include the development of activities directed at recruitment and retention of students from underrepresented groups to science, technology, engineering, and mathematics (STEM). For example, the program includes the development of undergraduate teaching material to highlight scientific contributions from researchers of diverse backgrounds, experiences and perspectives and the design of workshops for entering graduate students on topics such as citation bias, conflict management, and micro-aggression.&lt;br/&gt;&lt;br/&gt;Carbocations are reactive intermediates in a broad range of synthetic transformations because they undergo reaction with abundant and stable nucleophiles like water, alcohols, halides, amines, and olefins. Nevertheless, the generation of carbocation intermediates typically requires harsh reaction conditions and requires use of pre-oxidized precursors such as alkyl halides. These limitations preclude applications in more complex settings, such as in the synthesis of bioactive compounds or radiolabelling, and access to desirable products. This program seeks to address these challenges by using a photocatalyst and light to convert abundant and stable C(sp3)–OH, –NH2 and –H precursors to radicals and then to carbocations (a so-called radical-polar crossover). A focus of these efforts will be to use fluoride to trap the carbocation intermediates in order to generate organofluorine products that are useful in the pharmaceutical and agrochemical industries. Mechanistic studies will accompany these synthetic efforts and the most efficient strategies will also be adapted for the synthesis of 18-fluorine-radiolabelled small molecules for use in positron emission tomography (PET), an important diagnostic tool for detecting disease. This research will provide a rigorous and multi-disciplinary training environment for a diverse group of graduate and undergraduate students and postdoctoral fellows.&lt;br/&gt;&lt;br/&gt;This award reflects NSF's statutory mission and has been deemed worthy of support through evaluation using the Foundation's intellectual merit and broader impacts review criteria.</AbstractNarration>
<MinAmdLetterDate>07/01/2021</MinAmdLetterDate>
<MaxAmdLetterDate>07/01/2021</MaxAmdLetterDate>
<ARRAAmount/>
<TRAN_TYPE>Grant</TRAN_TYPE>
<CFDA_NUM>47.049</CFDA_NUM>
<NSF_PAR_USE_FLAG>1</NSF_PAR_USE_FLAG>
<FUND_AGCY_CODE>4900</FUND_AGCY_CODE>
<AWDG_AGCY_CODE>4900</AWDG_AGCY_CODE>
<AwardID>2102266</AwardID>
<Investigator>
<FirstName>Abigail</FirstName>
<LastName>Doyle</LastName>
<PI_MID_INIT>G</PI_MID_INIT>
<PI_SUFX_NAME/>
<PI_FULL_NAME>Abigail G Doyle</PI_FULL_NAME>
<EmailAddress>agdoyle@post.harvard.edu</EmailAddress>
<PI_PHON>6466457304</PI_PHON>
<NSF_ID>000568009</NSF_ID>
<StartDate>07/01/2021</StartDate>
<EndDate/>
<RoleCode>Principal Investigator</RoleCode>
</Investigator>
<Institution>
<Name>University of California-Los Angeles</Name>
<CityName>LOS ANGELES</CityName>
<ZipCode>900951406</ZipCode>
<PhoneNumber>3107940102</PhoneNumber>
<StreetAddress>10889 Wilshire Boulevard</StreetAddress>
<StreetAddress2><![CDATA[Suite 700]]></StreetAddress2>
<CountryName>United States</CountryName>
<StateName>California</StateName>
<StateCode>CA</StateCode>
<CONGRESSDISTRICT>33</CONGRESSDISTRICT>
<CONGRESS_DISTRICT_ORG>CA33</CONGRESS_DISTRICT_ORG>
<ORG_DUNS_NUM>092530369</ORG_DUNS_NUM>
<ORG_LGL_BUS_NAME>UNIVERSITY OF CALIFORNIA, LOS ANGELES</ORG_LGL_BUS_NAME>
<ORG_PRNT_DUNS_NUM>071549000</ORG_PRNT_DUNS_NUM>
</Institution>
<Performance_Institution>
<Name><![CDATA[University of California Los Angeles]]></Name>
<CityName>Los Angeles</CityName>
<StateCode>CA</StateCode>
<ZipCode>900951569</ZipCode>
<StreetAddress/>
<CountryCode>US</CountryCode>
<CountryName>United States</CountryName>
<StateName>California</StateName>
<CountryFlag>1</CountryFlag>
<CONGRESSDISTRICT>33</CONGRESSDISTRICT>
<CONGRESS_DISTRICT_PERF>CA33</CONGRESS_DISTRICT_PERF>
</Performance_Institution>
<ProgramElement>
<Code>6878</Code>
<Text>Chemical Synthesis</Text>
</ProgramElement>
<ProgramReference>
<Code>8037</Code>
<Text>Advanced Manufacturing</Text>
</ProgramReference>
<Appropriation>
<Code>0121</Code>
<Name>NSF RESEARCH &amp; RELATED ACTIVIT</Name>
<APP_SYMB_ID>040100</APP_SYMB_ID>
</Appropriation>
<FUND_OBLG>2021~500000</FUND_OBLG>
</Award>
</rootTag>
