<?xml version="1.0" encoding="UTF-8"?>
<rootTag>
<Award>
<AwardTitle>Synchronization Dynamics in Chemical Systems</AwardTitle>
<AGENCY>NSF</AGENCY>
<AwardEffectiveDate>08/15/2021</AwardEffectiveDate>
<AwardExpirationDate>07/31/2024</AwardExpirationDate>
<AwardTotalIntnAmount>580000.00</AwardTotalIntnAmount>
<AwardAmount>395176</AwardAmount>
<AwardInstrument>
<Value>Continuing Grant</Value>
</AwardInstrument>
<Organization>
<Code>03090000</Code>
<Directorate>
<Abbreviation>MPS</Abbreviation>
<LongName>Direct For Mathematical &amp; Physical Scien</LongName>
</Directorate>
<Division>
<Abbreviation>CHE</Abbreviation>
<LongName>Division Of Chemistry</LongName>
</Division>
</Organization>
<ProgramOfficer>
<SignBlockName>Colby Foss</SignBlockName>
<PO_EMAI>cfoss@nsf.gov</PO_EMAI>
<PO_PHON>7032925327</PO_PHON>
</ProgramOfficer>
<AbstractNarration>With support from the Chemical Structure, Dynamics and Mechanisms-A Program (CSDM-A) of the Chemistry Division,  Kenneth Showalter and Mark Tinsley and coworkers from West Virginia University will study complex dynamical behavior in chemical systems to gain insights into new types of dynamical behavior in manufactured and living systems. Developing an understanding of such behavior in experimental studies facilitates the development of mathematical model descriptions that are relevant to the behavior of certain living organisms as well as synthetic dynamical systems such as computer networks. Research on new states of synchronization and collective behavior will provide a better understanding of dynamical behaviors pervasive in living systems. The students engaged in this research project are gaining valuable experience in experimental and computational methods for the investigation of dynamical behavior of chemical systems.&lt;br/&gt;&lt;br/&gt;Networks of coupled chemical oscillators will be investigated in laboratory experiments and computational simulations. Chemical oscillators exhibit relaxation oscillations similar to the oscillatory dynamics of many cellular systems such as neurons and heart cells. Coupled oscillators therefore offer an ideal platform for investigating biologically relevant dynamics. An example to be investigated here is relay synchronization, in which oscillators in a star network synchronize through a hub oscillator that does not synchronize. This is much like the distal communication of neurons that have seemingly unaffected neurons between them. The Showalter/Tinsley team will also investigate extreme events, in which coupled oscillators undergo a large amplitude oscillation after remaining inactive for unpredictably long time spans. Studies of relay synchronization in multiplex networks, in which complex dynamics is exhibited in layers of coupled oscillators, will be carried out. These multiplex networks are known to exhibit chimera and solitary states, where asynchronous or single oscillators exist in a population of otherwise synchronized oscillators. Recent studies of time-multiplexing show that a single oscillator can replicate to a network of identical oscillators. The team will investigate time-multiplexing to gain insight into the dynamics of populations of identical chemical oscillators, in which modes of synchronization are unaffected by heterogeneity. Finally, the research team will endeavor to develop more robust discrete photochemical oscillators by employing catalyst-loaded tetraethyl orthosilicate (TEOS) beads to significantly increase the length of experiments and decrease drift in dynamical behavior. The broader impacts of this work include potential societal benefits from an increased understanding of cellular interactions in biological systems by detailed studies of coupled chemical oscillators, systems that share important dynamical features with cellular systems. This project will provide for the training of graduate and undergraduate students in experimental and computational methods, and will engage them in the development of computer-interfaced instrumentation.&lt;br/&gt;&lt;br/&gt;This award reflects NSF's statutory mission and has been deemed worthy of support through evaluation using the Foundation's intellectual merit and broader impacts review criteria.</AbstractNarration>
<MinAmdLetterDate>08/06/2021</MinAmdLetterDate>
<MaxAmdLetterDate>08/06/2021</MaxAmdLetterDate>
<ARRAAmount/>
<TRAN_TYPE>Grant</TRAN_TYPE>
<CFDA_NUM>47.049</CFDA_NUM>
<NSF_PAR_USE_FLAG>1</NSF_PAR_USE_FLAG>
<FUND_AGCY_CODE>4900</FUND_AGCY_CODE>
<AWDG_AGCY_CODE>4900</AWDG_AGCY_CODE>
<AwardID>2102137</AwardID>
<Investigator>
<FirstName>Kenneth</FirstName>
<LastName>Showalter</LastName>
<PI_MID_INIT/>
<PI_SUFX_NAME/>
<PI_FULL_NAME>Kenneth Showalter</PI_FULL_NAME>
<EmailAddress>kshowalt@wvu.edu</EmailAddress>
<PI_PHON>3042930124</PI_PHON>
<NSF_ID>000415581</NSF_ID>
<StartDate>08/06/2021</StartDate>
<EndDate/>
<RoleCode>Principal Investigator</RoleCode>
</Investigator>
<Investigator>
<FirstName>Mark</FirstName>
<LastName>Tinsley</LastName>
<PI_MID_INIT/>
<PI_SUFX_NAME/>
<PI_FULL_NAME>Mark Tinsley</PI_FULL_NAME>
<EmailAddress>mark.tinsley@mail.wvu.edu</EmailAddress>
<PI_PHON>3042930359</PI_PHON>
<NSF_ID>000619897</NSF_ID>
<StartDate>08/06/2021</StartDate>
<EndDate/>
<RoleCode>Co-Principal Investigator</RoleCode>
</Investigator>
<Institution>
<Name>West Virginia University Research Corporation</Name>
<CityName>Morgantown</CityName>
<ZipCode>265066845</ZipCode>
<PhoneNumber>3042933998</PhoneNumber>
<StreetAddress>P.O. Box 6845</StreetAddress>
<StreetAddress2/>
<CountryName>United States</CountryName>
<StateName>West Virginia</StateName>
<StateCode>WV</StateCode>
<CONGRESSDISTRICT>01</CONGRESSDISTRICT>
<CONGRESS_DISTRICT_ORG>WV01</CONGRESS_DISTRICT_ORG>
<ORG_DUNS_NUM>191510239</ORG_DUNS_NUM>
<ORG_LGL_BUS_NAME>WEST VIRGINIA UNIVERSITY RESEARCH CORPORATION</ORG_LGL_BUS_NAME>
<ORG_PRNT_DUNS_NUM/>
</Institution>
<Performance_Institution>
<Name><![CDATA[West Virginia University]]></Name>
<CityName>Morgantown</CityName>
<StateCode>WV</StateCode>
<ZipCode>265066045</ZipCode>
<StreetAddress><![CDATA[217 Clark Hall]]></StreetAddress>
<CountryCode>US</CountryCode>
<CountryName>United States</CountryName>
<StateName>West Virginia</StateName>
<CountryFlag>1</CountryFlag>
<CONGRESSDISTRICT>01</CONGRESSDISTRICT>
<CONGRESS_DISTRICT_PERF>WV01</CONGRESS_DISTRICT_PERF>
</Performance_Institution>
<ProgramElement>
<Code>9101</Code>
<Text>Chem Struct,Dynmcs&amp;Mechansms A</Text>
</ProgramElement>
<ProgramReference>
<Code>8091</Code>
<Text>BRAIN Initiative Res Support</Text>
</ProgramReference>
<ProgramReference>
<Code>9263</Code>
<Text>COMPUTATIONAL SCIENCE &amp; ENGING</Text>
</ProgramReference>
<Appropriation>
<Code>0121</Code>
<Name>NSF RESEARCH &amp; RELATED ACTIVIT</Name>
<APP_SYMB_ID>040100</APP_SYMB_ID>
</Appropriation>
<FUND_OBLG>2021~395176</FUND_OBLG>
</Award>
</rootTag>
