<?xml version="1.0" encoding="UTF-8"?>
<rootTag>
<Award>
<AwardTitle>EAGER SitS: Soil Soundscapes from Seismic Arrays</AwardTitle>
<AGENCY>NSF</AGENCY>
<AwardEffectiveDate>08/20/2020</AwardEffectiveDate>
<AwardExpirationDate>07/31/2022</AwardExpirationDate>
<AwardTotalIntnAmount>148710.00</AwardTotalIntnAmount>
<AwardAmount>206308</AwardAmount>
<AwardInstrument>
<Value>Standard Grant</Value>
</AwardInstrument>
<Organization>
<Code>06030000</Code>
<Directorate>
<Abbreviation>GEO</Abbreviation>
<LongName>Directorate For Geosciences</LongName>
</Directorate>
<Division>
<Abbreviation>EAR</Abbreviation>
<LongName>Division Of Earth Sciences</LongName>
</Division>
</Organization>
<ProgramOfficer>
<SignBlockName>Justin Lawrence</SignBlockName>
<PO_EMAI>jlawrenc@nsf.gov</PO_EMAI>
<PO_PHON>7032922425</PO_PHON>
</ProgramOfficer>
<AbstractNarration>Soil is a vital natural resource, and understanding how and why soil particles move has both practical and theoretical importance.  This new collaboration takes a novel approach to studying soil and biotic processes from soundscapes by analyzing the seismic signals that can be readily measured by seismometers, which are usually used to monitor earthquakes. This work represents an exploratory phase in an interdisciplinary frontier to understand soil processes by bridging the fields of geology, geophysics, ecology and biology.  The investigators will build capacity through training and integration of disciplines and linking established National Science Foundation-funded networks and datasets to probe soil movement and mixing processes in the arid University of California Reserve Ecological Research site (Elliott Chaparral Reserve) and a NSF-funded Critical Zone Observatory/Long-Term Ecological Research site: a humid, tropical forest site (Puerto Rico - the Luquillo Critical Zone Observatory).  Listening to previously unheard soil soundscapes is a new horizon for interdisciplinary soil research that will facilitate scientific progress and learning opportunities for grant-supported trainees and the public.  This project will include a series of public outreach and training activities focusing on earth sounds for students and community members, including those who are visually impaired. The investigators will also develop a display for the Birch Aquarium in La Jolla, CA to compare soil soundscapes and ocean soundscapes.&lt;br/&gt;&lt;br/&gt;Over ninety-nine percent of the signals recorded by existing seismic arrays are traditionally considered 'noise' and ignored. Recent work, however, has highlighted the generation of elastic waves by processes in the atmosphere, hydrosphere, and soil. This research aims to explore and quantify the geo-, eco- and anthro-soundscapes in soils. Biological agents play an important role in landscape change as animals and plants erode, transport, and deposit rock, soil, and unconsolidated material. Despite the obvious role that biological agents play in driving surface processes, biology and geomorphology have largely worked independently of one another in the generation of quantitative geomorphic theories and models. The role that animals play in landscape evolution is either generally ignored or broadly classified because the non-uniform, non-steady nature of most biogeomorphic agents is difficult to document and thus quantify.  Stochastic, 'patchy' geomorphic disturbances like tree fall and movement of sediment by animals can exert first-order influences on landscapes and cycling of nutrients and carbon sequestration in soils, but the rates and frequencies at which these disturbances mobilize, exhume and bury sediment are challenging to constrain. Seismic observations and methods offer complementary advantages for soil studies compared to traditional detection, monitoring and characterization techniques because they provide high temporal resolution and broad spatial coverage, are passive and non-invasive, and provide the ability to collect continuous, real-time observations from multiple sources and inaccessible environments. Though the seismic monitoring sensors capable of detecting bioturbation have been used for decades throughout the world, these data have not yet been exploited for such a purpose. The broader use of seismological capabilities may provide insight into the connections between mechanistic drivers and source processes, and promote new insights into the underlying physics and relationships between Earth surface and near-surface processes.&lt;br/&gt;&lt;br/&gt;This award reflects NSF's statutory mission and has been deemed worthy of support through evaluation using the Foundation's intellectual merit and broader impacts review criteria.</AbstractNarration>
<MinAmdLetterDate>10/29/2020</MinAmdLetterDate>
<MaxAmdLetterDate>06/08/2021</MaxAmdLetterDate>
<ARRAAmount/>
<TRAN_TYPE>Grant</TRAN_TYPE>
<CFDA_NUM>47.050</CFDA_NUM>
<NSF_PAR_USE_FLAG>1</NSF_PAR_USE_FLAG>
<FUND_AGCY_CODE>4900</FUND_AGCY_CODE>
<AWDG_AGCY_CODE>4900</AWDG_AGCY_CODE>
<AwardID>2102117</AwardID>
<Investigator>
<FirstName>Jane</FirstName>
<LastName>Willenbring</LastName>
<PI_MID_INIT/>
<PI_SUFX_NAME/>
<PI_FULL_NAME>Jane Willenbring</PI_FULL_NAME>
<EmailAddress>willenbring@stanford.edu</EmailAddress>
<PI_PHON>6122706591</PI_PHON>
<NSF_ID>000546119</NSF_ID>
<StartDate>10/29/2020</StartDate>
<EndDate/>
<RoleCode>Principal Investigator</RoleCode>
</Investigator>
<Institution>
<Name>Stanford University</Name>
<CityName>Stanford</CityName>
<ZipCode>943052004</ZipCode>
<PhoneNumber>6507232300</PhoneNumber>
<StreetAddress>450 Jane Stanford Way</StreetAddress>
<StreetAddress2/>
<CountryName>United States</CountryName>
<StateName>California</StateName>
<StateCode>CA</StateCode>
<CONGRESSDISTRICT>18</CONGRESSDISTRICT>
<CONGRESS_DISTRICT_ORG>CA18</CONGRESS_DISTRICT_ORG>
<ORG_DUNS_NUM>009214214</ORG_DUNS_NUM>
<ORG_LGL_BUS_NAME>LELAND STANFORD JUNIOR UNIVERSITY, THE</ORG_LGL_BUS_NAME>
<ORG_PRNT_DUNS_NUM>009214214</ORG_PRNT_DUNS_NUM>
</Institution>
<Performance_Institution>
<Name><![CDATA[Stanford University]]></Name>
<CityName/>
<StateCode>CA</StateCode>
<ZipCode>943052004</ZipCode>
<StreetAddress/>
<CountryCode>US</CountryCode>
<CountryName>United States</CountryName>
<StateName>California</StateName>
<CountryFlag>1</CountryFlag>
<CONGRESSDISTRICT>18</CONGRESSDISTRICT>
<CONGRESS_DISTRICT_PERF>CA18</CONGRESS_DISTRICT_PERF>
</Performance_Institution>
<ProgramElement>
<Code>7222</Code>
<Text>XC-Crosscutting Activities Pro</Text>
</ProgramElement>
<ProgramElement>
<Code>7458</Code>
<Text>Geomorphology &amp; Land-use Dynam</Text>
</ProgramElement>
<ProgramReference>
<Code>019E</Code>
<Text>SENSORS AND SENSING</Text>
</ProgramReference>
<ProgramReference>
<Code>097Z</Code>
<Text>COVID-19 Impacts on Existing Activities</Text>
</ProgramReference>
<ProgramReference>
<Code>102Z</Code>
<Text>COVID-Disproportionate Impcts Inst-Indiv</Text>
</ProgramReference>
<ProgramReference>
<Code>1639</Code>
<Text>SENSORS AND SENSING SYSTEMS</Text>
</ProgramReference>
<ProgramReference>
<Code>7916</Code>
<Text>EAGER</Text>
</ProgramReference>
<ProgramReference>
<Code>8028</Code>
<Text>Sensor Technology</Text>
</ProgramReference>
<Appropriation>
<Code>0118</Code>
<Name>NSF RESEARCH &amp; RELATED ACTIVIT</Name>
<APP_SYMB_ID>040100</APP_SYMB_ID>
</Appropriation>
<Appropriation>
<Code>0121</Code>
<Name>NSF RESEARCH &amp; RELATED ACTIVIT</Name>
<APP_SYMB_ID>040100</APP_SYMB_ID>
</Appropriation>
<FUND_OBLG>2018~148710</FUND_OBLG>
<FUND_OBLG>2021~57598</FUND_OBLG>
</Award>
</rootTag>
