<?xml version="1.0" encoding="UTF-8"?>
<rootTag>
<Award>
<AwardTitle>Carbonylation Methodologies and Strategies for Building Complex Chemical Structures</AwardTitle>
<AGENCY>NSF</AGENCY>
<AwardEffectiveDate>05/01/2021</AwardEffectiveDate>
<AwardExpirationDate>04/30/2024</AwardExpirationDate>
<AwardTotalIntnAmount>500000.00</AwardTotalIntnAmount>
<AwardAmount>500000</AwardAmount>
<AwardInstrument>
<Value>Standard Grant</Value>
</AwardInstrument>
<Organization>
<Code>03090000</Code>
<Directorate>
<Abbreviation>MPS</Abbreviation>
<LongName>Direct For Mathematical &amp; Physical Scien</LongName>
</Directorate>
<Division>
<Abbreviation>CHE</Abbreviation>
<LongName>Division Of Chemistry</LongName>
</Division>
</Organization>
<ProgramOfficer>
<SignBlockName>Laura Anderson</SignBlockName>
<PO_EMAI>laanders@nsf.gov</PO_EMAI>
<PO_PHON>7032922934</PO_PHON>
</ProgramOfficer>
<AbstractNarration>With the support of the Chemical Synthesis Program in the Division of Chemistry, Professor Mingji Dai of Purdue University is developing new ways to make complex and medicinally important molecules using carbon monoxide as a one-carbon linchpin and a palladium catalyst to form new bonds. Complex natural products and natural product-like molecules are indispensable in drug discovery. However, their structural complexity necessitates the development of new catalytic synthetic methods for their synthesis. The reactions that Professor Dai and his research group are investigating are helping to address this problem by providing streamlined methods to access these important targets. The products of these studies are also being shared with collaborators to investigate their biological significance. Simultaneously, this work is being used for the education and training of a diverse group of students and scholars.&lt;br/&gt;&lt;br/&gt;Professor Dai and his research team are investigating how to generate and intercept acyl-palladium species to design new reactions that rapidly increase structural complexity. This new synthetic methodology is then being applied in synthetic sequences that target challenging natural and non-natural products with potentially desirable characteristics for medicinal studies. In one branch of the research program, transformations involving palladium-catalyzed tandem carbon-carbon bond cleavage and carbonylative lactonization are being studied to synthesize fused bicyclic lactones including complex Stemona alkaloids isolated from plants used in herbal medicine. In a related but distinct part of the project, palladium-catalyzed carbonylative macrolactonization is being explored to synthesize complex macrolides and their derivatives. In the third portion of the program, palladium-catalyzed tandem, carbonylative cyclization is being explored to synthesize natural products that feature electrophilic moieties with the potential for covalent protein modification. Professor Dai is also providing valuable training to postdoctoral researchers, graduate students, and undergraduate students and preparing these individuals for future careers in the chemical sciences.&lt;br/&gt;&lt;br/&gt;This award reflects NSF's statutory mission and has been deemed worthy of support through evaluation using the Foundation's intellectual merit and broader impacts review criteria.</AbstractNarration>
<MinAmdLetterDate>04/26/2021</MinAmdLetterDate>
<MaxAmdLetterDate>04/26/2021</MaxAmdLetterDate>
<ARRAAmount/>
<TRAN_TYPE>Grant</TRAN_TYPE>
<CFDA_NUM>47.049</CFDA_NUM>
<NSF_PAR_USE_FLAG>1</NSF_PAR_USE_FLAG>
<FUND_AGCY_CODE>4900</FUND_AGCY_CODE>
<AWDG_AGCY_CODE>4900</AWDG_AGCY_CODE>
<AwardID>2102022</AwardID>
<Investigator>
<FirstName>Mingji</FirstName>
<LastName>Dai</LastName>
<PI_MID_INIT/>
<PI_SUFX_NAME/>
<PI_FULL_NAME>Mingji Dai</PI_FULL_NAME>
<EmailAddress>mjdai@purdue.edu</EmailAddress>
<PI_PHON>7654941055</PI_PHON>
<NSF_ID>000674916</NSF_ID>
<StartDate>04/26/2021</StartDate>
<EndDate/>
<RoleCode>Principal Investigator</RoleCode>
</Investigator>
<Institution>
<Name>Purdue University</Name>
<CityName>West Lafayette</CityName>
<CountyName/>
<ZipCode>479072114</ZipCode>
<PhoneNumber>7654941055</PhoneNumber>
<StreetAddress>Young Hall</StreetAddress>
<StreetAddress2><![CDATA[155 S Grant Street]]></StreetAddress2>
<CountryName>United States</CountryName>
<StateName>Indiana</StateName>
<StateCode>IN</StateCode>
<CONGRESSDISTRICT>04</CONGRESSDISTRICT>
<CONGRESS_DISTRICT_ORG>IN04</CONGRESS_DISTRICT_ORG>
<ORG_DUNS_NUM>072051394</ORG_DUNS_NUM>
<ORG_LGL_BUS_NAME>PURDUE UNIVERSITY</ORG_LGL_BUS_NAME>
<ORG_PRNT_DUNS_NUM>072051394</ORG_PRNT_DUNS_NUM>
</Institution>
<Performance_Institution>
<Name><![CDATA[Purdue University]]></Name>
<CityName>West Lafayette</CityName>
<CountyName/>
<StateCode>IN</StateCode>
<ZipCode>479072084</ZipCode>
<StreetAddress><![CDATA[720 Clinic Drive]]></StreetAddress>
<CountryCode>US</CountryCode>
<CountryName>United States</CountryName>
<StateName>Indiana</StateName>
<CountryFlag>1</CountryFlag>
<CONGRESSDISTRICT>04</CONGRESSDISTRICT>
<CONGRESS_DISTRICT_PERF>IN04</CONGRESS_DISTRICT_PERF>
</Performance_Institution>
<ProgramElement>
<Code>6878</Code>
<Text>Chemical Synthesis</Text>
</ProgramElement>
<ProgramReference>
<Code>8037</Code>
<Text>Advanced Manufacturing</Text>
</ProgramReference>
<Appropriation>
<Code>0121</Code>
<Name>NSF RESEARCH &amp; RELATED ACTIVIT</Name>
<APP_SYMB_ID>040100</APP_SYMB_ID>
</Appropriation>
<FUND_OBLG>2021~500000</FUND_OBLG>
</Award>
</rootTag>
