<?xml version="1.0" encoding="UTF-8"?>
<rootTag>
<Award>
<AwardTitle>Cation-Controlled Catalysis with Pincer-Crown Ether Complexes</AwardTitle>
<AGENCY>NSF</AGENCY>
<AwardEffectiveDate>08/15/2021</AwardEffectiveDate>
<AwardExpirationDate>07/31/2024</AwardExpirationDate>
<AwardTotalIntnAmount>475000.00</AwardTotalIntnAmount>
<AwardAmount>475000</AwardAmount>
<AwardInstrument>
<Value>Standard Grant</Value>
</AwardInstrument>
<Organization>
<Code>03090000</Code>
<Directorate>
<Abbreviation>MPS</Abbreviation>
<LongName>Direct For Mathematical &amp; Physical Scien</LongName>
</Directorate>
<Division>
<Abbreviation>CHE</Abbreviation>
<LongName>Division Of Chemistry</LongName>
</Division>
</Organization>
<ProgramOfficer>
<SignBlockName>George Richter-Addo</SignBlockName>
<PO_EMAI>grichter@nsf.gov</PO_EMAI>
<PO_PHON>7032927528</PO_PHON>
</ProgramOfficer>
<AbstractNarration>With the support of the Chemical Catalysis Program in the Division of Chemistry,  Alexander Miller of the University of North Carolina-Chapel Hill will study the ability of simple ions to control the outcomes of catalytic organic transformations. Well-defined catalysts will be prepared and tested for their ability to alter their structure and function upon addition of ions.  In addition, the project will provide a platform for training a diverse group of students in chemical synthesis, thermodynamic and kinetic mechanistic analysis, and catalyst development. Such cation-controlled catalysis will likely provide access to specific alkene isomers that are valuable in the fragrance, pharmaceutical, and commodity chemical industries, but are currently difficult to obtain.  The project will impact the broader chemistry community through a web-based resource, namely the “Safety Net”, that assembles standard operating procedures from chemistry research laboratories for broad dissemination to improve the culture of safety. &lt;br/&gt;&lt;br/&gt;In this research, Dr. Alexander Miller and his research team at the University of North Carolina-Chapel Hill will study how cation–macrocycle interactions can be harnessed to control the selectivity of catalytic transformations involving alkenes. Macrocycle-containing “pincer-crown ether” ligands will provide versatile platforms, when appended to catalytically active metal centers, for understanding how non-covalent interactions influence catalyst structure and reactivity. A particular focus will be on the development of strategies to control catalyst selectivity based on either substrate–catalyst or ion–catalyst interactions. The approach to these studies is to pair catalysis studies with detailed thermodynamic and kinetic mechanistic examinations to elucidate the design principles of ion-controlled catalysis. These adaptable “responsive catalysts” will allow for the exploration of new concepts in non-covalently controlled catalysis. The research will provide foundational knowledge for improved catalyst design and development.&lt;br/&gt;&lt;br/&gt;This award reflects NSF's statutory mission and has been deemed worthy of support through evaluation using the Foundation's intellectual merit and broader impacts review criteria.</AbstractNarration>
<MinAmdLetterDate>08/05/2021</MinAmdLetterDate>
<MaxAmdLetterDate>08/05/2021</MaxAmdLetterDate>
<ARRAAmount/>
<TRAN_TYPE>Grant</TRAN_TYPE>
<CFDA_NUM>47.049</CFDA_NUM>
<NSF_PAR_USE_FLAG>1</NSF_PAR_USE_FLAG>
<FUND_AGCY_CODE>4900</FUND_AGCY_CODE>
<AWDG_AGCY_CODE>4900</AWDG_AGCY_CODE>
<AwardID>2102244</AwardID>
<Investigator>
<FirstName>Alexander</FirstName>
<LastName>Miller</LastName>
<PI_MID_INIT>J</PI_MID_INIT>
<PI_SUFX_NAME/>
<PI_FULL_NAME>Alexander J Miller</PI_FULL_NAME>
<EmailAddress>ajmm@email.unc.edu</EmailAddress>
<PI_PHON>9199624618</PI_PHON>
<NSF_ID>000563638</NSF_ID>
<StartDate>08/05/2021</StartDate>
<EndDate/>
<RoleCode>Principal Investigator</RoleCode>
</Investigator>
<Institution>
<Name>University of North Carolina at Chapel Hill</Name>
<CityName>CHAPEL HILL</CityName>
<ZipCode>275991350</ZipCode>
<PhoneNumber>9199663411</PhoneNumber>
<StreetAddress>104 AIRPORT DR STE 2200</StreetAddress>
<StreetAddress2/>
<CountryName>United States</CountryName>
<StateName>North Carolina</StateName>
<StateCode>NC</StateCode>
<CONGRESSDISTRICT>04</CONGRESSDISTRICT>
<CONGRESS_DISTRICT_ORG>NC04</CONGRESS_DISTRICT_ORG>
<ORG_DUNS_NUM>608195277</ORG_DUNS_NUM>
<ORG_LGL_BUS_NAME>UNIVERSITY OF NORTH CAROLINA AT CHAPEL HILL</ORG_LGL_BUS_NAME>
<ORG_PRNT_DUNS_NUM>142363428</ORG_PRNT_DUNS_NUM>
</Institution>
<Performance_Institution>
<Name><![CDATA[The University of North Carolina at Chapel Hill]]></Name>
<CityName>CB# 1350</CityName>
<StateCode>NC</StateCode>
<ZipCode>275991350</ZipCode>
<StreetAddress><![CDATA[104 Airport Drive Ste. 2200]]></StreetAddress>
<CountryCode>US</CountryCode>
<CountryName>United States</CountryName>
<StateName>North Carolina</StateName>
<CountryFlag>1</CountryFlag>
<CONGRESSDISTRICT>04</CONGRESSDISTRICT>
<CONGRESS_DISTRICT_PERF>NC04</CONGRESS_DISTRICT_PERF>
</Performance_Institution>
<ProgramElement>
<Code>6884</Code>
<Text>Chemical Catalysis</Text>
</ProgramElement>
<ProgramReference>
<Code>8037</Code>
<Text>Advanced Manufacturing</Text>
</ProgramReference>
<ProgramReference>
<Code>8396</Code>
<Text>Clean Energy Technology</Text>
</ProgramReference>
<ProgramReference>
<Code>8398</Code>
<Text>Hydrocarbon Conversion</Text>
</ProgramReference>
<Appropriation>
<Code>0121</Code>
<Name>NSF RESEARCH &amp; RELATED ACTIVIT</Name>
<APP_SYMB_ID>040100</APP_SYMB_ID>
</Appropriation>
<FUND_OBLG>2021~475000</FUND_OBLG>
</Award>
</rootTag>
