<?xml version="1.0" encoding="UTF-8"?>
<rootTag>
<Award>
<AwardTitle>SHF:Small:A Language-based Approach to Faster and Safer Serverless Computing</AwardTitle>
<AGENCY>NSF</AGENCY>
<AwardEffectiveDate>09/01/2020</AwardEffectiveDate>
<AwardExpirationDate>05/31/2023</AwardExpirationDate>
<AwardTotalIntnAmount>441149.00</AwardTotalIntnAmount>
<AwardAmount>457149</AwardAmount>
<AwardInstrument>
<Value>Standard Grant</Value>
</AwardInstrument>
<Organization>
<Code>05010000</Code>
<Directorate>
<Abbreviation>CSE</Abbreviation>
<LongName>Direct For Computer &amp; Info Scie &amp; Enginr</LongName>
</Directorate>
<Division>
<Abbreviation>CCF</Abbreviation>
<LongName>Division of Computing and Communication Foundations</LongName>
</Division>
</Organization>
<ProgramOfficer>
<SignBlockName>Anindya Banerjee</SignBlockName>
<PO_EMAI>abanerje@nsf.gov</PO_EMAI>
<PO_PHON>7032927885</PO_PHON>
</ProgramOfficer>
<AbstractNarration>Cloud computing, which allows a customer to rent virtual servers from cloud providers, is the infrastructure that powers a wide variety of Internet applications used by consumers, businesses, and the government. Unfortunately, traditional cloud computing requires significant system-management expertise to ensure that applications are reliable, secure, and cost-effective. In contrast, "serverless computing" is a new approach to cloud computing that automates a significant portion of system management, and has seen explosive growth over the last few years. Despite being a promising advance, serverless computing introduces new problems, and is more limited in scope than traditional cloud computing. This research project develops tools and techniques to make serverless computing more cost-effective, more reliable, and more broadly applicable. &lt;br/&gt;&lt;br/&gt;The intellectual merits of the project are the development of (1) the mathematical foundations of serverless computing, (2) analysis tools to help programmers find and eliminate software bugs in serverless software, (3) new abstractions that enable a broader class of software to use serverless computing, and (4) new runtime systems that make serverless computing faster and cheaper. The project's broader significance and importance are that (1) it helps programmers make their serverless applications more reliable and secure, (2) it benefits cloud-computing providers by making serverless computing cheaper and faster, and (3) it encourages further research in this new area by enabling the publishing of research results and the release of open-source software. The project also involves high-school outreach workshops to broaden participation in computing.&lt;br/&gt;&lt;br/&gt;This award reflects NSF's statutory mission and has been deemed worthy of support through evaluation using the Foundation's intellectual merit and broader impacts review criteria.</AbstractNarration>
<MinAmdLetterDate>11/04/2020</MinAmdLetterDate>
<MaxAmdLetterDate>05/06/2021</MaxAmdLetterDate>
<ARRAAmount/>
<TRAN_TYPE>Grant</TRAN_TYPE>
<CFDA_NUM>47.070</CFDA_NUM>
<NSF_PAR_USE_FLAG>1</NSF_PAR_USE_FLAG>
<FUND_AGCY_CODE>4900</FUND_AGCY_CODE>
<AWDG_AGCY_CODE>4900</AWDG_AGCY_CODE>
<AwardID>2102288</AwardID>
<Investigator>
<FirstName>Arjun</FirstName>
<LastName>Guha</LastName>
<PI_MID_INIT/>
<PI_SUFX_NAME/>
<PI_FULL_NAME>Arjun Guha</PI_FULL_NAME>
<EmailAddress>a.guha@northeastern.edu</EmailAddress>
<PI_PHON>6173732000</PI_PHON>
<NSF_ID>000633150</NSF_ID>
<StartDate>11/04/2020</StartDate>
<EndDate/>
<RoleCode>Principal Investigator</RoleCode>
</Investigator>
<Institution>
<Name>Northeastern University</Name>
<CityName>BOSTON</CityName>
<CountyName/>
<ZipCode>021155005</ZipCode>
<PhoneNumber>6173733004</PhoneNumber>
<StreetAddress>360 HUNTINGTON AVE</StreetAddress>
<StreetAddress2><![CDATA[177-500]]></StreetAddress2>
<CountryName>United States</CountryName>
<StateName>Massachusetts</StateName>
<StateCode>MA</StateCode>
<CONGRESSDISTRICT>07</CONGRESSDISTRICT>
<CONGRESS_DISTRICT_ORG>MA07</CONGRESS_DISTRICT_ORG>
<ORG_DUNS_NUM>001423631</ORG_DUNS_NUM>
<ORG_LGL_BUS_NAME>NORTHEASTERN UNIVERSITY</ORG_LGL_BUS_NAME>
<ORG_PRNT_DUNS_NUM>001423631</ORG_PRNT_DUNS_NUM>
</Institution>
<Performance_Institution>
<Name><![CDATA[Northeastern University]]></Name>
<CityName>Boston</CityName>
<CountyName/>
<StateCode>MA</StateCode>
<ZipCode>021155005</ZipCode>
<StreetAddress><![CDATA[360 Huntington Ave]]></StreetAddress>
<CountryCode>US</CountryCode>
<CountryName>United States</CountryName>
<StateName>Massachusetts</StateName>
<CountryFlag>1</CountryFlag>
<CONGRESSDISTRICT>07</CONGRESSDISTRICT>
<CONGRESS_DISTRICT_PERF>MA07</CONGRESS_DISTRICT_PERF>
</Performance_Institution>
<ProgramElement>
<Code>7798</Code>
<Text>Software &amp; Hardware Foundation</Text>
</ProgramElement>
<ProgramReference>
<Code>7923</Code>
<Text>SMALL PROJECT</Text>
</ProgramReference>
<ProgramReference>
<Code>7943</Code>
<Text>PROGRAMMING LANGUAGES</Text>
</ProgramReference>
<ProgramReference>
<Code>9251</Code>
<Text>REU SUPP-Res Exp for Ugrd Supp</Text>
</ProgramReference>
<Appropriation>
<Code>0120</Code>
<Name>NSF RESEARCH &amp; RELATED ACTIVIT</Name>
<APP_SYMB_ID>040100</APP_SYMB_ID>
</Appropriation>
<Appropriation>
<Code>0121</Code>
<Name>NSF RESEARCH &amp; RELATED ACTIVIT</Name>
<APP_SYMB_ID>040100</APP_SYMB_ID>
</Appropriation>
<FUND_OBLG>2020~441149</FUND_OBLG>
<FUND_OBLG>2021~16000</FUND_OBLG>
</Award>
</rootTag>
