<?xml version="1.0" encoding="UTF-8"?>
<rootTag>
<Award>
<AwardTitle>Crystals on the Move</AwardTitle>
<AGENCY>NSF</AGENCY>
<AwardEffectiveDate>05/01/2021</AwardEffectiveDate>
<AwardExpirationDate>04/30/2024</AwardExpirationDate>
<AwardTotalIntnAmount>535000.00</AwardTotalIntnAmount>
<AwardAmount>535000</AwardAmount>
<AwardInstrument>
<Value>Standard Grant</Value>
</AwardInstrument>
<Organization>
<Code>03090000</Code>
<Directorate>
<Abbreviation>MPS</Abbreviation>
<LongName>Direct For Mathematical &amp; Physical Scien</LongName>
</Directorate>
<Division>
<Abbreviation>CHE</Abbreviation>
<LongName>Division Of Chemistry</LongName>
</Division>
</Organization>
<ProgramOfficer>
<SignBlockName>Richard Johnson</SignBlockName>
<PO_EMAI>ricjohns@nsf.gov</PO_EMAI>
<PO_PHON>7032928840</PO_PHON>
</ProgramOfficer>
<AbstractNarration>In this project, funded by the Chemical Structure, Dynamics &amp; Mechanisms B Program of the Chemistry Division, Professor Anna D. Gudmundsdottir of the Department of Chemistry at the University of Cincinnati is analyzing how crystals respond to external stimuli such as light and mechanical force. These studies focus on producing motility or movement in crystalline materials using momentum generated by releasing a gas.  The mechanism is analogous to the operation of a gasoline engine. The response of crystals to external stimuli can be quite dramatic, as such crystals that can propel themselves over distances much larger than their own size, twist, coil, crawl, bend, fracture, or even shatter. Because dynamic crystals respond rapidly to external stimuli such as light, heat, and mechanical force, they have potential for use in various smart materials applications, such as sensors and actuators in industrial processes and devices. The interdisciplinary nature of this research project provides broad educational training for students. Through this research, students will learn to solve demanding technical problems facing society. Emphasis will be placed on building an inclusive and diverse research team to work in the Gudmundsdottir laboratory, including high school and college undergraduate students from groups underrepresented in science. Students will also be presented with educational activities geared towards their professional training.&lt;br/&gt; &lt;br/&gt;The Gudmundsdottir research team will study the photodynamic and mechanical behavior of crystalline divinyl azide and ester azide derivatives.  Upon light exposure, these substances  dissociate to form molecular N2 gas and photoproducts. The physical properties of these crystals will be determined by acquiring their single crystal X-ray structures, indexing the crystals, and measuring their hardness. In addition, the solid-state photoreactivity of these compounds will be determined by performing laser flash photolysis of nanocrystals to characterize the transients formed within the crystals.  Further studies will determine the solid-state kinetics of these transients and identify their photo-products. Collectively, these data will be analyzed with an eye toward elucidating the detailed solid-state reaction mechanisms and toward explaining how the crystal lattice controls both the molecular reactivity and the macromolecular photodynamic behavior of divinyl azide and ester azide derivatives. These studies of photo-mechanical response and molecular solid-state photo-reaction mechanisms will be supported by quantum mechanical modeling.&lt;br/&gt;&lt;br/&gt;This award reflects NSF's statutory mission and has been deemed worthy of support through evaluation using the Foundation's intellectual merit and broader impacts review criteria.</AbstractNarration>
<MinAmdLetterDate>04/08/2021</MinAmdLetterDate>
<MaxAmdLetterDate>05/21/2021</MaxAmdLetterDate>
<ARRAAmount/>
<TRAN_TYPE>Grant</TRAN_TYPE>
<CFDA_NUM>47.049</CFDA_NUM>
<NSF_PAR_USE_FLAG>1</NSF_PAR_USE_FLAG>
<FUND_AGCY_CODE>4900</FUND_AGCY_CODE>
<AWDG_AGCY_CODE>4900</AWDG_AGCY_CODE>
<AwardID>2102248</AwardID>
<Investigator>
<FirstName>Anna</FirstName>
<LastName>Gudmundsdottir</LastName>
<PI_MID_INIT>D</PI_MID_INIT>
<PI_SUFX_NAME/>
<PI_FULL_NAME>Anna D Gudmundsdottir</PI_FULL_NAME>
<EmailAddress>anna.gudmundsdottir@uc.edu</EmailAddress>
<PI_PHON>5135563380</PI_PHON>
<NSF_ID>000319618</NSF_ID>
<StartDate>04/08/2021</StartDate>
<EndDate/>
<RoleCode>Principal Investigator</RoleCode>
</Investigator>
<Institution>
<Name>University of Cincinnati Main Campus</Name>
<CityName>Cincinnati</CityName>
<ZipCode>452210222</ZipCode>
<PhoneNumber>5135564358</PhoneNumber>
<StreetAddress>University Hall, Suite 530</StreetAddress>
<StreetAddress2><![CDATA[51 Goodman Dr.]]></StreetAddress2>
<CountryName>United States</CountryName>
<StateName>Ohio</StateName>
<StateCode>OH</StateCode>
<CONGRESSDISTRICT>01</CONGRESSDISTRICT>
<CONGRESS_DISTRICT_ORG>OH01</CONGRESS_DISTRICT_ORG>
<ORG_DUNS_NUM>041064767</ORG_DUNS_NUM>
<ORG_LGL_BUS_NAME>UNIVERSITY OF CINCINNATI</ORG_LGL_BUS_NAME>
<ORG_PRNT_DUNS_NUM>041064767</ORG_PRNT_DUNS_NUM>
</Institution>
<Performance_Institution>
<Name><![CDATA[University of Cincinnati Main Campus]]></Name>
<CityName/>
<StateCode>OH</StateCode>
<ZipCode>452210172</ZipCode>
<StreetAddress/>
<CountryCode>US</CountryCode>
<CountryName>United States</CountryName>
<StateName>Ohio</StateName>
<CountryFlag>1</CountryFlag>
<CONGRESSDISTRICT>01</CONGRESSDISTRICT>
<CONGRESS_DISTRICT_PERF>OH01</CONGRESS_DISTRICT_PERF>
</Performance_Institution>
<ProgramElement>
<Code>9102</Code>
<Text>Chem Struct,Dynmcs&amp;Mechansms B</Text>
</ProgramElement>
<ProgramReference>
<Code>7234</Code>
<Text>SENSORS NON-SOLICITATION RESEA</Text>
</ProgramReference>
<ProgramReference>
<Code>8037</Code>
<Text>Advanced Manufacturing</Text>
</ProgramReference>
<ProgramReference>
<Code>8990</Code>
<Text>Optics and Photonics</Text>
</ProgramReference>
<ProgramReference>
<Code>9263</Code>
<Text>COMPUTATIONAL SCIENCE &amp; ENGING</Text>
</ProgramReference>
<Appropriation>
<Code>0121</Code>
<Name>NSF RESEARCH &amp; RELATED ACTIVIT</Name>
<APP_SYMB_ID>040100</APP_SYMB_ID>
</Appropriation>
<FUND_OBLG>2021~535000</FUND_OBLG>
</Award>
</rootTag>
