<?xml version="1.0" encoding="UTF-8"?>
<rootTag>
<Award>
<AwardTitle>CAS: Pincer Ligand Base Metal Chromophores for Selective Free Radical Reactions</AwardTitle>
<AGENCY>NSF</AGENCY>
<AwardEffectiveDate>07/01/2021</AwardEffectiveDate>
<AwardExpirationDate>06/30/2024</AwardExpirationDate>
<AwardTotalIntnAmount>465000.00</AwardTotalIntnAmount>
<AwardAmount>465000</AwardAmount>
<AwardInstrument>
<Value>Standard Grant</Value>
</AwardInstrument>
<Organization>
<Code>03090000</Code>
<Directorate>
<Abbreviation>MPS</Abbreviation>
<LongName>Direct For Mathematical &amp; Physical Scien</LongName>
</Directorate>
<Division>
<Abbreviation>CHE</Abbreviation>
<LongName>Division Of Chemistry</LongName>
</Division>
</Organization>
<ProgramOfficer>
<SignBlockName>Tingyu Li</SignBlockName>
<PO_EMAI>tli@nsf.gov</PO_EMAI>
<PO_PHON>7032924949</PO_PHON>
</ProgramOfficer>
<AbstractNarration>In this project, funded by the Chemical Structure, Dynamics &amp; Mechanism B Program of the Chemistry Division,  Jake Soper of the School of Chemistry and Biochemistry at the Georgia Institute of Technology is developing new transition metal catalysts capable of using visible light to convert aryl carbon–hydrogen bonds into carbon–(trifluoro)alkyl bonds, which are important components of many agrochemicals and pharmaceuticals. The goals of this research are to design new earth-abundant metal complexes that can replace photocatalysts based on precious metals and to elaborate new ways to selectively target individual carbon–hydrogen bonds for radical activation and functionalization. By replacing rare and toxic metal catalysts and stoichiometric, often halogen-containing, oxidants with naturally abundant alternatives, the project forms the basis for new "green" routes to pharmaceutical and materials that protect human health and the environment. In pursuit of these goals, the project also affords opportunities for high school STEM educator development, as well as outreach activities that increase public engagement and science literacy among groups that are traditionally underrepresented in chemistry.&lt;br/&gt;&lt;br/&gt;Efforts to elaborate photoredox-active chromophores based on first row transition metals are challenged by short charge-transfer excited-state lifetimes that preclude bimetallic reactivity. Research in this project proposes to circumvent this issue by combining the chromophore and organometallic reaction center in single coordination complex, opening new avenues to impart selectivity in photoredox catalysis cycles that occur via kinetically facile radical steps. Central to this strategy is the capacity of new pincer complexes to support photolytic cobalt bond activation leading to extrusion of carbon based radicals, which are active for alkylation, fluoroalkylation, and arylation of (hetero)arenes. Substrate directing groups are proposed to shepherd these radicals to specific aryl carbon hydrogen bonds, giving atypical regioselectivity in photochemical Minisci-type homolytic aromatic substitution.&lt;br/&gt;&lt;br/&gt;This award reflects NSF's statutory mission and has been deemed worthy of support through evaluation using the Foundation's intellectual merit and broader impacts review criteria.</AbstractNarration>
<MinAmdLetterDate>04/16/2021</MinAmdLetterDate>
<MaxAmdLetterDate>04/16/2021</MaxAmdLetterDate>
<ARRAAmount/>
<TRAN_TYPE>Grant</TRAN_TYPE>
<CFDA_NUM>47.049</CFDA_NUM>
<NSF_PAR_USE_FLAG>1</NSF_PAR_USE_FLAG>
<FUND_AGCY_CODE>4900</FUND_AGCY_CODE>
<AWDG_AGCY_CODE>4900</AWDG_AGCY_CODE>
<AwardID>2102292</AwardID>
<Investigator>
<FirstName>Jake</FirstName>
<LastName>Soper</LastName>
<PI_MID_INIT>D</PI_MID_INIT>
<PI_SUFX_NAME/>
<PI_FULL_NAME>Jake D Soper</PI_FULL_NAME>
<EmailAddress>jake.soper@chemistry.gatech.edu</EmailAddress>
<PI_PHON>4048944022</PI_PHON>
<NSF_ID>000068640</NSF_ID>
<StartDate>04/16/2021</StartDate>
<EndDate/>
<RoleCode>Principal Investigator</RoleCode>
</Investigator>
<Institution>
<Name>Georgia Tech Research Corporation</Name>
<CityName>Atlanta</CityName>
<CountyName/>
<ZipCode>303320420</ZipCode>
<PhoneNumber>4048944819</PhoneNumber>
<StreetAddress>Office of Sponsored Programs</StreetAddress>
<StreetAddress2/>
<CountryName>United States</CountryName>
<StateName>Georgia</StateName>
<StateCode>GA</StateCode>
<CONGRESSDISTRICT>05</CONGRESSDISTRICT>
<CONGRESS_DISTRICT_ORG>GA05</CONGRESS_DISTRICT_ORG>
<ORG_DUNS_NUM>097394084</ORG_DUNS_NUM>
<ORG_LGL_BUS_NAME>GEORGIA TECH RESEARCH CORPORATION</ORG_LGL_BUS_NAME>
<ORG_PRNT_DUNS_NUM>097394084</ORG_PRNT_DUNS_NUM>
</Institution>
<Performance_Institution>
<Name><![CDATA[Georgia Institute of Technology]]></Name>
<CityName>Atlanta</CityName>
<CountyName/>
<StateCode>GA</StateCode>
<ZipCode>303320002</ZipCode>
<StreetAddress><![CDATA[225 North Avenue]]></StreetAddress>
<CountryCode>US</CountryCode>
<CountryName>United States</CountryName>
<StateName>Georgia</StateName>
<CountryFlag>1</CountryFlag>
<CONGRESSDISTRICT>05</CONGRESSDISTRICT>
<CONGRESS_DISTRICT_PERF>GA05</CONGRESS_DISTRICT_PERF>
</Performance_Institution>
<ProgramElement>
<Code>9102</Code>
<Text>Chem Struct,Dynmcs&amp;Mechansms B</Text>
</ProgramElement>
<ProgramReference>
<Code>090Z</Code>
<Text>CAS-Critical Aspects of Sustainability</Text>
</ProgramReference>
<ProgramReference>
<Code>8037</Code>
<Text>Advanced Manufacturing</Text>
</ProgramReference>
<Appropriation>
<Code>0121</Code>
<Name>NSF RESEARCH &amp; RELATED ACTIVIT</Name>
<APP_SYMB_ID>040100</APP_SYMB_ID>
</Appropriation>
<FUND_OBLG>2021~465000</FUND_OBLG>
</Award>
</rootTag>
