<?xml version="1.0" encoding="UTF-8"?>
<rootTag>
<Award>
<AwardTitle>Nanoelectrochemistry with Carbon Nanoprobes</AwardTitle>
<AGENCY>NSF</AGENCY>
<AwardEffectiveDate>07/01/2021</AwardEffectiveDate>
<AwardExpirationDate>06/30/2024</AwardExpirationDate>
<AwardTotalIntnAmount>495000.00</AwardTotalIntnAmount>
<AwardAmount>495000</AwardAmount>
<AwardInstrument>
<Value>Standard Grant</Value>
</AwardInstrument>
<Organization>
<Code>03090000</Code>
<Directorate>
<Abbreviation>MPS</Abbreviation>
<LongName>Direct For Mathematical &amp; Physical Scien</LongName>
</Directorate>
<Division>
<Abbreviation>CHE</Abbreviation>
<LongName>Division Of Chemistry</LongName>
</Division>
</Organization>
<ProgramOfficer>
<SignBlockName>Anne-Marie Schmoltner</SignBlockName>
<PO_EMAI>aschmolt@nsf.gov</PO_EMAI>
<PO_PHON>7032924716</PO_PHON>
</ProgramOfficer>
<AbstractNarration>Professor Michael Mirkin of CUNY, Queens College, is supported by the Chemical Structure Dynamics and Mechanism (CSDM-A) program of the Division of Chemistry to visualize and quantitatively measure electrochemical surface reactivity with a high spatial resolution, detect and analyze single biological and artificial vesicles.  The unifying theme of this project is the development of new methodology for mechanistic studies of electrochemical reactions based on unique capabilities of carbon nano-electrodes.  They are employed for quantitative nanoscale studies of several important chemical and biological systems.  The broader impacts of this work include potential societal benefits from an improved understanding of electrochemical processes on the nanoscale that can facilitate the progress in sensors, energy storage, and other technological and biomedical systems.  The students involved in this project are getting multidisciplinary research training in interfacial electrochemistry, bioanalytical chemistry, and nanoscience.&lt;br/&gt;&lt;br/&gt;Carbon nanoelectrodes will be chemically modified and used as scanning electrochemical microscopy (SECM) tips to investigate electrocatalytic processes, such as hydrogen evolution and hydrogen peroxide production via two-electron oxygen reduction reaction that cannot be measured at bare metal nano-electrodes.  Another way to probe local heterogeneous reactivity is by measuring electron tunneling current between the carbon nano-electrode and a nanometer-sized electroactive object, such as a two-dimensional catalytic nanoflake.  Carbon nanocavities are to be employed for mechanistic studies of processes involving single vesicles by recently introduced electrochemical resistive-pulse technique.  The goal is to identify a specific nano-object as the source of an electrochemical signal and then analyze its contents.&lt;br/&gt;&lt;br/&gt;This award reflects NSF's statutory mission and has been deemed worthy of support through evaluation using the Foundation's intellectual merit and broader impacts review criteria.</AbstractNarration>
<MinAmdLetterDate>05/04/2021</MinAmdLetterDate>
<MaxAmdLetterDate>05/04/2021</MaxAmdLetterDate>
<ARRAAmount/>
<TRAN_TYPE>Grant</TRAN_TYPE>
<CFDA_NUM>47.049</CFDA_NUM>
<NSF_PAR_USE_FLAG>1</NSF_PAR_USE_FLAG>
<FUND_AGCY_CODE>4900</FUND_AGCY_CODE>
<AWDG_AGCY_CODE>4900</AWDG_AGCY_CODE>
<AwardID>2102298</AwardID>
<Investigator>
<FirstName>Michael</FirstName>
<LastName>Mirkin</LastName>
<PI_MID_INIT/>
<PI_SUFX_NAME/>
<PI_FULL_NAME>Michael Mirkin</PI_FULL_NAME>
<EmailAddress>michael_mirkin@qc.edu</EmailAddress>
<PI_PHON>7189974111</PI_PHON>
<NSF_ID>000097744</NSF_ID>
<StartDate>05/04/2021</StartDate>
<EndDate/>
<RoleCode>Principal Investigator</RoleCode>
</Investigator>
<Institution>
<Name>CUNY Queens College</Name>
<CityName>Flushing</CityName>
<CountyName/>
<ZipCode>113671575</ZipCode>
<PhoneNumber>7189975400</PhoneNumber>
<StreetAddress>65 30 Kissena Blvd</StreetAddress>
<StreetAddress2/>
<CountryName>United States</CountryName>
<StateName>New York</StateName>
<StateCode>NY</StateCode>
<CONGRESSDISTRICT>06</CONGRESSDISTRICT>
<CONGRESS_DISTRICT_ORG>NY06</CONGRESS_DISTRICT_ORG>
<ORG_DUNS_NUM>619346146</ORG_DUNS_NUM>
<ORG_LGL_BUS_NAME>RESEARCH FOUNDATION OF THE CITY UNIVERSITY OF NEW YORK</ORG_LGL_BUS_NAME>
<ORG_PRNT_DUNS_NUM>073268849</ORG_PRNT_DUNS_NUM>
</Institution>
<Performance_Institution>
<Name><![CDATA[CUNY Queens College]]></Name>
<CityName/>
<CountyName/>
<StateCode>NY</StateCode>
<ZipCode>113671575</ZipCode>
<StreetAddress/>
<CountryCode>US</CountryCode>
<CountryName>United States</CountryName>
<StateName>New York</StateName>
<CountryFlag>1</CountryFlag>
<CONGRESSDISTRICT>06</CONGRESSDISTRICT>
<CONGRESS_DISTRICT_PERF>NY06</CONGRESS_DISTRICT_PERF>
</Performance_Institution>
<ProgramElement>
<Code>9101</Code>
<Text>Chem Struct,Dynmcs&amp;Mechansms A</Text>
</ProgramElement>
<ProgramReference>
<Code>7237</Code>
<Text>NANO NON-SOLIC SCI &amp; ENG AWD</Text>
</ProgramReference>
<Appropriation>
<Code>0121</Code>
<Name>NSF RESEARCH &amp; RELATED ACTIVIT</Name>
<APP_SYMB_ID>040100</APP_SYMB_ID>
</Appropriation>
<FUND_OBLG>2021~495000</FUND_OBLG>
</Award>
</rootTag>
