<?xml version="1.0" encoding="UTF-8"?>
<rootTag>
<Award>
<AwardTitle>CAS: Electrocatalytic Oxygen Atom Transfer</AwardTitle>
<AGENCY>NSF</AGENCY>
<AwardEffectiveDate>08/01/2021</AwardEffectiveDate>
<AwardExpirationDate>07/31/2024</AwardExpirationDate>
<AwardTotalIntnAmount>600000.00</AwardTotalIntnAmount>
<AwardAmount>600000</AwardAmount>
<AwardInstrument>
<Value>Standard Grant</Value>
</AwardInstrument>
<Organization>
<Code>03090000</Code>
<Directorate>
<Abbreviation>MPS</Abbreviation>
<LongName>Direct For Mathematical &amp; Physical Scien</LongName>
</Directorate>
<Division>
<Abbreviation>CHE</Abbreviation>
<LongName>Division Of Chemistry</LongName>
</Division>
</Organization>
<ProgramOfficer>
<SignBlockName>Tingyu Li</SignBlockName>
<PO_EMAI>tli@nsf.gov</PO_EMAI>
<PO_PHON>7032924949</PO_PHON>
</ProgramOfficer>
<AbstractNarration>With this collaborative project, funded by the Chemical Structure, Dynamics &amp; Mechanism B Program of the Chemistry Division, Ksenija Glusac, Neal Mankad and Jordi Cabana from the Department of Chemistry at the University of Illinois at Chicago (UIC) will investigate new molecular/electrode hybrid electrocatalysts that can perform chemical reactions relevant to energy conversion (e.g. fuel cells) and chemical industry applications (e.g. electrosynthesis of epoxides).  The collaboration is synergistic, with each member of the team bringing distinct expertise to the team, ranging from  electrochemistry to inorganic catalysis to X-ray spectroscopy. The multidisciplinary nature of the proposed research will enable the training of graduate students beyond the traditional disciplinary boundaries. Team members aim to leverage the uniquely diverse student body at UIC to enhance the participation of underrepresented groups in STEM research.&lt;br/&gt;&lt;br/&gt;Porous graphitic structures functionalized with heteroatoms are excellent carbon-based electrodes for energy storage applications. However, the chemical tunability of catalytic sites in these materials is limited due to extreme pyrolytic temperatures needed for carbon graphitization. Here, the research team will investigate the functionalization of carbon electrodes with chemically tunable molecular catalysts for electrocatalytic oxygen atom transfer (e-OAT). The planned activities involve: (i) expansion of the chemical toolbox for functionalization of carbon edge and basal planes using covalent linkers and pi-interactions; (ii) electrochemical performance of molecule/carbon hybrids toward e-OAT; (iii) detailed mechanistic studies of reaction intermediates using UV/Vis, mid-IR and X-ray spectro-electrochemical methods. The research is a collaborative effort among the three principal investigators at UIC with synergic expertise in electrocatalysis, transition metal catalysis and chemical characterization of materials, as well as an external collaborator, Dr. John Keith, University of Pittsburgh, who provides expertise in computational electrochemistry. The lessons learned from his research study could enable future catalyst design, for example, by guiding the incorporation of well-defined catalytic sites via post-pyrolysis modification of the nanocarbon edge and basal plane sites in such systems.&lt;br/&gt;&lt;br/&gt;This award reflects NSF's statutory mission and has been deemed worthy of support through evaluation using the Foundation's intellectual merit and broader impacts review criteria.</AbstractNarration>
<MinAmdLetterDate>04/26/2021</MinAmdLetterDate>
<MaxAmdLetterDate>04/26/2021</MaxAmdLetterDate>
<ARRAAmount/>
<TRAN_TYPE>Grant</TRAN_TYPE>
<CFDA_NUM>47.049</CFDA_NUM>
<NSF_PAR_USE_FLAG>1</NSF_PAR_USE_FLAG>
<FUND_AGCY_CODE>4900</FUND_AGCY_CODE>
<AWDG_AGCY_CODE>4900</AWDG_AGCY_CODE>
<AwardID>2102247</AwardID>
<Investigator>
<FirstName>Ksenija</FirstName>
<LastName>Glusac</LastName>
<PI_MID_INIT>D</PI_MID_INIT>
<PI_SUFX_NAME/>
<PI_FULL_NAME>Ksenija D Glusac</PI_FULL_NAME>
<EmailAddress>glusac@uic.edu</EmailAddress>
<PI_PHON>3124138867</PI_PHON>
<NSF_ID>000497691</NSF_ID>
<StartDate>04/26/2021</StartDate>
<EndDate/>
<RoleCode>Principal Investigator</RoleCode>
</Investigator>
<Investigator>
<FirstName>Neal</FirstName>
<LastName>Mankad</LastName>
<PI_MID_INIT>P</PI_MID_INIT>
<PI_SUFX_NAME/>
<PI_FULL_NAME>Neal P Mankad</PI_FULL_NAME>
<EmailAddress>npm@uic.edu</EmailAddress>
<PI_PHON>3123554990</PI_PHON>
<NSF_ID>000652019</NSF_ID>
<StartDate>04/26/2021</StartDate>
<EndDate/>
<RoleCode>Co-Principal Investigator</RoleCode>
</Investigator>
<Investigator>
<FirstName>Jordi</FirstName>
<LastName>Cabana</LastName>
<PI_MID_INIT/>
<PI_SUFX_NAME/>
<PI_FULL_NAME>Jordi Cabana</PI_FULL_NAME>
<EmailAddress>jcabana@uic.edu</EmailAddress>
<PI_PHON>3129962862</PI_PHON>
<NSF_ID>000675089</NSF_ID>
<StartDate>04/26/2021</StartDate>
<EndDate/>
<RoleCode>Co-Principal Investigator</RoleCode>
</Investigator>
<Institution>
<Name>University of Illinois at Chicago</Name>
<CityName>Chicago</CityName>
<CountyName/>
<ZipCode>606124305</ZipCode>
<PhoneNumber>3129962862</PhoneNumber>
<StreetAddress>809 S. Marshfield Avenue</StreetAddress>
<StreetAddress2><![CDATA[MB 502, M/C 551]]></StreetAddress2>
<CountryName>United States</CountryName>
<StateName>Illinois</StateName>
<StateCode>IL</StateCode>
<CONGRESSDISTRICT>07</CONGRESSDISTRICT>
<CONGRESS_DISTRICT_ORG>IL07</CONGRESS_DISTRICT_ORG>
<ORG_DUNS_NUM>098987217</ORG_DUNS_NUM>
<ORG_LGL_BUS_NAME>UNIVERSITY OF ILLINOIS</ORG_LGL_BUS_NAME>
<ORG_PRNT_DUNS_NUM>041544081</ORG_PRNT_DUNS_NUM>
</Institution>
<Performance_Institution>
<Name><![CDATA[University of Illinois at Chicago]]></Name>
<CityName>Chicago</CityName>
<CountyName/>
<StateCode>IL</StateCode>
<ZipCode>606077061</ZipCode>
<StreetAddress><![CDATA[845 W Taylor Street]]></StreetAddress>
<CountryCode>US</CountryCode>
<CountryName>United States</CountryName>
<StateName>Illinois</StateName>
<CountryFlag>1</CountryFlag>
<CONGRESSDISTRICT>07</CONGRESSDISTRICT>
<CONGRESS_DISTRICT_PERF>IL07</CONGRESS_DISTRICT_PERF>
</Performance_Institution>
<ProgramElement>
<Code>9102</Code>
<Text>Chem Struct,Dynmcs&amp;Mechansms B</Text>
</ProgramElement>
<ProgramReference>
<Code>090Z</Code>
<Text>CAS-Critical Aspects of Sustainability</Text>
</ProgramReference>
<ProgramReference>
<Code>8396</Code>
<Text>Clean Energy Technology</Text>
</ProgramReference>
<ProgramReference>
<Code>8399</Code>
<Text>Energy Storage or Transmission</Text>
</ProgramReference>
<Appropriation>
<Code>0121</Code>
<Name>NSF RESEARCH &amp; RELATED ACTIVIT</Name>
<APP_SYMB_ID>040100</APP_SYMB_ID>
</Appropriation>
<FUND_OBLG>2021~600000</FUND_OBLG>
</Award>
</rootTag>
