<?xml version="1.0" encoding="UTF-8"?>
<rootTag>
<Award>
<AwardTitle>CAS-MNP: Dimetallic CO Homocoupling and Functionalization</AwardTitle>
<AGENCY>NSF</AGENCY>
<AwardEffectiveDate>08/15/2021</AwardEffectiveDate>
<AwardExpirationDate>07/31/2024</AwardExpirationDate>
<AwardTotalIntnAmount>475000.00</AwardTotalIntnAmount>
<AwardAmount>150000</AwardAmount>
<AwardInstrument>
<Value>Continuing Grant</Value>
</AwardInstrument>
<Organization>
<Code>03090000</Code>
<Directorate>
<Abbreviation>MPS</Abbreviation>
<LongName>Direct For Mathematical &amp; Physical Scien</LongName>
</Directorate>
<Division>
<Abbreviation>CHE</Abbreviation>
<LongName>Division Of Chemistry</LongName>
</Division>
</Organization>
<ProgramOfficer>
<SignBlockName>John Gilje</SignBlockName>
<PO_EMAI>jwgilje@nsf.gov</PO_EMAI>
<PO_PHON>7032928840</PO_PHON>
</ProgramOfficer>
<AbstractNarration>With funding from the Chemical Synthesis Program in the Chemistry Division, Leslie Murray of the Department of Chemistry at the University of Florida  will investigate how iron compounds are able to facilitate the formation of new carbon-carbon bonds between carbon monoxide molecules. Carbon monoxide is a feedstock used by chemical industry to prepare many important products. The motivation for this study is to understand the details of a process (called the Fischer-Tropsch (FT) synthesis) that converts carbon monoxide into lubrication oils and fuels. While the FT synthesis has been known for nearly 100 years, some important details of how it functions are still unclear. In particular, the details of how two carbon monoxide molecules link together in the presence of iron atoms has not yet been established. This project will prepare a series of compounds that contain several iron atoms and that are capable of coupling carbon monoxide molecules. The detail of how this coupling occurs will be determined using both chemical and physical studies. In addition to the scientific objective, this project includes training of graduate and undergraduate students and outreach to K-12 students, including those from underrepresented minority groups. To validate the outreach activities, evaluation methods will be developed to determine the best practices associated with a K-6 outreach program.  &lt;br/&gt;&lt;br/&gt;The goal of this project is to investigate the mechanistic details for the conversion of CO and dihydrogen to hydrocarbons by the FT process. Such mechanistic studies can both provide fundamental information on the FT process and point to new chemical pathways toward CO-derived C1 and C2 ligands. The project targets the C–C bond forming step in FT synthesis, which is not well understood, and centers on the deoxygenative and non-deoxygenative homocoupling of CO using a diiron siloxycarbyne compound. Specifically, CO bond scission and C–C bond formation steps will be evaluated. Starting with Fe2(COSiR3)(CO)L and related compounds the intermediates that form during C-O cleavage will be determined, their reactivity studied, and the mechanism of the subsequent generation of Fe2(CCO)L determined. In addition, the effect of functionalization of CO derived species will be evaluated. Once again using Fe2(COSiR3)(CO), the routes for functionalizing CO to generate C–X bonds will be targeted. In particular, the transfer the CCO fragment from Fe2(CCO)L to organic substrates, coupling of CO with the siloxycarbyne ligand in Fe2(COSiMe3)(CO)L, and the ability of diiron siloxycarbyne and diiron ketenylidene species to transfer the COSiMe3 and C2O ligands to exogenous substrates will be explored.&lt;br/&gt;&lt;br/&gt;This award reflects NSF's statutory mission and has been deemed worthy of support through evaluation using the Foundation's intellectual merit and broader impacts review criteria.</AbstractNarration>
<MinAmdLetterDate>08/04/2021</MinAmdLetterDate>
<MaxAmdLetterDate>08/04/2021</MaxAmdLetterDate>
<ARRAAmount/>
<TRAN_TYPE>Grant</TRAN_TYPE>
<CFDA_NUM>47.049</CFDA_NUM>
<NSF_PAR_USE_FLAG>1</NSF_PAR_USE_FLAG>
<FUND_AGCY_CODE>4900</FUND_AGCY_CODE>
<AWDG_AGCY_CODE>4900</AWDG_AGCY_CODE>
<AwardID>2102098</AwardID>
<Investigator>
<FirstName>Leslie</FirstName>
<LastName>Murray</LastName>
<PI_MID_INIT>J</PI_MID_INIT>
<PI_SUFX_NAME/>
<PI_FULL_NAME>Leslie J Murray</PI_FULL_NAME>
<EmailAddress>murray@chem.ufl.edu</EmailAddress>
<PI_PHON>3523920564</PI_PHON>
<NSF_ID>000567899</NSF_ID>
<StartDate>08/04/2021</StartDate>
<EndDate/>
<RoleCode>Principal Investigator</RoleCode>
</Investigator>
<Institution>
<Name>University of Florida</Name>
<CityName>GAINESVILLE</CityName>
<ZipCode>326112002</ZipCode>
<PhoneNumber>3523923516</PhoneNumber>
<StreetAddress>1 UNIVERSITY OF FLORIDA</StreetAddress>
<StreetAddress2/>
<CountryName>United States</CountryName>
<StateName>Florida</StateName>
<StateCode>FL</StateCode>
<CONGRESSDISTRICT>03</CONGRESSDISTRICT>
<CONGRESS_DISTRICT_ORG>FL03</CONGRESS_DISTRICT_ORG>
<ORG_DUNS_NUM>969663814</ORG_DUNS_NUM>
<ORG_LGL_BUS_NAME>UNIVERSITY OF FLORIDA</ORG_LGL_BUS_NAME>
<ORG_PRNT_DUNS_NUM>159621697</ORG_PRNT_DUNS_NUM>
</Institution>
<Performance_Institution>
<Name><![CDATA[University of Florida]]></Name>
<CityName>Gainesville</CityName>
<StateCode>FL</StateCode>
<ZipCode>326112022</ZipCode>
<StreetAddress><![CDATA[125 Buckman Dr]]></StreetAddress>
<CountryCode>US</CountryCode>
<CountryName>United States</CountryName>
<StateName>Florida</StateName>
<CountryFlag>1</CountryFlag>
<CONGRESSDISTRICT>03</CONGRESSDISTRICT>
<CONGRESS_DISTRICT_PERF>FL03</CONGRESS_DISTRICT_PERF>
</Performance_Institution>
<ProgramElement>
<Code>6878</Code>
<Text>Chemical Synthesis</Text>
</ProgramElement>
<ProgramReference>
<Code>090Z</Code>
<Text>CAS-Critical Aspects of Sustainability</Text>
</ProgramReference>
<ProgramReference>
<Code>8037</Code>
<Text>Advanced Manufacturing</Text>
</ProgramReference>
<ProgramReference>
<Code>9251</Code>
<Text>REU SUPP-Res Exp for Ugrd Supp</Text>
</ProgramReference>
<Appropriation>
<Code>0121</Code>
<Name>NSF RESEARCH &amp; RELATED ACTIVIT</Name>
<APP_SYMB_ID>040100</APP_SYMB_ID>
</Appropriation>
<FUND_OBLG>2021~150000</FUND_OBLG>
</Award>
</rootTag>
