<?xml version="1.0" encoding="UTF-8"?>
<rootTag>
<Award>
<AwardTitle>CAS: Achieving Long Lived Charge Separated States in Donor-Bridge-Acceptor Dyads Based on 3d Alkynyls – a Synthetic Approach</AwardTitle>
<AGENCY>NSF</AGENCY>
<AwardEffectiveDate>08/01/2021</AwardEffectiveDate>
<AwardExpirationDate>07/31/2024</AwardExpirationDate>
<AwardTotalIntnAmount>538000.00</AwardTotalIntnAmount>
<AwardAmount>538000</AwardAmount>
<AwardInstrument>
<Value>Standard Grant</Value>
</AwardInstrument>
<Organization>
<Code>03090000</Code>
<Directorate>
<Abbreviation>MPS</Abbreviation>
<LongName>Direct For Mathematical &amp; Physical Scien</LongName>
</Directorate>
<Division>
<Abbreviation>CHE</Abbreviation>
<LongName>Division Of Chemistry</LongName>
</Division>
</Organization>
<ProgramOfficer>
<SignBlockName>John Gilje</SignBlockName>
<PO_EMAI>jwgilje@nsf.gov</PO_EMAI>
<PO_PHON>7032928840</PO_PHON>
</ProgramOfficer>
<AbstractNarration>With funding from the Chemical Synthesis program in the Division of Chemistry, Professor Tong Ren at Purdue University will prepare conjugated metal complexes of interesting photo-activity based on earth abundant metals. Chemists and material scientists have made great stride in molecular photovoltaics using so called dye-sensitized solar cells. The key molecules for the initial capture of solar energy are all based on rare precious metals such as Ru and Ir. Hence, it is highly desirable to develop molecules of similar capturing capability but based on earth abundant metals such as Cr, Fe and Co. However, most of compounds based on earth abundant metals lose the captured solar energy (so called excited state) before converting it into electricity.  Professor Ren and his coworkers will extend the lifetime of excited states by using a new family of macrocycles to support Fe and Co containing molecules, and hence improve the conversion efficiency of solar energy to electricity. Professor Ren will work with a group of graduate and undergraduate students from diverse backgrounds. Through Purdue Science Express, he and his students will strive to improve the high school STEM education in the rural areas in Indiana through sharing laboratory equipment sets and designing new laboratory curriculum.&lt;br/&gt;&lt;br/&gt;The chemistry of metal alkynyls is a vibrant and evolving field, on which important technological advances including photovoltaics, photo-catalysis and molecular electronic devices have been achieved. This project will seek to develop unsymmetric bis-alkynyl complexes with long lived charge separated excited states based on the combination of earth abundant 3d metals and unsaturated [14]-tetraene-N4 macrocycles. The initial effort will be directed at the identification/preparation of suitable M([14]-tetraene-N4) starting materials, where M is Co(III) or Fe(III) and L is one of the three [14]-tetraene-N4 macrocycles, HMTI, TIM and TMTI. The ensuing effort will be focused on both the development of high yield preparation of the D-B-A dyads, and the understanding of donor/acceptor properties through voltammetry, steady state emission spectroscopy and ground state DFT calculations. The later phase of the project will be focused on the dynamics of the excited states. Through collaborations, significant aspects include the temporal and spatial evolution of the MLCT states in [M(II)( [14]-tetraene-N4)] complexes will be studied using fs M-edge XANES technique and companion high level CASSCF/CASPT2 analysis; and the dynamics of photo-induced electron transfer with the D-B-A dyad using both pump-probe and time-resolved IR techniques.&lt;br/&gt;&lt;br/&gt;This award reflects NSF's statutory mission and has been deemed worthy of support through evaluation using the Foundation's intellectual merit and broader impacts review criteria.</AbstractNarration>
<MinAmdLetterDate>05/05/2021</MinAmdLetterDate>
<MaxAmdLetterDate>05/05/2021</MaxAmdLetterDate>
<ARRAAmount/>
<TRAN_TYPE>Grant</TRAN_TYPE>
<CFDA_NUM>47.049</CFDA_NUM>
<NSF_PAR_USE_FLAG>1</NSF_PAR_USE_FLAG>
<FUND_AGCY_CODE>4900</FUND_AGCY_CODE>
<AWDG_AGCY_CODE>4900</AWDG_AGCY_CODE>
<AwardID>2102049</AwardID>
<Investigator>
<FirstName>Tong</FirstName>
<LastName>Ren</LastName>
<PI_MID_INIT/>
<PI_SUFX_NAME/>
<PI_FULL_NAME>Tong Ren</PI_FULL_NAME>
<EmailAddress>tren@purdue.edu</EmailAddress>
<PI_PHON>7654945466</PI_PHON>
<NSF_ID>000377046</NSF_ID>
<StartDate>05/05/2021</StartDate>
<EndDate/>
<RoleCode>Principal Investigator</RoleCode>
</Investigator>
<Institution>
<Name>Purdue University</Name>
<CityName>West Lafayette</CityName>
<CountyName/>
<ZipCode>479072114</ZipCode>
<PhoneNumber>7654941055</PhoneNumber>
<StreetAddress>Young Hall</StreetAddress>
<StreetAddress2><![CDATA[155 S Grant Street]]></StreetAddress2>
<CountryName>United States</CountryName>
<StateName>Indiana</StateName>
<StateCode>IN</StateCode>
<CONGRESSDISTRICT>04</CONGRESSDISTRICT>
<CONGRESS_DISTRICT_ORG>IN04</CONGRESS_DISTRICT_ORG>
<ORG_DUNS_NUM>072051394</ORG_DUNS_NUM>
<ORG_LGL_BUS_NAME>PURDUE UNIVERSITY</ORG_LGL_BUS_NAME>
<ORG_PRNT_DUNS_NUM>072051394</ORG_PRNT_DUNS_NUM>
</Institution>
<Performance_Institution>
<Name><![CDATA[Purdue University]]></Name>
<CityName>West Lafayette</CityName>
<CountyName/>
<StateCode>IN</StateCode>
<ZipCode>479072084</ZipCode>
<StreetAddress><![CDATA[560 Oval Drive]]></StreetAddress>
<CountryCode>US</CountryCode>
<CountryName>United States</CountryName>
<StateName>Indiana</StateName>
<CountryFlag>1</CountryFlag>
<CONGRESSDISTRICT>04</CONGRESSDISTRICT>
<CONGRESS_DISTRICT_PERF>IN04</CONGRESS_DISTRICT_PERF>
</Performance_Institution>
<ProgramElement>
<Code>6878</Code>
<Text>Chemical Synthesis</Text>
</ProgramElement>
<ProgramReference>
<Code>090Z</Code>
<Text>CAS-Critical Aspects of Sustainability</Text>
</ProgramReference>
<ProgramReference>
<Code>8037</Code>
<Text>Advanced Manufacturing</Text>
</ProgramReference>
<ProgramReference>
<Code>8396</Code>
<Text>Clean Energy Technology</Text>
</ProgramReference>
<ProgramReference>
<Code>8607</Code>
<Text>Solar Energy Capture&amp;Conver</Text>
</ProgramReference>
<Appropriation>
<Code>0121</Code>
<Name>NSF RESEARCH &amp; RELATED ACTIVIT</Name>
<APP_SYMB_ID>040100</APP_SYMB_ID>
</Appropriation>
<FUND_OBLG>2021~538000</FUND_OBLG>
</Award>
</rootTag>
