<?xml version="1.0" encoding="UTF-8"?>
<rootTag>
<Award>
<AwardTitle>NRI: FND: Customizable Haptic Co-Robots For Training Emergency Surgical Procedures</AwardTitle>
<AGENCY>NSF</AGENCY>
<AwardEffectiveDate>10/01/2020</AwardEffectiveDate>
<AwardExpirationDate>11/30/2023</AwardExpirationDate>
<AwardTotalIntnAmount>749876.00</AwardTotalIntnAmount>
<AwardAmount>765152</AwardAmount>
<AwardInstrument>
<Value>Standard Grant</Value>
</AwardInstrument>
<Organization>
<Code>07030000</Code>
<Directorate>
<Abbreviation>ENG</Abbreviation>
<LongName>Directorate For Engineering</LongName>
</Directorate>
<Division>
<Abbreviation>CMMI</Abbreviation>
<LongName>Div Of Civil, Mechanical, &amp; Manufact Inn</LongName>
</Division>
</Organization>
<ProgramOfficer>
<SignBlockName>Robert Scheidt</SignBlockName>
<PO_EMAI>rscheidt@nsf.gov</PO_EMAI>
<PO_PHON>7032922477</PO_PHON>
</ProgramOfficer>
<AbstractNarration>This National Robotics Initiative (NRI 2.0) project will develop a collaborative robot (co-robot) system that will enhance the ability of expert physicians to coach trainees to achieve expert-like performance in complex emergency medical procedures. The system will consist of wearable sensors, tactile actuators, and a robotic device that promotes two-way physical collaboration between the mentor and trainee. The project's three aims are: (1) to develop methods to transform trainee kinematic and kinetic information into meaningful feedback to the expert mentor; (2) to optimize haptic guidance cues about proper tool manipulation technique from the expert to the novice trainee; and (3) to assess the effectiveness of the collaborative training system through human-user studies. The project will promote the progress of science and advance the national health by accelerating the development and use of collaborative robotic systems in healthcare settings, The tele-mentoring aspect of this project may also enhance the national defense by developing systems that can train life-saving skills in remote environments where expert surgeons may not be available. The project also supports education and broadens participation in engineering through support for elective courses promoting biomedical innovation and healthcare technology development and through workshops focused on medical simulation and education.&lt;br/&gt;&lt;br/&gt;The goal of this project is to develop a customizable haptic co-robot that enables a remote expert surgeon to coach a remote trainee to achieve expert-like performance in complex emergency medical tasks that depend critically on the sense of touch. The project has three aims.  The first develops hardware and software methods to transform real-time trainee kinematic and kinetic performance data into intuitive haptic cues for the mentor. The second develops analogous haptic cues for the trainee based on guidance from the expert about proper tool use kinematics and kinetics.  The third uses human-user studies to assess the collaborative training robot ability to enhance the learning and retention of three intraoperative surgical skills (needle insertion, chest tube placement, and suturing). If successful, this project will lay the groundwork for more effective and ubiquitous co-robotic training of complex manual skills.&lt;br/&gt;&lt;br/&gt;This award reflects NSF's statutory mission and has been deemed worthy of support through evaluation using the Foundation's intellectual merit and broader impacts review criteria.</AbstractNarration>
<MinAmdLetterDate>01/28/2021</MinAmdLetterDate>
<MaxAmdLetterDate>05/26/2021</MaxAmdLetterDate>
<ARRAAmount/>
<TRAN_TYPE>Grant</TRAN_TYPE>
<CFDA_NUM>47.041</CFDA_NUM>
<NSF_PAR_USE_FLAG>1</NSF_PAR_USE_FLAG>
<FUND_AGCY_CODE>4900</FUND_AGCY_CODE>
<AWDG_AGCY_CODE>4900</AWDG_AGCY_CODE>
<AwardID>2102250</AwardID>
<Investigator>
<FirstName>Ann</FirstName>
<LastName>Majewicz Fey</LastName>
<PI_MID_INIT/>
<PI_SUFX_NAME/>
<PI_FULL_NAME>Ann Majewicz Fey</PI_FULL_NAME>
<EmailAddress>Ann.MajewiczFey@utexas.edu</EmailAddress>
<PI_PHON>6515871397</PI_PHON>
<NSF_ID>000678765</NSF_ID>
<StartDate>01/28/2021</StartDate>
<EndDate/>
<RoleCode>Principal Investigator</RoleCode>
</Investigator>
<Institution>
<Name>University of Texas at Austin</Name>
<CityName>Austin</CityName>
<ZipCode>787595316</ZipCode>
<PhoneNumber>5124716424</PhoneNumber>
<StreetAddress>3925 W Braker Lane, Ste 3.340</StreetAddress>
<StreetAddress2/>
<CountryName>United States</CountryName>
<StateName>Texas</StateName>
<StateCode>TX</StateCode>
<CONGRESSDISTRICT>10</CONGRESSDISTRICT>
<CONGRESS_DISTRICT_ORG>TX10</CONGRESS_DISTRICT_ORG>
<ORG_DUNS_NUM>170230239</ORG_DUNS_NUM>
<ORG_LGL_BUS_NAME>UNIVERSITY OF TEXAS AT AUSTIN</ORG_LGL_BUS_NAME>
<ORG_PRNT_DUNS_NUM>042000273</ORG_PRNT_DUNS_NUM>
</Institution>
<Performance_Institution>
<Name><![CDATA[University of Texas at Austin]]></Name>
<CityName>austin</CityName>
<StateCode>TX</StateCode>
<ZipCode>787593016</ZipCode>
<StreetAddress><![CDATA[Braker Street]]></StreetAddress>
<CountryCode>US</CountryCode>
<CountryName>United States</CountryName>
<StateName>Texas</StateName>
<CountryFlag>1</CountryFlag>
<CONGRESSDISTRICT>17</CONGRESSDISTRICT>
<CONGRESS_DISTRICT_PERF>TX17</CONGRESS_DISTRICT_PERF>
</Performance_Institution>
<ProgramElement>
<Code>8013</Code>
<Text>NRI-National Robotics Initiati</Text>
</ProgramElement>
<ProgramReference>
<Code>116E</Code>
<Text>RESEARCH EXP FOR UNDERGRADS</Text>
</ProgramReference>
<ProgramReference>
<Code>7632</Code>
<Text>HUMAN-ROBOT INTERACTION</Text>
</ProgramReference>
<ProgramReference>
<Code>8086</Code>
<Text>Natl Robotics Initiative (NRI)</Text>
</ProgramReference>
<ProgramReference>
<Code>9102</Code>
<Text>WOMEN, MINORITY, DISABLED, NEC</Text>
</ProgramReference>
<ProgramReference>
<Code>9178</Code>
<Text>UNDERGRADUATE EDUCATION</Text>
</ProgramReference>
<ProgramReference>
<Code>9231</Code>
<Text>SUPPL FOR UNDERGRAD RES ASSIST</Text>
</ProgramReference>
<ProgramReference>
<Code>9251</Code>
<Text>REU SUPP-Res Exp for Ugrd Supp</Text>
</ProgramReference>
<Appropriation>
<Code>0120</Code>
<Name>NSF RESEARCH &amp; RELATED ACTIVIT</Name>
<APP_SYMB_ID>040100</APP_SYMB_ID>
</Appropriation>
<Appropriation>
<Code>0121</Code>
<Name>NSF RESEARCH &amp; RELATED ACTIVIT</Name>
<APP_SYMB_ID>040100</APP_SYMB_ID>
</Appropriation>
<FUND_OBLG>2020~749876</FUND_OBLG>
<FUND_OBLG>2021~15276</FUND_OBLG>
</Award>
</rootTag>
