<?xml version="1.0" encoding="UTF-8"?>
<rootTag>
<Award>
<AwardTitle>Collaborative Research: CAS: Carbene-Containing Ligands on Cu and Cu3N Nanocubes: Access to Stable and Selective Electrolysis for CO2 Reduction</AwardTitle>
<AGENCY>NSF</AGENCY>
<AwardEffectiveDate>06/01/2021</AwardEffectiveDate>
<AwardExpirationDate>05/31/2024</AwardExpirationDate>
<AwardTotalIntnAmount>442454.00</AwardTotalIntnAmount>
<AwardAmount>442454</AwardAmount>
<AwardInstrument>
<Value>Standard Grant</Value>
</AwardInstrument>
<Organization>
<Code>03090000</Code>
<Directorate>
<Abbreviation>MPS</Abbreviation>
<LongName>Direct For Mathematical &amp; Physical Scien</LongName>
</Directorate>
<Division>
<Abbreviation>CHE</Abbreviation>
<LongName>Division Of Chemistry</LongName>
</Division>
</Organization>
<ProgramOfficer>
<SignBlockName>Kenneth Moloy</SignBlockName>
<PO_EMAI>kmoloy@nsf.gov</PO_EMAI>
<PO_PHON>7032928441</PO_PHON>
</ProgramOfficer>
<AbstractNarration>With the support of the Chemical Catalysis program in the Division of Chemistry, Professors He and Ung at the University of Connecticut and Professor Sun at Brown University are designing new hybrid materials for selective electrochemical activation of carbon dioxide (CO2). The team will utilize synthetic polymers to coat and protect copper-based catalysts, allowing the resulting hybrid materials to be more robust and efficient for CO2 electroreduction to yield value-added hydrocarbon products. The use of renewable electricity to convert CO2 to useful chemical products is likely to be an important component of sustainability. This collaborative project will involve undergraduate, graduate, and postgraduate researchers from two universities, and will utilize each groups’ expertise in polymer, nanomaterial, organometallic, surface science, and electrochemistry. The results obtained from this project will be disseminated to science and engineering students through joint meetings, courses, undergraduate research activities, and outreach activities. The PIs are collaborating with local high schools and outreach programs in the southern New England region to attract students into studies and potential career paths in STEM (science, technology, engineering and mathematics) fields.&lt;br/&gt;&lt;br/&gt;With the support of the Chemical Catalysis program in the Division of Chemistry, Professors He and Ung at the University of Connecticut and Professor Sun at Brown University are studying new Cu-based nanocubes functionalized with synthetic polymer ligands toward stable and selective electroreduction of CO2. The central hypothesis of this proposal is twofold: i) the incorporation of Cu-based nanocubes with rationally designed synthetic polymers to prevent interparticle coalescence and surface corrosion during electroreduction, and ii) hydrophobic polymer ligands to control the microenvironment of nanocubes and improve the selectivity of nanocubes. Polymer ligands terminated with N-heterocyclic carbenes (NHCs) will be anchored on Cu, copper nitride (Cu3N) and core-shell Cu/Cu3N nanocubes through stable NHC-Cu bonds. Those nanocubes have maximum (100) surface exposure to efficiently promote C-C coupling and form C2+ hydrocarbon products. Polymer NHC ligands will balance the localized proton concentration nearby the surface of nanocubes through control over polymer chain lengths and hydrophobicity to achieve maximum catalytic proton-assisted CO2 reduction to C-C coupling products and minimize proton reduction reaction. The Cu-NHC bond stability and the structural integrity of polymer-grafted Cu and Cu3N nanocubes will be probed using in situ spectroscopies and microscopies. The polymer chain length dependent diffusion properties will be quantitatively measured and correlated to the catalytic performance of Cu and Cu3N nanocubes. The successful demonstration of the active and efficient polymer NHC-Cu nanocubes for CO2 electroreduction also allows tackling more broadly the long-term stability issues of all other cathodic nanocatalysts to improve the sustainability of electroreduction.&lt;br/&gt;&lt;br/&gt;This award reflects NSF's statutory mission and has been deemed worthy of support through evaluation using the Foundation's intellectual merit and broader impacts review criteria.</AbstractNarration>
<MinAmdLetterDate>05/21/2021</MinAmdLetterDate>
<MaxAmdLetterDate>05/21/2021</MaxAmdLetterDate>
<ARRAAmount/>
<TRAN_TYPE>Grant</TRAN_TYPE>
<CFDA_NUM>47.049</CFDA_NUM>
<NSF_PAR_USE_FLAG>1</NSF_PAR_USE_FLAG>
<FUND_AGCY_CODE>4900</FUND_AGCY_CODE>
<AWDG_AGCY_CODE>4900</AWDG_AGCY_CODE>
<AwardID>2102245</AwardID>
<Investigator>
<FirstName>Jie</FirstName>
<LastName>He</LastName>
<PI_MID_INIT/>
<PI_SUFX_NAME/>
<PI_FULL_NAME>Jie He</PI_FULL_NAME>
<EmailAddress>jie.he@uconn.edu</EmailAddress>
<PI_PHON>8604862744</PI_PHON>
<NSF_ID>000704773</NSF_ID>
<StartDate>05/21/2021</StartDate>
<EndDate/>
<RoleCode>Principal Investigator</RoleCode>
</Investigator>
<Investigator>
<FirstName>Gael</FirstName>
<LastName>Ung</LastName>
<PI_MID_INIT/>
<PI_SUFX_NAME/>
<PI_FULL_NAME>Gael Ung</PI_FULL_NAME>
<EmailAddress>gael.ung@uconn.edu</EmailAddress>
<PI_PHON>8604866720</PI_PHON>
<NSF_ID>000756611</NSF_ID>
<StartDate>05/21/2021</StartDate>
<EndDate/>
<RoleCode>Co-Principal Investigator</RoleCode>
</Investigator>
<Institution>
<Name>University of Connecticut</Name>
<CityName>Storrs</CityName>
<ZipCode>062691133</ZipCode>
<PhoneNumber>8604863622</PhoneNumber>
<StreetAddress>438 Whitney Road Ext.</StreetAddress>
<StreetAddress2><![CDATA[Unit 1133]]></StreetAddress2>
<CountryName>United States</CountryName>
<StateName>Connecticut</StateName>
<StateCode>CT</StateCode>
<CONGRESSDISTRICT>02</CONGRESSDISTRICT>
<CONGRESS_DISTRICT_ORG>CT02</CONGRESS_DISTRICT_ORG>
<ORG_DUNS_NUM>614209054</ORG_DUNS_NUM>
<ORG_LGL_BUS_NAME>UNIVERSITY OF CONNECTICUT</ORG_LGL_BUS_NAME>
<ORG_PRNT_DUNS_NUM>004534830</ORG_PRNT_DUNS_NUM>
</Institution>
<Performance_Institution>
<Name><![CDATA[University of Connecticut]]></Name>
<CityName>Storrs</CityName>
<StateCode>CT</StateCode>
<ZipCode>062693060</ZipCode>
<StreetAddress><![CDATA[55 North Eagleville Road]]></StreetAddress>
<CountryCode>US</CountryCode>
<CountryName>United States</CountryName>
<StateName>Connecticut</StateName>
<CountryFlag>1</CountryFlag>
<CONGRESSDISTRICT>02</CONGRESSDISTRICT>
<CONGRESS_DISTRICT_PERF>CT02</CONGRESS_DISTRICT_PERF>
</Performance_Institution>
<ProgramElement>
<Code>6884</Code>
<Text>Chemical Catalysis</Text>
</ProgramElement>
<ProgramReference>
<Code>090Z</Code>
<Text>CAS-Critical Aspects of Sustainability</Text>
</ProgramReference>
<ProgramReference>
<Code>7237</Code>
<Text>NANO NON-SOLIC SCI &amp; ENG AWD</Text>
</ProgramReference>
<ProgramReference>
<Code>8037</Code>
<Text>Advanced Manufacturing</Text>
</ProgramReference>
<ProgramReference>
<Code>8396</Code>
<Text>Clean Energy Technology</Text>
</ProgramReference>
<ProgramReference>
<Code>8398</Code>
<Text>Hydrocarbon Conversion</Text>
</ProgramReference>
<Appropriation>
<Code>0121</Code>
<Name>NSF RESEARCH &amp; RELATED ACTIVIT</Name>
<APP_SYMB_ID>040100</APP_SYMB_ID>
</Appropriation>
<FUND_OBLG>2021~442454</FUND_OBLG>
</Award>
</rootTag>
