<?xml version="1.0" encoding="UTF-8"?>
<rootTag>
<Award>
<AwardTitle>Metal Catalyzed Methods for the Preparation of Organosilanes and Related Molecules</AwardTitle>
<AGENCY>NSF</AGENCY>
<AwardEffectiveDate>07/01/2021</AwardEffectiveDate>
<AwardExpirationDate>06/30/2024</AwardExpirationDate>
<AwardTotalIntnAmount>500000.00</AwardTotalIntnAmount>
<AwardAmount>500000</AwardAmount>
<AwardInstrument>
<Value>Standard Grant</Value>
</AwardInstrument>
<Organization>
<Code>03090000</Code>
<Directorate>
<Abbreviation>MPS</Abbreviation>
<LongName>Direct For Mathematical &amp; Physical Scien</LongName>
</Directorate>
<Division>
<Abbreviation>CHE</Abbreviation>
<LongName>Division Of Chemistry</LongName>
</Division>
</Organization>
<ProgramOfficer>
<SignBlockName>Jin Cha</SignBlockName>
<PO_EMAI>jcha@nsf.gov</PO_EMAI>
<PO_PHON>7032922461</PO_PHON>
</ProgramOfficer>
<AbstractNarration>With the support of the Chemical Synthesis (SYN) program in the Division of Chemistry, Donald A. Watson of the University of Delaware is studying the new catalytic methods to prepare organic molecules that contain silicon atoms. Such molecules, commonly called organosilanes, are important building blocks for the complex organic chemical compounds that are used as pharmaceuticals, as agrochemicals, and for the study of biology. This research aims to develop new reactions that allow for these important silicon containing compounds to be prepared in new, straightforward ways using inexpensive starting materials and catalytic amounts of reaction promoters. Not only will this research expand access to organosilanes, but it will also increase fundamental understanding of the reactions silicon containing molecules and their interactions with transition metal catalysts. The program will also train undergraduate student, graduate student and post-doctoral researchers, and will build outreach programs to both early childhood education and undergraduate-only higher educations institutions that lack advanced research technology. In so doing, the research program will seek to train the next generation of chemical scientist who will tackle the challenges of tomorrow. &lt;br/&gt;&lt;br/&gt;The focus of the research program is the development of new cross-coupling reactions of electrophilic silanes. Using transition metal catalysts, Dr. Donald Watson and his students seek to develop new methods for C-Si bond construction to prepare a variety of both saturated and unsaturated organosilanes via cross-coupling with simple organic nucleophiles. To achieve this result, the Watson group has designed a new type of silyl-Heck reaction with analogy to the robust and highly studied parent Heck reaction of alkenes.  This newer silyl variant of the Heck coupling is expected to permit access to otherwise challenging vinylic and allylic silane targets.  The Watson team then seeks to develop related multi-component transformations to access even more complex and highly substituted alkylsilanes. In parallel to the development of these new synthetic methods, Dr. Watson and his students will seek to elucidate the underlying mechanism(s) of the transformations under study.  Therefore, this project will provide exposure to synthetic, mechanistic and physical organic chemistry for the student and postdoctoral co-workers on the team, and in this way prepare them well for future careers in industry or academia.&lt;br/&gt;&lt;br/&gt;This award reflects NSF's statutory mission and has been deemed worthy of support through evaluation using the Foundation's intellectual merit and broader impacts review criteria.</AbstractNarration>
<MinAmdLetterDate>04/26/2021</MinAmdLetterDate>
<MaxAmdLetterDate>04/26/2021</MaxAmdLetterDate>
<ARRAAmount/>
<TRAN_TYPE>Grant</TRAN_TYPE>
<CFDA_NUM>47.049</CFDA_NUM>
<NSF_PAR_USE_FLAG>1</NSF_PAR_USE_FLAG>
<FUND_AGCY_CODE>4900</FUND_AGCY_CODE>
<AWDG_AGCY_CODE>4900</AWDG_AGCY_CODE>
<AwardID>2102077</AwardID>
<Investigator>
<FirstName>Donald</FirstName>
<LastName>Watson</LastName>
<PI_MID_INIT>A</PI_MID_INIT>
<PI_SUFX_NAME/>
<PI_FULL_NAME>Donald A Watson</PI_FULL_NAME>
<EmailAddress>dawatson@udel.edu</EmailAddress>
<PI_PHON>3028318728</PI_PHON>
<NSF_ID>000596141</NSF_ID>
<StartDate>04/26/2021</StartDate>
<EndDate/>
<RoleCode>Principal Investigator</RoleCode>
</Investigator>
<Institution>
<Name>University of Delaware</Name>
<CityName>Newark</CityName>
<CountyName/>
<ZipCode>197160099</ZipCode>
<PhoneNumber>3028312136</PhoneNumber>
<StreetAddress>210 Hullihen Hall</StreetAddress>
<StreetAddress2/>
<CountryName>United States</CountryName>
<StateName>Delaware</StateName>
<StateCode>DE</StateCode>
<CONGRESSDISTRICT>00</CONGRESSDISTRICT>
<CONGRESS_DISTRICT_ORG>DE00</CONGRESS_DISTRICT_ORG>
<ORG_DUNS_NUM>059007500</ORG_DUNS_NUM>
<ORG_LGL_BUS_NAME>UNIVERSITY OF DELAWARE</ORG_LGL_BUS_NAME>
<ORG_PRNT_DUNS_NUM>059007500</ORG_PRNT_DUNS_NUM>
</Institution>
<Performance_Institution>
<Name><![CDATA[University of Delaware]]></Name>
<CityName>Newark</CityName>
<CountyName/>
<StateCode>DE</StateCode>
<ZipCode>197163103</ZipCode>
<StreetAddress><![CDATA[175 The Green]]></StreetAddress>
<CountryCode>US</CountryCode>
<CountryName>United States</CountryName>
<StateName>Delaware</StateName>
<CountryFlag>1</CountryFlag>
<CONGRESSDISTRICT>00</CONGRESSDISTRICT>
<CONGRESS_DISTRICT_PERF>DE00</CONGRESS_DISTRICT_PERF>
</Performance_Institution>
<ProgramElement>
<Code>6878</Code>
<Text>Chemical Synthesis</Text>
</ProgramElement>
<ProgramReference>
<Code>8037</Code>
<Text>Advanced Manufacturing</Text>
</ProgramReference>
<ProgramReference>
<Code>9150</Code>
<Text>EXP PROG TO STIM COMP RES</Text>
</ProgramReference>
<ProgramReference>
<Code>9251</Code>
<Text>REU SUPP-Res Exp for Ugrd Supp</Text>
</ProgramReference>
<Appropriation>
<Code>0121</Code>
<Name>NSF RESEARCH &amp; RELATED ACTIVIT</Name>
<APP_SYMB_ID>040100</APP_SYMB_ID>
</Appropriation>
<FUND_OBLG>2021~500000</FUND_OBLG>
</Award>
</rootTag>
