<?xml version="1.0" encoding="UTF-8"?>
<rootTag>
<Award>
<AwardTitle>New Reactivity Pathways Using Pincer Ligands with Central Lewis Acidic Sites</AwardTitle>
<AGENCY>NSF</AGENCY>
<AwardEffectiveDate>06/01/2021</AwardEffectiveDate>
<AwardExpirationDate>05/31/2024</AwardExpirationDate>
<AwardTotalIntnAmount>500000.00</AwardTotalIntnAmount>
<AwardAmount>500000</AwardAmount>
<AwardInstrument>
<Value>Standard Grant</Value>
</AwardInstrument>
<Organization>
<Code>03090000</Code>
<Directorate>
<Abbreviation>MPS</Abbreviation>
<LongName>Direct For Mathematical &amp; Physical Scien</LongName>
</Directorate>
<Division>
<Abbreviation>CHE</Abbreviation>
<LongName>Division Of Chemistry</LongName>
</Division>
</Organization>
<ProgramOfficer>
<SignBlockName>John Gilje</SignBlockName>
<PO_EMAI>jwgilje@nsf.gov</PO_EMAI>
<PO_PHON>7032928840</PO_PHON>
</ProgramOfficer>
<AbstractNarration>With funding from the Chemical Synthesis Program in the Chemistry Division, Professor Oleg Ozerov at the Department of Chemistry at Texas A&amp;M University (TAMU) will selectively modify chemical bonds in nitrogen-containing organic molecules, called nitrogen-containing heterocycles. The efficient preparation and further modification of the nitrogen-containing heterocycles frequently is necessary in the industrial production of many pharmaceuticals and agrochemicals. However, the processes that are presently used for these transformations are often inefficient and do not exactly target the chemical bonds that must be manipulated. To rectify this problem, frameworks containing metal atoms bonded to boron or aluminum atoms are constructed. The boron or aluminum atoms can capture a nitrogen atom and hold the nitrogen-containing heterocycle in a very controlled geometry that allows the metal atom to activate specific chemical bonds. This permits precise control of the nitrogen-containing heterocycle. The project involves a network of collaborators, including Professor Anna Larsen at Ithaca College and Assistant Professor Miles Johnson at the University of Richmond, both faculty at primarily undergraduate institutions. The project also aims to increase the participation of students from underrepresented groups through graduate student recruitment efforts and outreach with the local secondary schools.&lt;br/&gt;&lt;br/&gt;The theme of this project involves the synergistic use of the Lewis acidity of boryl or aluminyl sites bonded to transition metals and incorporated into pincer type ligands. It exploits the ability of boryl or an aluminyl units to capture the nitrogenous group in an azine substrate. This positions the transition metal to activate a specific C-H bond, which is topologically distinct from traditional C-H activation approaches. To develop a library of new ligands, 1,2-pyrrolediyl will be utilized as a key building block in the synthesis of pincer type ligands that contain the boryl or aluminyl moieties. Using these ligands, rhodium, iridium, and ruthenium complexes will be prepared and their ability to activate C-H bonds will be investigated. The mechanistic roles of B or Al in shuttling organic fragments to and from the transition metal and their involvement in the C-H activation process will be probed. Finally, the catalytic functionalization of azines and related substrates will be developed. The proposed research involves interactions with two PUI collaborators, Dr. Larsen (Ithaca College) and Dr. Johnson (U. of Richmond), and will proceed via close connections between TAMU graduate student mentors and Ithaca College and University of Richmond undergraduates.&lt;br/&gt;&lt;br/&gt;This award reflects NSF's statutory mission and has been deemed worthy of support through evaluation using the Foundation's intellectual merit and broader impacts review criteria.</AbstractNarration>
<MinAmdLetterDate>04/09/2021</MinAmdLetterDate>
<MaxAmdLetterDate>05/21/2021</MaxAmdLetterDate>
<ARRAAmount/>
<TRAN_TYPE>Grant</TRAN_TYPE>
<CFDA_NUM>47.049</CFDA_NUM>
<NSF_PAR_USE_FLAG>1</NSF_PAR_USE_FLAG>
<FUND_AGCY_CODE>4900</FUND_AGCY_CODE>
<AWDG_AGCY_CODE>4900</AWDG_AGCY_CODE>
<AwardID>2102324</AwardID>
<Investigator>
<FirstName>Oleg</FirstName>
<LastName>Ozerov</LastName>
<PI_MID_INIT>V</PI_MID_INIT>
<PI_SUFX_NAME/>
<PI_FULL_NAME>Oleg V Ozerov</PI_FULL_NAME>
<EmailAddress>ozerov@chem.tamu.edu</EmailAddress>
<PI_PHON>9798455870</PI_PHON>
<NSF_ID>000342031</NSF_ID>
<StartDate>04/09/2021</StartDate>
<EndDate/>
<RoleCode>Principal Investigator</RoleCode>
</Investigator>
<Institution>
<Name>Texas A&amp;M University</Name>
<CityName>College Station</CityName>
<ZipCode>778454375</ZipCode>
<PhoneNumber>9798626777</PhoneNumber>
<StreetAddress>400 Harvey Mitchell Pkwy South</StreetAddress>
<StreetAddress2><![CDATA[Suite 300]]></StreetAddress2>
<CountryName>United States</CountryName>
<StateName>Texas</StateName>
<StateCode>TX</StateCode>
<CONGRESSDISTRICT>17</CONGRESSDISTRICT>
<CONGRESS_DISTRICT_ORG>TX17</CONGRESS_DISTRICT_ORG>
<ORG_DUNS_NUM>020271826</ORG_DUNS_NUM>
<ORG_LGL_BUS_NAME>TEXAS A &amp; M UNIVERSITY</ORG_LGL_BUS_NAME>
<ORG_PRNT_DUNS_NUM>042915991</ORG_PRNT_DUNS_NUM>
</Institution>
<Performance_Institution>
<Name><![CDATA[Texas A&M University]]></Name>
<CityName>College Station</CityName>
<StateCode>TX</StateCode>
<ZipCode>778433255</ZipCode>
<StreetAddress><![CDATA[3225 TAMU]]></StreetAddress>
<CountryCode>US</CountryCode>
<CountryName>United States</CountryName>
<StateName>Texas</StateName>
<CountryFlag>1</CountryFlag>
<CONGRESSDISTRICT>17</CONGRESSDISTRICT>
<CONGRESS_DISTRICT_PERF>TX17</CONGRESS_DISTRICT_PERF>
</Performance_Institution>
<ProgramElement>
<Code>6878</Code>
<Text>Chemical Synthesis</Text>
</ProgramElement>
<ProgramReference>
<Code>8037</Code>
<Text>Advanced Manufacturing</Text>
</ProgramReference>
<Appropriation>
<Code>0121</Code>
<Name>NSF RESEARCH &amp; RELATED ACTIVIT</Name>
<APP_SYMB_ID>040100</APP_SYMB_ID>
</Appropriation>
<FUND_OBLG>2021~500000</FUND_OBLG>
</Award>
</rootTag>
