<?xml version="1.0" encoding="UTF-8"?>
<rootTag>
<Award>
<AwardTitle>Collaborative Research: CNS Core: Small: From Capture to Consumption: System Challenges in Pervasive 360-Degree Video Sharing</AwardTitle>
<AGENCY>NSF</AGENCY>
<AwardEffectiveDate>10/01/2021</AwardEffectiveDate>
<AwardExpirationDate>09/30/2023</AwardExpirationDate>
<AwardTotalIntnAmount>249999.00</AwardTotalIntnAmount>
<AwardAmount>238545</AwardAmount>
<AwardInstrument>
<Value>Standard Grant</Value>
</AwardInstrument>
<Organization>
<Code>05050000</Code>
<Directorate>
<Abbreviation>CSE</Abbreviation>
<LongName>Direct For Computer &amp; Info Scie &amp; Enginr</LongName>
</Directorate>
<Division>
<Abbreviation>CNS</Abbreviation>
<LongName>Division Of Computer and Network Systems</LongName>
</Division>
</Organization>
<ProgramOfficer>
<SignBlockName>Erik Brunvand</SignBlockName>
<PO_EMAI>ebrunvan@nsf.gov</PO_EMAI>
<PO_PHON>7032922767</PO_PHON>
</ProgramOfficer>
<AbstractNarration>360-degree video allows users to explore a recorded scene at any angle from the camera position. This greater flexibility provided by the 360-degree video format has led to its increased popularity. However, widespread adoption has slowed because of the large amounts of resources required by the format. This work proposes methods to improve efficiency at each stage of the 360-degree video sharing path, from video capture at the sender side to consumption at the receiver side. &lt;br/&gt;&lt;br/&gt;The project addresses these challenges via four research thrusts. The first thrust explores approaches for generating high-quality frames during real-time stitching of multiple videos captured using commodity lenses. The proposed approach applies gradient decent to refine an initial rough stitching. The second thrust investigates mechanisms to spatially adapt content to be uploaded based on the available bandwidth. The third thrust aims to optimize the fine-grained representation of omnidirectional content to achieve high projection efficiency and view efficiency. The last thrust uses edge computing techniques to optimize the look-ahead window size on the receiver side to allow bandwidth-efficient content downloading.&lt;br/&gt;&lt;br/&gt;The techniques developed during the course of the project will allow users to enjoy more efficient 360-degree video streaming applications. These techniques are not only applicable to 360-degree video streaming but will also have applications in future generations of virtual reality (VR) technologies. The project will also motivate general student interest in computer science research, directly train students during the course of the project’s research, and contribute to curriculum development. &lt;br/&gt;&lt;br/&gt;The project will produce publications, code, data, and other research artifacts. All such artifacts will be made available publicly through the URLs http://www.cs.gmu.edu/~sqchen/ and http://www.cs.binghamton.edu/~yaoliu/ during the course of the project and remain available for at least five years after completion of the project. The code will be open sourced and will also be made available at code hosting website, e.g., GitHub.&lt;br/&gt;&lt;br/&gt;This award reflects NSF's statutory mission and has been deemed worthy of support through evaluation using the Foundation's intellectual merit and broader impacts review criteria.</AbstractNarration>
<MinAmdLetterDate>11/30/2021</MinAmdLetterDate>
<MaxAmdLetterDate>11/30/2021</MaxAmdLetterDate>
<ARRAAmount/>
<TRAN_TYPE>Grant</TRAN_TYPE>
<CFDA_NUM>47.070</CFDA_NUM>
<NSF_PAR_USE_FLAG>1</NSF_PAR_USE_FLAG>
<FUND_AGCY_CODE>4900</FUND_AGCY_CODE>
<AWDG_AGCY_CODE>4900</AWDG_AGCY_CODE>
<AwardID>2200042</AwardID>
<Investigator>
<FirstName>Yao</FirstName>
<LastName>Liu</LastName>
<PI_MID_INIT/>
<PI_SUFX_NAME/>
<PI_FULL_NAME>Yao Liu</PI_FULL_NAME>
<EmailAddress>yao.liu@rutgers.edu</EmailAddress>
<PI_PHON>8484456600</PI_PHON>
<NSF_ID>000663678</NSF_ID>
<StartDate>11/30/2021</StartDate>
<EndDate/>
<RoleCode>Principal Investigator</RoleCode>
</Investigator>
<Institution>
<Name>Rutgers University New Brunswick</Name>
<CityName>Piscataway</CityName>
<ZipCode>088543925</ZipCode>
<PhoneNumber>8489320150</PhoneNumber>
<StreetAddress>33 Knightsbridge Road</StreetAddress>
<StreetAddress2><![CDATA[2nd Floor East Wing]]></StreetAddress2>
<CountryName>United States</CountryName>
<StateName>New Jersey</StateName>
<StateCode>NJ</StateCode>
<CONGRESSDISTRICT>06</CONGRESSDISTRICT>
<CONGRESS_DISTRICT_ORG>NJ06</CONGRESS_DISTRICT_ORG>
<ORG_DUNS_NUM>001912864</ORG_DUNS_NUM>
<ORG_LGL_BUS_NAME>RUTGERS, THE STATE UNIVERSITY OF NEW JERSEY</ORG_LGL_BUS_NAME>
<ORG_PRNT_DUNS_NUM>001912864</ORG_PRNT_DUNS_NUM>
</Institution>
<Performance_Institution>
<Name><![CDATA[Rutgers University New Brunswick]]></Name>
<CityName>Piscataway</CityName>
<StateCode>NJ</StateCode>
<ZipCode>088543925</ZipCode>
<StreetAddress><![CDATA[33 Knightsbridge Road]]></StreetAddress>
<CountryCode>US</CountryCode>
<CountryName>United States</CountryName>
<StateName>New Jersey</StateName>
<CountryFlag>1</CountryFlag>
<CONGRESSDISTRICT>06</CONGRESSDISTRICT>
<CONGRESS_DISTRICT_PERF>NJ06</CONGRESS_DISTRICT_PERF>
</Performance_Institution>
<ProgramElement>
<Code>7354</Code>
<Text>CSR-Computer Systems Research</Text>
</ProgramElement>
<ProgramReference>
<Code>7923</Code>
<Text>SMALL PROJECT</Text>
</ProgramReference>
<FUND_OBLG>2020~238545</FUND_OBLG>
</Award>
</rootTag>
