<?xml version="1.0" encoding="UTF-8"?>
<rootTag>
<Award>
<AwardTitle>CAREER: A longitudinal study of the emotional and behavioral processes of Environmental Identity Development among rural and non-rural Alaskan children</AwardTitle>
<AGENCY>NSF</AGENCY>
<AwardEffectiveDate>10/01/2021</AwardEffectiveDate>
<AwardExpirationDate>06/30/2023</AwardExpirationDate>
<AwardTotalIntnAmount>591600.00</AwardTotalIntnAmount>
<AwardAmount>132491</AwardAmount>
<AwardInstrument>
<Value>Continuing Grant</Value>
</AwardInstrument>
<Organization>
<Code>04040000</Code>
<Directorate>
<Abbreviation>SBE</Abbreviation>
<LongName>Direct For Social, Behav &amp; Economic Scie</LongName>
</Directorate>
<Division>
<Abbreviation>BCS</Abbreviation>
<LongName>Division Of Behavioral and Cognitive Sci</LongName>
</Division>
</Organization>
<ProgramOfficer>
<SignBlockName>Peter Vishton</SignBlockName>
<PO_EMAI>pvishton@nsf.gov</PO_EMAI>
<PO_PHON>7032928132</PO_PHON>
</ProgramOfficer>
<AbstractNarration>Despite the importance for human development of childhood experiences with the natural world, little research has focused on young children's emotional encounters with nature or how these experiences shape their values, perceptions, and behaviors.  This research will systematically examine children's behavioral and emotional reactions to nature over a five-year period. The project will examine how family, culture, and geographical locations shape the manner in which children form their identity in nature.  The project will enhance understanding of how children learn to regulate their emotions in nature,  and  it will expand knowledge about the role education plays in shaping how children develop empathy and care for living and non-living aspects of their natural environments. The project will highlight the voices and perspectives of young Alaska Native and non-Native children living in Alaska, thereby, broadening participation in socio-ecological science in Polar Regions. The approaches used in this project offer a framework for participatory and naturalistic developmental research involving young children. Videos of the nature tours will be transformed into video lessons that will be shared with the public as a means of illustrating the role of culture in Alaska Native children's learning about, and interactions with, the environment.&lt;br/&gt;&lt;br/&gt;&lt;br/&gt;This project will enhance understanding of children's Environmental Identity Development by examining the following research questions: What informs Alaskan children's emotions and behaviors during outdoor wilderness experiences? How do children's experiences in the Alaska wilderness affect development over time? Research will occur in rural and non-rural Alaska during the spring and autumn seasons. The study will include children from a small isolated Alaskan village where the majority of families are of Alaska Native descent, and where access to consumer goods is limited. The study will also examine the experiences of non-Native children growing up in an Alaskan city. Because consumer goods are readily available in the city, these children may or may not learn hunting and gathering skills. This study will use a family survey to understand the different types of experiences that rural and non-rural Alaskan children have in the wilderness.  Children's drawings and descriptions of their drawings will be collected to learn about their favorite outdoor activities. Additionally, the study will use child-led nature tours. The tours will involve wearable cameras in order to examine children's experiences participating in outdoor activities with family members as well as their wilderness explorations with classmates. Data will be collected from rural and non-rural children at 4-5 years of age and again when they are 7-8 years old. In this way, the researcher will assess how children's emotional and behavioral interactions with nature develop through family and educational experiences over time.&lt;br/&gt;&lt;br/&gt;This award reflects NSF's statutory mission and has been deemed worthy of support through evaluation using the Foundation's intellectual merit and broader impacts review criteria.</AbstractNarration>
<MinAmdLetterDate>12/14/2021</MinAmdLetterDate>
<MaxAmdLetterDate>12/16/2021</MaxAmdLetterDate>
<ARRAAmount/>
<TRAN_TYPE>Grant</TRAN_TYPE>
<CFDA_NUM>47.075</CFDA_NUM>
<NSF_PAR_USE_FLAG>1</NSF_PAR_USE_FLAG>
<FUND_AGCY_CODE>4900</FUND_AGCY_CODE>
<AWDG_AGCY_CODE>4900</AWDG_AGCY_CODE>
<AwardID>2200523</AwardID>
<Investigator>
<FirstName>Carie</FirstName>
<LastName>Green</LastName>
<PI_MID_INIT>J</PI_MID_INIT>
<PI_SUFX_NAME/>
<PI_FULL_NAME>Carie J Green</PI_FULL_NAME>
<EmailAddress>carie.green@sdstate.edu</EmailAddress>
<PI_PHON>6056885707</PI_PHON>
<NSF_ID>000752762</NSF_ID>
<StartDate>12/14/2021</StartDate>
<EndDate/>
<RoleCode>Principal Investigator</RoleCode>
</Investigator>
<Institution>
<Name>South Dakota State University</Name>
<CityName>Brookings</CityName>
<ZipCode>570070001</ZipCode>
<PhoneNumber>6056886696</PhoneNumber>
<StreetAddress>1015 Campanile Ave</StreetAddress>
<StreetAddress2><![CDATA[Box 2201, SAD 200]]></StreetAddress2>
<CountryName>United States</CountryName>
<StateName>South Dakota</StateName>
<StateCode>SD</StateCode>
<CONGRESSDISTRICT>00</CONGRESSDISTRICT>
<CONGRESS_DISTRICT_ORG>SD00</CONGRESS_DISTRICT_ORG>
<ORG_DUNS_NUM>929929743</ORG_DUNS_NUM>
<ORG_LGL_BUS_NAME>SOUTH DAKOTA STATE UNIVERSITY</ORG_LGL_BUS_NAME>
<ORG_PRNT_DUNS_NUM>929538999</ORG_PRNT_DUNS_NUM>
</Institution>
<Performance_Institution>
<Name><![CDATA[South Dakota State University]]></Name>
<CityName>Brookings</CityName>
<StateCode>SD</StateCode>
<ZipCode>570070001</ZipCode>
<StreetAddress><![CDATA[1015 Campanile Ave]]></StreetAddress>
<CountryCode>US</CountryCode>
<CountryName>United States</CountryName>
<StateName>South Dakota</StateName>
<CountryFlag>1</CountryFlag>
<CONGRESSDISTRICT>00</CONGRESSDISTRICT>
<CONGRESS_DISTRICT_PERF>SD00</CONGRESS_DISTRICT_PERF>
</Performance_Institution>
<ProgramElement>
<Code>1698</Code>
<Text>DS -Developmental Sciences</Text>
</ProgramElement>
<ProgramReference>
<Code>1698</Code>
<Text>DS-Developmental Sciences</Text>
</ProgramReference>
<FUND_OBLG>2020~61181</FUND_OBLG>
<FUND_OBLG>2021~71310</FUND_OBLG>
</Award>
</rootTag>
