<?xml version="1.0" encoding="UTF-8"?>
<rootTag>
<Award>
<AwardTitle>I-Corps:  Antibiotic susceptibility test kits</AwardTitle>
<AGENCY>NSF</AGENCY>
<AwardEffectiveDate>01/15/2022</AwardEffectiveDate>
<AwardExpirationDate>06/30/2022</AwardExpirationDate>
<AwardTotalIntnAmount>50000.00</AwardTotalIntnAmount>
<AwardAmount>50000</AwardAmount>
<AwardInstrument>
<Value>Standard Grant</Value>
</AwardInstrument>
<Organization>
<Code>07070000</Code>
<Directorate>
<Abbreviation>ENG</Abbreviation>
<LongName>Directorate For Engineering</LongName>
</Directorate>
<Division>
<Abbreviation>IIP</Abbreviation>
<LongName>Div Of Industrial Innovation &amp; Partnersh</LongName>
</Division>
</Organization>
<ProgramOfficer>
<SignBlockName>Ruth Shuman</SignBlockName>
<PO_EMAI>rshuman@nsf.gov</PO_EMAI>
<PO_PHON>7032922160</PO_PHON>
</ProgramOfficer>
<AbstractNarration>The broader impact/commercial potential of this I-Corps project is the development of a tool that enables rapid bacterial detection and antibiotic susceptibility testing. There is a critical unmet need for faster, sensitive, and affordable diagnostic tools to detect bacterial sepsis and identify appropriate antibiotics. The ability to customize antibiotic treatment within hours is particularly critical when treating sepsis. Each year, sepsis impacts 1-3 million U.S. patients, leads to 270,000 deaths, and costs over $60 billion. Most sepsis associated deaths are preventable with rapid diagnosis and early, effective treatment. Current standard of care involves an average 3-day turnaround. Shortening the time to diagnosis and initiation of effective treatment has the potential to dramatically improve patient outcomes, reduce hospital costs, and promote antimicrobial stewardship. Competing technologies require pathogen identification and growing bacteria to a detectable density, both adding to the overall diagnostic timeline. Furthermore, competitors are instrument-based, making them financially inaccessible to many hospitals. The proposed technology does not require pre-test steps and relies on standard clinical lab equipment. In addition, sepsis mortality is higher in low-income areas, and the proposed technology may improve outcomes for all sepsis patients, including the most vulnerable.&lt;br/&gt;&lt;br/&gt;This I-Corps project is based on the development of a novel tool for bacterial growth detection and antibiotic susceptibility profiling. The proposed technology pairs probes that mimic bacterial cell surface building blocks with an amplifiable colorimetric assay to create a solution to detect bacterial sepsis and identify appropriate antibiotics. The proof-of-concept data suggest that the proposed assay may rapidly detect bacterial growth and distinguish growing from nongrowing bacteria, including antibiotic susceptibility profiling, in less than 4.5 hours. In addition, the data also show that detection is dose-, bacterial density-, and time-dependent, and compatible with common sepsis-causing bacteria regardless of their cell surface architecture. Further, the assay may be performed using equipment found in standard clinical labs. While the current focus is on developing a kit for rapid detection and drug susceptibility profiling of blood-borne pathogenic bacteria, the technology may be adapted to detect the growth of bacteria in a variety of settings such as food and biomedical manufacturing facilities.&lt;br/&gt;&lt;br/&gt;This award reflects NSF's statutory mission and has been deemed worthy of support through evaluation using the Foundation's intellectual merit and broader impacts review criteria.</AbstractNarration>
<MinAmdLetterDate>01/05/2022</MinAmdLetterDate>
<MaxAmdLetterDate>01/05/2022</MaxAmdLetterDate>
<ARRAAmount/>
<TRAN_TYPE>Grant</TRAN_TYPE>
<CFDA_NUM>47.041</CFDA_NUM>
<NSF_PAR_USE_FLAG>1</NSF_PAR_USE_FLAG>
<FUND_AGCY_CODE>4900</FUND_AGCY_CODE>
<AWDG_AGCY_CODE>4900</AWDG_AGCY_CODE>
<AwardID>2200793</AwardID>
<Institution>
<Name>University of Massachusetts Amherst</Name>
<CityName>Hadley</CityName>
<ZipCode>010359450</ZipCode>
<PhoneNumber>4135450698</PhoneNumber>
<StreetAddress>Research Administration Building</StreetAddress>
<StreetAddress2><![CDATA[100 Venture Way, Suite 201]]></StreetAddress2>
<CountryName>United States</CountryName>
<StateName>Massachusetts</StateName>
<StateCode>MA</StateCode>
<CONGRESSDISTRICT>02</CONGRESSDISTRICT>
<CONGRESS_DISTRICT_ORG>MA02</CONGRESS_DISTRICT_ORG>
<ORG_DUNS_NUM>153926712</ORG_DUNS_NUM>
<ORG_LGL_BUS_NAME>UNIVERSITY OF MASSACHUSETTS</ORG_LGL_BUS_NAME>
<ORG_PRNT_DUNS_NUM>079520631</ORG_PRNT_DUNS_NUM>
</Institution>
<Performance_Institution>
<Name><![CDATA[University of Massachusetts Amherst]]></Name>
<CityName>Amherst</CityName>
<StateCode>MA</StateCode>
<ZipCode>010039364</ZipCode>
<StreetAddress><![CDATA[240 THATCHER RD]]></StreetAddress>
<CountryCode>US</CountryCode>
<CountryName>United States</CountryName>
<StateName>Massachusetts</StateName>
<CountryFlag>1</CountryFlag>
<CONGRESSDISTRICT>02</CONGRESSDISTRICT>
<CONGRESS_DISTRICT_PERF>MA02</CONGRESS_DISTRICT_PERF>
</Performance_Institution>
<ProgramElement>
<Code>8023</Code>
<Text>I-Corps</Text>
</ProgramElement>
<ProgramReference>
<Code>004E</Code>
<Text>BIOMEDICAL ENG AND DIAGNOSTICS</Text>
</ProgramReference>
<FUND_OBLG>2022~50000</FUND_OBLG>
</Award>
</rootTag>
