<?xml version="1.0" encoding="UTF-8"?>
<rootTag>
<Award>
<AwardTitle>CAREER: Control Points on nutrient cycling in hypereutrophic lakes</AwardTitle>
<AGENCY>NSF</AGENCY>
<AwardEffectiveDate>12/01/2021</AwardEffectiveDate>
<AwardExpirationDate>12/31/2025</AwardExpirationDate>
<AwardTotalIntnAmount>762753.00</AwardTotalIntnAmount>
<AwardAmount>285149</AwardAmount>
<AwardInstrument>
<Value>Continuing Grant</Value>
</AwardInstrument>
<Organization>
<Code>08010000</Code>
<Directorate>
<Abbreviation>BIO</Abbreviation>
<LongName>Direct For Biological Sciences</LongName>
</Directorate>
<Division>
<Abbreviation>DEB</Abbreviation>
<LongName>Division Of Environmental Biology</LongName>
</Division>
</Organization>
<ProgramOfficer>
<SignBlockName>Kendra McLauchlan</SignBlockName>
<PO_EMAI>kmclauch@nsf.gov</PO_EMAI>
<PO_PHON>7032922217</PO_PHON>
</ProgramOfficer>
<AbstractNarration>Lakes are important places in the landscape for capturing, transforming, emitting, and storing carbon given their small surface area. Human activities in watersheds are causing many lakes and reservoirs to become over-enriched in nutrients. This is called hypereutrophication. Over-enrichment can cause a variety of problems in ecosystems, including changes in carbon cycling. While substantial progress has been made in understanding the processes that control carbon cycling in lakes and reservoirs, relatively little is known about how those processes operate in water bodies with extremely high nutrient concentrations, a condition which is becoming increasingly common. This research is aimed at identifying the key controls on carbon cycling in lakes and reservoirs under extreme nutrient loading. This will help predict how these ecosystems will respond to future environmental stresses. In addition to carbon cycling, lakes and reservoirs also provide important ecosystem services that are threatened by eutrophication. Managing freshwater resources to protect ecosystem services is vital for societal well-being. Yet, decisions about freshwater resources require educated water stewards working at the local level. This project will provide extensive training in aquatic ecosystem management to local water stewards, empowering their communities to make informed, data-driven decisions about lake and watershed management. &lt;br/&gt;&lt;br/&gt;In order to identify when and where the important drivers of carbon cycling are operating in lakes under extreme nutrient enrichment, high frequency sensors will be deployed in high-nutrient lakes to capture carbon cycling dynamics throughout the entire year. One of the focal study lakes is located on the Iowa State University campus. The live-streaming data and monitoring activities will be incorporated into educational opportunities across campus. An additional 20 lake-years of high frequency data will be collected through a lake management education and volunteer training program for local water stewards. All of the sensor-based measurements will be paired with less frequent synoptic sampling to quantify the pools of carbon and nutrients entering and cycling in the lakes. These time series will be used to quantify the aerobic, anaerobic, and physical transport processes controlling carbon cycling dynamics and to determine the environmental drivers of carbon cycling rates. This information, combined with long term water quality monitoring data from 130 lakes embedded in a nutrient-rich landscape, will be used to estimate aquatic carbon cycling rates at a regional scale.&lt;br/&gt;&lt;br/&gt;This award reflects NSF's statutory mission and has been deemed worthy of support through evaluation using the Foundation's intellectual merit and broader impacts review criteria.</AbstractNarration>
<MinAmdLetterDate>12/06/2021</MinAmdLetterDate>
<MaxAmdLetterDate>12/06/2021</MaxAmdLetterDate>
<ARRAAmount/>
<TRAN_TYPE>Grant</TRAN_TYPE>
<CFDA_NUM>47.074</CFDA_NUM>
<NSF_PAR_USE_FLAG>1</NSF_PAR_USE_FLAG>
<FUND_AGCY_CODE>4900</FUND_AGCY_CODE>
<AWDG_AGCY_CODE>4900</AWDG_AGCY_CODE>
<AwardID>2200391</AwardID>
<Investigator>
<FirstName>Grace</FirstName>
<LastName>Wilkinson</LastName>
<PI_MID_INIT/>
<PI_SUFX_NAME/>
<PI_FULL_NAME>Grace Wilkinson</PI_FULL_NAME>
<EmailAddress>gwilkinson@wisc.edu</EmailAddress>
<PI_PHON>6514421045</PI_PHON>
<NSF_ID>000741895</NSF_ID>
<StartDate>12/06/2021</StartDate>
<EndDate/>
<RoleCode>Principal Investigator</RoleCode>
</Investigator>
<Institution>
<Name>University of Wisconsin-Madison</Name>
<CityName>MADISON</CityName>
<ZipCode>537151218</ZipCode>
<PhoneNumber>6082623822</PhoneNumber>
<StreetAddress>21 North Park Street</StreetAddress>
<StreetAddress2><![CDATA[Suite 6401]]></StreetAddress2>
<CountryName>United States</CountryName>
<StateName>Wisconsin</StateName>
<StateCode>WI</StateCode>
<CONGRESSDISTRICT>02</CONGRESSDISTRICT>
<CONGRESS_DISTRICT_ORG>WI02</CONGRESS_DISTRICT_ORG>
<ORG_DUNS_NUM>161202122</ORG_DUNS_NUM>
<ORG_LGL_BUS_NAME>UNIVERSITY OF WISCONSIN SYSTEM</ORG_LGL_BUS_NAME>
<ORG_PRNT_DUNS_NUM>041188822</ORG_PRNT_DUNS_NUM>
</Institution>
<Performance_Institution>
<Name><![CDATA[University of Wisconsin-Madison]]></Name>
<CityName/>
<StateCode>WI</StateCode>
<ZipCode>537151218</ZipCode>
<StreetAddress/>
<CountryCode>US</CountryCode>
<CountryName>United States</CountryName>
<StateName>Wisconsin</StateName>
<CountryFlag>1</CountryFlag>
<CONGRESSDISTRICT>02</CONGRESSDISTRICT>
<CONGRESS_DISTRICT_PERF>WI02</CONGRESS_DISTRICT_PERF>
</Performance_Institution>
<ProgramElement>
<Code>7381</Code>
<Text>Ecosystem Science</Text>
</ProgramElement>
<ProgramReference>
<Code>1045</Code>
<Text>CAREER-Faculty Erly Career Dev</Text>
</ProgramReference>
<ProgramReference>
<Code>9150</Code>
<Text>EXP PROG TO STIM COMP RES</Text>
</ProgramReference>
<FUND_OBLG>2020~124346</FUND_OBLG>
<FUND_OBLG>2021~160803</FUND_OBLG>
</Award>
</rootTag>
