<?xml version="1.0" encoding="UTF-8"?>
<rootTag>
<Award>
<AwardTitle>Collaborative Research: Mechanics of Reconstituted Self-Organized Contractile Actomyosin Systems</AwardTitle>
<AGENCY>NSF</AGENCY>
<AwardEffectiveDate>02/01/2022</AwardEffectiveDate>
<AwardExpirationDate>01/31/2025</AwardExpirationDate>
<AwardTotalIntnAmount>533158.00</AwardTotalIntnAmount>
<AwardAmount>533158</AwardAmount>
<AwardInstrument>
<Value>Standard Grant</Value>
</AwardInstrument>
<Organization>
<Code>08070000</Code>
<Directorate>
<Abbreviation>BIO</Abbreviation>
<LongName>Direct For Biological Sciences</LongName>
</Directorate>
<Division>
<Abbreviation>MCB</Abbreviation>
<LongName>Div Of Molecular and Cellular Bioscience</LongName>
</Division>
</Organization>
<ProgramOfficer>
<SignBlockName>Richard Cyr</SignBlockName>
<PO_EMAI>rcyr@nsf.gov</PO_EMAI>
<PO_PHON>7032928440</PO_PHON>
</ProgramOfficer>
<AbstractNarration>Many cellular functions rely on the cytoskeleton, a collection of dynamic networks of biopolymers that provide cells with their mechanical properties and abilities to change shape. These networks have diverse architectures, which often coexist in cells. Although studies of whole cells have enabled characterization of these networks, how they self-organize to give rise to their observed structures and dynamics remains an outstanding question. By reconstituting network structures and dynamics from purified components, this project seeks to define the essential elements for self-organization and enable well-controlled measurements and modeling to probe its mechanisms. To date, such reconstitution studies have largely focused on protein assemblies in bulk solution or on solid supports. However, cells are enclosed by a lipid bilayer membrane, which is thought to be essential for many cellular functions and for the mechanics underlying them. The membrane does not just confine molecular species; it also provides a boundary that can anchor cytoskeletal structures yet deform under typical forces in cells. The project will build on recent technological advances to study protein networks that self-organize into synthetic lipid vesicles. The Broader Impacts of the work include the intrinsic merit of research itself as all cells contain some form of cytoskeleton.  Additional activities include training of high school students and their teachers, along with undergraduates and post-doctoral research fellows.  The PIs will also contribute to an art installation on synthetic cells that is being developed at the Marine Biological Laboratory at Woods Hole.&lt;br/&gt; &lt;br/&gt;By systematically characterizing the structures and dynamics accessible to different compositions of cytoskeletal proteins within vesicles, the project will advance understanding of self-organization and force generation by actin networks and the roles membrane confinement and coupling play in these processes. The project will specifically focus on reconstituting features of cell division, in particular the formation and constriction of a contractile ring composed of filamentous actin and the motor protein myosin II, along with additional structural (e.g., anchoring and bundling) proteins. The foundation of our experimental strategy is a powerful platform for reconstituting cytoskeletal networks in giant unilamellar vesicles. This will be paired with coarse-grained simulations of cytoskeletal networks. The project will determine the essential elements for network/ring formation by characterizing the self-organization of mixtures of actin, actin-binding proteins (alpha-actinin, fascin, and/or fimbrin), and motor proteins (myosin and/or a truncated form of it) in the absence of specific membrane interactions. Then, strategies to assemble an actin ring in coexistence with an actin cortex at the membrane will be tested to investigate how membrane binding alters the architecture of actin networks. Finally, patterned motor activation will be used to drive membrane-associated network/ring contraction and vesicle constriction, and the resulting forces will be investigated. To achieve the greatest impact, research, education, and outreach objectives will be closely integrated.  This project was co-funded by the Systems and Synthetic Biology, and the Cellular Dynamics and Functions programs, both in the Molecular and Cellular Biosciences Division.&lt;br/&gt;&lt;br/&gt;This award reflects NSF's statutory mission and has been deemed worthy of support through evaluation using the Foundation's intellectual merit and broader impacts review criteria.</AbstractNarration>
<MinAmdLetterDate>01/20/2022</MinAmdLetterDate>
<MaxAmdLetterDate>01/20/2022</MaxAmdLetterDate>
<ARRAAmount/>
<TRAN_TYPE>Grant</TRAN_TYPE>
<CFDA_NUM>47.074</CFDA_NUM>
<NSF_PAR_USE_FLAG>1</NSF_PAR_USE_FLAG>
<FUND_AGCY_CODE>4900</FUND_AGCY_CODE>
<AWDG_AGCY_CODE>4900</AWDG_AGCY_CODE>
<AwardID>2201235</AwardID>
<Investigator>
<FirstName>Aaron</FirstName>
<LastName>Dinner</LastName>
<PI_MID_INIT/>
<PI_SUFX_NAME/>
<PI_FULL_NAME>Aaron Dinner</PI_FULL_NAME>
<EmailAddress>dinner@uchicago.edu</EmailAddress>
<PI_PHON>7737022330</PI_PHON>
<NSF_ID>000299982</NSF_ID>
<StartDate>01/20/2022</StartDate>
<EndDate/>
<RoleCode>Principal Investigator</RoleCode>
</Investigator>
<Institution>
<Name>University of Chicago</Name>
<CityName>Chicago</CityName>
<ZipCode>606372612</ZipCode>
<PhoneNumber>7737028669</PhoneNumber>
<StreetAddress>6054 South Drexel Avenue</StreetAddress>
<StreetAddress2><![CDATA[Suite 300]]></StreetAddress2>
<CountryName>United States</CountryName>
<StateName>Illinois</StateName>
<StateCode>IL</StateCode>
<CONGRESSDISTRICT>01</CONGRESSDISTRICT>
<CONGRESS_DISTRICT_ORG>IL01</CONGRESS_DISTRICT_ORG>
<ORG_DUNS_NUM>005421136</ORG_DUNS_NUM>
<ORG_LGL_BUS_NAME>UNIVERSITY OF CHICAGO, THE</ORG_LGL_BUS_NAME>
<ORG_PRNT_DUNS_NUM>005421136</ORG_PRNT_DUNS_NUM>
</Institution>
<Performance_Institution>
<Name><![CDATA[University of Chicago]]></Name>
<CityName>Chicago</CityName>
<StateCode>IL</StateCode>
<ZipCode>606372612</ZipCode>
<StreetAddress><![CDATA[6054 South Drexel Avenue]]></StreetAddress>
<CountryCode>US</CountryCode>
<CountryName>United States</CountryName>
<StateName>Illinois</StateName>
<CountryFlag>1</CountryFlag>
<CONGRESSDISTRICT>01</CONGRESSDISTRICT>
<CONGRESS_DISTRICT_PERF>IL01</CONGRESS_DISTRICT_PERF>
</Performance_Institution>
<ProgramElement>
<Code>1114</Code>
<Text>Cellular Dynamics and Function</Text>
</ProgramElement>
<ProgramElement>
<Code>8011</Code>
<Text>Systems and Synthetic Biology</Text>
</ProgramElement>
<ProgramReference>
<Code>102Z</Code>
<Text>COVID-Disproportionate Impcts Inst-Indiv</Text>
</ProgramReference>
<ProgramReference>
<Code>7465</Code>
<Text>NANOSCALE BIO CORE</Text>
</ProgramReference>
<FUND_OBLG>2022~533158</FUND_OBLG>
</Award>
</rootTag>
