<?xml version="1.0" encoding="UTF-8"?>
<rootTag>
<Award>
<AwardTitle>EDGE CMT: RUI: Roles of Toxin-Antitoxin Systems in Biofilm Formation and Horizontal Gene Transfer in the genus Variovorax</AwardTitle>
<AGENCY>NSF</AGENCY>
<AwardEffectiveDate>10/01/2021</AwardEffectiveDate>
<AwardExpirationDate>09/30/2025</AwardExpirationDate>
<AwardTotalIntnAmount>692668.00</AwardTotalIntnAmount>
<AwardAmount>692668</AwardAmount>
<AwardInstrument>
<Value>Standard Grant</Value>
</AwardInstrument>
<Organization>
<Code>08090000</Code>
<Directorate>
<Abbreviation>BIO</Abbreviation>
<LongName>Direct For Biological Sciences</LongName>
</Directorate>
<Division>
<Abbreviation>IOS</Abbreviation>
<LongName>Division Of Integrative Organismal Systems</LongName>
</Division>
</Organization>
<ProgramOfficer>
<SignBlockName>Theodore Morgan</SignBlockName>
<PO_EMAI>tmorgan@nsf.gov</PO_EMAI>
<PO_PHON>7032927868</PO_PHON>
</ProgramOfficer>
<AbstractNarration>This proposal will address the connection between the movement of DNA in bacterial populations and the formation of complex multi-cellular structures called biofilms. This project is focused on evaluating the role of these elements in the important soil bacterium Variovorax paradoxus. This bacterium plays a crucial role in the association of bacterial populations with plant roots, as well as in many other soil processes. Biofilm formation and DNA transfer in the environment are connected by the release of genetic material into the environment by cells within the biofilm. This material forms part of the structure of the biofilm, as well as a potential source of genetic variation.  The bacteria within the biofilm are lysed to release their cellular contents, including their DNA, which then becomes part of the structure. The movement of DNA between bacterial cells is critical factor in understanding how bacterial populations respond to changes in their environment. These processes are thought to be connected in many bacterial species from diverse environments, and the mechanism proposed to be at work here may be widely responsible for connecting the two phenotypes.  Using cutting edge DNA and RNA sequencing approaches, combined with laboratory experiments, the researchers, which include many undergraduates, aim to functionally link the structure and function of specific genetic elements to the formation of biofilms and the transfer of genetic material between cells via the biofilm matrix.  Via course based undergraduate research experiences, students will have the opportunity to formulate their own research questions, perform state of the art genomic sequencing and bioinformatic analyses, and contribute to the writing of peer-reviewed publications.  &lt;br/&gt; &lt;br/&gt;Recently finished genome assemblies show that Variovorax isolates have diverse genomic architectures including chromosomes, chromids, and plasmids. These genomes include numerous putative Toxin-Antitoxin systems in all three types of replicon, that are proposed to function as addiction or anti-addiction modules depending on expression level and location. This is hypothesized to be connected with biofilm formation through a global regulatory system controlling transcript stability during biofilm formation. An alternative RNA degradosome component is highly expressed specifically in Variovorax paradoxus EPS biofilms, which is proposed to decrease TA system RNA stability to promote cell lysis, releasing eDNA critical for dense biofilm formation and horizontal gene transfer. Differentially expressed TA operons are potential determinants of both biofilm formation and horizontal gene transfer. The TA systems in the genus Variovorax will be identified in silico, expression will be evaluated using RNA-seq, and addiction module function will be tested using tightly regulated expression systems. Saturation mutagenesis (RB-TnSeq) will be used to identify accessory genes that influence the function of TA systems in regulating plasmid stability. Chromosomal TA systems as anti-addiction modules will be evaluated similarly with TA systems integrated in single copy using mini-Tn7. The connection between TA system function, biofilm formation, and HGT will be examined using marked strains. These experiments will demonstrate that eDNA generation by TA system toxin activity is necessary and sufficient to allow for natural transformation in Variovorax biofilms. They will also show that these phenotypes are inextricably linked through biofilm growth dependent alteration of RNA stability.&lt;br/&gt;&lt;br/&gt;This award reflects NSF's statutory mission and has been deemed worthy of support through evaluation using the Foundation's intellectual merit and broader impacts review criteria.</AbstractNarration>
<MinAmdLetterDate>12/08/2021</MinAmdLetterDate>
<MaxAmdLetterDate>12/08/2021</MaxAmdLetterDate>
<ARRAAmount/>
<TRAN_TYPE>Grant</TRAN_TYPE>
<CFDA_NUM>47.074</CFDA_NUM>
<NSF_PAR_USE_FLAG>1</NSF_PAR_USE_FLAG>
<FUND_AGCY_CODE>4900</FUND_AGCY_CODE>
<AWDG_AGCY_CODE>4900</AWDG_AGCY_CODE>
<AwardID>2201665</AwardID>
<Investigator>
<FirstName>Paul</FirstName>
<LastName>Orwin</LastName>
<PI_MID_INIT/>
<PI_SUFX_NAME/>
<PI_FULL_NAME>Paul Orwin</PI_FULL_NAME>
<EmailAddress>porwin@pacific.edu</EmailAddress>
<PI_PHON>2099463023</PI_PHON>
<NSF_ID>000472153</NSF_ID>
<StartDate>12/08/2021</StartDate>
<EndDate/>
<RoleCode>Principal Investigator</RoleCode>
</Investigator>
<Institution>
<Name>University of the Pacific</Name>
<CityName>Stockton</CityName>
<ZipCode>952110110</ZipCode>
<PhoneNumber>2099467706</PhoneNumber>
<StreetAddress>3601 Pacific Avenue</StreetAddress>
<StreetAddress2/>
<CountryName>United States</CountryName>
<StateName>California</StateName>
<StateCode>CA</StateCode>
<CONGRESSDISTRICT>09</CONGRESSDISTRICT>
<CONGRESS_DISTRICT_ORG>CA09</CONGRESS_DISTRICT_ORG>
<ORG_DUNS_NUM>625948831</ORG_DUNS_NUM>
<ORG_LGL_BUS_NAME>UNIVERSITY OF PACIFIC</ORG_LGL_BUS_NAME>
<ORG_PRNT_DUNS_NUM>071863260</ORG_PRNT_DUNS_NUM>
</Institution>
<Performance_Institution>
<Name><![CDATA[University of the Pacific]]></Name>
<CityName>Stockton</CityName>
<StateCode>CA</StateCode>
<ZipCode>952110110</ZipCode>
<StreetAddress><![CDATA[3601 Pacific Ave]]></StreetAddress>
<CountryCode>US</CountryCode>
<CountryName>United States</CountryName>
<StateName>California</StateName>
<CountryFlag>1</CountryFlag>
<CONGRESSDISTRICT>09</CONGRESSDISTRICT>
<CONGRESS_DISTRICT_PERF>CA09</CONGRESS_DISTRICT_PERF>
</Performance_Institution>
<ProgramElement>
<Code>1128</Code>
<Text>Population &amp; Community Ecology</Text>
</ProgramElement>
<ProgramElement>
<Code>136Y</Code>
<Text>EDGE Research</Text>
</ProgramElement>
<ProgramReference>
<Code>050Z</Code>
<Text>EDGE Enabling Discovery through Genomic</Text>
</ProgramReference>
<ProgramReference>
<Code>9229</Code>
<Text>RES IN UNDERGRAD INST-RESEARCH</Text>
</ProgramReference>
<FUND_OBLG>2021~692668</FUND_OBLG>
</Award>
</rootTag>
