<?xml version="1.0" encoding="UTF-8"?>
<rootTag>
<Award>
<AwardTitle>I-Corps:  Functional carbon additives derived from upcycled plastic waste</AwardTitle>
<AGENCY>NSF</AGENCY>
<AwardEffectiveDate>01/15/2022</AwardEffectiveDate>
<AwardExpirationDate>06/30/2022</AwardExpirationDate>
<AwardTotalIntnAmount>50000.00</AwardTotalIntnAmount>
<AwardAmount>50000</AwardAmount>
<AwardInstrument>
<Value>Standard Grant</Value>
</AwardInstrument>
<Organization>
<Code>07070000</Code>
<Directorate>
<Abbreviation>ENG</Abbreviation>
<LongName>Directorate For Engineering</LongName>
</Directorate>
<Division>
<Abbreviation>IIP</Abbreviation>
<LongName>Div Of Industrial Innovation &amp; Partnersh</LongName>
</Division>
</Organization>
<ProgramOfficer>
<SignBlockName>Ruth Shuman</SignBlockName>
<PO_EMAI>rshuman@nsf.gov</PO_EMAI>
<PO_PHON>7032922160</PO_PHON>
</ProgramOfficer>
<AbstractNarration>The broader impact/commercial potential of this I-Corps project is the development of a practical and generalizable technology for manufacturing carbon products from polyolefins and their waste. While polyolefins represent the most widely produced and used category of polymers, they also contribute to the majority of plastic waste that imposes serious risks to the sustainable development of the environment and society. Current waste management strategies associated with polyolefins include landfilling, incineration, and conversion to products with less value. This project will focus on commercializing a simple, scalable process to provide an efficient solution for plastic upcycling. The associated technology may significantly increase the value of polyolefin waste through converting them to functional carbon products. These carbons may be used as additives for conventional plastic manufacturing as property modifiers and enhancers. In addition, remediating plastic pollution represents a strong societal demand, exemplified by explosive growth in the corresponding recycling industry. Also, this project provides great opportunities to stimulate plastic recycling and upcycling infrastructure in the surrounding regions, promoting local economic development of the corresponding industries.&lt;br/&gt;&lt;br/&gt;This I-Corps project is based on the development of a platform for upcycling polyolefin-derived plastic waste into functional, value-added carbon materials. The core technology in this project combines an acid-enhanced crosslinking chemistry with optimized reaction conditions to thermally stabilize polyolefin materials, enabling them to become efficient carbon precursors with at least 65% yield after high temperature pyrolysis under nitrogen atmosphere. This process is cost-effective and potentially may be scaled to produce carbons with high degree of graphitization, high porosity, and heteroatom-doped framework. Moreover, the simplicity of this process allows for efficient transformation towards industrially relevant scales through careful system design. Building upon the understanding of the fundamental relationship between processing conditions and resulting material properties, this technology also enables easy control over thermal and electrical conductivity, adsorption performance, and mechanical properties of resulting carbon additives by manipulating processing conditions. Successful commercialization and timely distribution of this technology would lead to an economically feasible solution to address at least millions of tons of plastic waste, which directly tackles one of the most pressing environmental and societal challenges.&lt;br/&gt;&lt;br/&gt;This award reflects NSF's statutory mission and has been deemed worthy of support through evaluation using the Foundation's intellectual merit and broader impacts review criteria.</AbstractNarration>
<MinAmdLetterDate>01/05/2022</MinAmdLetterDate>
<MaxAmdLetterDate>01/05/2022</MaxAmdLetterDate>
<ARRAAmount/>
<TRAN_TYPE>Grant</TRAN_TYPE>
<CFDA_NUM>47.041</CFDA_NUM>
<NSF_PAR_USE_FLAG>1</NSF_PAR_USE_FLAG>
<FUND_AGCY_CODE>4900</FUND_AGCY_CODE>
<AWDG_AGCY_CODE>4900</AWDG_AGCY_CODE>
<AwardID>2201638</AwardID>
<Institution>
<Name>University of Southern Mississippi</Name>
<CityName>Hattiesburg</CityName>
<ZipCode>394015876</ZipCode>
<PhoneNumber>6012664119</PhoneNumber>
<StreetAddress>2609 WEST 4TH ST</StreetAddress>
<StreetAddress2/>
<CountryName>United States</CountryName>
<StateName>Mississippi</StateName>
<StateCode>MS</StateCode>
<CONGRESSDISTRICT>04</CONGRESSDISTRICT>
<CONGRESS_DISTRICT_ORG>MS04</CONGRESS_DISTRICT_ORG>
<ORG_DUNS_NUM>623335775</ORG_DUNS_NUM>
<ORG_LGL_BUS_NAME>UNIVERSITY OF SOUTHERN MISSISSIPPI, THE</ORG_LGL_BUS_NAME>
<ORG_PRNT_DUNS_NUM>623113990</ORG_PRNT_DUNS_NUM>
</Institution>
<Performance_Institution>
<Name><![CDATA[University of Southern Mississippi]]></Name>
<CityName>Hattiesburg</CityName>
<StateCode>MS</StateCode>
<ZipCode>394015876</ZipCode>
<StreetAddress><![CDATA[2609 WEST 4TH ST]]></StreetAddress>
<CountryCode>US</CountryCode>
<CountryName>United States</CountryName>
<StateName>Mississippi</StateName>
<CountryFlag>1</CountryFlag>
<CONGRESSDISTRICT>04</CONGRESSDISTRICT>
<CONGRESS_DISTRICT_PERF>MS04</CONGRESS_DISTRICT_PERF>
</Performance_Institution>
<ProgramElement>
<Code>8023</Code>
<Text>I-Corps</Text>
</ProgramElement>
<ProgramReference>
<Code>9150</Code>
<Text>EXP PROG TO STIM COMP RES</Text>
</ProgramReference>
<ProgramReference>
<Code>9223</Code>
<Text>ENVIRON BENIGN CHEMICAL SYNTH &amp; PROCESS</Text>
</ProgramReference>
<FUND_OBLG>2022~50000</FUND_OBLG>
</Award>
</rootTag>
