<?xml version="1.0" encoding="UTF-8"?>
<rootTag>
<Award>
<AwardTitle>Collaborative Research: RAPID: Submarine record of disastrous earthquakes at a strain partitioned transpressional boundary: Haiti 2010 and 2021</AwardTitle>
<AGENCY>NSF</AGENCY>
<AwardEffectiveDate>12/15/2021</AwardEffectiveDate>
<AwardExpirationDate>11/30/2022</AwardExpirationDate>
<AwardTotalIntnAmount>18533.00</AwardTotalIntnAmount>
<AwardAmount>18533</AwardAmount>
<AwardInstrument>
<Value>Standard Grant</Value>
</AwardInstrument>
<Organization>
<Code>06040200</Code>
<Directorate>
<Abbreviation>GEO</Abbreviation>
<LongName>Directorate For Geosciences</LongName>
</Directorate>
<Division>
<Abbreviation>OCE</Abbreviation>
<LongName>Division Of Ocean Sciences</LongName>
</Division>
</Organization>
<ProgramOfficer>
<SignBlockName>Deborah K. Smith</SignBlockName>
<PO_EMAI>dksmith@nsf.gov</PO_EMAI>
<PO_PHON>7032927978</PO_PHON>
</ProgramOfficer>
<AbstractNarration>Two earthquakes, M7.0 and M7.2, ruptured sections of the transform fault along Haiti’s southern peninsula in 2010 and 2021. During this project a marine survey in Jamaican waters offshore the recent earthquakes will be conducted to investigate the tectonic and sedimentary effects of these and previous earthquakes in the same region. Sediment cores and high-resolution sub-bottom mapping will image active faults and sample earthquake-triggered sediment deposits. The overarching goal of the project is to compare the new images and samples with pre-existing data collected by the French in 2012 and by collaborators from Jamaica. Results of the project will help improve understanding of fault movement and the character of earthquake-generated sediment deposits and provide insight into the complexities of this plate boundary and the associated hazards. Some key evidence, such as sediment suspended in abyssal water and isotopes that date the remobilized sediments, are short-lived.  Other records can be obliterated by erosion.  Because of this, the project is time sensitive.  Graduate and undergraduate students will be trained during the project.&lt;br/&gt;&lt;br/&gt;&lt;br/&gt;Continental transform boundaries cross heavily populated regions, and as in the M7.0 2010 and M7.2 2021 Haiti earthquakes, ruptures along these boundaries can cause catastrophic damage and loss of life. Transform boundaries can accommodate only modest changes in relative motion, even slightly oblique motion can make them transpressional or transtensional. These boundaries can evolve into complex, often poorly constrained, systems of faults. The Enriquillo-Plantain Garden Fault (EPGF) is the main strand of a sinistral E-W transform along the southern boundary of the Gonave microplate. The eastern EPGF traces a prominent ridge that forms the 250 km long southern peninsula of Haiti and is rooted on a belt of thrust faulting. The 2010 M7.0 &amp; 2021 M7.2 sequences ruptured the eastern and western segments of this ridge, respectively. Both sequences feature mainshocks that were nearly transcurrent, and thrust after-shocks primarily to the north and west. Such coupling between distinct faults repeated in two earthquake sequences along the same boundary strongly suggests that these faults form a single strain-partitioned, transpressional fault system. The results of the study will constrain whether this system extends to the Jamaica Passage, whether it generates similar large earthquakes in the submarine part of the boundary now loaded by recent earthquakes in Haiti, and the fidelity of the sedimentary record for EPGF earthquakes.&lt;br/&gt;&lt;br/&gt;This award reflects NSF's statutory mission and has been deemed worthy of support through evaluation using the Foundation's intellectual merit and broader impacts review criteria.</AbstractNarration>
<MinAmdLetterDate>12/14/2021</MinAmdLetterDate>
<MaxAmdLetterDate>12/14/2021</MaxAmdLetterDate>
<ARRAAmount/>
<TRAN_TYPE>Grant</TRAN_TYPE>
<CFDA_NUM>47.050</CFDA_NUM>
<NSF_PAR_USE_FLAG>1</NSF_PAR_USE_FLAG>
<FUND_AGCY_CODE>4900</FUND_AGCY_CODE>
<AWDG_AGCY_CODE>4900</AWDG_AGCY_CODE>
<AwardID>2201420</AwardID>
<Investigator>
<FirstName>Sean</FirstName>
<LastName>Gulick</LastName>
<PI_MID_INIT>S</PI_MID_INIT>
<PI_SUFX_NAME/>
<PI_FULL_NAME>Sean S Gulick</PI_FULL_NAME>
<EmailAddress>sean@ig.utexas.edu</EmailAddress>
<PI_PHON>5124710483</PI_PHON>
<NSF_ID>000175637</NSF_ID>
<StartDate>12/14/2021</StartDate>
<EndDate/>
<RoleCode>Principal Investigator</RoleCode>
</Investigator>
<Institution>
<Name>University of Texas at Austin</Name>
<CityName>Austin</CityName>
<ZipCode>787595316</ZipCode>
<PhoneNumber>5124716424</PhoneNumber>
<StreetAddress>3925 W Braker Lane, Ste 3.340</StreetAddress>
<StreetAddress2/>
<CountryName>United States</CountryName>
<StateName>Texas</StateName>
<StateCode>TX</StateCode>
<CONGRESSDISTRICT>10</CONGRESSDISTRICT>
<CONGRESS_DISTRICT_ORG>TX10</CONGRESS_DISTRICT_ORG>
<ORG_DUNS_NUM>170230239</ORG_DUNS_NUM>
<ORG_LGL_BUS_NAME>UNIVERSITY OF TEXAS AT AUSTIN</ORG_LGL_BUS_NAME>
<ORG_PRNT_DUNS_NUM>042000273</ORG_PRNT_DUNS_NUM>
</Institution>
<Performance_Institution>
<Name><![CDATA[University of Texas Institute for Geophysics]]></Name>
<CityName>Austin</CityName>
<StateCode>TX</StateCode>
<ZipCode>787584445</ZipCode>
<StreetAddress><![CDATA[10100 Burnet Rd]]></StreetAddress>
<CountryCode>US</CountryCode>
<CountryName>United States</CountryName>
<StateName>Texas</StateName>
<CountryFlag>1</CountryFlag>
<CONGRESSDISTRICT>10</CONGRESSDISTRICT>
<CONGRESS_DISTRICT_PERF>TX10</CONGRESS_DISTRICT_PERF>
</Performance_Institution>
<ProgramElement>
<Code>1620</Code>
<Text>Marine Geology and Geophysics</Text>
</ProgramElement>
<ProgramReference>
<Code>7914</Code>
<Text>RAPID</Text>
</ProgramReference>
<FUND_OBLG>2022~18533</FUND_OBLG>
</Award>
</rootTag>
