<?xml version="1.0" encoding="UTF-8"?>
<rootTag>
<Award>
<AwardTitle>Geophysical Imaging of a Buried Paleovalley in Support of ICDP Deep Dust Project</AwardTitle>
<AGENCY>NSF</AGENCY>
<AwardEffectiveDate>01/15/2022</AwardEffectiveDate>
<AwardExpirationDate>12/31/2023</AwardExpirationDate>
<AwardTotalIntnAmount>48261.00</AwardTotalIntnAmount>
<AwardAmount>48261</AwardAmount>
<AwardInstrument>
<Value>Standard Grant</Value>
</AwardInstrument>
<Organization>
<Code>06030000</Code>
<Directorate>
<Abbreviation>GEO</Abbreviation>
<LongName>Directorate For Geosciences</LongName>
</Directorate>
<Division>
<Abbreviation>EAR</Abbreviation>
<LongName>Division Of Earth Sciences</LongName>
</Division>
</Organization>
<ProgramOfficer>
<SignBlockName>Luciana Astiz</SignBlockName>
<PO_EMAI>lastiz@nsf.gov</PO_EMAI>
<PO_PHON>7032924705</PO_PHON>
</ProgramOfficer>
<AbstractNarration>Geologists analyze the Earth’s past in order to better understand what may happen in the future.  In this study, the investigators test the idea that glaciers may have existed in the Wichita Mountains of Oklahoma a region that was located near the equator roughly 300 million years ago. By using seismic survey techniques this award aims to ‘see’ deep into the Earth’s crust, to image and analyze the shape of an ancient, buried valley to determine its origin.  The shape of the valley will reveal critical clues to its formation – if it was formed by a glacier, or if it was formed by river processes.  Understanding the origin of the valley will allow us to update and improve climate models that look backwards in time, allowing a better evaluation of what may happen in the future.  The imaging of this buried valley will also be used to guide a future deep continental drilling project called Deep Dust, that will retrieve rock samples from this region, to be analyzed by a large team of scientists to answer many questions regarding past climate, and responses of life to climate changes.  &lt;br/&gt;&lt;br/&gt;This research will help test the “outrageous” hypothesis that equatorial uplands hosted glaciation during the late Paleozoic ice age—and thus illuminate fundamental questions about climate and tectonics. If this work supports the hypothesis that the Wichita Mountains were glaciated during the late Paleozoic, then it implies mountain glaciation at relatively low elevation across many regions of equatorial Pangaea, which would fundamentally shift our view of the late Paleozoic icehouse. Because current climate models cannot replicate such a scenario, this outcome would force new modeling efforts to understand how Earth’s system veered to such conditions, thus aiding refinements in our grasp of climate forcing mechanisms. To test this hypothesis, this project funds site-survey work for the proposed International Continental Drilling Program (ICDP) Deep Dust project. Deep Dust aims to recover core of the continental Permian to elucidate environmental conditions, biogeochemical cycling, and responses of the terrestrial biosphere to climate forcing during a critical period in the evolution of Earth and life.  One drilling target is the buried paleo-upland of the Wichita uplift of Oklahoma. This drilling objective is designed to access a unique record of upland climate to complement the team's lowland site, which is well imaged. Proprietary seismic data has revealed an apparent paleo-valley feature in the buried Wichita uplift, and to understand and better image this feature a new seismic data acquisition is essential. Two 2D seismic reflection lines will be acquired, one perpendicular to the valley orientation, and a second along the valley axis, to precisely image and characterize the feature at high resolution. In addition, this project will heavily involve student participants, exposing them to a variety of geologic problems, from sediments, to paleoclimates, to geophysical techniques. In this aspect it will spur multiple educational opportunities for field-site planning, acquisition, and interpretation of seismic data.   If the Deep Dust ICDP project is funded, these data will enable precise siting of the drill location and thus recovery of core through this feature to reconstruct a detailed record and date that record. Even if Deep Dust is not funded, the seismic data will still enable fundamental assessment of the origin (fluvial or glacial) of the valley, which has significant paleoclimatic implications.&lt;br/&gt;&lt;br/&gt;This award reflects NSF's statutory mission and has been deemed worthy of support through evaluation using the Foundation's intellectual merit and broader impacts review criteria.</AbstractNarration>
<MinAmdLetterDate>01/07/2022</MinAmdLetterDate>
<MaxAmdLetterDate>01/07/2022</MaxAmdLetterDate>
<ARRAAmount/>
<TRAN_TYPE>Grant</TRAN_TYPE>
<CFDA_NUM>47.050</CFDA_NUM>
<NSF_PAR_USE_FLAG>1</NSF_PAR_USE_FLAG>
<FUND_AGCY_CODE>4900</FUND_AGCY_CODE>
<AWDG_AGCY_CODE>4900</AWDG_AGCY_CODE>
<AwardID>2201632</AwardID>
<Investigator>
<FirstName>Heather</FirstName>
<LastName>Bedle</LastName>
<PI_MID_INIT/>
<PI_SUFX_NAME/>
<PI_FULL_NAME>Heather Bedle</PI_FULL_NAME>
<EmailAddress>hbedle@ou.edu</EmailAddress>
<PI_PHON>8154041706</PI_PHON>
<NSF_ID>000837985</NSF_ID>
<StartDate>01/07/2022</StartDate>
<EndDate/>
<RoleCode>Principal Investigator</RoleCode>
</Investigator>
<Investigator>
<FirstName>Gerilyn</FirstName>
<LastName>Soreghan</LastName>
<PI_MID_INIT>S</PI_MID_INIT>
<PI_SUFX_NAME/>
<PI_FULL_NAME>Gerilyn S Soreghan</PI_FULL_NAME>
<EmailAddress>lsoreg@ou.edu</EmailAddress>
<PI_PHON>4053254482</PI_PHON>
<NSF_ID>000453114</NSF_ID>
<StartDate>01/07/2022</StartDate>
<EndDate/>
<RoleCode>Co-Principal Investigator</RoleCode>
</Investigator>
<Institution>
<Name>University of Oklahoma Norman Campus</Name>
<CityName>NORMAN</CityName>
<ZipCode>730199705</ZipCode>
<PhoneNumber>4053254757</PhoneNumber>
<StreetAddress>201 Stephenson Parkway</StreetAddress>
<StreetAddress2><![CDATA[Five Partners Place, Suite 3100]]></StreetAddress2>
<CountryName>United States</CountryName>
<StateName>Oklahoma</StateName>
<StateCode>OK</StateCode>
<CONGRESSDISTRICT>04</CONGRESSDISTRICT>
<CONGRESS_DISTRICT_ORG>OK04</CONGRESS_DISTRICT_ORG>
<ORG_DUNS_NUM>848348348</ORG_DUNS_NUM>
<ORG_LGL_BUS_NAME>UNIVERSITY OF OKLAHOMA</ORG_LGL_BUS_NAME>
<ORG_PRNT_DUNS_NUM>046862181</ORG_PRNT_DUNS_NUM>
</Institution>
<Performance_Institution>
<Name><![CDATA[University of Oklahoma Norman Campus]]></Name>
<CityName>Norman</CityName>
<StateCode>OK</StateCode>
<ZipCode>730199705</ZipCode>
<StreetAddress><![CDATA[Five Partners Place]]></StreetAddress>
<CountryCode>US</CountryCode>
<CountryName>United States</CountryName>
<StateName>Oklahoma</StateName>
<CountryFlag>1</CountryFlag>
<CONGRESSDISTRICT>04</CONGRESSDISTRICT>
<CONGRESS_DISTRICT_PERF>OK04</CONGRESS_DISTRICT_PERF>
</Performance_Institution>
<ProgramElement>
<Code>1580</Code>
<Text>Instrumentation &amp; Facilities</Text>
</ProgramElement>
<ProgramReference>
<Code>9150</Code>
<Text>EXP PROG TO STIM COMP RES</Text>
</ProgramReference>
<FUND_OBLG>2022~48261</FUND_OBLG>
</Award>
</rootTag>
