<?xml version="1.0" encoding="UTF-8"?>
<rootTag>
<Award>
<AwardTitle>Collaborative Research: Responsible Engineering across Cultures: Investigating the Effects of Culture and Education on Ethical Reasoning and Dispositions of Engineering Students</AwardTitle>
<AGENCY>NSF</AGENCY>
<AwardEffectiveDate>10/01/2021</AwardEffectiveDate>
<AwardExpirationDate>10/31/2026</AwardExpirationDate>
<AwardTotalIntnAmount>198562.00</AwardTotalIntnAmount>
<AwardAmount>198562</AwardAmount>
<AwardInstrument>
<Value>Standard Grant</Value>
</AwardInstrument>
<Organization>
<Code>04010000</Code>
<Directorate>
<Abbreviation>SBE</Abbreviation>
<LongName>Direct For Social, Behav &amp; Economic Scie</LongName>
</Directorate>
<Division>
<Abbreviation>SMA</Abbreviation>
<LongName>SBE Off Of Multidisciplinary Activities</LongName>
</Division>
</Organization>
<ProgramOfficer>
<SignBlockName>Wenda K. Bauchspies</SignBlockName>
<PO_EMAI>wbauchsp@nsf.gov</PO_EMAI>
<PO_PHON>7032925034</PO_PHON>
</ProgramOfficer>
<AbstractNarration>Responsible Engineering Across Cultures: Investigating the Effects of Culture and Education on Ethical Reasoning and Dispositions of Engineering Students&lt;br/&gt;&lt;br/&gt;Engineering is more cross-cultural and international than ever before, resulting in potential disagreements about (in)appropriate courses of action, which can impede engineering work. Despite high rates of international enrollment and an increased focus on global dimensions of engineering in US programs, ethical issues arising from global engineering have been insufficiently addressed. To address these issues, this project will assess the impact of culture and education on ethics among engineering students in North America, Europe, and Asia. Understanding if and how diverse cultural backgrounds and educational experiences affect professional decision-making and collaborations requires empirical investigation, to develop training that addresses the kinds of challenges engineering students, practitioners, programs, and organizations will increasingly encounter in the globalized world. This project will be beneficial for training the next generation of engineers who are competent in working professionally and ethically in the global context and are responsive to the value of diversity in quality and sustainable engineering work.   &lt;br/&gt; &lt;br/&gt;The goal of this project is to identify educational interventions with the greatest effects on ethical reasoning and dispositions of engineering students, whether these effects differ among cultural and national groups, and if/how to modify these interventions to respond effectively to cultural and national differences. To do so, researchers from Colorado School of Mines, University of Pittsburgh, Delft University of Technology, and Shanghai Jiao Tong University will implement mixed-method, quasi-experimental, longitudinal, and cross-sectional research to: (1) determine the effects of culture and foreign language on the ethical perspectives of first-year engineering students; (2) assess the relative effects of culture and education on these perspectives over four years; (3) use engineering ethics assessment tools across cultures and countries to examine their cross-cultural validity. Findings from this project will be essential to develop educational interventions that effectively respond to the globalized environments of contemporary engineering practice. They will also contribute to the development of more inclusive engineering education, by identifying perspectives potentially marginalized in the reigning paradigms. Finally, this project has implications for the development of responsible research education at the graduate level: Despite the fact graduate student bodies in STEM fields have become increasingly international, limited work has focused on developing culturally responsive ethics curricula for graduate students from diverse backgrounds.&lt;br/&gt;&lt;br/&gt;This award reflects NSF's statutory mission and has been deemed worthy of support through evaluation using the Foundation's intellectual merit and broader impacts review criteria.</AbstractNarration>
<MinAmdLetterDate>11/16/2021</MinAmdLetterDate>
<MaxAmdLetterDate>11/16/2021</MaxAmdLetterDate>
<ARRAAmount/>
<TRAN_TYPE>Grant</TRAN_TYPE>
<CFDA_NUM>47.075</CFDA_NUM>
<NSF_PAR_USE_FLAG>1</NSF_PAR_USE_FLAG>
<FUND_AGCY_CODE>4900</FUND_AGCY_CODE>
<AWDG_AGCY_CODE>4900</AWDG_AGCY_CODE>
<AwardID>2202691</AwardID>
<Investigator>
<FirstName>Scott</FirstName>
<LastName>Streiner</LastName>
<PI_MID_INIT/>
<PI_SUFX_NAME/>
<PI_FULL_NAME>Scott Streiner</PI_FULL_NAME>
<EmailAddress>scs147@pitt.edu</EmailAddress>
<PI_PHON>7042646415</PI_PHON>
<NSF_ID>000800806</NSF_ID>
<StartDate>11/16/2021</StartDate>
<EndDate/>
<RoleCode>Principal Investigator</RoleCode>
</Investigator>
<Institution>
<Name>University of Pittsburgh</Name>
<CityName>Pittsburgh</CityName>
<ZipCode>152133203</ZipCode>
<PhoneNumber>4126247400</PhoneNumber>
<StreetAddress>300 Murdoch Building</StreetAddress>
<StreetAddress2><![CDATA[3420 Forbes Avenue]]></StreetAddress2>
<CountryName>United States</CountryName>
<StateName>Pennsylvania</StateName>
<StateCode>PA</StateCode>
<CONGRESSDISTRICT>18</CONGRESSDISTRICT>
<CONGRESS_DISTRICT_ORG>PA18</CONGRESS_DISTRICT_ORG>
<ORG_DUNS_NUM>004514360</ORG_DUNS_NUM>
<ORG_LGL_BUS_NAME>UNIVERSITY OF PITTSBURGH, THE</ORG_LGL_BUS_NAME>
<ORG_PRNT_DUNS_NUM>004514360</ORG_PRNT_DUNS_NUM>
</Institution>
<Performance_Institution>
<Name><![CDATA[University of Pittsburgh]]></Name>
<CityName/>
<StateCode>PA</StateCode>
<ZipCode>152133203</ZipCode>
<StreetAddress/>
<CountryCode>US</CountryCode>
<CountryName>United States</CountryName>
<StateName>Pennsylvania</StateName>
<CountryFlag>1</CountryFlag>
<CONGRESSDISTRICT>18</CONGRESSDISTRICT>
<CONGRESS_DISTRICT_PERF>PA18</CONGRESS_DISTRICT_PERF>
</Performance_Institution>
<ProgramElement>
<Code>129Y</Code>
<Text>ER2-Ethical &amp; Responsible Res</Text>
</ProgramElement>
<FUND_OBLG>2021~198562</FUND_OBLG>
</Award>
</rootTag>
