<?xml version="1.0" encoding="UTF-8"?>
<rootTag>
<Award>
<AwardTitle>SPX: Collaborative Research: NG4S: A Next-generation Geo-distributed Scalable Stateful Stream Processing System</AwardTitle>
<AGENCY>NSF</AGENCY>
<AwardEffectiveDate>02/01/2022</AwardEffectiveDate>
<AwardExpirationDate>03/31/2023</AwardExpirationDate>
<AwardTotalIntnAmount>299266.00</AwardTotalIntnAmount>
<AwardAmount>195938</AwardAmount>
<AwardInstrument>
<Value>Standard Grant</Value>
</AwardInstrument>
<Organization>
<Code>05010000</Code>
<Directorate>
<Abbreviation>CSE</Abbreviation>
<LongName>Direct For Computer &amp; Info Scie &amp; Enginr</LongName>
</Directorate>
<Division>
<Abbreviation>CCF</Abbreviation>
<LongName>Division of Computing and Communication Foundations</LongName>
</Division>
</Organization>
<ProgramOfficer>
<SignBlockName>Marilyn McClure</SignBlockName>
<PO_EMAI>mmcclure@nsf.gov</PO_EMAI>
<PO_PHON>7032925197</PO_PHON>
</ProgramOfficer>
<AbstractNarration>Our society increasingly relies on applications that process streaming data across geo-distributed sites, such as making business decisions from marketing data, identifying spam campaigns in social network streams, and analyzing genome datasets in different labs and countries to track the sources of potential epidemics. State-of-art solutions for these needs are centered around stateless stream processing. This project advances stream processing to enable next-generation streaming applications to store and update state along with computation, therefore processing live data streams in a timely fashion from massive and geo-distributed datasets. Existing systems are mainly designed for stateless stream processing in intra-datacenter settings and do not scale well for running stream applications that contain large distributed states. This project breaks the traditional abstractions of a centralized architecture and hashtable-based stateless operators, redefining them with a new decentralized architecture and new memory-efficient stateful operators, which enables novel approaches to improve overall system performance and scalability.  &lt;br/&gt; &lt;br/&gt;This project builds a next-generation geo-distributed scalable stateful stream processing system that will significantly improve the scalability of stream processing systems. This work includes three primary research directions. (1) At the architecture level, a new decentralized 'many masters/many workers' architecture will be proposed, which provides each master with maximum independence. (2) At the operator level, a new in-memory data structure will be designed and implemented to store application state and minimize the memory overhead so as to handle 'big data' requirements. (3) A new shard-based parallel recovery mechanism will be proposed to handle failures and stragglers in a scalable way. All three parts of the project will be prototyped and implemented on a widely adopted stream processing system (Apache Storm).&lt;br/&gt;&lt;br/&gt;This award reflects NSF's statutory mission and has been deemed worthy of support through evaluation using the Foundation's intellectual merit and broader impacts review criteria.</AbstractNarration>
<MinAmdLetterDate>12/13/2021</MinAmdLetterDate>
<MaxAmdLetterDate>12/13/2021</MaxAmdLetterDate>
<ARRAAmount/>
<TRAN_TYPE>Grant</TRAN_TYPE>
<CFDA_NUM>47.070</CFDA_NUM>
<NSF_PAR_USE_FLAG>1</NSF_PAR_USE_FLAG>
<FUND_AGCY_CODE>4900</FUND_AGCY_CODE>
<AWDG_AGCY_CODE>4900</AWDG_AGCY_CODE>
<AwardID>2202859</AwardID>
<Investigator>
<FirstName>Liting</FirstName>
<LastName>Hu</LastName>
<PI_MID_INIT/>
<PI_SUFX_NAME/>
<PI_FULL_NAME>Liting Hu</PI_FULL_NAME>
<EmailAddress>litinghu@vt.edu</EmailAddress>
<PI_PHON>7722227212</PI_PHON>
<NSF_ID>000734570</NSF_ID>
<StartDate>12/13/2021</StartDate>
<EndDate/>
<RoleCode>Principal Investigator</RoleCode>
</Investigator>
<Institution>
<Name>Virginia Polytechnic Institute and State University</Name>
<CityName>BLACKSBURG</CityName>
<ZipCode>240610001</ZipCode>
<PhoneNumber>5402315281</PhoneNumber>
<StreetAddress>Sponsored Programs 0170</StreetAddress>
<StreetAddress2><![CDATA[300 Turner Street NW, Suite 4200]]></StreetAddress2>
<CountryName>United States</CountryName>
<StateName>Virginia</StateName>
<StateCode>VA</StateCode>
<CONGRESSDISTRICT>09</CONGRESSDISTRICT>
<CONGRESS_DISTRICT_ORG>VA09</CONGRESS_DISTRICT_ORG>
<ORG_DUNS_NUM>003137015</ORG_DUNS_NUM>
<ORG_LGL_BUS_NAME>VIRGINIA POLYTECHNIC INSTITUTE AND STATE UNIVERSITY</ORG_LGL_BUS_NAME>
<ORG_PRNT_DUNS_NUM>003137015</ORG_PRNT_DUNS_NUM>
</Institution>
<Performance_Institution>
<Name><![CDATA[Virginia Polytechnic Institute and State University]]></Name>
<CityName>Blacksburg</CityName>
<StateCode>VA</StateCode>
<ZipCode>240610001</ZipCode>
<StreetAddress><![CDATA[300 Turner Street NW - Suite 420]]></StreetAddress>
<CountryCode>US</CountryCode>
<CountryName>United States</CountryName>
<StateName>Virginia</StateName>
<CountryFlag>1</CountryFlag>
<CONGRESSDISTRICT>09</CONGRESSDISTRICT>
<CONGRESS_DISTRICT_PERF>VA09</CONGRESS_DISTRICT_PERF>
</Performance_Institution>
<ProgramElement>
<Code>042Y</Code>
<Text>PPoSS-PP of Scalable Systems</Text>
</ProgramElement>
<ProgramElement>
<Code>1714</Code>
<Text>Special Projects - CNS</Text>
</ProgramElement>
<ProgramReference>
<Code>026Z</Code>
<Text>NSCI: National Strategic Computing Initi</Text>
</ProgramReference>
<ProgramReference>
<Code>9102</Code>
<Text>WOMEN, MINORITY, DISABLED, NEC</Text>
</ProgramReference>
<ProgramReference>
<Code>9251</Code>
<Text>REU SUPP-Res Exp for Ugrd Supp</Text>
</ProgramReference>
<FUND_OBLG>2019~179938</FUND_OBLG>
<FUND_OBLG>2020~16000</FUND_OBLG>
</Award>
</rootTag>
