<?xml version="1.0" encoding="UTF-8"?>
<rootTag>
<Award>
<AwardTitle>RAPID: An Indigenous-Centered Approach to COVID-19 Vaccine Hesitancy and Acceptance</AwardTitle>
<AGENCY>NSF</AGENCY>
<AwardEffectiveDate>12/01/2021</AwardEffectiveDate>
<AwardExpirationDate>11/30/2022</AwardExpirationDate>
<AwardTotalIntnAmount>199991.00</AwardTotalIntnAmount>
<AwardAmount>199991</AwardAmount>
<AwardInstrument>
<Value>Standard Grant</Value>
</AwardInstrument>
<Organization>
<Code>06090100</Code>
<Directorate>
<Abbreviation>GEO</Abbreviation>
<LongName>Directorate For Geosciences</LongName>
</Directorate>
<Division>
<Abbreviation>OPP</Abbreviation>
<LongName>Office of Polar Programs (OPP)</LongName>
</Division>
</Organization>
<ProgramOfficer>
<SignBlockName>Erica Hill</SignBlockName>
<PO_EMAI>erhill@nsf.gov</PO_EMAI>
<PO_PHON>7032924521</PO_PHON>
</ProgramOfficer>
<AbstractNarration>Investigators on this project will collaborate with tribal health organizations to better understand vaccine decision-making in rural and remote communities in Northwest Alaska, which are currently experiencing some of the highest COVID-19 infection rates in the country. The research has three objectives: identify barriers to vaccine uptake; characterize decision-making dynamics related to vaccine acceptance and hesitancy; and evaluate the impact of public health interventions. The work advances understanding of vaccine acceptance and hesitancy among Alaskans and field tests an innovative public health intervention. &lt;br/&gt;&lt;br/&gt;This community-based study uses mixed methods to collect and analyze data. The PI team will conduct interviews with healthcare providers and community leaders about barriers and opportunities to vaccine uptake. A second set of semi-structured interviews engages participants and household members in storytelling about vaccine decision-making. Topics include values and memories that influenced decision-making and individual experiences of vaccination, infection, and loss of a family member. With participant permission, these stories will form the basis for culturally appropriate outreach materials for use by tribal health organizations. The impact of these materials will be evaluated using focus groups and analysis of social media and community vaccination rates. Project findings will be disseminated to local policymakers in the Northwest Arctic Borough, and through public health conference presentations and peer-reviewed journal publications.&lt;br/&gt;&lt;br/&gt;This award reflects NSF's statutory mission and has been deemed worthy of support through evaluation using the Foundation's intellectual merit and broader impacts review criteria.</AbstractNarration>
<MinAmdLetterDate>12/03/2021</MinAmdLetterDate>
<MaxAmdLetterDate>12/03/2021</MaxAmdLetterDate>
<ARRAAmount/>
<TRAN_TYPE>Grant</TRAN_TYPE>
<CFDA_NUM>47.078</CFDA_NUM>
<NSF_PAR_USE_FLAG>1</NSF_PAR_USE_FLAG>
<FUND_AGCY_CODE>4900</FUND_AGCY_CODE>
<AWDG_AGCY_CODE>4900</AWDG_AGCY_CODE>
<AwardID>2202820</AwardID>
<Investigator>
<FirstName>Laura</FirstName>
<LastName>Eichelberger</LastName>
<PI_MID_INIT>P</PI_MID_INIT>
<PI_SUFX_NAME/>
<PI_FULL_NAME>Laura P Eichelberger</PI_FULL_NAME>
<EmailAddress>lpeichelberger@anthc.org</EmailAddress>
<PI_PHON>9077293633</PI_PHON>
<NSF_ID>000480509</NSF_ID>
<StartDate>12/03/2021</StartDate>
<EndDate/>
<RoleCode>Principal Investigator</RoleCode>
</Investigator>
<Investigator>
<FirstName>Ruby</FirstName>
<LastName>Fried</LastName>
<PI_MID_INIT>L</PI_MID_INIT>
<PI_SUFX_NAME/>
<PI_FULL_NAME>Ruby L Fried</PI_FULL_NAME>
<EmailAddress>rlfried@alaska.edu</EmailAddress>
<PI_PHON>9077866517</PI_PHON>
<NSF_ID>000685062</NSF_ID>
<StartDate>12/03/2021</StartDate>
<EndDate/>
<RoleCode>Co-Principal Investigator</RoleCode>
</Investigator>
<Investigator>
<FirstName>Micah</FirstName>
<LastName>Hahn</LastName>
<PI_MID_INIT/>
<PI_SUFX_NAME/>
<PI_FULL_NAME>Micah Hahn</PI_FULL_NAME>
<EmailAddress>mbhahn@alaska.edu</EmailAddress>
<PI_PHON>9077866577</PI_PHON>
<NSF_ID>000797262</NSF_ID>
<StartDate>12/03/2021</StartDate>
<EndDate/>
<RoleCode>Co-Principal Investigator</RoleCode>
</Investigator>
<Institution>
<Name>Alaska Native Tribal Health Consortium</Name>
<CityName>Anchorage</CityName>
<ZipCode>995085909</ZipCode>
<PhoneNumber>9077291900</PhoneNumber>
<StreetAddress>4000 Ambassador Drive</StreetAddress>
<StreetAddress2/>
<CountryName>United States</CountryName>
<StateName>Alaska</StateName>
<StateCode>AK</StateCode>
<CONGRESSDISTRICT>00</CONGRESSDISTRICT>
<CONGRESS_DISTRICT_ORG>AK00</CONGRESS_DISTRICT_ORG>
<ORG_DUNS_NUM>071375658</ORG_DUNS_NUM>
<ORG_LGL_BUS_NAME>ALASKA NATIVE TRIBAL HEALTH CONSORTIUM</ORG_LGL_BUS_NAME>
<ORG_PRNT_DUNS_NUM>071375658</ORG_PRNT_DUNS_NUM>
</Institution>
<Performance_Institution>
<Name><![CDATA[Alaska Native Tribal Health Consortium]]></Name>
<CityName>Anchorage</CityName>
<StateCode>AK</StateCode>
<ZipCode>995085909</ZipCode>
<StreetAddress><![CDATA[4000 Ambassador Drive]]></StreetAddress>
<CountryCode>US</CountryCode>
<CountryName>United States</CountryName>
<StateName>Alaska</StateName>
<CountryFlag>1</CountryFlag>
<CONGRESSDISTRICT>00</CONGRESSDISTRICT>
<CONGRESS_DISTRICT_PERF>AK00</CONGRESS_DISTRICT_PERF>
</Performance_Institution>
<ProgramElement>
<Code>5221</Code>
<Text>ASSP-Arctic Social Science</Text>
</ProgramElement>
<ProgramReference>
<Code>096Z</Code>
<Text>COVID-19 Research</Text>
</ProgramReference>
<ProgramReference>
<Code>1079</Code>
<Text>ARCTIC RESEARCH</Text>
</ProgramReference>
<ProgramReference>
<Code>5221</Code>
<Text>ARCTIC SOCIAL SCIENCES</Text>
</ProgramReference>
<ProgramReference>
<Code>7914</Code>
<Text>RAPID</Text>
</ProgramReference>
<FUND_OBLG>2022~199991</FUND_OBLG>
</Award>
</rootTag>
