<?xml version="1.0" encoding="UTF-8"?>
<rootTag>
<Award>
<AwardTitle>FW-HTF-T/Collaborative Research: Occupational Exoskeletons and the Human-Technology Partnership: Achieving Scale and Integration into the Future of Work</AwardTitle>
<AGENCY>NSF</AGENCY>
<AwardEffectiveDate>01/01/2022</AwardEffectiveDate>
<AwardExpirationDate>12/31/2026</AwardExpirationDate>
<AwardTotalIntnAmount>3574513.00</AwardTotalIntnAmount>
<AwardAmount>3574513</AwardAmount>
<AwardInstrument>
<Value>Standard Grant</Value>
</AwardInstrument>
<Organization>
<Code>01060500</Code>
<Directorate>
<Abbreviation>O/D</Abbreviation>
<LongName>Office Of The Director</LongName>
</Directorate>
<Division>
<Abbreviation>OIA</Abbreviation>
<LongName>OIA-Office of Integrative Activities</LongName>
</Division>
</Organization>
<ProgramOfficer>
<SignBlockName>Linda Molnar</SignBlockName>
<PO_EMAI>lmolnar@nsf.gov</PO_EMAI>
<PO_PHON>7032928316</PO_PHON>
</ProgramOfficer>
<AbstractNarration>In multiple industrial sectors including manufacturing and construction, industrial exoskeleton technologies have substantial potential to improve productivity, and worker safety and well-being; and to equalize job opportunity by allowing diverse populations to enter and stay employed in physically demanding jobs that are otherwise inaccessible. Despite this potential, and extensive evidence from lab-based studies, exoskeleton technologies are still far from mainstream adoption in industry. Three key barriers inhibiting large-scale exoskeleton deployments are (1) deciding and rationalizing when exoskeletons should be implemented as part of a workflow; (2) understanding the social and organizational climate that is needed for successful implementation in industry; and (3) enabling a faster design-to-device cycle time for new technological solutions in the exoskeleton space. This research project aims to utilize an “at-scale” approach to address these gaps through the development of a modeling approach to predict the biomechanical consequences of exoskeleton use; design of a best-practices implementation approach for exoskeletons while considering socio-technical-organizational factors; and by “closing the loop” by creating a physical robotics platform to serve as an exoskeleton emulator to accelerate exoskeleton design. With the principle of convergence in mind, our proposed work will allow overcoming the noted barriers and will bring theory and practice together by to facilitate the transition of an innovative technology to a new normal. &lt;br/&gt;&lt;br/&gt;This project brings together several disciplines, including robotics, human factors, biomechanics, occupational health and safety, organizational science, psychology, and statistics. The investigator team is structured to achieve multiple convergent goals. First, the proposed research will substantially advance knowledge in modeling of human-exoskeleton interactions to obtain realistic predictions of human joint torques and reaction forces; second, theoretical and methodological innovations will be made in studying a complex socio-technical system at scale; and finally, a wearable robotics emulator will be designed and built to facilitate design modifications and assessment of exoskeleton users’ preferences of support profiles. We will pioneer theoretical advancements in organizational science and psychology, by developing and validating a multilevel model framework that converges two different technology acceptance models (respectively from the individual and organizational perspectives), to understand how individuals and organizations perceive and adopt exoskeletons. In turn, this work will also generate actionable strategies for re-thinking technology design, with our exoskeleton emulator “closing the loop” on the design side. Our work variously includes virtual modeling, physical prototyping, and experimental investigations with a tiered approach that gradually increases in breadth, scale, and complexity. This project has been funded by the Future of Work at the Human-Technology Frontier cross-directorate program to promote deeper basic understanding of the interdependent human-technology partnership in work contexts by advancing design of intelligent work technologies that operate in harmony with human workers.&lt;br/&gt;&lt;br/&gt;This award reflects NSF's statutory mission and has been deemed worthy of support through evaluation using the Foundation's intellectual merit and broader impacts review criteria.</AbstractNarration>
<MinAmdLetterDate>12/14/2021</MinAmdLetterDate>
<MaxAmdLetterDate>12/14/2021</MaxAmdLetterDate>
<ARRAAmount/>
<TRAN_TYPE>Grant</TRAN_TYPE>
<CFDA_NUM>47.041</CFDA_NUM>
<NSF_PAR_USE_FLAG>1</NSF_PAR_USE_FLAG>
<FUND_AGCY_CODE>4900</FUND_AGCY_CODE>
<AWDG_AGCY_CODE>4900</AWDG_AGCY_CODE>
<AwardID>2202862</AwardID>
<Investigator>
<FirstName>Divya</FirstName>
<LastName>Srinivasan</LastName>
<PI_MID_INIT/>
<PI_SUFX_NAME/>
<PI_FULL_NAME>Divya Srinivasan</PI_FULL_NAME>
<EmailAddress>sriniv5@clemson.edu</EmailAddress>
<PI_PHON>8649055645</PI_PHON>
<NSF_ID>000750542</NSF_ID>
<StartDate>12/14/2021</StartDate>
<EndDate/>
<RoleCode>Principal Investigator</RoleCode>
</Investigator>
<Institution>
<Name>Clemson University</Name>
<CityName>CLEMSON</CityName>
<ZipCode>296340001</ZipCode>
<PhoneNumber>8646562424</PhoneNumber>
<StreetAddress>230 Kappa Street</StreetAddress>
<StreetAddress2><![CDATA[Suite 200]]></StreetAddress2>
<CountryName>United States</CountryName>
<StateName>South Carolina</StateName>
<StateCode>SC</StateCode>
<CONGRESSDISTRICT>03</CONGRESSDISTRICT>
<CONGRESS_DISTRICT_ORG>SC03</CONGRESS_DISTRICT_ORG>
<ORG_DUNS_NUM>042629816</ORG_DUNS_NUM>
<ORG_LGL_BUS_NAME>CLEMSON UNIVERSITY</ORG_LGL_BUS_NAME>
<ORG_PRNT_DUNS_NUM>042629816</ORG_PRNT_DUNS_NUM>
</Institution>
<Performance_Institution>
<Name><![CDATA[Clemson University]]></Name>
<CityName/>
<StateCode>SC</StateCode>
<ZipCode>296340001</ZipCode>
<StreetAddress/>
<CountryCode>US</CountryCode>
<CountryName>United States</CountryName>
<StateName>South Carolina</StateName>
<CountryFlag>1</CountryFlag>
<CONGRESSDISTRICT>03</CONGRESSDISTRICT>
<CONGRESS_DISTRICT_PERF>SC03</CONGRESS_DISTRICT_PERF>
</Performance_Institution>
<ProgramElement>
<Code>103Y</Code>
<Text>FW-HTF Futr Wrk Hum-Tech Frntr</Text>
</ProgramElement>
<ProgramReference>
<Code>060Z</Code>
<Text>Convergent Research</Text>
</ProgramReference>
<ProgramReference>
<Code>063Z</Code>
<Text>FW-HTF Futr Wrk Hum-Tech Frntr</Text>
</ProgramReference>
<ProgramReference>
<Code>9102</Code>
<Text>WOMEN, MINORITY, DISABLED, NEC</Text>
</ProgramReference>
<FUND_OBLG>2021~3574513</FUND_OBLG>
</Award>
</rootTag>
