<?xml version="1.0" encoding="UTF-8"?>
<rootTag>
<Award>
<AwardTitle>Generalized Verlinde Bundles and Moduli Spaces of Curves</AwardTitle>
<AGENCY>NSF</AGENCY>
<AwardEffectiveDate>12/01/2021</AwardEffectiveDate>
<AwardExpirationDate>07/31/2022</AwardExpirationDate>
<AwardTotalIntnAmount>163995.00</AwardTotalIntnAmount>
<AwardAmount>75999</AwardAmount>
<AwardInstrument>
<Value>Continuing Grant</Value>
</AwardInstrument>
<Organization>
<Code>03040000</Code>
<Directorate>
<Abbreviation>MPS</Abbreviation>
<LongName>Direct For Mathematical &amp; Physical Scien</LongName>
</Directorate>
<Division>
<Abbreviation>DMS</Abbreviation>
<LongName>Division Of Mathematical Sciences</LongName>
</Division>
</Organization>
<ProgramOfficer>
<SignBlockName>James Matthew Douglass</SignBlockName>
<PO_EMAI>mdouglas@nsf.gov</PO_EMAI>
<PO_PHON>7032922467</PO_PHON>
</ProgramOfficer>
<AbstractNarration>Moduli spaces reveal how objects of a particular type behave in families. Results about individual mathematical objects that are unreachable by other means can often be proved by considering them as members of a family of similar objects, that is, as points in a moduli space. Important examples are given by moduli spaces of curves, which give insight into the study of smooth curves and their degenerations, and are a prototype for researchers studying moduli spaces of higher dimensional varieties. Moreover, as curves arise in so many contexts, moduli spaces of curves are a common meeting ground, connected in a fundamental way with many disparate fields of mathematics and mathematical physics.&lt;br/&gt;&lt;br/&gt;This is a project to study sheaves on moduli spaces of pointed curves defined using representations of vertex operator algebras. These  sheaves provide a natural generalization of Verlinde bundles, also known as vector bundles of conformal blocks, which have played an important role in understanding the birational geometry of moduli spaces of curves, particularly in the case of curves of genus zero, where they are known to be globally generated. Specifically, this research will enlarge the class of vector bundles with good combinatorial properties defined on moduli spaces of curves, find geometric interpretations for basepoint free classes on these moduli spaces in terms of vector bundles, and use the resulting information to characterize morphisms to these moduli spaces.&lt;br/&gt;&lt;br/&gt;This award reflects NSF's statutory mission and has been deemed worthy of support through evaluation using the Foundation's intellectual merit and broader impacts review criteria.</AbstractNarration>
<MinAmdLetterDate>11/19/2021</MinAmdLetterDate>
<MaxAmdLetterDate>11/19/2021</MaxAmdLetterDate>
<ARRAAmount/>
<TRAN_TYPE>Grant</TRAN_TYPE>
<CFDA_NUM>47.049</CFDA_NUM>
<NSF_PAR_USE_FLAG>1</NSF_PAR_USE_FLAG>
<FUND_AGCY_CODE>4900</FUND_AGCY_CODE>
<AWDG_AGCY_CODE>4900</AWDG_AGCY_CODE>
<AwardID>2202068</AwardID>
<Investigator>
<FirstName>Angela</FirstName>
<LastName>Gibney</LastName>
<PI_MID_INIT>C</PI_MID_INIT>
<PI_SUFX_NAME/>
<PI_FULL_NAME>Angela C Gibney</PI_FULL_NAME>
<EmailAddress>angela.gibney@gmail.com</EmailAddress>
<PI_PHON>2157561571</PI_PHON>
<NSF_ID>000444032</NSF_ID>
<StartDate>11/19/2021</StartDate>
<EndDate/>
<RoleCode>Principal Investigator</RoleCode>
</Investigator>
<Institution>
<Name>University of Pennsylvania</Name>
<CityName>Philadelphia</CityName>
<ZipCode>191046205</ZipCode>
<PhoneNumber>2158987293</PhoneNumber>
<StreetAddress>Research Services</StreetAddress>
<StreetAddress2><![CDATA[3451 Walnut St, 5th Flr Franklin]]></StreetAddress2>
<CountryName>United States</CountryName>
<StateName>Pennsylvania</StateName>
<StateCode>PA</StateCode>
<CONGRESSDISTRICT>03</CONGRESSDISTRICT>
<CONGRESS_DISTRICT_ORG>PA03</CONGRESS_DISTRICT_ORG>
<ORG_DUNS_NUM>042250712</ORG_DUNS_NUM>
<ORG_LGL_BUS_NAME>TRUSTEES OF THE UNIVERSITY OF PENNSYLVANIA, THE</ORG_LGL_BUS_NAME>
<ORG_PRNT_DUNS_NUM>042250712</ORG_PRNT_DUNS_NUM>
</Institution>
<Performance_Institution>
<Name><![CDATA[University of Pennsylvania]]></Name>
<CityName>Philadelphia</CityName>
<StateCode>PA</StateCode>
<ZipCode>191046395</ZipCode>
<StreetAddress><![CDATA[209 South 33rd Street]]></StreetAddress>
<CountryCode>US</CountryCode>
<CountryName>United States</CountryName>
<StateName>Pennsylvania</StateName>
<CountryFlag>1</CountryFlag>
<CONGRESSDISTRICT>03</CONGRESSDISTRICT>
<CONGRESS_DISTRICT_PERF>PA03</CONGRESS_DISTRICT_PERF>
</Performance_Institution>
<ProgramElement>
<Code>1264</Code>
<Text>ALGEBRA,NUMBER THEORY,AND COM</Text>
</ProgramElement>
<FUND_OBLG>2020~20402</FUND_OBLG>
<FUND_OBLG>2021~55597</FUND_OBLG>
</Award>
</rootTag>
