<?xml version="1.0" encoding="UTF-8"?>
<rootTag>
<Award>
<AwardTitle>Student &amp; Early Career Researcher Support for the 2022 U.S. Semantic Technologies Symposium (US2TS)</AwardTitle>
<AGENCY>NSF</AGENCY>
<AwardEffectiveDate>02/01/2022</AwardEffectiveDate>
<AwardExpirationDate>12/31/2022</AwardExpirationDate>
<AwardTotalIntnAmount>14950.00</AwardTotalIntnAmount>
<AwardAmount>14950</AwardAmount>
<AwardInstrument>
<Value>Standard Grant</Value>
</AwardInstrument>
<Organization>
<Code>05020000</Code>
<Directorate>
<Abbreviation>CSE</Abbreviation>
<LongName>Direct For Computer &amp; Info Scie &amp; Enginr</LongName>
</Directorate>
<Division>
<Abbreviation>IIS</Abbreviation>
<LongName>Div Of Information &amp; Intelligent Systems</LongName>
</Division>
</Organization>
<ProgramOfficer>
<SignBlockName>Hector Munoz-Avila</SignBlockName>
<PO_EMAI>hmunoz@nsf.gov</PO_EMAI>
<PO_PHON>7032924481</PO_PHON>
</ProgramOfficer>
<AbstractNarration>This award provides travel support to ten students and five early career researchers (e.g., postdoctoral researchers) at U.S. institutions, enabling them to participle during the 4th U.S. Semantic Technologies Symposium (US2TS), held March 9-11, 2022 in East Lansing, Michigan (http://www.us2ts.org). The Semantic Web is an inherently multi-disciplinary field. Yet, the division between computer science, natural science and social science limits the formation of a coherent research agenda for exploring emerging trends in Semantic Technologies. There is a need to sustain the U.S. Semantic Web community and maintain the research network among Semantic Web practitioners in different domains, which has only become more important since this series' inception. The increasing demand of data-intensive research and the multidisciplinary characteristics of Semantic Web applications make it crucial to maintain and expand the existing workforce through outreach to students to foster future scientific innovation across disciplines. Several activities will be organized for the student participants during the symposium. The students, including underrepresented groups (women and minorities) and undergraduates will have the opportunity to network with each other and the experienced researchers attending the symposium, gaining valuable experience that will enable them to foster long-lasting interdisciplinary and national-wide collaborations among a new generation of Semantic Web practitioners who will ultimately shape the future of Semantic Web research and applications at all levels. Early career researchers will be supported to enable travel to this important networking event in order to drive scientific innovation, but as well grow possible networks of collaborators. &lt;br/&gt;&lt;br/&gt;Cross-disciplinary and cross-sectoral communication and networking among Semantic Web researchers, students and practitioners is the core of the US2TS. With an ever-growing dependence on the web, and the continuously increasing importance of large-scale data sharing, integration, and reuse, researchers in various disciplines, there is a need to strengthen these efforts. US2TS has goal to stimulate community consolidation and the building of a U.S.-based community research network. The symposium provides a forum by which participants can share information and ideas, coordinate ongoing or planned research activities, foster synthesis and new collaborations, develop community standards, and advance science and education through communication and the sharing of ideas. Student participation in US2TS is expected to improve understanding and skills of open data and open science among the next generation scientists, as Semantic Web technologies are closely relevant to those topics.&lt;br/&gt;&lt;br/&gt;This award reflects NSF's statutory mission and has been deemed worthy of support through evaluation using the Foundation's intellectual merit and broader impacts review criteria.</AbstractNarration>
<MinAmdLetterDate>01/18/2022</MinAmdLetterDate>
<MaxAmdLetterDate>01/18/2022</MaxAmdLetterDate>
<ARRAAmount/>
<TRAN_TYPE>Grant</TRAN_TYPE>
<CFDA_NUM>47.070</CFDA_NUM>
<NSF_PAR_USE_FLAG>1</NSF_PAR_USE_FLAG>
<FUND_AGCY_CODE>4900</FUND_AGCY_CODE>
<AWDG_AGCY_CODE>4900</AWDG_AGCY_CODE>
<AwardID>2202167</AwardID>
<Investigator>
<FirstName>Dean</FirstName>
<LastName>Rehberger</LastName>
<PI_MID_INIT>A</PI_MID_INIT>
<PI_SUFX_NAME/>
<PI_FULL_NAME>Dean A Rehberger</PI_FULL_NAME>
<EmailAddress>rehberge@msu.edu</EmailAddress>
<PI_PHON>5173559300</PI_PHON>
<NSF_ID>000340125</NSF_ID>
<StartDate>01/18/2022</StartDate>
<EndDate/>
<RoleCode>Co-Principal Investigator</RoleCode>
</Investigator>
<Investigator>
<FirstName>Pascal</FirstName>
<LastName>Hitzler</LastName>
<PI_MID_INIT/>
<PI_SUFX_NAME/>
<PI_FULL_NAME>Pascal Hitzler</PI_FULL_NAME>
<EmailAddress>hitzler@ksu.edu</EmailAddress>
<PI_PHON>7855326350</PI_PHON>
<NSF_ID>000548535</NSF_ID>
<StartDate>01/18/2022</StartDate>
<EndDate/>
<RoleCode>Co-Principal Investigator</RoleCode>
</Investigator>
<Investigator>
<FirstName>Anne</FirstName>
<LastName>Thessen</LastName>
<PI_MID_INIT/>
<PI_SUFX_NAME/>
<PI_FULL_NAME>Anne Thessen</PI_FULL_NAME>
<EmailAddress>annethessen@gmail.com</EmailAddress>
<PI_PHON>4432259185</PI_PHON>
<NSF_ID>000630982</NSF_ID>
<StartDate>01/18/2022</StartDate>
<EndDate/>
<RoleCode>Co-Principal Investigator</RoleCode>
</Investigator>
<Investigator>
<FirstName>Cogan</FirstName>
<LastName>Shimizu</LastName>
<PI_MID_INIT>M</PI_MID_INIT>
<PI_SUFX_NAME/>
<PI_FULL_NAME>Cogan M Shimizu</PI_FULL_NAME>
<EmailAddress>coganmshimizu@ksu.edu</EmailAddress>
<PI_PHON>7083747246</PI_PHON>
<NSF_ID>000826286</NSF_ID>
<StartDate>01/18/2022</StartDate>
<EndDate/>
<RoleCode>Principal Investigator</RoleCode>
</Investigator>
<Investigator>
<FirstName>Hande</FirstName>
<LastName>McGinty</LastName>
<PI_MID_INIT/>
<PI_SUFX_NAME/>
<PI_FULL_NAME>Hande McGinty</PI_FULL_NAME>
<EmailAddress>hande@ohio.edu</EmailAddress>
<PI_PHON>3053302629</PI_PHON>
<NSF_ID>000865821</NSF_ID>
<StartDate>01/18/2022</StartDate>
<EndDate/>
<RoleCode>Co-Principal Investigator</RoleCode>
</Investigator>
<Institution>
<Name>Kansas State University</Name>
<CityName>Manhattan</CityName>
<ZipCode>665061100</ZipCode>
<PhoneNumber>7855326804</PhoneNumber>
<StreetAddress>2 FAIRCHILD HALL</StreetAddress>
<StreetAddress2><![CDATA[1601 VATTIER STREET]]></StreetAddress2>
<CountryName>United States</CountryName>
<StateName>Kansas</StateName>
<StateCode>KS</StateCode>
<CONGRESSDISTRICT>01</CONGRESSDISTRICT>
<CONGRESS_DISTRICT_ORG>KS01</CONGRESS_DISTRICT_ORG>
<ORG_DUNS_NUM>929773554</ORG_DUNS_NUM>
<ORG_LGL_BUS_NAME>KANSAS STATE UNIVERSITY</ORG_LGL_BUS_NAME>
<ORG_PRNT_DUNS_NUM>041146432</ORG_PRNT_DUNS_NUM>
</Institution>
<Performance_Institution>
<Name><![CDATA[Kansas State University]]></Name>
<CityName>Manhattan</CityName>
<StateCode>KS</StateCode>
<ZipCode>665061103</ZipCode>
<StreetAddress><![CDATA[2 Fairchild Hall, 1601 Vattier S]]></StreetAddress>
<CountryCode>US</CountryCode>
<CountryName>United States</CountryName>
<StateName>Kansas</StateName>
<CountryFlag>1</CountryFlag>
<CONGRESSDISTRICT>01</CONGRESSDISTRICT>
<CONGRESS_DISTRICT_PERF>KS01</CONGRESS_DISTRICT_PERF>
</Performance_Institution>
<ProgramElement>
<Code>7364</Code>
<Text>Info Integration &amp; Informatics</Text>
</ProgramElement>
<ProgramReference>
<Code>7364</Code>
<Text>INFO INTEGRATION &amp; INFORMATICS</Text>
</ProgramReference>
<ProgramReference>
<Code>7556</Code>
<Text>CONFERENCE AND WORKSHOPS</Text>
</ProgramReference>
<ProgramReference>
<Code>9150</Code>
<Text>EXP PROG TO STIM COMP RES</Text>
</ProgramReference>
<FUND_OBLG>2022~14950</FUND_OBLG>
</Award>
</rootTag>
