<?xml version="1.0" encoding="UTF-8"?>
<rootTag>
<Award>
<AwardTitle>Collaborative Research: SWIFT: LARGE: AI-Enabled Spectrum Coexistence between Active Communications and Passive Radio Services: Fundamentals, Testbed and Data</AwardTitle>
<AGENCY>NSF</AGENCY>
<AwardEffectiveDate>10/01/2021</AwardEffectiveDate>
<AwardExpirationDate>09/30/2023</AwardExpirationDate>
<AwardTotalIntnAmount>200000.00</AwardTotalIntnAmount>
<AwardAmount>194076</AwardAmount>
<AwardInstrument>
<Value>Standard Grant</Value>
</AwardInstrument>
<Organization>
<Code>07010000</Code>
<Directorate>
<Abbreviation>ENG</Abbreviation>
<LongName>Directorate For Engineering</LongName>
</Directorate>
<Division>
<Abbreviation>ECCS</Abbreviation>
<LongName>Div Of Electrical, Commun &amp; Cyber Sys</LongName>
</Division>
</Organization>
<ProgramOfficer>
<SignBlockName>Alhussein Abouzeid</SignBlockName>
<PO_EMAI>aabouzei@nsf.gov</PO_EMAI>
<PO_PHON>7032928950</PO_PHON>
</ProgramOfficer>
<AbstractNarration>Passive remote sensing services are indispensable in modern society. One important remote sensing application for Earth science and climate studies is soil moisture monitoring, which provides crucial information for agricultural management; forecasting severe weather, floods and droughts; and climate modeling and prediction. In parallel, modern society also depends heavily on active wireless communications technologies for commerce, transportation, health, science, and defense. Unfortunately, the growth of active wireless systems often increases radio frequency (RF) interference (RFI) experienced by passive systems. At best, RFI may reduce the accuracy of the passive system's measurements; at worst, it may render them useless. The goal of this project is to develop advanced signal processing, resource management and artificial intelligence (AI) techniques at the active and passive users to enable them to coexist in the same RF bands, thereby making more spectrum available to active systems while protecting the passive systems from RFI. The results will be presented to scientists, regulators, industry and standardization bodies that shape future wireless systems and spectrum access rules. The project will support the PIs’ efforts to broaden the participation of students from underrepresented minority groups in engineering in collaboration with well-established programs at their institutions. Students trained through this project will be positioned to pioneer advanced wireless systems that are adaptable and can operate outside of dedicated RF spectrum. The testbed technology, methodology, and collected datasets will be shared with the scientific community and public through repositories and community research testbeds. &lt;br/&gt;&lt;br/&gt;This project combines emerging technologies to address research challenges across multiple layers of the network protocol stack and across active and passive RF systems to tackle the critical problem of active-passive RF spectrum coexistence. It develops novel sparsity and AI-based RFI detection and mitigation techniques at the physical and application layers of passive sensing systems. It introduces a wireless channel virtualization and waveform optimization framework at the physical layer of active transceivers—applicable to current and next generation wireless systems—to enable AI-based sparse time-frequency scheduling at the active transmitter's physical and medium access control layers. The proposed algorithms and waveforms will be co-optimized with the passive sensing system's RFI detection and mitigation strategy using offline training to further improve spectrum coexistence. To this end, the project is designing and developing a one-of-a-kind testbed in collaboration with NASA for collecting, processing and sharing remote sensing datasets in conjunction with ground and drone-based active communication systems with ground truth data.&lt;br/&gt;&lt;br/&gt;This award reflects NSF's statutory mission and has been deemed worthy of support through evaluation using the Foundation's intellectual merit and broader impacts review criteria.</AbstractNarration>
<MinAmdLetterDate>12/22/2021</MinAmdLetterDate>
<MaxAmdLetterDate>12/22/2021</MaxAmdLetterDate>
<ARRAAmount/>
<TRAN_TYPE>Grant</TRAN_TYPE>
<CFDA_NUM>47.070</CFDA_NUM>
<NSF_PAR_USE_FLAG>1</NSF_PAR_USE_FLAG>
<FUND_AGCY_CODE>4900</FUND_AGCY_CODE>
<AWDG_AGCY_CODE>4900</AWDG_AGCY_CODE>
<AwardID>2202972</AwardID>
<Investigator>
<FirstName>Fatemeh</FirstName>
<LastName>Afghah</LastName>
<PI_MID_INIT/>
<PI_SUFX_NAME/>
<PI_FULL_NAME>Fatemeh Afghah</PI_FULL_NAME>
<EmailAddress>fafghah@clemson.edu</EmailAddress>
<PI_PHON>8646565913</PI_PHON>
<NSF_ID>000660162</NSF_ID>
<StartDate>12/22/2021</StartDate>
<EndDate/>
<RoleCode>Principal Investigator</RoleCode>
</Investigator>
<Institution>
<Name>Clemson University</Name>
<CityName>CLEMSON</CityName>
<ZipCode>296340001</ZipCode>
<PhoneNumber>8646562424</PhoneNumber>
<StreetAddress>230 Kappa Street</StreetAddress>
<StreetAddress2><![CDATA[Suite 200]]></StreetAddress2>
<CountryName>United States</CountryName>
<StateName>South Carolina</StateName>
<StateCode>SC</StateCode>
<CONGRESSDISTRICT>03</CONGRESSDISTRICT>
<CONGRESS_DISTRICT_ORG>SC03</CONGRESS_DISTRICT_ORG>
<ORG_DUNS_NUM>042629816</ORG_DUNS_NUM>
<ORG_LGL_BUS_NAME>CLEMSON UNIVERSITY</ORG_LGL_BUS_NAME>
<ORG_PRNT_DUNS_NUM>042629816</ORG_PRNT_DUNS_NUM>
</Institution>
<Performance_Institution>
<Name><![CDATA[Clemson University]]></Name>
<CityName/>
<StateCode>SC</StateCode>
<ZipCode>296340001</ZipCode>
<StreetAddress/>
<CountryCode>US</CountryCode>
<CountryName>United States</CountryName>
<StateName>South Carolina</StateName>
<CountryFlag>1</CountryFlag>
<CONGRESSDISTRICT>03</CONGRESSDISTRICT>
<CONGRESS_DISTRICT_PERF>SC03</CONGRESS_DISTRICT_PERF>
</Performance_Institution>
<ProgramElement>
<Code>1714</Code>
<Text>Special Projects - CNS</Text>
</ProgramElement>
<ProgramElement>
<Code>7363</Code>
<Text>Networking Technology and Syst</Text>
</ProgramElement>
<ProgramReference>
<Code>096E</Code>
<Text>High freq comm/sensing circuits</Text>
</ProgramReference>
<ProgramReference>
<Code>105E</Code>
<Text>RF/Microwave &amp; mm-wave tech</Text>
</ProgramReference>
<ProgramReference>
<Code>9102</Code>
<Text>WOMEN, MINORITY, DISABLED, NEC</Text>
</ProgramReference>
<ProgramReference>
<Code>9150</Code>
<Text>EXP PROG TO STIM COMP RES</Text>
</ProgramReference>
<FUND_OBLG>2020~194075</FUND_OBLG>
</Award>
</rootTag>
