<?xml version="1.0" encoding="UTF-8"?>
<rootTag>
<Award>
<AwardTitle>Geometric Variational Problems and Scalar Curvature</AwardTitle>
<AGENCY>NSF</AGENCY>
<AwardEffectiveDate>11/15/2021</AwardEffectiveDate>
<AwardExpirationDate>06/30/2023</AwardExpirationDate>
<AwardTotalIntnAmount>174485.00</AwardTotalIntnAmount>
<AwardAmount>77792</AwardAmount>
<AwardInstrument>
<Value>Standard Grant</Value>
</AwardInstrument>
<Organization>
<Code>03040000</Code>
<Directorate>
<Abbreviation>MPS</Abbreviation>
<LongName>Direct For Mathematical &amp; Physical Scien</LongName>
</Directorate>
<Division>
<Abbreviation>DMS</Abbreviation>
<LongName>Division Of Mathematical Sciences</LongName>
</Division>
</Organization>
<ProgramOfficer>
<SignBlockName>Krishnan Shankar</SignBlockName>
<PO_EMAI>kshankar@nsf.gov</PO_EMAI>
<PO_PHON>7032924703</PO_PHON>
</ProgramOfficer>
<AbstractNarration>One aspect of the proposed research has to do with the geometry and topology of manifolds with scalar curvature lower bounds. Scalar curvature is the simplest curvature invariant of a Riemannian manifold. It represents the amount by which the volume of a small geodesic ball in a Riemannian manifold deviates from that of the standard ball in Euclidean space. Scalar curvature also arises in natural sciences. For instance, in general relativity, it is the Lagrangian density of the Einstein-Hilbert action. A natural and deep question in geometry, topology and mathematical physics is to understand the affect of scalar curvature conditions on a manifold. The other main area of investigation concerns minimal surfaces. Minimal surfaces arise as the mathematical model of a number of interfaces in nature. In mathematical model of general relativity, minimal surfaces occur as “apparent horizons” of black holes; soap films and capillary interfaces also provide examples of minimal surfaces. The PI will investigate the existence, regularity and topology of minimal surfaces. The two aspects proposed here are deeply connected via geometric variational theory.&lt;br/&gt;&lt;br/&gt;The project concerns a range topics on differential geometry, geometric measure theory and partial differential equations. A main theme of the research in geometry will be a geometric comparison theorem for scalar curvature using Riemannian polyhedra, with the aim to define weak notions of positive scalar curvature on spaces with low regularity. The PI plans to continue his investigations into such a theorem for more general polytopes, especially simplexes of higher dimensions, and its connection to quasi-local mass in general relativity. The PI also plans to continue his investigation on the structure of moduli spaces of manifolds with positive scalar curvature and mean convex boundary, including studying its high homotopy groups, and the structure of moduli spaces defined by other related curvature conditions. In addition, the PI will study singular spaces with scalar curvature lower bounds, and understand when such a singular manifold arises as a certain limit of smooth manifolds with same assumptions. A central tool in the PI’s research is the theory of minimal varieties. The PI plans to understand the existence and regularity of minimal surfaces with free boundary and capillary boundary conditions in general Lipschitz domains, especially in locally convex polyhedral domains. He also plans to establish a general existence theory of capillary surfaces via a min-max construction.&lt;br/&gt;&lt;br/&gt;This award reflects NSF's statutory mission and has been deemed worthy of support through evaluation using the Foundation's intellectual merit and broader impacts review criteria.</AbstractNarration>
<MinAmdLetterDate>11/16/2021</MinAmdLetterDate>
<MaxAmdLetterDate>11/16/2021</MaxAmdLetterDate>
<ARRAAmount/>
<TRAN_TYPE>Grant</TRAN_TYPE>
<CFDA_NUM>47.049</CFDA_NUM>
<NSF_PAR_USE_FLAG>1</NSF_PAR_USE_FLAG>
<FUND_AGCY_CODE>4900</FUND_AGCY_CODE>
<AWDG_AGCY_CODE>4900</AWDG_AGCY_CODE>
<AwardID>2202343</AwardID>
<Investigator>
<FirstName>Chao</FirstName>
<LastName>Li</LastName>
<PI_MID_INIT/>
<PI_SUFX_NAME/>
<PI_FULL_NAME>Chao Li</PI_FULL_NAME>
<EmailAddress>chaoli@nyu.edu</EmailAddress>
<PI_PHON>6507399165</PI_PHON>
<NSF_ID>000790335</NSF_ID>
<StartDate>11/16/2021</StartDate>
<EndDate/>
<RoleCode>Principal Investigator</RoleCode>
</Investigator>
<Institution>
<Name>New York University</Name>
<CityName>NEW YORK</CityName>
<ZipCode>100121019</ZipCode>
<PhoneNumber>2129982121</PhoneNumber>
<StreetAddress>70 WASHINGTON SQUARE S</StreetAddress>
<StreetAddress2/>
<CountryName>United States</CountryName>
<StateName>New York</StateName>
<StateCode>NY</StateCode>
<CONGRESSDISTRICT>10</CONGRESSDISTRICT>
<CONGRESS_DISTRICT_ORG>NY10</CONGRESS_DISTRICT_ORG>
<ORG_DUNS_NUM>041968306</ORG_DUNS_NUM>
<ORG_LGL_BUS_NAME>NEW YORK UNIVERSITY</ORG_LGL_BUS_NAME>
<ORG_PRNT_DUNS_NUM>041968306</ORG_PRNT_DUNS_NUM>
</Institution>
<Performance_Institution>
<Name><![CDATA[New York University]]></Name>
<CityName>New York</CityName>
<StateCode>NY</StateCode>
<ZipCode>100118868</ZipCode>
<StreetAddress><![CDATA[60 5th Ave]]></StreetAddress>
<CountryCode>US</CountryCode>
<CountryName>United States</CountryName>
<StateName>New York</StateName>
<CountryFlag>1</CountryFlag>
<CONGRESSDISTRICT>10</CONGRESSDISTRICT>
<CONGRESS_DISTRICT_PERF>NY10</CONGRESS_DISTRICT_PERF>
</Performance_Institution>
<ProgramElement>
<Code>1265</Code>
<Text>GEOMETRIC ANALYSIS</Text>
</ProgramElement>
<FUND_OBLG>2020~77792</FUND_OBLG>
</Award>
</rootTag>
