<?xml version="1.0" encoding="UTF-8"?>
<rootTag>
<Award>
<AwardTitle>Controlled Interphases by ATRP: Polymeric Brushes and Functional Networks</AwardTitle>
<AGENCY>NSF</AGENCY>
<AwardEffectiveDate>06/01/2022</AwardEffectiveDate>
<AwardExpirationDate>05/31/2027</AwardExpirationDate>
<AwardTotalIntnAmount>1000000.00</AwardTotalIntnAmount>
<AwardAmount>400000</AwardAmount>
<AwardInstrument>
<Value>Continuing Grant</Value>
</AwardInstrument>
<Organization>
<Code>03070000</Code>
<Directorate>
<Abbreviation>MPS</Abbreviation>
<LongName>Direct For Mathematical &amp; Physical Scien</LongName>
</Directorate>
<Division>
<Abbreviation>DMR</Abbreviation>
<LongName>Division Of Materials Research</LongName>
</Division>
</Organization>
<ProgramOfficer>
<SignBlockName>Andrew Lovinger</SignBlockName>
<PO_EMAI>alovinge@nsf.gov</PO_EMAI>
<PO_PHON>7032924933</PO_PHON>
</ProgramOfficer>
<AbstractNarration>NON-TECHNICAL SUMMARY:&lt;br/&gt;&lt;br/&gt;The Division of Materials Research supports Professor Krzysztof Matyjaszewski at Carnegie Mellon University to prepare and study controlled interphases between the surface of liquid or solid substrates and well-defined polymers synthesized by atom transfer radical polymerization (ATRP). The substrates include liquid metals such as eutectic gallium-indium alloy (EGaIn), artificial solid electrolyte interphases and solid polymer electrolytes in lithium metal batteries, as well as surfaces of swollen nanogels, macrogels, and vesicles. Two main ATRP techniques will be used, grafting-from and grafting-onto. Precise control of interphases is challenging due to a very small amount of available materials. However, the interphases define many critically important properties related to stability of the sub-micrometer layer, interactions with both neighboring phases, dispersability of nanoparticles, transport phenomena, (bio)compatibility, friction and other properties affecting macroscopic performance. Materials prepared in this project should have several interesting applications depending on the substrates. Liquid metal functionalized systems could find potential uses to enhance properties of materials used for soft robotics and as solid electrolytes for lithium metal batteries. Highly functional resin particles will be used as novel recyclable supports for solid phase polymer synthesis and also in synthesis of bioconjugates. In addition to these scientific activities, this work has broader impacts through education and outreach. In this project, Professor Matyjaszewski will train postdoctoral fellows, graduate, and undergraduate students in polymer synthesis and polymer interphases with potential applications in energy storage, soft robotics, and bioconjugations. He will also provide public education about preparation and importance of controlled interphases via instructional webpages and videos. &lt;br/&gt;&lt;br/&gt;&lt;br/&gt;TECHNICAL SUMMARY:&lt;br/&gt;&lt;br/&gt;With support from the Division of Materials Research, Professor Matyjaszewski and his team will explore preparation of controlled interphases between the surface of liquid or solid substrates and well-defined polymers synthesized by ATRP. He will investigate the effect of precise anchoring on the substrate surface of either functionalized polymer chains or ATRP (macro)initiators followed by polymer growth, as well as their influence on the properties of interphases. He will use polyacrylates with ether linkers between oligo(ethylene oxide) chain and polymer backbone, which are much more hydrolytically stable than well-known isomeric polymethacrylate with oligo(ethylene oxide) chains linked by ester moiety. This will provide enhanced stability of polymers and related networks and an additional possibility of introducing to the polymer backbones other functional groups, such as acids, amides, hydrazides, alcohols and several other moieties for specific applications. Professor Matyjaszewski will also introduce branching to polymeric grafts and crosslinking to artificial solid electrolyte interphases to suppress growth of lithium dendrites and enhance performance of lithium metal batteries. The grafting-from and grafting-onto by ATRP will be applied to swellable gels and liquid metals. Thus, he will use ATRP to graft polymer chains of different architecture (linear, branched and crosslinked) from liquid droplets of eutectic gallium-indium alloys, swollen nano- and macroparticles, and vesicles. Highly functional resin particles will be used as novel recyclable supports for solid phase polymer synthesis and as easily removable sacrificial initiators in synthesis of specialized bioconjugates. Therefore, the precise control of polymers at interphases at solid and liquid substrates will provide attractive materials for soft robotics and for energy- or bio-related applications.  &lt;br/&gt;.&lt;br/&gt;&lt;br/&gt;This award reflects NSF's statutory mission and has been deemed worthy of support through evaluation using the Foundation's intellectual merit and broader impacts review criteria.</AbstractNarration>
<MinAmdLetterDate>01/20/2022</MinAmdLetterDate>
<MaxAmdLetterDate>01/20/2022</MaxAmdLetterDate>
<ARRAAmount/>
<TRAN_TYPE>Grant</TRAN_TYPE>
<CFDA_NUM>47.049</CFDA_NUM>
<NSF_PAR_USE_FLAG>1</NSF_PAR_USE_FLAG>
<FUND_AGCY_CODE>4900</FUND_AGCY_CODE>
<AWDG_AGCY_CODE>4900</AWDG_AGCY_CODE>
<AwardID>2202747</AwardID>
<Investigator>
<FirstName>Krzysztof</FirstName>
<LastName>Matyjaszewski</LastName>
<PI_MID_INIT/>
<PI_SUFX_NAME/>
<PI_FULL_NAME>Krzysztof Matyjaszewski</PI_FULL_NAME>
<EmailAddress>km3b@andrew.cmu.edu</EmailAddress>
<PI_PHON>4122683209</PI_PHON>
<NSF_ID>000265803</NSF_ID>
<StartDate>01/20/2022</StartDate>
<EndDate/>
<RoleCode>Principal Investigator</RoleCode>
</Investigator>
<Institution>
<Name>Carnegie-Mellon University</Name>
<CityName>PITTSBURGH</CityName>
<ZipCode>152133815</ZipCode>
<PhoneNumber>4122688746</PhoneNumber>
<StreetAddress>5000 Forbes Avenue</StreetAddress>
<StreetAddress2><![CDATA[WQED Building]]></StreetAddress2>
<CountryName>United States</CountryName>
<StateName>Pennsylvania</StateName>
<StateCode>PA</StateCode>
<CONGRESSDISTRICT>18</CONGRESSDISTRICT>
<CONGRESS_DISTRICT_ORG>PA18</CONGRESS_DISTRICT_ORG>
<ORG_DUNS_NUM>052184116</ORG_DUNS_NUM>
<ORG_LGL_BUS_NAME>CARNEGIE MELLON UNIVERSITY</ORG_LGL_BUS_NAME>
<ORG_PRNT_DUNS_NUM>052184116</ORG_PRNT_DUNS_NUM>
</Institution>
<Performance_Institution>
<Name><![CDATA[Carnegie-Mellon University]]></Name>
<CityName>Pittsburgh</CityName>
<StateCode>PA</StateCode>
<ZipCode>152133890</ZipCode>
<StreetAddress><![CDATA[5000 Forbes Avenue]]></StreetAddress>
<CountryCode>US</CountryCode>
<CountryName>United States</CountryName>
<StateName>Pennsylvania</StateName>
<CountryFlag>1</CountryFlag>
<CONGRESSDISTRICT>18</CONGRESSDISTRICT>
<CONGRESS_DISTRICT_PERF>PA18</CONGRESS_DISTRICT_PERF>
</Performance_Institution>
<ProgramElement>
<Code>1773</Code>
<Text>POLYMERS</Text>
</ProgramElement>
<ProgramReference>
<Code>7237</Code>
<Text>NANO NON-SOLIC SCI &amp; ENG AWD</Text>
</ProgramReference>
<ProgramReference>
<Code>8396</Code>
<Text>Clean Energy Technology</Text>
</ProgramReference>
<ProgramReference>
<Code>8399</Code>
<Text>Energy Storage or Transmission</Text>
</ProgramReference>
<ProgramReference>
<Code>8614</Code>
<Text>Nanomaterials</Text>
</ProgramReference>
<FUND_OBLG>2022~400000</FUND_OBLG>
</Award>
</rootTag>
