<?xml version="1.0" encoding="UTF-8"?>
<rootTag>
<Award>
<AwardTitle>Applications of Model Theory to Functional Transcendence</AwardTitle>
<AGENCY>NSF</AGENCY>
<AwardEffectiveDate>10/01/2021</AwardEffectiveDate>
<AwardExpirationDate>06/30/2024</AwardExpirationDate>
<AwardTotalIntnAmount>144760.00</AwardTotalIntnAmount>
<AwardAmount>113918</AwardAmount>
<AwardInstrument>
<Value>Standard Grant</Value>
</AwardInstrument>
<Organization>
<Code>03040000</Code>
<Directorate>
<Abbreviation>MPS</Abbreviation>
<LongName>Direct For Mathematical &amp; Physical Scien</LongName>
</Directorate>
<Division>
<Abbreviation>DMS</Abbreviation>
<LongName>Division Of Mathematical Sciences</LongName>
</Division>
</Organization>
<ProgramOfficer>
<SignBlockName>Tomek Bartoszynski</SignBlockName>
<PO_EMAI>tbartosz@nsf.gov</PO_EMAI>
<PO_PHON>7032924885</PO_PHON>
</ProgramOfficer>
<AbstractNarration>This project focuses on the study of certain special functions which appear naturally in several physical applications as well as in important problems in mathematics: the uniformization functions of geometric structures, the Painlevé transcendents and the Schwarzian functions. The investigator will use model theory, a branch of mathematical logic, combined with other areas of mathematics, such as geometry and algebra, to answer far-reaching questions in functional transcendence theory related to the existence of algebraic relations among the special functions. Applications of this study to other areas of mathematics, such as number theory, is also a major goal of the project.&lt;br/&gt;&lt;br/&gt;Over the past decades, following works around the Pila-Wilkie counting theorem in the context of o-minimality, there has been a surge in interest around functional transcendence results, in part due to their connection with special points conjectures. In this project, the investigator will use an entirely new approach, centered around the model theory of differential fields, to attack some of the main open questions about the algebraic nature of automorphic functions. A major goal is to establish the Ax-Lindemann-Weierstrass and Ax-Schanuel Theorems with derivatives for uniformization functions of Shimura varieties as well as other geometric structures. The project will also investigate the classification of geometrically trivial strongly minimal sets in differentially closed fields and aim to characterize the structure of the sets of solutions of the Painlevé equations and the Schwarzian equations.&lt;br/&gt;&lt;br/&gt;This award reflects NSF's statutory mission and has been deemed worthy of support through evaluation using the Foundation's intellectual merit and broader impacts review criteria.</AbstractNarration>
<MinAmdLetterDate>11/17/2021</MinAmdLetterDate>
<MaxAmdLetterDate>11/17/2021</MaxAmdLetterDate>
<ARRAAmount/>
<TRAN_TYPE>Grant</TRAN_TYPE>
<CFDA_NUM>47.049</CFDA_NUM>
<NSF_PAR_USE_FLAG>1</NSF_PAR_USE_FLAG>
<FUND_AGCY_CODE>4900</FUND_AGCY_CODE>
<AWDG_AGCY_CODE>4900</AWDG_AGCY_CODE>
<AwardID>2203508</AwardID>
<Investigator>
<FirstName>Joel</FirstName>
<LastName>Nagloo</LastName>
<PI_MID_INIT/>
<PI_SUFX_NAME/>
<PI_FULL_NAME>Joel Nagloo</PI_FULL_NAME>
<EmailAddress>jnagloo@uic.edu</EmailAddress>
<PI_PHON>3129963041</PI_PHON>
<NSF_ID>000732073</NSF_ID>
<StartDate>11/17/2021</StartDate>
<EndDate/>
<RoleCode>Principal Investigator</RoleCode>
</Investigator>
<Institution>
<Name>University of Illinois at Chicago</Name>
<CityName>Chicago</CityName>
<ZipCode>606124305</ZipCode>
<PhoneNumber>3129962862</PhoneNumber>
<StreetAddress>809 S. Marshfield Avenue</StreetAddress>
<StreetAddress2><![CDATA[MB 502, M/C 551]]></StreetAddress2>
<CountryName>United States</CountryName>
<StateName>Illinois</StateName>
<StateCode>IL</StateCode>
<CONGRESSDISTRICT>07</CONGRESSDISTRICT>
<CONGRESS_DISTRICT_ORG>IL07</CONGRESS_DISTRICT_ORG>
<ORG_DUNS_NUM>098987217</ORG_DUNS_NUM>
<ORG_LGL_BUS_NAME>UNIVERSITY OF ILLINOIS</ORG_LGL_BUS_NAME>
<ORG_PRNT_DUNS_NUM>041544081</ORG_PRNT_DUNS_NUM>
</Institution>
<Performance_Institution>
<Name><![CDATA[University of Illinois at Chicago]]></Name>
<CityName>Chicago</CityName>
<StateCode>IL</StateCode>
<ZipCode>606124305</ZipCode>
<StreetAddress><![CDATA[809 S. Marshfield Avenue]]></StreetAddress>
<CountryCode>US</CountryCode>
<CountryName>United States</CountryName>
<StateName>Illinois</StateName>
<CountryFlag>1</CountryFlag>
<CONGRESSDISTRICT>07</CONGRESSDISTRICT>
<CONGRESS_DISTRICT_PERF>IL07</CONGRESS_DISTRICT_PERF>
</Performance_Institution>
<ProgramElement>
<Code>1268</Code>
<Text>FOUNDATIONS</Text>
</ProgramElement>
<FUND_OBLG>2021~113918</FUND_OBLG>
</Award>
</rootTag>
