<?xml version="1.0" encoding="UTF-8"?>
<rootTag>
<Award>
<AwardTitle>NCS-FO: Connectome mapping algorithms with application to community services for big data neuroscience</AwardTitle>
<AGENCY>NSF</AGENCY>
<AwardEffectiveDate>10/01/2021</AwardEffectiveDate>
<AwardExpirationDate>09/30/2022</AwardExpirationDate>
<AwardTotalIntnAmount>650000.00</AwardTotalIntnAmount>
<AwardAmount>85891</AwardAmount>
<AwardInstrument>
<Value>Standard Grant</Value>
</AwardInstrument>
<Organization>
<Code>04040000</Code>
<Directorate>
<Abbreviation>SBE</Abbreviation>
<LongName>Direct For Social, Behav &amp; Economic Scie</LongName>
</Directorate>
<Division>
<Abbreviation>BCS</Abbreviation>
<LongName>Division Of Behavioral and Cognitive Sci</LongName>
</Division>
</Organization>
<ProgramOfficer>
<SignBlockName>Jonathan Fritz</SignBlockName>
<PO_EMAI>jfritz@nsf.gov</PO_EMAI>
<PO_PHON>7032927923</PO_PHON>
</ProgramOfficer>
<AbstractNarration>Neuroscience is advancing by dissolving disciplinary boundaries and promoting transdisciplinary research between psychologists, cognitive neuroscientists, computer scientists, and engineers, to name a few. The success of this scientific endeavor would be enhanced by establishing software mechanisms to improve reproducibility of scientific results. This project develops a software platform that facilitates publication of publicly-accessible data and implementation of data-analysis algorithms. Both functions will be achievable within high-performance computing environments. The platform will enable publication of reproducible code, and access to national supercomputers. It will also make available reference datasets for validating results and data quality. It is expected that the open online platform will promote voluntary data submissions in exchange for access to the system. In addition, this platform will provide a reusable database of "data derivatives," which are data at different stages of preprocessing, including cortical segmentations, meshes, functional maps, brain connectivity matrices, or white-matter tracts. This open-derivatives database will allow computer scientists, mathematical scientists and engineers to use these data to develop and improve methods in their domains. Most generally, providing easy-to-use published data and methods will promote understanding the brain and allow diverse communities of scientists to use reproducible methods, and reuse the "long tail" of neuroimaging data.&lt;br/&gt;&lt;br/&gt;The project focuses on providing seamless public access to data, computing, and reproducible algorithms, while promoting code sharing and upcycling the long tail of neuroscience data. It has three main objectives. First, to develop a platform to capture brain data, publish algorithms as reproducible applications, and perform data-intensive computing on high-performance compute clusters, as well as public clouds. Second, to develop novel algorithms for mapping brain-connectome individuality and variability. The algorithms will enhance discovery by leveraging the online platform for data intensive processing of large datasets. Third, to collate a large data set of brain data and data derivatives (processed data), such as connectome matrices, multi-parameters tractography models, cortical segmentation and functional maps. These derivatives will benefit scientists to develop algorithms for functional mapping, anatomical computing, and model optimization. This project is funded by Integrative Strategies for Understanding Neural and Cognitive Systems (NSF-NCS), a multidisciplinary program jointly supported by the Directorates for Computer and Information Science and Engineering (CISE), Education and Human Resources (EHR), Engineering (ENG), and Social, Behavioral, and Economic Sciences (SBE). It has also received funding from the CISE Office of Advanced Cyberinfrastructure.</AbstractNarration>
<MinAmdLetterDate>11/16/2021</MinAmdLetterDate>
<MaxAmdLetterDate>11/16/2021</MaxAmdLetterDate>
<ARRAAmount/>
<TRAN_TYPE>Grant</TRAN_TYPE>
<CFDA_NUM>47.070, 47.075</CFDA_NUM>
<NSF_PAR_USE_FLAG>1</NSF_PAR_USE_FLAG>
<FUND_AGCY_CODE>4900</FUND_AGCY_CODE>
<AWDG_AGCY_CODE>4900</AWDG_AGCY_CODE>
<AwardID>2203524</AwardID>
<Investigator>
<FirstName>Franco</FirstName>
<LastName>Pestilli</LastName>
<PI_MID_INIT/>
<PI_SUFX_NAME/>
<PI_FULL_NAME>Franco Pestilli</PI_FULL_NAME>
<EmailAddress>pestilli@utexas.edu</EmailAddress>
<PI_PHON>3478294185</PI_PHON>
<NSF_ID>000678427</NSF_ID>
<StartDate>11/16/2021</StartDate>
<EndDate/>
<RoleCode>Principal Investigator</RoleCode>
</Investigator>
<Institution>
<Name>University of Texas at Austin</Name>
<CityName>Austin</CityName>
<ZipCode>787595316</ZipCode>
<PhoneNumber>5124716424</PhoneNumber>
<StreetAddress>3925 W Braker Lane, Ste 3.340</StreetAddress>
<StreetAddress2/>
<CountryName>United States</CountryName>
<StateName>Texas</StateName>
<StateCode>TX</StateCode>
<CONGRESSDISTRICT>10</CONGRESSDISTRICT>
<CONGRESS_DISTRICT_ORG>TX10</CONGRESS_DISTRICT_ORG>
<ORG_DUNS_NUM>170230239</ORG_DUNS_NUM>
<ORG_LGL_BUS_NAME>UNIVERSITY OF TEXAS AT AUSTIN</ORG_LGL_BUS_NAME>
<ORG_PRNT_DUNS_NUM>042000273</ORG_PRNT_DUNS_NUM>
</Institution>
<Performance_Institution>
<Name><![CDATA[University of Texas at Austin]]></Name>
<CityName/>
<StateCode>TX</StateCode>
<ZipCode>787595316</ZipCode>
<StreetAddress/>
<CountryCode>US</CountryCode>
<CountryName>United States</CountryName>
<StateName>Texas</StateName>
<CountryFlag>1</CountryFlag>
<CONGRESSDISTRICT>10</CONGRESSDISTRICT>
<CONGRESS_DISTRICT_PERF>TX10</CONGRESS_DISTRICT_PERF>
</Performance_Institution>
<ProgramElement>
<Code>7684</Code>
<Text>CESER-Cyberinfrastructure for</Text>
</ProgramElement>
<ProgramElement>
<Code>8624</Code>
<Text>IntgStrat Undst Neurl&amp;Cogn Sys</Text>
</ProgramElement>
<ProgramReference>
<Code>040Z</Code>
<Text>Robust and Reliable Science</Text>
</ProgramReference>
<ProgramReference>
<Code>8089</Code>
<Text>Understanding the Brain/Cognitive Scienc</Text>
</ProgramReference>
<ProgramReference>
<Code>8091</Code>
<Text>BRAIN Initiative Res Support</Text>
</ProgramReference>
<ProgramReference>
<Code>8551</Code>
<Text>IntgStrat Undst Neurl&amp;Cogn Sys</Text>
</ProgramReference>
<FUND_OBLG>2017~85890</FUND_OBLG>
</Award>
</rootTag>
