<?xml version="1.0" encoding="UTF-8"?>
<rootTag>
<Award>
<AwardTitle>EAGER: Superlattice-induced polycrystalline and single-crystalline structures in conjugated polymers</AwardTitle>
<AGENCY>NSF</AGENCY>
<AwardEffectiveDate>02/01/2022</AwardEffectiveDate>
<AwardExpirationDate>01/31/2024</AwardExpirationDate>
<AwardTotalIntnAmount>299998.00</AwardTotalIntnAmount>
<AwardAmount>299998</AwardAmount>
<AwardInstrument>
<Value>Standard Grant</Value>
</AwardInstrument>
<Organization>
<Code>03070000</Code>
<Directorate>
<Abbreviation>MPS</Abbreviation>
<LongName>Direct For Mathematical &amp; Physical Scien</LongName>
</Directorate>
<Division>
<Abbreviation>DMR</Abbreviation>
<LongName>Division Of Materials Research</LongName>
</Division>
</Organization>
<ProgramOfficer>
<SignBlockName>Andrew Lovinger</SignBlockName>
<PO_EMAI>alovinge@nsf.gov</PO_EMAI>
<PO_PHON>7032924933</PO_PHON>
</ProgramOfficer>
<AbstractNarration>NON-TECHNICAL:&lt;br/&gt;&lt;br/&gt;Polymer semiconductors are promising for flexible electronics. However, their charge carrier mobilities are limited by the highly disordered thin film morphology and trap-dominated charge transport. Thus, it remains a grand challenge to reduce the disorder and realize the full potential of conjugated polymers for charge transport. The goal of this project is to explore a method for epitaxial growth of polymer semiconductor single crystals with two-dimensional metal halide perovskite (MHP) single crystals as interacting substrates. If successful, it will allow direct measurement of intrinsic intra- and interchain charge transport in polymer semiconductors. With less defects as traps, it may be possible to observe unprecedented charge transport. This work will provide fundamental insights on conjugated polymer heteroepitaxial crystal growth. The techniques investigated here may be further developed in the future for larger-scale assembly and for systematic investigation of the structure-property relationship for charge transport in polymer semiconductors. Breaking the disorder-dominated charge transport limit of conjugated polymers may potentially bring the field to a new level and opens new applications previously not possible for various optoelectronic and sensing applications. The materials investigated here can be readily integrated into teaching, education, and outreach. &lt;br/&gt;&lt;br/&gt;&lt;br/&gt;TECHNICAL:&lt;br/&gt;&lt;br/&gt;Polymer semiconductors are promising for flexible electronics. However, their charge carrier mobilities are limited by the highly disordered thin film morphology and trap-dominated charge transport. Thus, it remains a grand challenge to reduce the disorder and realize the full potential of conjugated polymers for charge transport. The goal of this project is to explore a method for epitaxial growth of polymer semiconductor single crystals with two-dimensional metal halide perovskite (MHP) single crystals as interacting substrates. If successful, it will allow direct measurement of intrinsic intra- and interchain charge transport in polymer semiconductors. With less defects as traps, it may be possible to observe unprecedented charge transport. Polymer semiconductors will be prepared to systematically investigate structure property relationships for single crystalline structure formation and charge transport. Various types of two-dimensional perovskite single crystals will be used as templates to guide the assembly of organic semiconducting oligomers and polymers. This work will provide fundamental insights on conjugated polymer heteroepitaxial crystal growth. The techniques investigated here may be further developed in the future for larger-scale assembly and for systematic investigation of the structure-property relationship for charge transport in polymer semiconductors. Breaking the disorder-dominated charge transport limit of conjugated polymers may potentially bring the field to a new level and opens new applications previously not possible for various optoelectronic and sensing applications. The materials investigated here can be readily integrated into teaching, education, and outreach. &lt;br/&gt;.&lt;br/&gt;&lt;br/&gt;This award reflects NSF's statutory mission and has been deemed worthy of support through evaluation using the Foundation's intellectual merit and broader impacts review criteria.</AbstractNarration>
<MinAmdLetterDate>12/22/2021</MinAmdLetterDate>
<MaxAmdLetterDate>12/22/2021</MaxAmdLetterDate>
<ARRAAmount/>
<TRAN_TYPE>Grant</TRAN_TYPE>
<CFDA_NUM>47.049</CFDA_NUM>
<NSF_PAR_USE_FLAG>1</NSF_PAR_USE_FLAG>
<FUND_AGCY_CODE>4900</FUND_AGCY_CODE>
<AWDG_AGCY_CODE>4900</AWDG_AGCY_CODE>
<AwardID>2203318</AwardID>
<Investigator>
<FirstName>Zhenan</FirstName>
<LastName>Bao</LastName>
<PI_MID_INIT/>
<PI_SUFX_NAME/>
<PI_FULL_NAME>Zhenan Bao</PI_FULL_NAME>
<EmailAddress>zbao@stanford.edu</EmailAddress>
<PI_PHON>6507232419</PI_PHON>
<NSF_ID>000301645</NSF_ID>
<StartDate>12/22/2021</StartDate>
<EndDate/>
<RoleCode>Principal Investigator</RoleCode>
</Investigator>
<Institution>
<Name>Stanford University</Name>
<CityName>Stanford</CityName>
<ZipCode>943052004</ZipCode>
<PhoneNumber>6507232300</PhoneNumber>
<StreetAddress>450 Jane Stanford Way</StreetAddress>
<StreetAddress2/>
<CountryName>United States</CountryName>
<StateName>California</StateName>
<StateCode>CA</StateCode>
<CONGRESSDISTRICT>18</CONGRESSDISTRICT>
<CONGRESS_DISTRICT_ORG>CA18</CONGRESS_DISTRICT_ORG>
<ORG_DUNS_NUM>009214214</ORG_DUNS_NUM>
<ORG_LGL_BUS_NAME>LELAND STANFORD JUNIOR UNIVERSITY, THE</ORG_LGL_BUS_NAME>
<ORG_PRNT_DUNS_NUM>009214214</ORG_PRNT_DUNS_NUM>
</Institution>
<Performance_Institution>
<Name><![CDATA[Stanford University]]></Name>
<CityName>Stanford</CityName>
<StateCode>CA</StateCode>
<ZipCode>943052004</ZipCode>
<StreetAddress><![CDATA[450 Jane Stanford Way]]></StreetAddress>
<CountryCode>US</CountryCode>
<CountryName>United States</CountryName>
<StateName>California</StateName>
<CountryFlag>1</CountryFlag>
<CONGRESSDISTRICT>18</CONGRESSDISTRICT>
<CONGRESS_DISTRICT_PERF>CA18</CONGRESS_DISTRICT_PERF>
</Performance_Institution>
<ProgramElement>
<Code>1773</Code>
<Text>POLYMERS</Text>
</ProgramElement>
<ProgramReference>
<Code>106Z</Code>
<Text>Semiconductors and Microelectronics</Text>
</ProgramReference>
<ProgramReference>
<Code>7916</Code>
<Text>EAGER</Text>
</ProgramReference>
<ProgramReference>
<Code>8396</Code>
<Text>Clean Energy Technology</Text>
</ProgramReference>
<ProgramReference>
<Code>8607</Code>
<Text>Solar Energy Capture&amp;Conver</Text>
</ProgramReference>
<FUND_OBLG>2022~299998</FUND_OBLG>
</Award>
</rootTag>
