<?xml version="1.0" encoding="UTF-8"?>
<rootTag>
<Award>
<AwardTitle>Role of Monomer Sequence and Polymer Topology in Polymer Assembly</AwardTitle>
<AGENCY>NSF</AGENCY>
<AwardEffectiveDate>04/01/2022</AwardEffectiveDate>
<AwardExpirationDate>03/31/2027</AwardExpirationDate>
<AwardTotalIntnAmount>824997.00</AwardTotalIntnAmount>
<AwardAmount>824997</AwardAmount>
<AwardInstrument>
<Value>Standard Grant</Value>
</AwardInstrument>
<Organization>
<Code>03070000</Code>
<Directorate>
<Abbreviation>MPS</Abbreviation>
<LongName>Direct For Mathematical &amp; Physical Scien</LongName>
</Directorate>
<Division>
<Abbreviation>DMR</Abbreviation>
<LongName>Division Of Materials Research</LongName>
</Division>
</Organization>
<ProgramOfficer>
<SignBlockName>Andrew Lovinger</SignBlockName>
<PO_EMAI>alovinge@nsf.gov</PO_EMAI>
<PO_PHON>7032924933</PO_PHON>
</ProgramOfficer>
<AbstractNarration>PART 1:   NON-TECHNICAL SUMMARY&lt;br/&gt;&lt;br/&gt;As very long molecules, polymer chains can take on many shapes ranging from fully extended to collapsed.  While the shape of some natural polymers, namely proteins, has evolved to be very complex and embeds significant functionality, synthetic polymer chain shapes are comparatively crude.   Improved control of chain shape could, therefore, advance the design of materials for applications as diverse as organic electronics, structural plastics, and complex fluids.   Recently, synthetic methods have improved to the point where we can make polymer chains with chemistry as complex as proteins, but the ability to design materials that attain specific shape remains out of reach.  Taking inspiration from proteins, the PI's group will leverage these developments in polymer chemistry to determine the design rules controlling the chain shape and assembly of these polymers.  Further, insights connecting the molecular design of a polymer to its three-dimensional shape will improve our understanding of natural protein folding and develop the tools necessary to synthesize materials with the complexity and function inherent in biology.  An important component of the project focuses on broadening participation in polymer science at all levels including:  (1) Engaging incoming community-college transfer students in research efforts, (2) A robust program of “Science Night” outreach activities, and (3) The training of undergraduate and graduate student researchers.&lt;br/&gt;&lt;br/&gt;&lt;br/&gt;PART 2:   TECHNICAL SUMMARY&lt;br/&gt;&lt;br/&gt;Monomer sequence and polymer topology are two essential design handles to control polymer conformation and self-assembly. Recent advances in the gram-scale synthesis of sequence-controlled polypeptoids now make it possible to directly test predictions of how monomer sequence and polymer topology control chain collapse and leverage access to previously unrealized mesostructures. This project spans both chemical patterning and polymer topology as handles for fine-tuning material properties and, thus, builds a foundation for designing made-to-order soft materials and synthetic biological systems.   Beyond precisely defined monomer sequence, junction location, and arm length, polypeptoids also provide user-defined chain stiffness, offering yet another handle to control chain shape and interfacial curvature. The PI's group will use this platform to explore how sequence and dynamic intramolecular interactions can be used to tune collapsed molecular structure, providing insight on protein folding and colloid design. In addition, they will synthesize polypeptoids with non-linear topologies and study their melt self-assembly, thus eliminating the dispersity effects intrinsic to most synthetic routes. In particular, the project will determine the role of interfacial curvature on resulting morphologies and explore how conformational asymmetry and complex topologies (graft and star architectures) can be combined to fine-tune self-assembly. Further, the PI's group will model polypeptoids as controlled platforms to generate insights for graft polymer design, beginning with systems to address two outstanding questions:  (1) where does the limit between graft/star/bottlebrush lie? and (2) can the inherent competition between backbone orientation in inhomogeneous bottlebrushes be used to access new morphologies?&lt;br/&gt;.&lt;br/&gt;&lt;br/&gt;This award reflects NSF's statutory mission and has been deemed worthy of support through evaluation using the Foundation's intellectual merit and broader impacts review criteria.</AbstractNarration>
<MinAmdLetterDate>01/03/2022</MinAmdLetterDate>
<MaxAmdLetterDate>01/03/2022</MaxAmdLetterDate>
<ARRAAmount/>
<TRAN_TYPE>Grant</TRAN_TYPE>
<CFDA_NUM>47.049</CFDA_NUM>
<NSF_PAR_USE_FLAG>1</NSF_PAR_USE_FLAG>
<FUND_AGCY_CODE>4900</FUND_AGCY_CODE>
<AWDG_AGCY_CODE>4900</AWDG_AGCY_CODE>
<AwardID>2203179</AwardID>
<Investigator>
<FirstName>Rachel</FirstName>
<LastName>Segalman</LastName>
<PI_MID_INIT/>
<PI_SUFX_NAME/>
<PI_FULL_NAME>Rachel Segalman</PI_FULL_NAME>
<EmailAddress>segalman@engineering.ucsb.edu</EmailAddress>
<PI_PHON>8058933709</PI_PHON>
<NSF_ID>000334625</NSF_ID>
<StartDate>01/03/2022</StartDate>
<EndDate/>
<RoleCode>Principal Investigator</RoleCode>
</Investigator>
<Institution>
<Name>University of California-Santa Barbara</Name>
<CityName>Santa Barbara</CityName>
<ZipCode>931062050</ZipCode>
<PhoneNumber>8058934188</PhoneNumber>
<StreetAddress>Office of Research</StreetAddress>
<StreetAddress2><![CDATA[Rm 3227 Cheadle Hall]]></StreetAddress2>
<CountryName>United States</CountryName>
<StateName>California</StateName>
<StateCode>CA</StateCode>
<CONGRESSDISTRICT>24</CONGRESSDISTRICT>
<CONGRESS_DISTRICT_ORG>CA24</CONGRESS_DISTRICT_ORG>
<ORG_DUNS_NUM>094878394</ORG_DUNS_NUM>
<ORG_LGL_BUS_NAME>UNIVERSITY OF CALIFORNIA, SANTA BARBARA</ORG_LGL_BUS_NAME>
<ORG_PRNT_DUNS_NUM>071549000</ORG_PRNT_DUNS_NUM>
</Institution>
<Performance_Institution>
<Name><![CDATA[University of California-Santa Barbara]]></Name>
<CityName/>
<StateCode>CA</StateCode>
<ZipCode>931062050</ZipCode>
<StreetAddress/>
<CountryCode>US</CountryCode>
<CountryName>United States</CountryName>
<StateName>California</StateName>
<CountryFlag>1</CountryFlag>
<CONGRESSDISTRICT>24</CONGRESSDISTRICT>
<CONGRESS_DISTRICT_PERF>CA24</CONGRESS_DISTRICT_PERF>
</Performance_Institution>
<ProgramElement>
<Code>1773</Code>
<Text>POLYMERS</Text>
</ProgramElement>
<ProgramReference>
<Code>054Z</Code>
<Text>(MGI) Materials Genome Initiative</Text>
</ProgramReference>
<ProgramReference>
<Code>144E</Code>
<Text>Synthetic biology</Text>
</ProgramReference>
<ProgramReference>
<Code>7573</Code>
<Text>BIO-RELATED MATERIALS RESEARCH</Text>
</ProgramReference>
<FUND_OBLG>2022~824997</FUND_OBLG>
</Award>
</rootTag>
