<?xml version="1.0" encoding="UTF-8"?>
<rootTag>
<Award>
<AwardTitle>IX Cell Wall Research Conference 2022 (IXCWRC): Cell Wall Research for New Fundamental Discoveries and Applications in Plant Biology</AwardTitle>
<AGENCY>NSF</AGENCY>
<AwardEffectiveDate>12/01/2021</AwardEffectiveDate>
<AwardExpirationDate>11/30/2022</AwardExpirationDate>
<AwardTotalIntnAmount>38668.00</AwardTotalIntnAmount>
<AwardAmount>38668</AwardAmount>
<AwardInstrument>
<Value>Standard Grant</Value>
</AwardInstrument>
<Organization>
<Code>08070000</Code>
<Directorate>
<Abbreviation>BIO</Abbreviation>
<LongName>Direct For Biological Sciences</LongName>
</Directorate>
<Division>
<Abbreviation>MCB</Abbreviation>
<LongName>Div Of Molecular and Cellular Bioscience</LongName>
</Division>
</Organization>
<ProgramOfficer>
<SignBlockName>Charles Cunningham</SignBlockName>
<PO_EMAI>chacunni@nsf.gov</PO_EMAI>
<PO_PHON>7032922283</PO_PHON>
</ProgramOfficer>
<AbstractNarration>The meeting 'IX Cell Wall Research Conference 2022 (IXCWRC): Cell wall research for new fundamental discoveries and applications in plant biology' will be held in East Lansing, Michigan on June 13-17, 2022. The meeting will focus on the plant cell wall, which makes up most of the plant biomass, interfaces with the external environment, and supports the growth of the entire organism. Understanding the cellular and extracellular processes necessary to build and maintain the plant cell wall is important because cell wall biosynthesis and remodeling during growth and disease are largely uncharacterized processes, and because of the relevance of the cell wall for food, fiber, fuel, and other materials that are indispensable to humans. A better understanding of how the cell wall is synthesized, deposited, and maintained during plant growth and in response to the environment can inform and improve biotechnological processes for increasing plant yield and resilience. Acquiring such knowledge requires the exchange of new ideas and results as well as the development and application of new technologies. &lt;br/&gt;&lt;br/&gt;The IXCWRC aims to provide an open forum to discuss new ideas and theories, develop collaborations for scientists across the globe in a diverse and supportive environment, in addition to promoting and training the next generation of scientists through tailored workshops and activities. The NSF award will be used to develop an exciting program, particularly by broadening the participation of early career investigators to the meeting, facilitating their networking and fostering the foundations of an inclusive community in science.&lt;br/&gt;&lt;br/&gt;This award reflects NSF's statutory mission and has been deemed worthy of support through evaluation using the Foundation's intellectual merit and broader impacts review criteria.</AbstractNarration>
<MinAmdLetterDate>12/01/2021</MinAmdLetterDate>
<MaxAmdLetterDate>12/01/2021</MaxAmdLetterDate>
<ARRAAmount/>
<TRAN_TYPE>Grant</TRAN_TYPE>
<CFDA_NUM>47.074</CFDA_NUM>
<NSF_PAR_USE_FLAG>1</NSF_PAR_USE_FLAG>
<FUND_AGCY_CODE>4900</FUND_AGCY_CODE>
<AWDG_AGCY_CODE>4900</AWDG_AGCY_CODE>
<AwardID>2203260</AwardID>
<Investigator>
<FirstName>Federica</FirstName>
<LastName>Brandizzi</LastName>
<PI_MID_INIT/>
<PI_SUFX_NAME/>
<PI_FULL_NAME>Federica Brandizzi</PI_FULL_NAME>
<EmailAddress>brandizz@msu.edu</EmailAddress>
<PI_PHON>5173537872</PI_PHON>
<NSF_ID>000065366</NSF_ID>
<StartDate>12/01/2021</StartDate>
<EndDate/>
<RoleCode>Principal Investigator</RoleCode>
</Investigator>
<Institution>
<Name>Michigan State University</Name>
<CityName>East Lansing</CityName>
<ZipCode>488242600</ZipCode>
<PhoneNumber>5173555040</PhoneNumber>
<StreetAddress>Office of Sponsored Programs</StreetAddress>
<StreetAddress2><![CDATA[426 Administration Bldg, Rm2]]></StreetAddress2>
<CountryName>United States</CountryName>
<StateName>Michigan</StateName>
<StateCode>MI</StateCode>
<CONGRESSDISTRICT>08</CONGRESSDISTRICT>
<CONGRESS_DISTRICT_ORG>MI08</CONGRESS_DISTRICT_ORG>
<ORG_DUNS_NUM>193247145</ORG_DUNS_NUM>
<ORG_LGL_BUS_NAME>MICHIGAN STATE UNIVERSITY</ORG_LGL_BUS_NAME>
<ORG_PRNT_DUNS_NUM>053343976</ORG_PRNT_DUNS_NUM>
</Institution>
<Performance_Institution>
<Name><![CDATA[Michigan State University]]></Name>
<CityName>East Lansing</CityName>
<StateCode>MI</StateCode>
<ZipCode>488242600</ZipCode>
<StreetAddress/>
<CountryCode>US</CountryCode>
<CountryName>United States</CountryName>
<StateName>Michigan</StateName>
<CountryFlag>1</CountryFlag>
<CONGRESSDISTRICT>08</CONGRESSDISTRICT>
<CONGRESS_DISTRICT_PERF>MI08</CONGRESS_DISTRICT_PERF>
</Performance_Institution>
<ProgramElement>
<Code>1114</Code>
<Text>Cellular Dynamics and Function</Text>
</ProgramElement>
<ProgramReference>
<Code>7465</Code>
<Text>NANOSCALE BIO CORE</Text>
</ProgramReference>
<ProgramReference>
<Code>7556</Code>
<Text>CONFERENCE AND WORKSHOPS</Text>
</ProgramReference>
<FUND_OBLG>2022~38668</FUND_OBLG>
</Award>
</rootTag>
