<?xml version="1.0" encoding="UTF-8"?>
<rootTag>
<Award>
<AwardTitle>Collaborative Research: Rational Design of Alloys with Low-Melting-Point Metals for High-yield, Non-thermal Plasma-assisted Catalytic Production of Ammonia</AwardTitle>
<AGENCY>NSF</AGENCY>
<AwardEffectiveDate>10/01/2021</AwardEffectiveDate>
<AwardExpirationDate>07/31/2022</AwardExpirationDate>
<AwardTotalIntnAmount>206551.00</AwardTotalIntnAmount>
<AwardAmount>107929</AwardAmount>
<AwardInstrument>
<Value>Standard Grant</Value>
</AwardInstrument>
<Organization>
<Code>07020000</Code>
<Directorate>
<Abbreviation>ENG</Abbreviation>
<LongName>Directorate For Engineering</LongName>
</Directorate>
<Division>
<Abbreviation>CBET</Abbreviation>
<LongName>Div Of Chem, Bioeng, Env, &amp; Transp Sys</LongName>
</Division>
</Organization>
<ProgramOfficer>
<SignBlockName>Raymond Adomaitis</SignBlockName>
<PO_EMAI>radomait@nsf.gov</PO_EMAI>
<PO_PHON>7032920000</PO_PHON>
</ProgramOfficer>
<AbstractNarration>Close to 2% of the world's energy is spent synthesizing ammonia by a chemical process called the Haber-Bosch process.  Plasma catalysis is emerging as a promising alternative method for ammonia synthesis at moderate pressure and temperature, which allows it to rely on renewable energy resources that are more distributed and intermittent in nature. The goal of the proposed collaborative research project is to use computation and experiment to rationally design an alloy catalyst for a new plasma-assisted ammonia synthesis process that requires less energy. The research will also train students from underrepresented and minority groups and support the development and dissemination of educational materials on a general access website.&lt;br/&gt;&lt;br/&gt;The project will integrate experiments and simulations in a feedback loop that will culminate with the computational identification of a high-performance low melting point alloy that will be tested in catalytic experiments under an atmospheric plasma.  The fundamental reaction mechanisms under plasma conditions will be elucidated by using kinetic Monte Carlo simulations. The research objectives of the project are: (1) Synthesize gallium alloys and evaluate kinetics of ammonia synthesis in a radio-frequency plasma reactor. (2) Determine recombination kinetics of H and N radicals from "plasma-on-plasma-off" experiments. (3) Calculate energetic descriptors for ammonia synthesis reaction steps under plasma conditions using Density Functional Theory. (4) Develop a kinetic Monte-Carlo model for ammonia formation using graph theoretical approach and cluster expansion. (5) Experimentally test a computationally identified alloy in a plasma reactor.&lt;br/&gt;&lt;br/&gt;This award reflects NSF's statutory mission and has been deemed worthy of support through evaluation using the Foundation's intellectual merit and broader impacts review criteria.</AbstractNarration>
<MinAmdLetterDate>11/12/2021</MinAmdLetterDate>
<MaxAmdLetterDate>11/12/2021</MaxAmdLetterDate>
<ARRAAmount/>
<TRAN_TYPE>Grant</TRAN_TYPE>
<CFDA_NUM>47.041</CFDA_NUM>
<NSF_PAR_USE_FLAG>1</NSF_PAR_USE_FLAG>
<FUND_AGCY_CODE>4900</FUND_AGCY_CODE>
<AWDG_AGCY_CODE>4900</AWDG_AGCY_CODE>
<AwardID>2203166</AwardID>
<Investigator>
<FirstName>Maria</FirstName>
<LastName>Carreon</LastName>
<PI_MID_INIT>L</PI_MID_INIT>
<PI_SUFX_NAME/>
<PI_FULL_NAME>Maria L Carreon</PI_FULL_NAME>
<EmailAddress>maria_carreon@uml.edu</EmailAddress>
<PI_PHON>9789344391</PI_PHON>
<NSF_ID>000755024</NSF_ID>
<StartDate>11/12/2021</StartDate>
<EndDate/>
<RoleCode>Principal Investigator</RoleCode>
</Investigator>
<Institution>
<Name>University of Massachusetts Lowell</Name>
<CityName>Lowell</CityName>
<ZipCode>018543692</ZipCode>
<PhoneNumber>9789344170</PhoneNumber>
<StreetAddress>Office of Research Admin.</StreetAddress>
<StreetAddress2><![CDATA[600 Suffolk Street - Suite 212]]></StreetAddress2>
<CountryName>United States</CountryName>
<StateName>Massachusetts</StateName>
<StateCode>MA</StateCode>
<CONGRESSDISTRICT>03</CONGRESSDISTRICT>
<CONGRESS_DISTRICT_ORG>MA03</CONGRESS_DISTRICT_ORG>
<ORG_DUNS_NUM>956072490</ORG_DUNS_NUM>
<ORG_LGL_BUS_NAME>UNIVERSITY OF MASSACHUSETTS</ORG_LGL_BUS_NAME>
<ORG_PRNT_DUNS_NUM>079520631</ORG_PRNT_DUNS_NUM>
</Institution>
<Performance_Institution>
<Name><![CDATA[University of Massachusetts Lowell]]></Name>
<CityName/>
<StateCode>MA</StateCode>
<ZipCode>018543692</ZipCode>
<StreetAddress/>
<CountryCode>US</CountryCode>
<CountryName>United States</CountryName>
<StateName>Massachusetts</StateName>
<CountryFlag>1</CountryFlag>
<CONGRESSDISTRICT>03</CONGRESSDISTRICT>
<CONGRESS_DISTRICT_PERF>MA03</CONGRESS_DISTRICT_PERF>
</Performance_Institution>
<ProgramElement>
<Code>1403</Code>
<Text>Proc Sys, Reac Eng &amp; Mol Therm</Text>
</ProgramElement>
<ProgramReference>
<Code>110Z</Code>
<Text>Ecosystem Leading Innovation Plasma S&amp;E</Text>
</ProgramReference>
<ProgramReference>
<Code>9150</Code>
<Text>EXP PROG TO STIM COMP RES</Text>
</ProgramReference>
<FUND_OBLG>2019~107929</FUND_OBLG>
</Award>
</rootTag>
