<?xml version="1.0" encoding="UTF-8"?>
<rootTag>
<Award>
<AwardTitle>2021 Business Research and Development (BERD)</AwardTitle>
<AGENCY>NSF</AGENCY>
<AwardEffectiveDate>11/28/2021</AwardEffectiveDate>
<AwardExpirationDate>11/28/2022</AwardExpirationDate>
<AwardTotalIntnAmount>4300000.00</AwardTotalIntnAmount>
<AwardAmount>4300000</AwardAmount>
<AwardInstrument>
<Value>Contract Interagency Agreement</Value>
</AwardInstrument>
<Organization>
<Code>04030000</Code>
<Directorate>
<Abbreviation>SBE</Abbreviation>
<LongName>Direct For Social, Behav &amp; Economic Scie</LongName>
</Directorate>
<Division>
<Abbreviation>NCSE</Abbreviation>
<LongName>National Center For S&amp;E Statistics</LongName>
</Division>
</Organization>
<ProgramOfficer>
<SignBlockName>Raymond Wolfe</SignBlockName>
<PO_EMAI>rwolfe@nsf.gov</PO_EMAI>
<PO_PHON>7032927789</PO_PHON>
</ProgramOfficer>
<AbstractNarration/>
<MinAmdLetterDate>01/21/2022</MinAmdLetterDate>
<MaxAmdLetterDate>01/21/2022</MaxAmdLetterDate>
<ARRAAmount/>
<TRAN_TYPE>Grant</TRAN_TYPE>
<CFDA_NUM>47.075</CFDA_NUM>
<NSF_PAR_USE_FLAG>1</NSF_PAR_USE_FLAG>
<FUND_AGCY_CODE>4900</FUND_AGCY_CODE>
<AWDG_AGCY_CODE>4900</AWDG_AGCY_CODE>
<AwardID>2203282</AwardID>
<Investigator>
<FirstName>Michael</FirstName>
<LastName>Flaherty</LastName>
<PI_MID_INIT/>
<PI_SUFX_NAME/>
<PI_FULL_NAME>Michael Flaherty</PI_FULL_NAME>
<EmailAddress>michael.j.flaherty@census.gov</EmailAddress>
<PI_PHON>3017637699</PI_PHON>
<NSF_ID>000696832</NSF_ID>
<StartDate>01/21/2022</StartDate>
<EndDate/>
<RoleCode>Principal Investigator</RoleCode>
</Investigator>
<Institution>
<Name>BUREAU OF THE CENSUS</Name>
<CityName>Suitland</CityName>
<ZipCode>20746</ZipCode>
<PhoneNumber/>
<StreetAddress>Federal Office Bldg 3</StreetAddress>
<StreetAddress2/>
<CountryName>United States</CountryName>
<StateName>Maryland</StateName>
<StateCode>MD</StateCode>
<CONGRESSDISTRICT>04</CONGRESSDISTRICT>
<CONGRESS_DISTRICT_ORG>MD04</CONGRESS_DISTRICT_ORG>
<ORG_DUNS_NUM>110318529</ORG_DUNS_NUM>
<ORG_LGL_BUS_NAME/>
<ORG_PRNT_DUNS_NUM/>
</Institution>
<Performance_Institution>
<Name/>
<CityName/>
<StateCode/>
<ZipCode/>
<StreetAddress/>
<CountryCode/>
<CountryName>RI REQUIRED</CountryName>
<StateName>RI REQUIRED</StateName>
<CountryFlag>0</CountryFlag>
<CONGRESSDISTRICT/>
<CONGRESS_DISTRICT_PERF>""</CONGRESS_DISTRICT_PERF>
</Performance_Institution>
<ProgramElement>
<Code>8802</Code>
<Text>R&amp;D Statistics</Text>
</ProgramElement>
<FUND_OBLG>2022~4300000</FUND_OBLG>
</Award>
</rootTag>
