<?xml version="1.0" encoding="UTF-8"?>
<rootTag>
<Award>
<AwardTitle>RAPID: Hurricane-induced Shelf Sediment Transport and Deposition after Hurricane Ida in 2021</AwardTitle>
<AGENCY>NSF</AGENCY>
<AwardEffectiveDate>11/15/2021</AwardEffectiveDate>
<AwardExpirationDate>10/31/2022</AwardExpirationDate>
<AwardTotalIntnAmount>82404.00</AwardTotalIntnAmount>
<AwardAmount>82404</AwardAmount>
<AwardInstrument>
<Value>Standard Grant</Value>
</AwardInstrument>
<Organization>
<Code>06040200</Code>
<Directorate>
<Abbreviation>GEO</Abbreviation>
<LongName>Directorate For Geosciences</LongName>
</Directorate>
<Division>
<Abbreviation>OCE</Abbreviation>
<LongName>Division Of Ocean Sciences</LongName>
</Division>
</Organization>
<ProgramOfficer>
<SignBlockName>Deborah K. Smith</SignBlockName>
<PO_EMAI>dksmith@nsf.gov</PO_EMAI>
<PO_PHON>7032927978</PO_PHON>
</ProgramOfficer>
<AbstractNarration>Hurricane Ida was a very destructive Category 4 storm that made landfall at Elmer’s Island and Caminada Headlands, Louisiana on 29 August 2021, bringing storm surge and waves of 13 feet, not seen since Hurricane Katrina. The importance of the role of these large storms on shelf sediment transport and the effect of these events on coastal change has become apparent in recent years. With improvements in instrumentation and technology, more field studies have been conducted to measure sediment transport processes on offshore continental shelves during storm events. However, due to the unpredictability of storm paths and the difficulties and expense in obtaining measurements, there is still a lack of field data. During this project, samples will be obtained in two dredge pits, which are used to replenish beaches after these storms, to test the overarching hypothesis that hurricanes play a major role in redistributing sediment on the continental shelf and likely produce massive sediment deposition in dredge pits and extensive mass wasting of the dredge pit walls. Dredge pits may be a sustainable resource for this sand in Louisiana, but their efficacy as sediment traps requires an understanding of their long-term evolution and marine processes along the continental shelf. Data collection is time-sensitive because of the goal of capturing the post-hurricane sediment on the continental shelf and within the two dredge pits. The project supports the training of undergraduate and graduate students at sea.&lt;br/&gt;&lt;br/&gt;While it is readily known that continental shelves can be energetic environments, there is a lack of marine observational data for sediment transport and deposition that occurs during and immediately after major hurricanes. In particular, the sediment fluxes of bed and suspended loads can increase one to two orders of magnitude during hurricanes. However, these deposits may be obliterated by subsequent events. Dredge pits serve as excellent recorders of post-hurricane sediment deposition and can provide natural capture basins on continental shelves that record these major events. This project will result in a post-hurricane quantification of sediment transport and stratigraphy of the South Pelto and Sandy Point dredge pits as well as multiple stations east and west of Hurricane Ida along the 10-m isobath on the inner Louisiana shelf. A comparison will be made between the pre- and post-hurricane conditions by leveraging historical data over the past seven years (2014 to 2021). Hurricane conditions often cause mass wasting and submarine landslides in coastal environments, which pose a hazard to existing critical infrastructure on the continental shelf, such as renewable wind energy and telecommunication infrastructure. It is also likely that Hurricane Ida triggered dredge pit wall collapse and outward migration, possibly posing a major hazard to hurricane-impacted platforms and pipelines in the vicinity.&lt;br/&gt;&lt;br/&gt;This award reflects NSF's statutory mission and has been deemed worthy of support through evaluation using the Foundation's intellectual merit and broader impacts review criteria.</AbstractNarration>
<MinAmdLetterDate>11/12/2021</MinAmdLetterDate>
<MaxAmdLetterDate>11/12/2021</MaxAmdLetterDate>
<ARRAAmount/>
<TRAN_TYPE>Grant</TRAN_TYPE>
<CFDA_NUM>47.050</CFDA_NUM>
<NSF_PAR_USE_FLAG>1</NSF_PAR_USE_FLAG>
<FUND_AGCY_CODE>4900</FUND_AGCY_CODE>
<AWDG_AGCY_CODE>4900</AWDG_AGCY_CODE>
<AwardID>2203111</AwardID>
<Investigator>
<FirstName>Kehui</FirstName>
<LastName>Xu</LastName>
<PI_MID_INIT/>
<PI_SUFX_NAME/>
<PI_FULL_NAME>Kehui Xu</PI_FULL_NAME>
<EmailAddress>kxu@lsu.edu</EmailAddress>
<PI_PHON>2255782760</PI_PHON>
<NSF_ID>000627335</NSF_ID>
<StartDate>11/12/2021</StartDate>
<EndDate/>
<RoleCode>Principal Investigator</RoleCode>
</Investigator>
<Investigator>
<FirstName>Navid</FirstName>
<LastName>Jafari</LastName>
<PI_MID_INIT/>
<PI_SUFX_NAME/>
<PI_FULL_NAME>Navid Jafari</PI_FULL_NAME>
<EmailAddress>njafari@lsu.edu</EmailAddress>
<PI_PHON>2255788475</PI_PHON>
<NSF_ID>000702106</NSF_ID>
<StartDate>11/12/2021</StartDate>
<EndDate/>
<RoleCode>Co-Principal Investigator</RoleCode>
</Investigator>
<Investigator>
<FirstName>Carol</FirstName>
<LastName>Wilson</LastName>
<PI_MID_INIT/>
<PI_SUFX_NAME/>
<PI_FULL_NAME>Carol Wilson</PI_FULL_NAME>
<EmailAddress>carolw@lsu.edu</EmailAddress>
<PI_PHON>2255782760</PI_PHON>
<NSF_ID>000705171</NSF_ID>
<StartDate>11/12/2021</StartDate>
<EndDate/>
<RoleCode>Co-Principal Investigator</RoleCode>
</Investigator>
<Institution>
<Name>Louisiana State University</Name>
<CityName>Baton Rouge</CityName>
<ZipCode>708032701</ZipCode>
<PhoneNumber>2255782760</PhoneNumber>
<StreetAddress>202 Himes Hall</StreetAddress>
<StreetAddress2/>
<CountryName>United States</CountryName>
<StateName>Louisiana</StateName>
<StateCode>LA</StateCode>
<CONGRESSDISTRICT>06</CONGRESSDISTRICT>
<CONGRESS_DISTRICT_ORG>LA06</CONGRESS_DISTRICT_ORG>
<ORG_DUNS_NUM>075050765</ORG_DUNS_NUM>
<ORG_LGL_BUS_NAME>LOUISIANA STATE UNIVERSITY</ORG_LGL_BUS_NAME>
<ORG_PRNT_DUNS_NUM>940050792</ORG_PRNT_DUNS_NUM>
</Institution>
<Performance_Institution>
<Name><![CDATA[Louisiana State University]]></Name>
<CityName>Baton Rouge</CityName>
<StateCode>LA</StateCode>
<ZipCode>708032901</ZipCode>
<StreetAddress/>
<CountryCode>US</CountryCode>
<CountryName>United States</CountryName>
<StateName>Louisiana</StateName>
<CountryFlag>1</CountryFlag>
<CONGRESSDISTRICT>06</CONGRESSDISTRICT>
<CONGRESS_DISTRICT_PERF>LA06</CONGRESS_DISTRICT_PERF>
</Performance_Institution>
<ProgramElement>
<Code>1620</Code>
<Text>Marine Geology and Geophysics</Text>
</ProgramElement>
<ProgramReference>
<Code>7914</Code>
<Text>RAPID</Text>
</ProgramReference>
<ProgramReference>
<Code>9150</Code>
<Text>EXP PROG TO STIM COMP RES</Text>
</ProgramReference>
<FUND_OBLG>2022~82404</FUND_OBLG>
</Award>
</rootTag>
