<?xml version="1.0" encoding="UTF-8"?>
<rootTag>
<Award>
<AwardTitle>FY22 Knauss Sea Grant Fellow - Allyson Kristan, effective February 01, 2022 - January 31, 2023</AwardTitle>
<AGENCY>NSF</AGENCY>
<AwardEffectiveDate>02/01/2022</AwardEffectiveDate>
<AwardExpirationDate>02/01/2023</AwardExpirationDate>
<AwardTotalIntnAmount>75000.00</AwardTotalIntnAmount>
<AwardAmount>75000</AwardAmount>
<AwardInstrument>
<Value>Contract Interagency Agreement</Value>
</AwardInstrument>
<Organization>
<Code>06090400</Code>
<Directorate>
<Abbreviation>GEO</Abbreviation>
<LongName>Directorate For Geosciences</LongName>
</Directorate>
<Division>
<Abbreviation>OPP</Abbreviation>
<LongName>Office of Polar Programs (OPP)</LongName>
</Division>
</Organization>
<ProgramOfficer>
<SignBlockName>Polly A. Penhale</SignBlockName>
<PO_EMAI>ppenhale@nsf.gov</PO_EMAI>
<PO_PHON>7032927420</PO_PHON>
</ProgramOfficer>
<AbstractNarration/>
<MinAmdLetterDate>01/26/2022</MinAmdLetterDate>
<MaxAmdLetterDate>01/26/2022</MaxAmdLetterDate>
<ARRAAmount/>
<TRAN_TYPE>Grant</TRAN_TYPE>
<CFDA_NUM>47.078</CFDA_NUM>
<NSF_PAR_USE_FLAG>1</NSF_PAR_USE_FLAG>
<FUND_AGCY_CODE>4900</FUND_AGCY_CODE>
<AWDG_AGCY_CODE>4900</AWDG_AGCY_CODE>
<AwardID>2203843</AwardID>
<Investigator>
<FirstName>Douglas</FirstName>
<LastName>Bell</LastName>
<PI_MID_INIT>A</PI_MID_INIT>
<PI_SUFX_NAME/>
<PI_FULL_NAME>Douglas A Bell</PI_FULL_NAME>
<EmailAddress/>
<PI_PHON/>
<NSF_ID>000462782</NSF_ID>
<StartDate>01/26/2022</StartDate>
<EndDate/>
<RoleCode>Principal Investigator</RoleCode>
</Investigator>
<Institution>
<Name>NOAA</Name>
<CityName>Silver Spring</CityName>
<ZipCode>209103282</ZipCode>
<PhoneNumber>3017133388</PhoneNumber>
<StreetAddress>1315 East West Highway</StreetAddress>
<StreetAddress2/>
<CountryName>United States</CountryName>
<StateName>Maryland</StateName>
<StateCode>MD</StateCode>
<CONGRESSDISTRICT>08</CONGRESSDISTRICT>
<CONGRESS_DISTRICT_ORG>MD08</CONGRESS_DISTRICT_ORG>
<ORG_DUNS_NUM>111283177</ORG_DUNS_NUM>
<ORG_LGL_BUS_NAME/>
<ORG_PRNT_DUNS_NUM/>
</Institution>
<Performance_Institution>
<Name/>
<CityName/>
<StateCode/>
<ZipCode/>
<StreetAddress/>
<CountryCode/>
<CountryName>RI REQUIRED</CountryName>
<StateName>RI REQUIRED</StateName>
<CountryFlag>0</CountryFlag>
<CONGRESSDISTRICT/>
<CONGRESS_DISTRICT_PERF>""</CONGRESS_DISTRICT_PERF>
</Performance_Institution>
<ProgramElement>
<Code>5186</Code>
<Text>ESHM-Env, Safety, Health &amp; Med</Text>
</ProgramElement>
<FUND_OBLG>2022~75000</FUND_OBLG>
</Award>
</rootTag>
