<?xml version="1.0" encoding="UTF-8"?>
<rootTag>
<Award>
<AwardTitle>EAGER: Collaborative Research: Developing new laser ablation (U-Th)/(He-Pb) hematite double dating techniques to date ancient oxidation</AwardTitle>
<AGENCY>NSF</AGENCY>
<AwardEffectiveDate>12/15/2021</AwardEffectiveDate>
<AwardExpirationDate>11/30/2022</AwardExpirationDate>
<AwardTotalIntnAmount>80155.00</AwardTotalIntnAmount>
<AwardAmount>80155</AwardAmount>
<AwardInstrument>
<Value>Standard Grant</Value>
</AwardInstrument>
<Organization>
<Code>06030000</Code>
<Directorate>
<Abbreviation>GEO</Abbreviation>
<LongName>Directorate For Geosciences</LongName>
</Directorate>
<Division>
<Abbreviation>EAR</Abbreviation>
<LongName>Division Of Earth Sciences</LongName>
</Division>
</Organization>
<ProgramOfficer>
<SignBlockName>Julie Pett-Ridge</SignBlockName>
<PO_EMAI>jpettrid@nsf.gov</PO_EMAI>
<PO_PHON>7032922613</PO_PHON>
</ProgramOfficer>
<AbstractNarration>This project is focused on improving methods that Earth scientists can use to determine the formation age of the mineral hematite. Hematite is a wide-spread mineral in rocks and soils and often forms due to oxidation on Earth’s surface as well as on other planets — notably Mars. Hematite can incorporate uranium when it forms. Given that uranium undergoes radioactive decay it is possible to conduct both uranium-lead dating (U-Pb) and uranium-thorium-helium dating ((U-Th)/He) on hematite crystals. Investigators will apply methods that can make these measurements simultaneously at a small scale on hematite crystals by blasting them with a laser and measuring the isotopes through mass spectrometry. An additional property of hematite is that it records the magnetic field at the time it crystallizes. This ability to record the ancient magnetic field enables Earth scientists to reconstruct the past position of Earth’s continents and can also be used to gain insight into the timing of hematite formation. They will make magnetic measurements of hematite including measurements that use new capabilities to make magnetic maps at the microscopic scale using an instrument called a quantum diamond microscope. The study will focus on hematite within ancient sedimentary rocks known as iron formations. In the United States, iron formations in the Lake Superior region are the major source of domestic iron production. By applying these dating methods to iron formation, they will constrain the timing of hematite formation in these units, where the timing of oxidation (that is, hematite formation) is debated. If this project is successful, these combined methods of measuring the age of hematite will enable a multitude of future studies. For example, it would be possible to pursue more advanced studies on hematite formation within iron formation, to study the processes and timescales of deep soil leaching (also known as laterization), and determine the timing of ancient surface exposure and chemical alteration in far greater detail using these combined methods. The project will support the research of an early-career scientist, advance development of new analytical capabilities at both University of Carlifornia Berkeley and University of Colorado Boulder, and support both undergraduate and graduate student research for first-generation students.&lt;br/&gt;&lt;br/&gt;These investigators seek to develop simultaneous in situ laser ablation (U-Th)/He and U-Pb dating of hematite, which is termed LA-(U-Th)/(He-Pb). Although bulk (U-Th)/He and in situ (U-Pb) methods have been used previously on hematite, the coupled laser-ablation technique has never been applied. This method can provide a powerful tool for assessing the timing of oxidation and weathering in a wide range of hematite-bearing environments. Researchers will investigate the timing of hematite crystallization in Lake Superior region iron formation through this method development in conjunction with paleomagnetic data, which can provide complementary chronologic insight. They will focus on a carefully selected set of samples that will enable method development and give new insights into the origin of iron formations. All samples will be characterized prior to geochronologic measurements via electron backscatter diffraction and electron microprobe to understand the chemical heterogeneity of the samples and the distribution of crystallites within hematite aggregates. This characterization will permit targeting of individual crystallites through LA-(U-Th)/(He-Pb) and provide context relative to potential polycrystalline diffusion behavior. This study has two main sample targets: (1) large, high-purity hematite samples from iron formation that will be used for method development; (2) typical iron formation from the Menominee Group. Menominee Group samples will be analyzed through both LA-(U-Th)/(He-Pb) and paleomagnetism. Paleomagnetic analyses will be conducted at both the centimeter and micrometer scale to constrain hematite formation relative to folding and through comparison to Laurentia’s apparent polar wander path. The well-constrained regional history of deposition, tectonism, and near-surface weathering provides testable hypotheses for the timing of hematite formation in these samples. Successful radiometric dating of these materials will provide confidence in the utility of the LA-(U-Th)/(He-Pb) method in natural samples beyond museum-quality hematite specimens.&lt;br/&gt;&lt;br/&gt;This award reflects NSF's statutory mission and has been deemed worthy of support through evaluation using the Foundation's intellectual merit and broader impacts review criteria.</AbstractNarration>
<MinAmdLetterDate>12/06/2021</MinAmdLetterDate>
<MaxAmdLetterDate>12/06/2021</MaxAmdLetterDate>
<ARRAAmount/>
<TRAN_TYPE>Grant</TRAN_TYPE>
<CFDA_NUM>47.050</CFDA_NUM>
<NSF_PAR_USE_FLAG>1</NSF_PAR_USE_FLAG>
<FUND_AGCY_CODE>4900</FUND_AGCY_CODE>
<AWDG_AGCY_CODE>4900</AWDG_AGCY_CODE>
<AwardID>2203532</AwardID>
<Investigator>
<FirstName>Rebecca</FirstName>
<LastName>Flowers</LastName>
<PI_MID_INIT>M</PI_MID_INIT>
<PI_SUFX_NAME/>
<PI_FULL_NAME>Rebecca M Flowers</PI_FULL_NAME>
<EmailAddress>Rebecca.Flowers@colorado.edu</EmailAddress>
<PI_PHON>3034925135</PI_PHON>
<NSF_ID>000242767</NSF_ID>
<StartDate>12/06/2021</StartDate>
<EndDate/>
<RoleCode>Co-Principal Investigator</RoleCode>
</Investigator>
<Investigator>
<FirstName>Peter</FirstName>
<LastName>Martin</LastName>
<PI_MID_INIT>E</PI_MID_INIT>
<PI_SUFX_NAME/>
<PI_FULL_NAME>Peter E Martin</PI_FULL_NAME>
<EmailAddress>peter.martin-2@colorado.edu</EmailAddress>
<PI_PHON>3522229725</PI_PHON>
<NSF_ID>000806499</NSF_ID>
<StartDate>12/06/2021</StartDate>
<EndDate/>
<RoleCode>Principal Investigator</RoleCode>
</Investigator>
<Institution>
<Name>University of Colorado at Boulder</Name>
<CityName>Boulder</CityName>
<ZipCode>803031058</ZipCode>
<PhoneNumber>3034926221</PhoneNumber>
<StreetAddress>3100 Marine Street, Room 481</StreetAddress>
<StreetAddress2><![CDATA[572 UCB]]></StreetAddress2>
<CountryName>United States</CountryName>
<StateName>Colorado</StateName>
<StateCode>CO</StateCode>
<CONGRESSDISTRICT>02</CONGRESSDISTRICT>
<CONGRESS_DISTRICT_ORG>CO02</CONGRESS_DISTRICT_ORG>
<ORG_DUNS_NUM>007431505</ORG_DUNS_NUM>
<ORG_LGL_BUS_NAME>REGENTS OF THE UNIVERSITY OF COLORADO, THE</ORG_LGL_BUS_NAME>
<ORG_PRNT_DUNS_NUM>007431505</ORG_PRNT_DUNS_NUM>
</Institution>
<Performance_Institution>
<Name><![CDATA[The Regents of the University of Colorado]]></Name>
<CityName>Boulder</CityName>
<StateCode>CO</StateCode>
<ZipCode>803031058</ZipCode>
<StreetAddress><![CDATA[3100 Marine St, Room 481, 572 UC]]></StreetAddress>
<CountryCode>US</CountryCode>
<CountryName>United States</CountryName>
<StateName>Colorado</StateName>
<CountryFlag>1</CountryFlag>
<CONGRESSDISTRICT>02</CONGRESSDISTRICT>
<CONGRESS_DISTRICT_PERF>CO02</CONGRESS_DISTRICT_PERF>
</Performance_Institution>
<ProgramElement>
<Code>7295</Code>
<Text>Geobiology &amp; Low-Temp Geochem</Text>
</ProgramElement>
<ProgramReference>
<Code>7916</Code>
<Text>EAGER</Text>
</ProgramReference>
<FUND_OBLG>2022~80155</FUND_OBLG>
</Award>
</rootTag>
