<?xml version="1.0" encoding="UTF-8"?>
<rootTag>
<Award>
<AwardTitle>EAGER: CAS-Climate: Research Coordination Network on the Indirect Environmental/Energy Impacts of Digitalization</AwardTitle>
<AGENCY>NSF</AGENCY>
<AwardEffectiveDate>01/01/2022</AwardEffectiveDate>
<AwardExpirationDate>12/31/2023</AwardExpirationDate>
<AwardTotalIntnAmount>299959.00</AwardTotalIntnAmount>
<AwardAmount>299959</AwardAmount>
<AwardInstrument>
<Value>Standard Grant</Value>
</AwardInstrument>
<Organization>
<Code>07020000</Code>
<Directorate>
<Abbreviation>ENG</Abbreviation>
<LongName>Directorate For Engineering</LongName>
</Directorate>
<Division>
<Abbreviation>CBET</Abbreviation>
<LongName>Div Of Chem, Bioeng, Env, &amp; Transp Sys</LongName>
</Division>
</Organization>
<ProgramOfficer>
<SignBlockName>Bruce Hamilton</SignBlockName>
<PO_EMAI>bhamilto@nsf.gov</PO_EMAI>
<PO_PHON>7032927066</PO_PHON>
</ProgramOfficer>
<AbstractNarration>This project is designed to build a community of researchers with a focus on improving society's understanding of the indirect energy and environmental (E&amp;E) impacts of the digital economy. There is a slowly increasing body of research that seeks to understand and quantify the direct E&amp;E impacts of digitalization, including the increase or reduction of energy use, emissions arising from the use of devices (and/or their supporting infrastructure), and environmental impacts from operating infrastructure such as data centers. However, far more complicated are estimates of digitalization's indirect E&amp;E impacts. Indirect impacts may include those associated with the substitution of digital for physical products, or rebound effects that occur if savings (in time or money) from digitally-mediated behaviors induce energy-intensive activities (like short term rental platforms increasing long distance travel). Ensuring the long-term sustainability of digital infrastructure and the human behaviors it enables will require greater research efforts at the intersection of multiple and often disparate disciplines along with increased scientific cooperation across national borders. This RCN seeks to close disciplinary and knowledge gaps, increase the quality and quantity of research, and begin to grow a new field. &lt;br/&gt;&lt;br/&gt;Project goals are to: increase needed multi-disciplinary interactions, especially between the physical and behavioral sciences; facilitate greater collaboration between U.S. and European researchers; identify knowledge gaps and high-value research; improve scholarly impact; and advance work to secure greater research support. By fostering collaboration between disciplines and providing a better sense of research priorities, a research coordination network can be instrumental in leveraging funds from existing and new sources to grow support of research in the topic area.&lt;br/&gt;&lt;br/&gt;This award reflects NSF's statutory mission and has been deemed worthy of support through evaluation using the Foundation's intellectual merit and broader impacts review criteria.</AbstractNarration>
<MinAmdLetterDate>12/22/2021</MinAmdLetterDate>
<MaxAmdLetterDate>12/22/2021</MaxAmdLetterDate>
<ARRAAmount/>
<TRAN_TYPE>Grant</TRAN_TYPE>
<CFDA_NUM>47.041, 47.070</CFDA_NUM>
<NSF_PAR_USE_FLAG>1</NSF_PAR_USE_FLAG>
<FUND_AGCY_CODE>4900</FUND_AGCY_CODE>
<AWDG_AGCY_CODE>4900</AWDG_AGCY_CODE>
<AwardID>2203189</AwardID>
<Investigator>
<FirstName>Kasantha</FirstName>
<LastName>Moodley</LastName>
<PI_MID_INIT/>
<PI_SUFX_NAME/>
<PI_FULL_NAME>Kasantha Moodley</PI_FULL_NAME>
<EmailAddress>moodley@eli.org</EmailAddress>
<PI_PHON>2029393800</PI_PHON>
<NSF_ID>000865999</NSF_ID>
<StartDate>12/22/2021</StartDate>
<EndDate/>
<RoleCode>Principal Investigator</RoleCode>
</Investigator>
<Institution>
<Name>Environmental Law Institute</Name>
<CityName>Washington</CityName>
<ZipCode>200364915</ZipCode>
<PhoneNumber>2029393800</PhoneNumber>
<StreetAddress>1730 M Street, NW</StreetAddress>
<StreetAddress2><![CDATA[Suite 7000]]></StreetAddress2>
<CountryName>United States</CountryName>
<StateName>District of Columbia</StateName>
<StateCode>DC</StateCode>
<CONGRESSDISTRICT>00</CONGRESSDISTRICT>
<CONGRESS_DISTRICT_ORG>DC00</CONGRESS_DISTRICT_ORG>
<ORG_DUNS_NUM>070112438</ORG_DUNS_NUM>
<ORG_LGL_BUS_NAME>ENVIRONMENTAL LAW INSTITUTE, THE</ORG_LGL_BUS_NAME>
<ORG_PRNT_DUNS_NUM/>
</Institution>
<Performance_Institution>
<Name><![CDATA[Environmental Law Institute]]></Name>
<CityName>Washington</CityName>
<StateCode>DC</StateCode>
<ZipCode>200364553</ZipCode>
<StreetAddress><![CDATA[1730 M Street, NW]]></StreetAddress>
<CountryCode>US</CountryCode>
<CountryName>United States</CountryName>
<StateName>District of Columbia</StateName>
<CountryFlag>1</CountryFlag>
<CONGRESSDISTRICT>00</CONGRESSDISTRICT>
<CONGRESS_DISTRICT_PERF>DC00</CONGRESS_DISTRICT_PERF>
</Performance_Institution>
<ProgramElement>
<Code>1640</Code>
<Text>Information Technology Researc</Text>
</ProgramElement>
<ProgramElement>
<Code>7364</Code>
<Text>Info Integration &amp; Informatics</Text>
</ProgramElement>
<ProgramElement>
<Code>7643</Code>
<Text>EnvS-Environmtl Sustainability</Text>
</ProgramElement>
<ProgramReference>
<Code>090Z</Code>
<Text>CAS-Critical Aspects of Sustainability</Text>
</ProgramReference>
<ProgramReference>
<Code>7916</Code>
<Text>EAGER</Text>
</ProgramReference>
<FUND_OBLG>2022~299959</FUND_OBLG>
</Award>
</rootTag>
