<?xml version="1.0" encoding="UTF-8"?>
<rootTag>
<Award>
<AwardTitle>Conference: 2021 AHMB MINDS Conference Grant</AwardTitle>
<AGENCY>NSF</AGENCY>
<AwardEffectiveDate>01/01/2022</AwardEffectiveDate>
<AwardExpirationDate>06/30/2022</AwardExpirationDate>
<AwardTotalIntnAmount>4125.00</AwardTotalIntnAmount>
<AwardAmount>4125</AwardAmount>
<AwardInstrument>
<Value>Standard Grant</Value>
</AwardInstrument>
<Organization>
<Code>07020000</Code>
<Directorate>
<Abbreviation>ENG</Abbreviation>
<LongName>Directorate For Engineering</LongName>
</Directorate>
<Division>
<Abbreviation>CBET</Abbreviation>
<LongName>Div Of Chem, Bioeng, Env, &amp; Transp Sys</LongName>
</Division>
</Organization>
<ProgramOfficer>
<SignBlockName>Grace Hwang</SignBlockName>
<PO_EMAI>ghwang@nsf.gov</PO_EMAI>
<PO_PHON>7032924271</PO_PHON>
</ProgramOfficer>
<AbstractNarration>This award will fund the 7th annual MINDS (Mentoring for Innovative Design Solutions) Workshop organized by Alpha Eta Mu Beta National Biomedical Engineering Honors Society. The workshop will be held virtually from October 6-9 in parallel with the BMES 2021 Annual Meeting. This will allow the students selected for the MINDS Scholar Program to also participate in the BMES Annual Meeting. The MINDS Scholar Program is an innovative approach that provides students with the opportunity to collaborate and network with peers and mentors across the country for a 5-month period while building necessary engineering design skills including three key considerations that are not usually stressed in coursework projects. The three key considerations are (1) market considerations for commercialization (unmet need, size of market reimbursement potential, etc.), (2) regulatory strategy, and (3) evaluating prospects for intellectual property protection. The 7th MINDS Scholar Program will focus on the development of biomedical technologies that solve health care problems while considering end-user needs such as people with disabilities. The program begins with an initial workshop where students will virtually meet their team members, drawn from other universities across the US, and mentors. The team then selects a central design idea that will be developed over the subsequent 5 months. Students will then work with their teams and mentors to develop a design solution that considers issues such as market evaluation, intellectual property issues, and regulation. Teams will be encouraged to submit their designs to various design contests, investment opportunities, and grant programs. The collaborative and long-distance communication skills that the team will develop will better equip them to work in an environment that is increasingly dependent on communication between distant facilities and customers.&lt;br/&gt;&lt;br/&gt;The majority of design courses in the US, particularly in biomedical engineering programs, do not have sufficient time to provide students with a strong experience in the non-technical aspects that are key to design success: market potential, intellectual property, and regulation. This program will provide students, selected through a competitive process from across the US, with key experience related to real-world design processes for medical systems. It will also provide students with significant experience in working on a geographically separated team and with peers from varied backgrounds, both of which are strongly valued by industry.&lt;br/&gt;&lt;br/&gt;This award reflects NSF's statutory mission and has been deemed worthy of support through evaluation using the Foundation's intellectual merit and broader impacts review criteria.</AbstractNarration>
<MinAmdLetterDate>12/21/2021</MinAmdLetterDate>
<MaxAmdLetterDate>12/21/2021</MaxAmdLetterDate>
<ARRAAmount/>
<TRAN_TYPE>Grant</TRAN_TYPE>
<CFDA_NUM>47.041</CFDA_NUM>
<NSF_PAR_USE_FLAG>1</NSF_PAR_USE_FLAG>
<FUND_AGCY_CODE>4900</FUND_AGCY_CODE>
<AWDG_AGCY_CODE>4900</AWDG_AGCY_CODE>
<AwardID>2203404</AwardID>
<Investigator>
<FirstName>Walter</FirstName>
<LastName>Murfee</LastName>
<PI_MID_INIT/>
<PI_SUFX_NAME/>
<PI_FULL_NAME>Walter Murfee</PI_FULL_NAME>
<EmailAddress>wmurfee@ufl.edu</EmailAddress>
<PI_PHON>3522948813</PI_PHON>
<NSF_ID>000599788</NSF_ID>
<StartDate>12/21/2021</StartDate>
<EndDate/>
<RoleCode>Co-Principal Investigator</RoleCode>
</Investigator>
<Investigator>
<FirstName>Alicia</FirstName>
<LastName>Fernandez-Fernandez</LastName>
<PI_MID_INIT/>
<PI_SUFX_NAME/>
<PI_FULL_NAME>Alicia Fernandez-Fernandez</PI_FULL_NAME>
<EmailAddress>alicfern@nova.edu</EmailAddress>
<PI_PHON>9542621653</PI_PHON>
<NSF_ID>000722816</NSF_ID>
<StartDate>12/21/2021</StartDate>
<EndDate/>
<RoleCode>Principal Investigator</RoleCode>
</Investigator>
<Institution>
<Name>Nova Southeastern University</Name>
<CityName>FORT LAUDERDALE</CityName>
<ZipCode>333147796</ZipCode>
<PhoneNumber>9542625366</PhoneNumber>
<StreetAddress>3301 COLLEGE AVE</StreetAddress>
<StreetAddress2/>
<CountryName>United States</CountryName>
<StateName>Florida</StateName>
<StateCode>FL</StateCode>
<CONGRESSDISTRICT>23</CONGRESSDISTRICT>
<CONGRESS_DISTRICT_ORG>FL23</CONGRESS_DISTRICT_ORG>
<ORG_DUNS_NUM>002971240</ORG_DUNS_NUM>
<ORG_LGL_BUS_NAME>NOVA SOUTHEASTERN UNIVERSITY, INC.</ORG_LGL_BUS_NAME>
<ORG_PRNT_DUNS_NUM>002971240</ORG_PRNT_DUNS_NUM>
</Institution>
<Performance_Institution>
<Name><![CDATA[Nova Southeastern University]]></Name>
<CityName>FORT LAUDERDALE</CityName>
<StateCode>FL</StateCode>
<ZipCode>333147796</ZipCode>
<StreetAddress><![CDATA[3301 COLLEGE AVE]]></StreetAddress>
<CountryCode>US</CountryCode>
<CountryName>United States</CountryName>
<StateName>Florida</StateName>
<CountryFlag>1</CountryFlag>
<CONGRESSDISTRICT>23</CONGRESSDISTRICT>
<CONGRESS_DISTRICT_PERF>FL23</CONGRESS_DISTRICT_PERF>
</Performance_Institution>
<ProgramElement>
<Code>5342</Code>
<Text>Disability &amp; Rehab Engineering</Text>
</ProgramElement>
<ProgramReference>
<Code>7556</Code>
<Text>CONFERENCE AND WORKSHOPS</Text>
</ProgramReference>
<ProgramReference>
<Code>9102</Code>
<Text>WOMEN, MINORITY, DISABLED, NEC</Text>
</ProgramReference>
<FUND_OBLG>2022~4125</FUND_OBLG>
</Award>
</rootTag>
