<?xml version="1.0" encoding="UTF-8"?>
<rootTag>
<Award>
<AwardTitle>Collaborative Research: A Hierarchical Multidimensional Network-based Approach for Multi-Competitor Product Design</AwardTitle>
<AGENCY>NSF</AGENCY>
<AwardEffectiveDate>10/01/2021</AwardEffectiveDate>
<AwardExpirationDate>05/31/2023</AwardExpirationDate>
<AwardTotalIntnAmount>154367.00</AwardTotalIntnAmount>
<AwardAmount>145206</AwardAmount>
<AwardInstrument>
<Value>Standard Grant</Value>
</AwardInstrument>
<Organization>
<Code>07030000</Code>
<Directorate>
<Abbreviation>ENG</Abbreviation>
<LongName>Directorate For Engineering</LongName>
</Directorate>
<Division>
<Abbreviation>CMMI</Abbreviation>
<LongName>Div Of Civil, Mechanical, &amp; Manufact Inn</LongName>
</Division>
</Organization>
<ProgramOfficer>
<SignBlockName>Kathryn Jablokow</SignBlockName>
<PO_EMAI>kjabloko@nsf.gov</PO_EMAI>
<PO_PHON>7032927933</PO_PHON>
</ProgramOfficer>
<AbstractNarration>The objective of this research is to investigate what product customers consider and what they eventually purchase using a hierarchical, multidimensional network-based design approach. Motivated by the need to model socio-technical interactions in engineering design, this research combines design theory with network science to explore three interrelated topics: 1) two-stage multidimensional network models for customer preference modeling that consider product associations and social influence; 2) dynamic network models for predicting the impact of multi-competitor strategic decisions, and 3) knowledge transfer to demonstrate generalizability and creation of shared data resources to benefit research community. This project will advance design theories of complex systems and develop quantitative methods for modeling socio-technical interactions in engineering design. Integrated with enterprise-driven design, the methods developed will enhance US industry’s competitiveness within changing markets. The test cases include a primary case study on the design of electric vehicles and small SUVs and a secondary case study on the design of household products. The project will also foster student training in data science, network science and Artificial Intelligence, with particular emphasis on the participation of underrepresented groups, females, and undergraduates.&lt;br/&gt;&lt;br/&gt;The intellectual merit of this research is manifested in four aspects. First, the hierarchical network model studies customers’ consideration and choice as distinct, but integrated, behaviors. It identifies distinctive driving factors underlying the consideration and choice stages. Second, this research overcomes the practical challenges of missing data on customers' social networks. The solution relies on an innovative approach to assess how individuals’ preferences are influenced by their own egocentric social contacts through a synergistic integration of autologistic actor attribute model (ALAAM) with the Multidimensional Customer-Product Network (MCPN) framework. Third, using temporal Exponential Random Graph Model (t-ERGM), the dynamic network modeling approach will allow the prediction of future market competition considering the present competition structure and multi-competitor design decisions. Finally, a crowdsourcing-based data collection platform integrating online product data and reviews will be developed for eliciting customer preferences in multi-stage decision making.&lt;br/&gt;&lt;br/&gt;This award reflects NSF's statutory mission and has been deemed worthy of support through evaluation using the Foundation's intellectual merit and broader impacts review criteria.</AbstractNarration>
<MinAmdLetterDate>12/29/2021</MinAmdLetterDate>
<MaxAmdLetterDate>12/29/2021</MaxAmdLetterDate>
<ARRAAmount/>
<TRAN_TYPE>Grant</TRAN_TYPE>
<CFDA_NUM>47.041</CFDA_NUM>
<NSF_PAR_USE_FLAG>1</NSF_PAR_USE_FLAG>
<FUND_AGCY_CODE>4900</FUND_AGCY_CODE>
<AWDG_AGCY_CODE>4900</AWDG_AGCY_CODE>
<AwardID>2203080</AwardID>
<Investigator>
<FirstName>Zhenghui</FirstName>
<LastName>Sha</LastName>
<PI_MID_INIT/>
<PI_SUFX_NAME/>
<PI_FULL_NAME>Zhenghui Sha</PI_FULL_NAME>
<EmailAddress>zsha@austin.utexas.edu</EmailAddress>
<PI_PHON>5124713887</PI_PHON>
<NSF_ID>000756912</NSF_ID>
<StartDate>12/29/2021</StartDate>
<EndDate/>
<RoleCode>Principal Investigator</RoleCode>
</Investigator>
<Institution>
<Name>University of Texas at Austin</Name>
<CityName>Austin</CityName>
<ZipCode>787595316</ZipCode>
<PhoneNumber>5124716424</PhoneNumber>
<StreetAddress>3925 W Braker Lane, Ste 3.340</StreetAddress>
<StreetAddress2/>
<CountryName>United States</CountryName>
<StateName>Texas</StateName>
<StateCode>TX</StateCode>
<CONGRESSDISTRICT>10</CONGRESSDISTRICT>
<CONGRESS_DISTRICT_ORG>TX10</CONGRESS_DISTRICT_ORG>
<ORG_DUNS_NUM>170230239</ORG_DUNS_NUM>
<ORG_LGL_BUS_NAME>UNIVERSITY OF TEXAS AT AUSTIN</ORG_LGL_BUS_NAME>
<ORG_PRNT_DUNS_NUM>042000273</ORG_PRNT_DUNS_NUM>
</Institution>
<Performance_Institution>
<Name><![CDATA[University of Texas at Austin]]></Name>
<CityName>Austin</CityName>
<StateCode>TX</StateCode>
<ZipCode>787121591</ZipCode>
<StreetAddress><![CDATA[204 E. Dean Keeton Street ETC II]]></StreetAddress>
<CountryCode>US</CountryCode>
<CountryName>United States</CountryName>
<StateName>Texas</StateName>
<CountryFlag>1</CountryFlag>
<CONGRESSDISTRICT>25</CONGRESSDISTRICT>
<CONGRESS_DISTRICT_PERF>TX25</CONGRESS_DISTRICT_PERF>
</Performance_Institution>
<ProgramElement>
<Code>072Y</Code>
<Text>EDSE-Engineering Design and Sy</Text>
</ProgramElement>
<ProgramReference>
<Code>067E</Code>
<Text>DESIGN TOOLS</Text>
</ProgramReference>
<ProgramReference>
<Code>068E</Code>
<Text>DESIGN THEORY</Text>
</ProgramReference>
<ProgramReference>
<Code>9150</Code>
<Text>EXP PROG TO STIM COMP RES</Text>
</ProgramReference>
<FUND_OBLG>2020~145206</FUND_OBLG>
</Award>
</rootTag>
