<?xml version="1.0" encoding="UTF-8"?>
<rootTag>
<Award>
<AwardTitle>Subgroups in Artin Groups and Lattices in Products of Trees</AwardTitle>
<AGENCY>NSF</AGENCY>
<AwardEffectiveDate>11/15/2021</AwardEffectiveDate>
<AwardExpirationDate>06/30/2024</AwardExpirationDate>
<AwardTotalIntnAmount>163208.00</AwardTotalIntnAmount>
<AwardAmount>129774</AwardAmount>
<AwardInstrument>
<Value>Standard Grant</Value>
</AwardInstrument>
<Organization>
<Code>03040000</Code>
<Directorate>
<Abbreviation>MPS</Abbreviation>
<LongName>Direct For Mathematical &amp; Physical Scien</LongName>
</Directorate>
<Division>
<Abbreviation>DMS</Abbreviation>
<LongName>Division Of Mathematical Sciences</LongName>
</Division>
</Organization>
<ProgramOfficer>
<SignBlockName>Krishnan Shankar</SignBlockName>
<PO_EMAI>kshankar@nsf.gov</PO_EMAI>
<PO_PHON>7032924703</PO_PHON>
</ProgramOfficer>
<AbstractNarration>A group is an algebraic structure encoding symmetries of an object.  It can be defined abstractly, as a collection of strings of letters, where certain equations describe which two strings correspond to the same symmetry.  Such letters are called generators, and the equations are called relations, and together they form what is called a group presentation.  Geometric group theory studies the connection between the geometry of the object, and the properties of the group of its symmetries. An example of a group is the set of integers, which can be viewed as symmetries of a line, where a positive number moves points on the line to the right, and a negative number to the left.  A subgroup of a group is a smaller collection of symmetries, closed under composition. In the group of integers, an example of a subgroup is the collection of the symmetries moving by an even distance. Understanding the subgroup structure is essential in studying the whole group.  This project will address questions about subgroups with prescribed properties in two families of groups: Artin groups and lattices in products of trees. Groups in both of those families can be described by simple looking presentations, but many questions about them remain unanswered.  The project will also promote the participation of women in mathematics via mentoring and outreach.&lt;br/&gt;&lt;br/&gt;The first goal of this project is to examine the actions of Artin groups on CAT(0) cube complexes.  This project will investigate for which Artin groups is every group element is separated by some codimension-1 subgroup, and for which of them this leads to proper actions on CAT(0) cube complexes.  The theory of CAT(0) cube complexes, and special cube complexes in particular, has been a fruitful tool in understanding groups.  Proving that Artin groups act properly on CAT(0) cube complexes would answer many outstanding questions about Artin groups; for example, it could provide a solution to the word problem.  The PI will also continue her work on the residual finiteness of Artin groups in this project.  In the second project, the PI will study cocompact lattices in products of trees and their subgroup structures.  In particular, the PI will determine if all such groups are incoherent.  Showing that all lattices in a product of trees are incoherent would be an indication that coherence is a quasi-isometry invariant.  The project will also determine if any two infinite order elements in a lattice in a product of trees either commute or generate a free subgroup, when raised to high powers.  The project also includes training and mentoring of undergraduate and graduate students with an emphasis on broadening participation of women in mathematics.  The PI is also planning a collaborative educational project with Jankiewicz Studio, a design firm specializing in educational and cultural projects at the intersection of design, art, science and technology.&lt;br/&gt;&lt;br/&gt;This award reflects NSF's statutory mission and has been deemed worthy of support through evaluation using the Foundation's intellectual merit and broader impacts review criteria.</AbstractNarration>
<MinAmdLetterDate>11/16/2021</MinAmdLetterDate>
<MaxAmdLetterDate>11/16/2021</MaxAmdLetterDate>
<ARRAAmount/>
<TRAN_TYPE>Grant</TRAN_TYPE>
<CFDA_NUM>47.049</CFDA_NUM>
<NSF_PAR_USE_FLAG>1</NSF_PAR_USE_FLAG>
<FUND_AGCY_CODE>4900</FUND_AGCY_CODE>
<AWDG_AGCY_CODE>4900</AWDG_AGCY_CODE>
<AwardID>2203307</AwardID>
<Investigator>
<FirstName>Katarzyna</FirstName>
<LastName>Jankiewicz</LastName>
<PI_MID_INIT/>
<PI_SUFX_NAME/>
<PI_FULL_NAME>Katarzyna Jankiewicz</PI_FULL_NAME>
<EmailAddress>kasia@ucsc.edu</EmailAddress>
<PI_PHON>3124390402</PI_PHON>
<NSF_ID>000837622</NSF_ID>
<StartDate>11/16/2021</StartDate>
<EndDate/>
<RoleCode>Principal Investigator</RoleCode>
</Investigator>
<Institution>
<Name>University of California-Santa Cruz</Name>
<CityName>Santa Cruz</CityName>
<ZipCode>950641077</ZipCode>
<PhoneNumber>8314595278</PhoneNumber>
<StreetAddress>1156 High Street</StreetAddress>
<StreetAddress2/>
<CountryName>United States</CountryName>
<StateName>California</StateName>
<StateCode>CA</StateCode>
<CONGRESSDISTRICT>20</CONGRESSDISTRICT>
<CONGRESS_DISTRICT_ORG>CA20</CONGRESS_DISTRICT_ORG>
<ORG_DUNS_NUM>125084723</ORG_DUNS_NUM>
<ORG_LGL_BUS_NAME>UNIVERSITY OF CALIFORNIA, SANTA CRUZ</ORG_LGL_BUS_NAME>
<ORG_PRNT_DUNS_NUM>071549000</ORG_PRNT_DUNS_NUM>
</Institution>
<Performance_Institution>
<Name><![CDATA[University of California-Santa Cruz]]></Name>
<CityName>Santa Cruz</CityName>
<StateCode>CA</StateCode>
<ZipCode>950641077</ZipCode>
<StreetAddress><![CDATA[1156 High Street]]></StreetAddress>
<CountryCode>US</CountryCode>
<CountryName>United States</CountryName>
<StateName>California</StateName>
<CountryFlag>1</CountryFlag>
<CONGRESSDISTRICT>20</CONGRESSDISTRICT>
<CONGRESS_DISTRICT_PERF>CA20</CONGRESS_DISTRICT_PERF>
</Performance_Institution>
<ProgramElement>
<Code>1267</Code>
<Text>TOPOLOGY</Text>
</ProgramElement>
<FUND_OBLG>2021~129774</FUND_OBLG>
</Award>
</rootTag>
