<?xml version="1.0" encoding="UTF-8"?>
<rootTag>
<Award>
<AwardTitle>RAPID: Understanding the Interrelationships Among Floods, Building Characteristics, Mold Growth and Occupants’ Asthma Symptoms in the Aftermath of Hurricane Ida</AwardTitle>
<AGENCY>NSF</AGENCY>
<AwardEffectiveDate>12/01/2021</AwardEffectiveDate>
<AwardExpirationDate>08/31/2022</AwardExpirationDate>
<AwardTotalIntnAmount>107852.00</AwardTotalIntnAmount>
<AwardAmount>107852</AwardAmount>
<AwardInstrument>
<Value>Standard Grant</Value>
</AwardInstrument>
<Organization>
<Code>07030000</Code>
<Directorate>
<Abbreviation>ENG</Abbreviation>
<LongName>Directorate For Engineering</LongName>
</Directorate>
<Division>
<Abbreviation>CMMI</Abbreviation>
<LongName>Div Of Civil, Mechanical, &amp; Manufact Inn</LongName>
</Division>
</Organization>
<ProgramOfficer>
<SignBlockName>Daan Liang</SignBlockName>
<PO_EMAI>dliang@nsf.gov</PO_EMAI>
<PO_PHON>7032922441</PO_PHON>
</ProgramOfficer>
<AbstractNarration>Extensive dampness and mold growth in buildings are some of the most common, yet overlooked indirect impacts of floods, which adversely affect the human respiratory health, particularly among asthmatic individuals. Threats posed by these events are anticipated to intensify in the future due to the climate change, aging infrastructures and rapid population growth, exposing a broader range of communities to flooding. There is currently a lack of understanding on interrelationships among flood characteristics and drivers, building and HVAC system properties (e.g., ventilation rates), human behaviors (e.g., time spent in homes) and vulnerability to mold growth (e.g., asthma symptoms) in the built environment, particularly in residential buildings. Hurricane Ida, a catastrophic event with huge losses, created a rare and unique opportunity to study these interrelationships since it caused various flood intensity levels within a short timeframe and affected a wide range of communities with diverse demographics and asthma prevalence. This Grants for Rapid Response Research (RAPID) project will collect critical data in the aftermath of Hurricane Ida across West South Central and Northeastern Regions of the US in order to study the abovementioned interrelationships in submerged or water-damaged residential buildings. The collected data and identified relationships can be used to guide building designers and occupational health scientists to establish resilient indoor environments, provide a foundation to develop flood-induced mold growth and asthma risk models, assist public health officials and emergency managers to have a better understanding of indirect health-related impacts of floods and support the development of timely strategies for disaster management in population centers. &lt;br/&gt;&lt;br/&gt;Our interdisciplinary team seeks to answer the following scientific questions: (1) what flood characteristics and drivers, building and HVAC system properties and human behaviors cause higher levels of mold growth in residential buildings? and (2) how does living in submerged or water-damaged houses after floods affect asthma symptoms among the residents? To answer these questions, we will investigate the aftermath of Hurricane Ida and collect critical data required for examining human respiratory health risks associated with mold growth in water-damaged and submerged wooden single-family houses located across New Orleans, New York City and Philadelphia metropolitan areas. We will explore a comprehensive range of factors influencing mold growth in submerged or water-damaged buildings of two distant regions affected by a catastrophic hurricane event. A combination of online surveys, comprehensive questionnaires, home inspections and existing datasets will be used to collect information on flooding, respiratory health and built environment. The project will develop a unified empirical database of flood characteristics and drivers, building and HVAC system properties, human behaviors, mold growth and asthma symptoms, which is essential to advance the scientific understanding of flood impacts on human respiratory health in the built environments.&lt;br/&gt;&lt;br/&gt;This award reflects NSF's statutory mission and has been deemed worthy of support through evaluation using the Foundation's intellectual merit and broader impacts review criteria.</AbstractNarration>
<MinAmdLetterDate>12/08/2021</MinAmdLetterDate>
<MaxAmdLetterDate>12/08/2021</MaxAmdLetterDate>
<ARRAAmount/>
<TRAN_TYPE>Grant</TRAN_TYPE>
<CFDA_NUM>47.041</CFDA_NUM>
<NSF_PAR_USE_FLAG>1</NSF_PAR_USE_FLAG>
<FUND_AGCY_CODE>4900</FUND_AGCY_CODE>
<AWDG_AGCY_CODE>4900</AWDG_AGCY_CODE>
<AwardID>2203180</AwardID>
<Investigator>
<FirstName>Ebrahim</FirstName>
<LastName>Ahmadisharaf</LastName>
<PI_MID_INIT/>
<PI_SUFX_NAME/>
<PI_FULL_NAME>Ebrahim Ahmadisharaf</PI_FULL_NAME>
<EmailAddress>eahmadisharaf@eng.famu.fsu.edu</EmailAddress>
<PI_PHON>7168035498</PI_PHON>
<NSF_ID>000836592</NSF_ID>
<StartDate>12/08/2021</StartDate>
<EndDate/>
<RoleCode>Principal Investigator</RoleCode>
</Investigator>
<Investigator>
<FirstName>Michael</FirstName>
<LastName>Killian</LastName>
<PI_MID_INIT>O</PI_MID_INIT>
<PI_SUFX_NAME/>
<PI_FULL_NAME>Michael O Killian</PI_FULL_NAME>
<EmailAddress>mkillian@fsu.edu</EmailAddress>
<PI_PHON>8506447094</PI_PHON>
<NSF_ID>000866914</NSF_ID>
<StartDate>12/08/2021</StartDate>
<EndDate/>
<RoleCode>Co-Principal Investigator</RoleCode>
</Investigator>
<Investigator>
<FirstName>Parham</FirstName>
<LastName>Azimi</LastName>
<PI_MID_INIT/>
<PI_SUFX_NAME/>
<PI_FULL_NAME>Parham Azimi</PI_FULL_NAME>
<EmailAddress>pazimi@hsph.harvard.edu</EmailAddress>
<PI_PHON>3129278477</PI_PHON>
<NSF_ID>000866901</NSF_ID>
<StartDate>12/08/2021</StartDate>
<EndDate/>
<RoleCode>Co-Principal Investigator</RoleCode>
</Investigator>
<Investigator>
<FirstName>Joseph</FirstName>
<LastName>Allen</LastName>
<PI_MID_INIT>G</PI_MID_INIT>
<PI_SUFX_NAME/>
<PI_FULL_NAME>Joseph G Allen</PI_FULL_NAME>
<EmailAddress>jgallen@hsph.harvard.edu</EmailAddress>
<PI_PHON>9177478040</PI_PHON>
<NSF_ID>000866944</NSF_ID>
<StartDate>12/08/2021</StartDate>
<EndDate/>
<RoleCode>Co-Principal Investigator</RoleCode>
</Investigator>
<Institution>
<Name>Florida State University</Name>
<CityName>Tallahassee</CityName>
<ZipCode>323064166</ZipCode>
<PhoneNumber>8506445260</PhoneNumber>
<StreetAddress>874 Traditions Way</StreetAddress>
<StreetAddress2/>
<CountryName>United States</CountryName>
<StateName>Florida</StateName>
<StateCode>FL</StateCode>
<CONGRESSDISTRICT>02</CONGRESSDISTRICT>
<CONGRESS_DISTRICT_ORG>FL02</CONGRESS_DISTRICT_ORG>
<ORG_DUNS_NUM>790877419</ORG_DUNS_NUM>
<ORG_LGL_BUS_NAME>FLORIDA STATE UNIVERSITY</ORG_LGL_BUS_NAME>
<ORG_PRNT_DUNS_NUM>159621697</ORG_PRNT_DUNS_NUM>
</Institution>
<Performance_Institution>
<Name><![CDATA[Florida State University]]></Name>
<CityName>TALLAHASSEE</CityName>
<StateCode>FL</StateCode>
<ZipCode>323106046</ZipCode>
<StreetAddress><![CDATA[2525 Pottsdamer St.]]></StreetAddress>
<CountryCode>US</CountryCode>
<CountryName>United States</CountryName>
<StateName>Florida</StateName>
<CountryFlag>1</CountryFlag>
<CONGRESSDISTRICT>05</CONGRESSDISTRICT>
<CONGRESS_DISTRICT_PERF>FL05</CONGRESS_DISTRICT_PERF>
</Performance_Institution>
<ProgramElement>
<Code>1638</Code>
<Text>HDBE-Humans, Disasters, and th</Text>
</ProgramElement>
<ProgramReference>
<Code>042E</Code>
<Text>HAZARD AND DISASTER RESPONSE</Text>
</ProgramReference>
<ProgramReference>
<Code>7914</Code>
<Text>RAPID</Text>
</ProgramReference>
<FUND_OBLG>2022~107852</FUND_OBLG>
</Award>
</rootTag>
