<?xml version="1.0" encoding="UTF-8"?>
<rootTag>
<Award>
<AwardTitle>NSF-BSF: Collaborative Research: RI: Small: Multilingual Language Generation via Understanding of Code Switching</AwardTitle>
<AGENCY>NSF</AGENCY>
<AwardEffectiveDate>10/01/2021</AwardEffectiveDate>
<AwardExpirationDate>12/31/2023</AwardExpirationDate>
<AwardTotalIntnAmount>345562.00</AwardTotalIntnAmount>
<AwardAmount>247818</AwardAmount>
<AwardInstrument>
<Value>Standard Grant</Value>
</AwardInstrument>
<Organization>
<Code>05020000</Code>
<Directorate>
<Abbreviation>CSE</Abbreviation>
<LongName>Direct For Computer &amp; Info Scie &amp; Enginr</LongName>
</Directorate>
<Division>
<Abbreviation>IIS</Abbreviation>
<LongName>Div Of Information &amp; Intelligent Systems</LongName>
</Division>
</Organization>
<ProgramOfficer>
<SignBlockName>Tatiana Korelsky</SignBlockName>
<PO_EMAI>tkorelsk@nsf.gov</PO_EMAI>
<PO_PHON>7032928729</PO_PHON>
</ProgramOfficer>
<AbstractNarration>Human language technology has recently matured to the extent that computational systems can generally interact with users in ways that are natural to humans, not just to machines. However, most people in the world today are multilingual, and current approaches to language technology do not reflect the reality that multilingual communication is ubiquitous; that is, current technology can interact naturally with monolingual speakers, but not with multilingual ones. Computational systems should be able to generate language that sounds equally natural to these users, and this includes being able to accommodate nonnative speakers. This project first creates a large-scale, broad coverage dataset, reflecting conversations between humans and an automatic system that is sophisticated enough to generate fluent multilingual (i.e. 'code-switched') utterances, but is simple enough for controlled experiments. The dataset is far larger than ones that are currently available, and is based on a much more detailed understanding of language-switching strategies. Second, this dataset is used to develop new methods to incorporate code-switching into contemporary deep-learning language generation, including  dialogue systems, question answering, assistive technologies, summarization and machine translation. This innovation should benefit a dramatic number of multilingual computer users, including less privileged users who are currently required to interact with machines in a language they do not speak fluently. Successful completion of the research program will pave the way for the development of natural language technologies that are more accommodating to such users, building bridges over the digital divide. &lt;br/&gt;&lt;br/&gt;The overarching goal of this project is to develop multilingual and contextualized language generation technologies that are more controllable and more adaptable to multilingual users. The project achieves this goal by completing the following objectives. (1) It develops psycholinguistically-grounded, scalable approaches to collecting corpora for studying how multilingual speakers adapt to each other's linguistic choices in text conversations. These methodologies are employed to collect large-scale, rich datasets of multilingual human-machine conversations. These datasets, as well as additional corpora of human code-switched interactions, should shed new light on the theoretical understanding of cross-lingual usage patterns, allowing for better understanding of how people employ code-switching in written language. (2) It uses the linguistic insights obtained through this endeavor to define classifiers that predict code-switching. (3) Novel approaches are developed for efficient, large-vocabulary neural language generation that incorporate these classifiers, allowing generation systems to introduce code-switching in a way that sounds natural to multilingual users. Consequently, this project should dramatically advance our understanding of code-switching, especially in the relatively unexplored territory of written dialogue. In addition, its contributions benefit a broad range of applications that rely on language generation, including dialogue systems, question answering, assistive technologies, summarization and machine translation.&lt;br/&gt;&lt;br/&gt;This award reflects NSF's statutory mission and has been deemed worthy of support through evaluation using the Foundation's intellectual merit and broader impacts review criteria.</AbstractNarration>
<MinAmdLetterDate>11/30/2021</MinAmdLetterDate>
<MaxAmdLetterDate>11/30/2021</MaxAmdLetterDate>
<ARRAAmount/>
<TRAN_TYPE>Grant</TRAN_TYPE>
<CFDA_NUM>47.070</CFDA_NUM>
<NSF_PAR_USE_FLAG>1</NSF_PAR_USE_FLAG>
<FUND_AGCY_CODE>4900</FUND_AGCY_CODE>
<AWDG_AGCY_CODE>4900</AWDG_AGCY_CODE>
<AwardID>2203097</AwardID>
<Investigator>
<FirstName>Yulia</FirstName>
<LastName>Tsvetkov</LastName>
<PI_MID_INIT/>
<PI_SUFX_NAME/>
<PI_FULL_NAME>Yulia Tsvetkov</PI_FULL_NAME>
<EmailAddress>yuliats@cs.washington.edu</EmailAddress>
<PI_PHON>4122047407</PI_PHON>
<NSF_ID>000728441</NSF_ID>
<StartDate>11/30/2021</StartDate>
<EndDate/>
<RoleCode>Principal Investigator</RoleCode>
</Investigator>
<Institution>
<Name>University of Washington</Name>
<CityName>Seattle</CityName>
<ZipCode>981950001</ZipCode>
<PhoneNumber>2065434043</PhoneNumber>
<StreetAddress>4333 Brooklyn Ave NE</StreetAddress>
<StreetAddress2/>
<CountryName>United States</CountryName>
<StateName>Washington</StateName>
<StateCode>WA</StateCode>
<CONGRESSDISTRICT>07</CONGRESSDISTRICT>
<CONGRESS_DISTRICT_ORG>WA07</CONGRESS_DISTRICT_ORG>
<ORG_DUNS_NUM>605799469</ORG_DUNS_NUM>
<ORG_LGL_BUS_NAME>UNIVERSITY OF WASHINGTON</ORG_LGL_BUS_NAME>
<ORG_PRNT_DUNS_NUM>042803536</ORG_PRNT_DUNS_NUM>
</Institution>
<Performance_Institution>
<Name><![CDATA[University of Washington]]></Name>
<CityName>Seattle</CityName>
<StateCode>WA</StateCode>
<ZipCode>981950001</ZipCode>
<StreetAddress><![CDATA[4333 Brooklyn Ave NE]]></StreetAddress>
<CountryCode>US</CountryCode>
<CountryName>United States</CountryName>
<StateName>Washington</StateName>
<CountryFlag>1</CountryFlag>
<CONGRESSDISTRICT>07</CONGRESSDISTRICT>
<CONGRESS_DISTRICT_PERF>WA07</CONGRESS_DISTRICT_PERF>
</Performance_Institution>
<ProgramElement>
<Code>7495</Code>
<Text>Robust Intelligence</Text>
</ProgramElement>
<ProgramReference>
<Code>7495</Code>
<Text>ROBUST INTELLIGENCE</Text>
</ProgramReference>
<ProgramReference>
<Code>7923</Code>
<Text>SMALL PROJECT</Text>
</ProgramReference>
<FUND_OBLG>2020~247818</FUND_OBLG>
</Award>
</rootTag>
