<?xml version="1.0" encoding="UTF-8"?>
<rootTag>
<Award>
<AwardTitle>Enhancing the Use of Institutional Data in Projects to Support Low-Income, High-Achieving Students in STEM: Capacity-Building Workshops</AwardTitle>
<AGENCY>NSF</AGENCY>
<AwardEffectiveDate>01/15/2022</AwardEffectiveDate>
<AwardExpirationDate>12/31/2023</AwardExpirationDate>
<AwardTotalIntnAmount>49928.00</AwardTotalIntnAmount>
<AwardAmount>49928</AwardAmount>
<AwardInstrument>
<Value>Standard Grant</Value>
</AwardInstrument>
<Organization>
<Code>11040000</Code>
<Directorate>
<Abbreviation>EHR</Abbreviation>
<LongName>Direct For Education and Human Resources</LongName>
</Directorate>
<Division>
<Abbreviation>DUE</Abbreviation>
<LongName>Division Of Undergraduate Education</LongName>
</Division>
</Organization>
<ProgramOfficer>
<SignBlockName>Thomas Kim</SignBlockName>
<PO_EMAI>tkim@nsf.gov</PO_EMAI>
<PO_PHON>7032924458</PO_PHON>
</ProgramOfficer>
<AbstractNarration>This project will contribute to the national need for well-educated scientists, mathematicians, engineers, and technicians by empowering STEM faculty members to strengthen their efforts to support low-income STEM students with academic ability and potential to degree completion. The significance of this project is its approach to enhancing the ability and confidence of STEM faculty members in developing data-informed projects through virtual workshops. A total of 50-70 participants from diverse backgrounds and institution types, including faculty members with limited or no S-STEM project experience, will be recruited to two workshop cohorts using intentional strategies. The workshop sessions will incorporate inquiry, reflection, hands-on activities, and practical strategies from experts to help participants meet S-STEM proposal requirements and strengthen their proposal development process. The workshop may serve as a framework for capacity building for faculty in analyzing institutional data related to activities that support low-income STEM students with academic potential.&lt;br/&gt;&lt;br/&gt;The overall goal of this project is to increase STEM degree completion of low-income, high-achieving undergraduates with demonstrated financial need. In particular, the project goal is to increase faculty investigators’ knowledge of and confidence in using data to better understand their institution’s STEM enrollment, retention, and graduation landscape for low-income students with academic potential and ability. The project scope will support participants in both project development and practical perspectives. The approach intentionally scaffolds participants’ knowledge and skills development through Transparency in Learning and Teaching strategies and practices that foster an inclusive and equity-focused learning environment. The objectives are to: 1) develop and implement a virtual workshop series focused on the data components of an S-STEM proposal; 2) recruit diverse S-STEM teams to one of two offerings of the workshop series; 3) increase participants’ knowledge of and confidence in using institutional data to inform their project; and 4) evaluate the project to identify the needs of faculty PIs in using institutional data and inform improvements in faculty development workshops. For the workshop participants, the anticipated outcomes will include: a) articulating awareness of how institutional data can be used to inform their project plans and goals; b) developing a plan for using student data in project development, including identifying relevant questions that the student data can help answer in alignment with the NSF S-STEM program; and c) drafting a plan for requesting student data from their Institutional Research and Financial Aid offices including IRB considerations. The formative and summative evaluation will identify challenges and promising strategies for gathering, analyzing, and using student data in different institutional contexts. The workshop materials, approach, and results will be disseminated through STEM education conferences and networks and shared with NSF S-STEM leadership. This project is funded by NSF’s Scholarships in Science, Technology, Engineering, and Mathematics program, which seeks to increase the number of low-income academically talented students with demonstrated financial need who earn degrees in STEM fields. It also aims to improve the education of future STEM workers, and to generate knowledge about academic success, retention, transfer, graduation, and academic/career pathways of low-income students.&lt;br/&gt;&lt;br/&gt;This award reflects NSF's statutory mission and has been deemed worthy of support through evaluation using the Foundation's intellectual merit and broader impacts review criteria.</AbstractNarration>
<MinAmdLetterDate>01/12/2022</MinAmdLetterDate>
<MaxAmdLetterDate>01/12/2022</MaxAmdLetterDate>
<ARRAAmount/>
<TRAN_TYPE>Grant</TRAN_TYPE>
<CFDA_NUM>47.076</CFDA_NUM>
<NSF_PAR_USE_FLAG>1</NSF_PAR_USE_FLAG>
<FUND_AGCY_CODE>4900</FUND_AGCY_CODE>
<AWDG_AGCY_CODE>4900</AWDG_AGCY_CODE>
<AwardID>2203148</AwardID>
<Investigator>
<FirstName>Amy</FirstName>
<LastName>Chan Hilton</LastName>
<PI_MID_INIT/>
<PI_SUFX_NAME/>
<PI_FULL_NAME>Amy Chan Hilton</PI_FULL_NAME>
<EmailAddress>amy.chanhilton@usi.edu</EmailAddress>
<PI_PHON>8124615476</PI_PHON>
<NSF_ID>000707327</NSF_ID>
<StartDate>01/12/2022</StartDate>
<EndDate/>
<RoleCode>Principal Investigator</RoleCode>
</Investigator>
<Institution>
<Name>University of Southern Indiana</Name>
<CityName>Evansville</CityName>
<ZipCode>477123534</ZipCode>
<PhoneNumber>8124651630</PhoneNumber>
<StreetAddress>8600 Univ Blvd Box 6227</StreetAddress>
<StreetAddress2/>
<CountryName>United States</CountryName>
<StateName>Indiana</StateName>
<StateCode>IN</StateCode>
<CONGRESSDISTRICT>08</CONGRESSDISTRICT>
<CONGRESS_DISTRICT_ORG>IN08</CONGRESS_DISTRICT_ORG>
<ORG_DUNS_NUM>180524274</ORG_DUNS_NUM>
<ORG_LGL_BUS_NAME>UNIVERSITY OF SOUTHERN INDIANA</ORG_LGL_BUS_NAME>
<ORG_PRNT_DUNS_NUM>180524274</ORG_PRNT_DUNS_NUM>
</Institution>
<Performance_Institution>
<Name><![CDATA[University of Southern Indiana]]></Name>
<CityName>Evansville</CityName>
<StateCode>IN</StateCode>
<ZipCode>477123597</ZipCode>
<StreetAddress><![CDATA[8600 University Boulevard]]></StreetAddress>
<CountryCode>US</CountryCode>
<CountryName>United States</CountryName>
<StateName>Indiana</StateName>
<CountryFlag>1</CountryFlag>
<CONGRESSDISTRICT>08</CONGRESSDISTRICT>
<CONGRESS_DISTRICT_PERF>IN08</CONGRESS_DISTRICT_PERF>
</Performance_Institution>
<ProgramElement>
<Code>1536</Code>
<Text>S-STEM-Schlr Sci Tech Eng&amp;Math</Text>
</ProgramElement>
<ProgramReference>
<Code>7556</Code>
<Text>CONFERENCE AND WORKSHOPS</Text>
</ProgramReference>
<ProgramReference>
<Code>9178</Code>
<Text>UNDERGRADUATE EDUCATION</Text>
</ProgramReference>
<ProgramReference>
<Code>SMET</Code>
<Text>SCIENCE, MATH, ENG &amp; TECH EDUCATION</Text>
</ProgramReference>
<FUND_OBLG>2022~49928</FUND_OBLG>
</Award>
</rootTag>
