<?xml version="1.0" encoding="UTF-8"?>
<rootTag>
<Award>
<AwardTitle>Conference: The 23rd Penn State Plant Biology Symposium: RNA Biology</AwardTitle>
<AGENCY>NSF</AGENCY>
<AwardEffectiveDate>03/01/2022</AwardEffectiveDate>
<AwardExpirationDate>02/28/2023</AwardExpirationDate>
<AwardTotalIntnAmount>25000.00</AwardTotalIntnAmount>
<AwardAmount>25000</AwardAmount>
<AwardInstrument>
<Value>Standard Grant</Value>
</AwardInstrument>
<Organization>
<Code>08070000</Code>
<Directorate>
<Abbreviation>BIO</Abbreviation>
<LongName>Direct For Biological Sciences</LongName>
</Directorate>
<Division>
<Abbreviation>MCB</Abbreviation>
<LongName>Div Of Molecular and Cellular Bioscience</LongName>
</Division>
</Organization>
<ProgramOfficer>
<SignBlockName>Stephen DiFazio</SignBlockName>
<PO_EMAI>sdifazio@nsf.gov</PO_EMAI>
<PO_PHON>7032924517</PO_PHON>
</ProgramOfficer>
<AbstractNarration>This award will provide partial support for the 23rd Penn State Plant Biology Symposium: RNA Biology, to be held May 18-20, 2022 on the Penn State Campus in College Park. The conference will feature established and emerging leaders in all aspects of plant RNA biology. This is the continuation of two long-running conference series, and is expected to draw an international group of attendees. The conference will include two keynote addresses, 19 invited lectures, and 15 contributed presentations, as well as two poster sessions. Travel awards and outreach will ensure a diverse group of participants. Students will have prominent roles at the conference, helping to organize and run the sessions, as well as presenting their own research. A publication describing findings from the symposium will be led by graduate student attendees, providing valuable professional experience and tangible outcomes for their career advancement. &lt;br/&gt;&lt;br/&gt;RNA biology is a fast-moving field that is impacting all areas of the life sciences. Plants are at the forefront of RNA biology, both as tractable model systems and in the context of enhancing agricultural productivity. Pivotal discoveries in RNA structure, gene regulation, and epigenetics are coming from plant systems. The conference will cover exciting advances in the areas of small regulatory RNAs, RNA structure, RNA processing, RNA localization, translational control of gene expression, and epigenetics and chromatin modifications. This symposium will gather leading investigators, early stage scientists, trainees, and students in an intimate setting. This will allow for information sharing on the cutting edge of this field. The comprehensive plan for recruiting participants will ensure that the gathering will catalyze collaborations that may not otherwise happen.&lt;br/&gt;&lt;br/&gt;This project is jointly funded by the Genetic Mechanisms program in the Division of Molecular and Cellular Biosciences and the Plant Genome Research Program in the Division of Integrative Organismal Systems of the Biological Sciences Directorate.&lt;br/&gt;&lt;br/&gt;This award reflects NSF's statutory mission and has been deemed worthy of support through evaluation using the Foundation's intellectual merit and broader impacts review criteria.</AbstractNarration>
<MinAmdLetterDate>01/06/2022</MinAmdLetterDate>
<MaxAmdLetterDate>01/06/2022</MaxAmdLetterDate>
<ARRAAmount/>
<TRAN_TYPE>Grant</TRAN_TYPE>
<CFDA_NUM>47.074</CFDA_NUM>
<NSF_PAR_USE_FLAG>1</NSF_PAR_USE_FLAG>
<FUND_AGCY_CODE>4900</FUND_AGCY_CODE>
<AWDG_AGCY_CODE>4900</AWDG_AGCY_CODE>
<AwardID>2203087</AwardID>
<Investigator>
<FirstName>Michael</FirstName>
<LastName>Axtell</LastName>
<PI_MID_INIT>J</PI_MID_INIT>
<PI_SUFX_NAME/>
<PI_FULL_NAME>Michael J Axtell</PI_FULL_NAME>
<EmailAddress>mja18@psu.edu</EmailAddress>
<PI_PHON>8148670241</PI_PHON>
<NSF_ID>000126353</NSF_ID>
<StartDate>01/06/2022</StartDate>
<EndDate/>
<RoleCode>Principal Investigator</RoleCode>
</Investigator>
<Institution>
<Name>Pennsylvania State Univ University Park</Name>
<CityName>University Park</CityName>
<ZipCode>168021503</ZipCode>
<PhoneNumber>8148651372</PhoneNumber>
<StreetAddress>201 Old Main</StreetAddress>
<StreetAddress2/>
<CountryName>United States</CountryName>
<StateName>Pennsylvania</StateName>
<StateCode>PA</StateCode>
<CONGRESSDISTRICT>12</CONGRESSDISTRICT>
<CONGRESS_DISTRICT_ORG>PA12</CONGRESS_DISTRICT_ORG>
<ORG_DUNS_NUM>003403953</ORG_DUNS_NUM>
<ORG_LGL_BUS_NAME>PENNSYLVANIA STATE UNIVERSITY, THE</ORG_LGL_BUS_NAME>
<ORG_PRNT_DUNS_NUM>003403953</ORG_PRNT_DUNS_NUM>
</Institution>
<Performance_Institution>
<Name><![CDATA[Pennsylvania State Univ University Park]]></Name>
<CityName>University Park</CityName>
<StateCode>PA</StateCode>
<ZipCode>168021503</ZipCode>
<StreetAddress/>
<CountryCode>US</CountryCode>
<CountryName>United States</CountryName>
<StateName>Pennsylvania</StateName>
<CountryFlag>1</CountryFlag>
<CONGRESSDISTRICT>12</CONGRESSDISTRICT>
<CONGRESS_DISTRICT_PERF>PA12</CONGRESS_DISTRICT_PERF>
</Performance_Institution>
<ProgramElement>
<Code>1112</Code>
<Text>Genetic Mechanisms</Text>
</ProgramElement>
<ProgramElement>
<Code>1329</Code>
<Text>Plant Genome Research Project</Text>
</ProgramElement>
<ProgramReference>
<Code>7465</Code>
<Text>NANOSCALE BIO CORE</Text>
</ProgramReference>
<ProgramReference>
<Code>7556</Code>
<Text>CONFERENCE AND WORKSHOPS</Text>
</ProgramReference>
<ProgramReference>
<Code>8038</Code>
<Text>Biotechnology</Text>
</ProgramReference>
<FUND_OBLG>2022~25000</FUND_OBLG>
</Award>
</rootTag>
