<?xml version="1.0" encoding="UTF-8"?>
<rootTag>
<Award>
<AwardTitle>NSF-AoF: CNS Core: Small: Reinforcement Learning for Real-time Wireless Scheduling and Edge Caching: Theory and Algorithm Design</AwardTitle>
<AGENCY>NSF</AGENCY>
<AwardEffectiveDate>10/01/2021</AwardEffectiveDate>
<AwardExpirationDate>09/30/2024</AwardExpirationDate>
<AwardTotalIntnAmount>415000.00</AwardTotalIntnAmount>
<AwardAmount>415000</AwardAmount>
<AwardInstrument>
<Value>Standard Grant</Value>
</AwardInstrument>
<Organization>
<Code>05050000</Code>
<Directorate>
<Abbreviation>CSE</Abbreviation>
<LongName>Direct For Computer &amp; Info Scie &amp; Enginr</LongName>
</Directorate>
<Division>
<Abbreviation>CNS</Abbreviation>
<LongName>Division Of Computer and Network Systems</LongName>
</Division>
</Organization>
<ProgramOfficer>
<SignBlockName>Alhussein Abouzeid</SignBlockName>
<PO_EMAI>aabouzei@nsf.gov</PO_EMAI>
<PO_PHON>7032928950</PO_PHON>
</ProgramOfficer>
<AbstractNarration>Recent years have witnessed a tremendous growth in real-time applications in wirelessly networked systems, such as connected cars and multi-user augmented reality (AR).  Wireless edge caching is another emerging application requiring high bandwidth, where optimal caching decisions would depend on the cache contents and dynamic user demand profiles.  To meet the explosive demand, 5G and Beyond (B5G) technology promises to offer enhanced mobile broadband (eMBB) and ultra-reliable low-latency communications (URLLC) services.  Meeting URLLC requirements is very challenging in wireless networks, and requires massive modifications to the current wireless system design.  Deadline-aware wireless scheduling of real-time traffic has been a long-standing open problem. This collaborative project makes a paradigm shift to tackle these challenges thus spurring a new line of thinking for QoS guarantee in terms of ultra-low latency and high bandwidth in a variety of IoT applications, including B5G, autonomous driving, augmented reality, smart health and smart city, benefiting both the US and Finland. The proposed research will also be integrated with education activities at the PIs' institutions for graduate, undergraduate, and K-12 students via curriculum development, research experiences, and outreach. &lt;br/&gt;&lt;br/&gt;This project leverages recent advances on offline reinforcement learning (RL) to study   two important problems in B5G, namely 1) deadline-aware wireless scheduling to guarantee low latency and 2) edge caching to achieve high bandwidth content delivery.  In Thrust 1, physics-aided offline RL will be devised to train deadline-aware scheduling policies. Specifically, the Actor-Critic (A-C) method will be used for offline training of scheduling policies, consisting of two phases: 1) initialization of Actor structure via behavioral cloning and 2) policy improvement via the physics-aided A-C method. With a good model-based scheduling algorithm as the initial actor structure, the A-C method can be leveraged to yield a better scheduling policy, thanks to its nature of policy improvement. Further, innovative algorithms will be devised to address the outstanding problems in the A-C method, namely overestimation bias and high variance, and Meta-RL will be used for adaptation to distribution shift in nonstationary network dynamics.  Thrust 2 focuses on wireless edge caching, an application where the storage capacities at both the network edge and user devices are harnessed to alleviate the need of high-bandwidth communications over long distances. The combinatorial nature of joint communication and caching optimization herein, with the uncertainties of system dynamics, calls for non-trivial design of machine learning algorithms.  The PIs will leverage RL to investigate wireless edge caching thoroughly.&lt;br/&gt;&lt;br/&gt;This award reflects NSF's statutory mission and has been deemed worthy of support through evaluation using the Foundation's intellectual merit and broader impacts review criteria.</AbstractNarration>
<MinAmdLetterDate>12/21/2021</MinAmdLetterDate>
<MaxAmdLetterDate>12/21/2021</MaxAmdLetterDate>
<ARRAAmount/>
<TRAN_TYPE>Grant</TRAN_TYPE>
<CFDA_NUM>47.070</CFDA_NUM>
<NSF_PAR_USE_FLAG>1</NSF_PAR_USE_FLAG>
<FUND_AGCY_CODE>4900</FUND_AGCY_CODE>
<AWDG_AGCY_CODE>4900</AWDG_AGCY_CODE>
<AwardID>2203239</AwardID>
<Investigator>
<FirstName>Junshan</FirstName>
<LastName>Zhang</LastName>
<PI_MID_INIT/>
<PI_SUFX_NAME/>
<PI_FULL_NAME>Junshan Zhang</PI_FULL_NAME>
<EmailAddress>jazh@ucdavis.edu</EmailAddress>
<PI_PHON>5307527395</PI_PHON>
<NSF_ID>000261350</NSF_ID>
<StartDate>12/21/2021</StartDate>
<EndDate/>
<RoleCode>Principal Investigator</RoleCode>
</Investigator>
<Institution>
<Name>University of California-Davis</Name>
<CityName>Davis</CityName>
<ZipCode>956186134</ZipCode>
<PhoneNumber>5307547700</PhoneNumber>
<StreetAddress>OR/Sponsored Programs</StreetAddress>
<StreetAddress2><![CDATA[1850 Research Park Dr., Ste 300]]></StreetAddress2>
<CountryName>United States</CountryName>
<StateName>California</StateName>
<StateCode>CA</StateCode>
<CONGRESSDISTRICT>03</CONGRESSDISTRICT>
<CONGRESS_DISTRICT_ORG>CA03</CONGRESS_DISTRICT_ORG>
<ORG_DUNS_NUM>047120084</ORG_DUNS_NUM>
<ORG_LGL_BUS_NAME>UNIVERSITY OF CALIFORNIA, DAVIS</ORG_LGL_BUS_NAME>
<ORG_PRNT_DUNS_NUM>071549000</ORG_PRNT_DUNS_NUM>
</Institution>
<Performance_Institution>
<Name><![CDATA[University of California-Davis OR/Sponsored Programs]]></Name>
<CityName>Davis</CityName>
<StateCode>CA</StateCode>
<ZipCode>956186134</ZipCode>
<StreetAddress><![CDATA[1850 Research Park Dr.]]></StreetAddress>
<CountryCode>US</CountryCode>
<CountryName>United States</CountryName>
<StateName>California</StateName>
<CountryFlag>1</CountryFlag>
<CONGRESSDISTRICT>03</CONGRESSDISTRICT>
<CONGRESS_DISTRICT_PERF>CA03</CONGRESS_DISTRICT_PERF>
</Performance_Institution>
<ProgramElement>
<Code>7363</Code>
<Text>Networking Technology and Syst</Text>
</ProgramElement>
<ProgramReference>
<Code>022Z</Code>
<Text>International Partnerships</Text>
</ProgramReference>
<ProgramReference>
<Code>5935</Code>
<Text>FINLAND</Text>
</ProgramReference>
<ProgramReference>
<Code>7923</Code>
<Text>SMALL PROJECT</Text>
</ProgramReference>
<FUND_OBLG>2021~415000</FUND_OBLG>
</Award>
</rootTag>
