<?xml version="1.0" encoding="UTF-8"?>
<rootTag>
<Award>
<AwardTitle>Workshop: Diversity and dynamics of herbaceous plant communities in forest ecosystems</AwardTitle>
<AGENCY>NSF</AGENCY>
<AwardEffectiveDate>09/01/2022</AwardEffectiveDate>
<AwardExpirationDate>08/31/2023</AwardExpirationDate>
<AwardTotalIntnAmount>46590.00</AwardTotalIntnAmount>
<AwardAmount>46590</AwardAmount>
<AwardInstrument>
<Value>Standard Grant</Value>
</AwardInstrument>
<Organization>
<Code>08010000</Code>
<Directorate>
<Abbreviation>BIO</Abbreviation>
<LongName>Direct For Biological Sciences</LongName>
</Directorate>
<Division>
<Abbreviation>DEB</Abbreviation>
<LongName>Division Of Environmental Biology</LongName>
</Division>
</Organization>
<ProgramOfficer>
<SignBlockName>Douglas Levey</SignBlockName>
<PO_EMAI>dlevey@nsf.gov</PO_EMAI>
<PO_PHON>7032925196</PO_PHON>
</ProgramOfficer>
<AbstractNarration>Much of our understanding of how forests work is based on trees because they are the largest and most obvious organisms in forests. However, trees make up less than one quarter of all the plant species in many forests. Vines, epiphytes ("air plants"), and small plants like ferns and wildflowers are more common and just as diverse as trees. Therefore, our understanding of forest biology is limited because these other plants are often quite different from trees. Small, non-woody plants tend to have different ways of living, growing, and reproducing tree than trees. Also, they may respond quite differently to changes in light, water, nutrients, and human activities. These differences from trees mean that we are still unable to answer important questions about plant diversity. For example, how does diversity on the forest floor change with climate and geographic location? And how do differences in rainfall affect what kinds of plants can grow? If we know the answers to these questions, we can also answer questions such as what conditions allow non-native ‘invasive’ plants to spread? And how will plants on the forest floor respond to increasing temperatures or more intense droughts predicted with climate change? &lt;br/&gt;&lt;br/&gt;To address this lack of understanding, the researchers will run a workshop where they will determine which questions should be prioritized, accounting for feasibility (i.e., what are the low-hanging fruit?) and urgency (i.e., what are critical knowledge gaps for conservation and management?). The workshop will bring together a diverse group of early-career and experienced researchers, with expertise in herbaceous plant taxonomy and systematics, herbaceous plant ecology, forest ecology, ecological sampling techniques, statistical modeling, conservation, and policy. Participants will be selected from a variety of institutions and countries in temperate and tropical regions. The workshop will result in resources made openly available to the scientific community, including a review of recent important research and top fundamental and applied research questions. Additionally, workshop participants will propose standardized methods to embed inventories of herbaceous plants within existing forest monitoring networks, allowing many other researchers to sample herbaceous plants consistently across a wide variety of forest habitats to address the identified research priorities.&lt;br/&gt;&lt;br/&gt;This award reflects NSF's statutory mission and has been deemed worthy of support through evaluation using the Foundation's intellectual merit and broader impacts review criteria.</AbstractNarration>
<MinAmdLetterDate>01/11/2022</MinAmdLetterDate>
<MaxAmdLetterDate>01/11/2022</MaxAmdLetterDate>
<ARRAAmount/>
<TRAN_TYPE>Grant</TRAN_TYPE>
<CFDA_NUM>47.074</CFDA_NUM>
<NSF_PAR_USE_FLAG>1</NSF_PAR_USE_FLAG>
<FUND_AGCY_CODE>4900</FUND_AGCY_CODE>
<AWDG_AGCY_CODE>4900</AWDG_AGCY_CODE>
<AwardID>2203958</AwardID>
<Investigator>
<FirstName>Liza</FirstName>
<LastName>Comita</LastName>
<PI_MID_INIT/>
<PI_SUFX_NAME/>
<PI_FULL_NAME>Liza Comita</PI_FULL_NAME>
<EmailAddress>liza.comita@yale.edu</EmailAddress>
<PI_PHON>2039275465</PI_PHON>
<NSF_ID>000584002</NSF_ID>
<StartDate>01/11/2022</StartDate>
<EndDate/>
<RoleCode>Co-Principal Investigator</RoleCode>
</Investigator>
<Investigator>
<FirstName>Simon</FirstName>
<LastName>Queenborough</LastName>
<PI_MID_INIT/>
<PI_SUFX_NAME/>
<PI_FULL_NAME>Simon Queenborough</PI_FULL_NAME>
<EmailAddress>simon.queenborough@yale.edu</EmailAddress>
<PI_PHON>2034323660</PI_PHON>
<NSF_ID>000595407</NSF_ID>
<StartDate>01/11/2022</StartDate>
<EndDate/>
<RoleCode>Principal Investigator</RoleCode>
</Investigator>
<Investigator>
<FirstName>Marlyse</FirstName>
<LastName>Duguid</LastName>
<PI_MID_INIT/>
<PI_SUFX_NAME/>
<PI_FULL_NAME>Marlyse Duguid</PI_FULL_NAME>
<EmailAddress>marlyse.duguid@yale.edu</EmailAddress>
<PI_PHON>2037854689</PI_PHON>
<NSF_ID>000679250</NSF_ID>
<StartDate>01/11/2022</StartDate>
<EndDate/>
<RoleCode>Co-Principal Investigator</RoleCode>
</Investigator>
<Institution>
<Name>Yale University</Name>
<CityName>New Haven</CityName>
<ZipCode>065208327</ZipCode>
<PhoneNumber>2037854689</PhoneNumber>
<StreetAddress>Office of Sponsored Projects</StreetAddress>
<StreetAddress2><![CDATA[P.O. Box 208327]]></StreetAddress2>
<CountryName>United States</CountryName>
<StateName>Connecticut</StateName>
<StateCode>CT</StateCode>
<CONGRESSDISTRICT>03</CONGRESSDISTRICT>
<CONGRESS_DISTRICT_ORG>CT03</CONGRESS_DISTRICT_ORG>
<ORG_DUNS_NUM>043207562</ORG_DUNS_NUM>
<ORG_LGL_BUS_NAME>YALE UNIVERSITY</ORG_LGL_BUS_NAME>
<ORG_PRNT_DUNS_NUM>043207562</ORG_PRNT_DUNS_NUM>
</Institution>
<Performance_Institution>
<Name><![CDATA[Yale University School of the Environment]]></Name>
<CityName>New Haven</CityName>
<StateCode>CT</StateCode>
<ZipCode>065112387</ZipCode>
<StreetAddress><![CDATA[195 Prospect St]]></StreetAddress>
<CountryCode>US</CountryCode>
<CountryName>United States</CountryName>
<StateName>Connecticut</StateName>
<CountryFlag>1</CountryFlag>
<CONGRESSDISTRICT>03</CONGRESSDISTRICT>
<CONGRESS_DISTRICT_PERF>CT03</CONGRESS_DISTRICT_PERF>
</Performance_Institution>
<ProgramElement>
<Code>1128</Code>
<Text>Population &amp; Community Ecology</Text>
</ProgramElement>
<ProgramReference>
<Code>7556</Code>
<Text>CONFERENCE AND WORKSHOPS</Text>
</ProgramReference>
<FUND_OBLG>2022~46590</FUND_OBLG>
</Award>
</rootTag>
