<?xml version="1.0" encoding="UTF-8"?>
<rootTag>
<Award>
<AwardTitle>Collaborative Research: SaTC: EDU: A Hands-on Approach to Securing Self-Driving Networks</AwardTitle>
<AGENCY>NSF</AGENCY>
<AwardEffectiveDate>02/01/2022</AwardEffectiveDate>
<AwardExpirationDate>08/31/2024</AwardExpirationDate>
<AwardTotalIntnAmount>226438.00</AwardTotalIntnAmount>
<AwardAmount>226438</AwardAmount>
<AwardInstrument>
<Value>Standard Grant</Value>
</AwardInstrument>
<Organization>
<Code>11010000</Code>
<Directorate>
<Abbreviation>EHR</Abbreviation>
<LongName>Direct For Education and Human Resources</LongName>
</Directorate>
<Division>
<Abbreviation>DGE</Abbreviation>
<LongName>Division Of Graduate Education</LongName>
</Division>
</Organization>
<ProgramOfficer>
<SignBlockName>Li Yang</SignBlockName>
<PO_EMAI>liyang@nsf.gov</PO_EMAI>
<PO_PHON>7032922677</PO_PHON>
</ProgramOfficer>
<AbstractNarration>This award is funded in whole or in part under the American Rescue Plan Act of 2021 (Public Law 117-2). Today’s computer networks have grown both in complexity and in scale, in part as a response to diverse connectivity requirements in the era of the Internet of Things, Cloud 3.0, and Big Data. Existing network management solutions cannot keep up with the demand for solutions to real-time network management problems resulting from these increasingly complex networks. Network management requires a fundamentally new approach in which networks can autonomously control, configure, and manage themselves. While these “self-driving networks” offer numerous opportunities for efficient network management, they introduce new threats and attack vectors that must be addressed to secure them. Unfortunately, there is currently a shortfall of professionals trained in autonomous and intelligent network security and a shortfall of content with which to train these professionals. This project will address these shortfalls by developing lab-intensive modules that enable undergraduate students to gain fundamental and advanced knowledge in securing next-generation self-driving networks. &lt;br/&gt;&lt;br/&gt;The project team will develop six self-contained modules with comprehensive coverage of the techniques, tools, and methods required to secure self-driving networks. The modules will cover (1) attack investigation and analysis of legacy, Software Defined Networking (SDN), and adversarial attacks; (2) hunting for vulnerabilities using static analysis, software component analysis, automated known attack patterns, and behavioral analysis; (3) network-wide data collection using classic and OpenFlow based approaches; (4) protection using runtime application self-protection, automated patching, and security information and event management; (5) evaluation using continuous adaptive risk and thrust assessment; and (6) action using security orchestration, automation and response. In addition, this project aims to increase the participation of underrepresented groups in STEM by organizing workshops and participating in professional conferences. The project team will also organize a workshop to disseminate the modules to interested faculty members from other organizations.&lt;br/&gt;&lt;br/&gt;This project is supported by the Secure and Trustworthy Cyberspace (SaTC) program, which funds proposals that address cybersecurity and privacy, and in this case specifically cybersecurity education. The SaTC program aligns with the Federal Cybersecurity Research and Development Strategic Plan and the National Privacy Research Strategy to protect and preserve the growing social and economic benefits of cyber systems while ensuring security and privacy.&lt;br/&gt;&lt;br/&gt;This award reflects NSF's statutory mission and has been deemed worthy of support through evaluation using the Foundation's intellectual merit and broader impacts review criteria.</AbstractNarration>
<MinAmdLetterDate>01/25/2022</MinAmdLetterDate>
<MaxAmdLetterDate>01/25/2022</MaxAmdLetterDate>
<ARRAAmount/>
<TRAN_TYPE>Grant</TRAN_TYPE>
<CFDA_NUM>47.076</CFDA_NUM>
<NSF_PAR_USE_FLAG>1</NSF_PAR_USE_FLAG>
<FUND_AGCY_CODE>4900</FUND_AGCY_CODE>
<AWDG_AGCY_CODE>4900</AWDG_AGCY_CODE>
<AwardID>2203094</AwardID>
<Investigator>
<FirstName>Ali</FirstName>
<LastName>Tosun</LastName>
<PI_MID_INIT>S</PI_MID_INIT>
<PI_SUFX_NAME/>
<PI_FULL_NAME>Ali S Tosun</PI_FULL_NAME>
<EmailAddress>ali.tosun@uncp.edu</EmailAddress>
<PI_PHON>2108632827</PI_PHON>
<NSF_ID>000277006</NSF_ID>
<StartDate>01/25/2022</StartDate>
<EndDate/>
<RoleCode>Principal Investigator</RoleCode>
</Investigator>
<Institution>
<Name>University of North Carolina at Pembroke</Name>
<CityName>Pembroke</CityName>
<ZipCode>283721510</ZipCode>
<PhoneNumber>9107754249</PhoneNumber>
<StreetAddress>One University Drive</StreetAddress>
<StreetAddress2><![CDATA[P.O. Box 1510]]></StreetAddress2>
<CountryName>United States</CountryName>
<StateName>North Carolina</StateName>
<StateCode>NC</StateCode>
<CONGRESSDISTRICT>09</CONGRESSDISTRICT>
<CONGRESS_DISTRICT_ORG>NC09</CONGRESS_DISTRICT_ORG>
<ORG_DUNS_NUM>067189332</ORG_DUNS_NUM>
<ORG_LGL_BUS_NAME>UNIVERSITY OF NORTH CAROLINA AT PEMBROKE, THE</ORG_LGL_BUS_NAME>
<ORG_PRNT_DUNS_NUM>142363428</ORG_PRNT_DUNS_NUM>
</Institution>
<Performance_Institution>
<Name><![CDATA[University of North Carolina at Pembroke]]></Name>
<CityName>Pembroke</CityName>
<StateCode>NC</StateCode>
<ZipCode>283721510</ZipCode>
<StreetAddress><![CDATA[PO Box 1510]]></StreetAddress>
<CountryCode>US</CountryCode>
<CountryName>United States</CountryName>
<StateName>North Carolina</StateName>
<CountryFlag>1</CountryFlag>
<CONGRESSDISTRICT>09</CONGRESSDISTRICT>
<CONGRESS_DISTRICT_PERF>NC09</CONGRESS_DISTRICT_PERF>
</Performance_Institution>
<ProgramElement>
<Code>1668</Code>
<Text>CYBERCORPS: SCHLAR FOR SER</Text>
</ProgramElement>
<ProgramReference>
<Code>025Z</Code>
<Text>SaTC: Secure and Trustworthy Cyberspace</Text>
</ProgramReference>
<ProgramReference>
<Code>102Z</Code>
<Text>COVID-Disproportionate Impcts Inst-Indiv</Text>
</ProgramReference>
<FUND_OBLG>2021~226438</FUND_OBLG>
</Award>
</rootTag>
