<?xml version="1.0" encoding="UTF-8"?>
<rootTag>
<Award>
<AwardTitle>RAPID: The effects of extreme drought on sediment transport and deposition in water-supply reservoirs</AwardTitle>
<AGENCY>NSF</AGENCY>
<AwardEffectiveDate>12/15/2021</AwardEffectiveDate>
<AwardExpirationDate>11/30/2022</AwardExpirationDate>
<AwardTotalIntnAmount>50000.00</AwardTotalIntnAmount>
<AwardAmount>50000</AwardAmount>
<AwardInstrument>
<Value>Standard Grant</Value>
</AwardInstrument>
<Organization>
<Code>06030000</Code>
<Directorate>
<Abbreviation>GEO</Abbreviation>
<LongName>Directorate For Geosciences</LongName>
</Directorate>
<Division>
<Abbreviation>EAR</Abbreviation>
<LongName>Division Of Earth Sciences</LongName>
</Division>
</Organization>
<ProgramOfficer>
<SignBlockName>Richard Yuretich</SignBlockName>
<PO_EMAI>ryuretic@nsf.gov</PO_EMAI>
<PO_PHON>7032924744</PO_PHON>
</ProgramOfficer>
<AbstractNarration>The southwestern U.S. is experiencing an extreme drought that is reducing flow in river systems and producing record low levels in water-supply reservoirs. For example, the Elephant Butte Reservoir on the Rio Grande River in New Mexico was only 5.6% full as of October, exposing a large wedge of sediment that has extended an additional 1 km into the reservoir during the summer of 2021. During the drought, flash floods are the principal means by which water enters the reservoir. Flash floods bring sediment-laden flows that can accumulate in the reservoir and reduce the capacity further. This project will collect time-sensitive data to assess impacts of the extreme drought on water budgets, river sediment transport, and reservoir sedimentation.   The project will train one graduate student in the integration of field, laboratory methods, and numerical modeling. The research has applications to similar processes occurring in coastal regions and will help in making complex decisions on water release and management of wetlands in western river corridors. &lt;br/&gt;&lt;br/&gt;The severe drought in the Rio Grande River basin has caused a delta to emerge at the entrance into the Elephant Butte Reservoir. During the drought year of 2021, spring snowmelt was subdued, and flash floods from storm events became the predominant mechanism for sediment transport into the reservoir. These flash flood-derived sediments accumulate upon entering reservoirs to form a lacustrine delta, which unlike marine deltas, typically experience hyperpycnal flows. Initial research during a monsoon-driven flash flood in July 2021 indicate that heightened sediment and organic carbon transport affected the geomorphology and ecology during the event. This RAPID project will identify the mechanisms driving flash flood sediment transport and morphodynamics in arid fluvio-deltaic systems and determine how extreme drought amplifies these processes. The research will also numerically model the Elephant Butte Reservoir deltaic system to evaluate geomorphic changes in the subaqueous delta driven by highly sediment-laden flash floods, which will also inform the carbon sequestration potential of such rapidly prograding deltas. The proposed research involves two field campaigns in the winter and spring of 2022 to collect water and bed material samples, channel geometry, velocity, and water level measurements, images of the delta front, and casts of a conductivity, temperature, and depth sensor. The data will be incorporated into the hydrodynamics and sediment transport model Delft3D to simulate sediment transport and deposition processes during a flash flood at high resolution, which has never been done in a reservoir setting.&lt;br/&gt;&lt;br/&gt;This award reflects NSF's statutory mission and has been deemed worthy of support through evaluation using the Foundation's intellectual merit and broader impacts review criteria.</AbstractNarration>
<MinAmdLetterDate>12/03/2021</MinAmdLetterDate>
<MaxAmdLetterDate>12/03/2021</MaxAmdLetterDate>
<ARRAAmount/>
<TRAN_TYPE>Grant</TRAN_TYPE>
<CFDA_NUM>47.050</CFDA_NUM>
<NSF_PAR_USE_FLAG>1</NSF_PAR_USE_FLAG>
<FUND_AGCY_CODE>4900</FUND_AGCY_CODE>
<AWDG_AGCY_CODE>4900</AWDG_AGCY_CODE>
<AwardID>2203159</AwardID>
<Investigator>
<FirstName>Irina</FirstName>
<LastName>Overeem</LastName>
<PI_MID_INIT/>
<PI_SUFX_NAME/>
<PI_FULL_NAME>Irina Overeem</PI_FULL_NAME>
<EmailAddress>irina.overeem@colorado.edu</EmailAddress>
<PI_PHON>3034926631</PI_PHON>
<NSF_ID>000493687</NSF_ID>
<StartDate>12/03/2021</StartDate>
<EndDate/>
<RoleCode>Principal Investigator</RoleCode>
</Investigator>
<Investigator>
<FirstName>Brandee</FirstName>
<LastName>Carlson</LastName>
<PI_MID_INIT>N</PI_MID_INIT>
<PI_SUFX_NAME/>
<PI_FULL_NAME>Brandee N Carlson</PI_FULL_NAME>
<EmailAddress>bcarlson@rice.edu</EmailAddress>
<PI_PHON>5129137694</PI_PHON>
<NSF_ID>000810102</NSF_ID>
<StartDate>12/03/2021</StartDate>
<EndDate/>
<RoleCode>Co-Principal Investigator</RoleCode>
</Investigator>
<Institution>
<Name>University of Colorado at Boulder</Name>
<CityName>Boulder</CityName>
<ZipCode>803031058</ZipCode>
<PhoneNumber>3034926221</PhoneNumber>
<StreetAddress>3100 Marine Street, Room 481</StreetAddress>
<StreetAddress2><![CDATA[572 UCB]]></StreetAddress2>
<CountryName>United States</CountryName>
<StateName>Colorado</StateName>
<StateCode>CO</StateCode>
<CONGRESSDISTRICT>02</CONGRESSDISTRICT>
<CONGRESS_DISTRICT_ORG>CO02</CONGRESS_DISTRICT_ORG>
<ORG_DUNS_NUM>007431505</ORG_DUNS_NUM>
<ORG_LGL_BUS_NAME>REGENTS OF THE UNIVERSITY OF COLORADO, THE</ORG_LGL_BUS_NAME>
<ORG_PRNT_DUNS_NUM>007431505</ORG_PRNT_DUNS_NUM>
</Institution>
<Performance_Institution>
<Name><![CDATA[University of Colorado at Boulder]]></Name>
<CityName>Boulder</CityName>
<StateCode>CO</StateCode>
<ZipCode>803031058</ZipCode>
<StreetAddress><![CDATA[3100 Marine Street, Room 481]]></StreetAddress>
<CountryCode>US</CountryCode>
<CountryName>United States</CountryName>
<StateName>Colorado</StateName>
<CountryFlag>1</CountryFlag>
<CONGRESSDISTRICT>02</CONGRESSDISTRICT>
<CONGRESS_DISTRICT_PERF>CO02</CONGRESS_DISTRICT_PERF>
</Performance_Institution>
<ProgramElement>
<Code>7222</Code>
<Text>XC-Crosscutting Activities Pro</Text>
</ProgramElement>
<ProgramElement>
<Code>7458</Code>
<Text>Geomorphology &amp; Land-use Dynam</Text>
</ProgramElement>
<ProgramReference>
<Code>7458</Code>
<Text>GEOMORPHOLOGY &amp; LAND USE DYNAM</Text>
</ProgramReference>
<ProgramReference>
<Code>7914</Code>
<Text>RAPID</Text>
</ProgramReference>
<FUND_OBLG>2022~50000</FUND_OBLG>
</Award>
</rootTag>
