<?xml version="1.0" encoding="UTF-8"?>
<rootTag>
<Award>
<AwardTitle>RAPID: Impacts of high magnitude wildfire on volcanic (lava tube) cave water chemistry, nutrient transport, activity and diversity of cave microbiome</AwardTitle>
<AGENCY>NSF</AGENCY>
<AwardEffectiveDate>12/15/2021</AwardEffectiveDate>
<AwardExpirationDate>11/30/2022</AwardExpirationDate>
<AwardTotalIntnAmount>99394.00</AwardTotalIntnAmount>
<AwardAmount>99394</AwardAmount>
<AwardInstrument>
<Value>Standard Grant</Value>
</AwardInstrument>
<Organization>
<Code>06030000</Code>
<Directorate>
<Abbreviation>GEO</Abbreviation>
<LongName>Directorate For Geosciences</LongName>
</Directorate>
<Division>
<Abbreviation>EAR</Abbreviation>
<LongName>Division Of Earth Sciences</LongName>
</Division>
</Organization>
<ProgramOfficer>
<SignBlockName>Julie Pett-Ridge</SignBlockName>
<PO_EMAI>jpettrid@nsf.gov</PO_EMAI>
<PO_PHON>7032922613</PO_PHON>
</ProgramOfficer>
<AbstractNarration>Wildfires of high magnitude are known to cause destruction of surface vegetation, soil sterilization, and alteration of soil chemical and hydraulic properties; whereas their effects on subsurface environments are relatively unknown. Recent Caldwell and Antelope wildfires in northern California burnt over hundreds of acres of landscape which included 97% of the area in Lava Beds National Monument (Lava Beds) that protects volcanic (lava) caves. The volcanic caves provide a unique habitat for bacteria and archaea, and morphologically diverse secondary mineral features (speleothems) in the presence of water. This study investigates the impacts of intense wildfires on volcanic cave ecosystems by sampling cave water and microbial mats, and analyzing them for detailed inorganic and organic chemistry, microbial diversity and activity. This data from fire-affected caves will be compared with pre-fire data from earlier studies, and the control caves from the unburnt areas, to quantify the changes occurred within the caves due to wildfires. This RAPID project supports one minority graduate student at the University of Texas at San Antonio, a leading Hispanic Serving Institution (HSI) and several undergraduate students (Hispanic, minorities, women and first generation). In collaboration with the National Park Service, the findings of this study will help inform protection of the sensitive natural heritage at Lava Beds National Monument, and important scientific findings will be made available to the visitors of the park. &lt;br/&gt;&lt;br/&gt;&lt;br/&gt;Impacts of high magnitude wildfires on surface environments are well documented such as complete destruction of vegetation, soil sterilization, and alteration of physical, chemical and hydraulic soil properties. However, their effects on subsurface environments like vadose zones, shallow aquifers, and caves are relatively understudied. The Caldwell Fire in 2020 and Antelope Fire in 2021 in northern California have affected 97% of Lava Beds National Monument (California, USA) landscape that hosts numerous volcanic (lava) caves. Volcanic (lava) caves are nutrient-poor, aphotic environments, and yet they host a rich diversity of bacteria and archaea which often utilize reduced energy sources (e.g., reduced iron, sulfur, manganese, or nitrogen compounds) available within the host rock and mineral deposits within the caves. Availability of nutrients in caves greatly depends upon the interactions between host rock (basalt) and meteoric water that infiltrates through surface soils into caves through fractured cave walls. This RAPID study will obtain water and microbial samples from volcanic caves in wildfire affected and unaffected areas at Lava Beds, during a post-fire hydrologic response time, and correlate it with chemical and molecular signatures in the samples. Post-fire changes in cave water chemistry will be quantified by measuring concentrations of cations, anions, trace metals, and dissolved organic matter, and comparing with pre-fire data from earlier studies, and from control caves. Analysis of 16S rRNA gene sequencing and ATP will be used to track changes in microbial diversity and activity within the caves during the post-fire period. One graduate student and several undergraduate students from the University of Texas at San Antonio and University of New Mexico will perform samples collection and subsequent laboratory analyses. These results will provide a key information regarding impacts of surface wildfires on subsurface ecosystems.&lt;br/&gt;&lt;br/&gt;This award reflects NSF's statutory mission and has been deemed worthy of support through evaluation using the Foundation's intellectual merit and broader impacts review criteria.</AbstractNarration>
<MinAmdLetterDate>12/07/2021</MinAmdLetterDate>
<MaxAmdLetterDate>12/07/2021</MaxAmdLetterDate>
<ARRAAmount/>
<TRAN_TYPE>Grant</TRAN_TYPE>
<CFDA_NUM>47.050</CFDA_NUM>
<NSF_PAR_USE_FLAG>1</NSF_PAR_USE_FLAG>
<FUND_AGCY_CODE>4900</FUND_AGCY_CODE>
<AWDG_AGCY_CODE>4900</AWDG_AGCY_CODE>
<AwardID>2203517</AwardID>
<Investigator>
<FirstName>Diana</FirstName>
<LastName>Northup</LastName>
<PI_MID_INIT>E</PI_MID_INIT>
<PI_SUFX_NAME/>
<PI_FULL_NAME>Diana E Northup</PI_FULL_NAME>
<EmailAddress>dnorthup@unm.edu</EmailAddress>
<PI_PHON>5052775232</PI_PHON>
<NSF_ID>000247213</NSF_ID>
<StartDate>12/07/2021</StartDate>
<EndDate/>
<RoleCode>Co-Principal Investigator</RoleCode>
</Investigator>
<Investigator>
<FirstName>Saugata</FirstName>
<LastName>Datta</LastName>
<PI_MID_INIT/>
<PI_SUFX_NAME/>
<PI_FULL_NAME>Saugata Datta</PI_FULL_NAME>
<EmailAddress>saugata.datta@utsa.edu</EmailAddress>
<PI_PHON>2104584752</PI_PHON>
<NSF_ID>000184946</NSF_ID>
<StartDate>12/07/2021</StartDate>
<EndDate/>
<RoleCode>Principal Investigator</RoleCode>
</Investigator>
<Investigator>
<FirstName>Harshad</FirstName>
<LastName>Kulkarni</LastName>
<PI_MID_INIT>V</PI_MID_INIT>
<PI_SUFX_NAME/>
<PI_FULL_NAME>Harshad V Kulkarni</PI_FULL_NAME>
<EmailAddress>harshad.kulkarni@utsa.edu</EmailAddress>
<PI_PHON>9702147829</PI_PHON>
<NSF_ID>000827255</NSF_ID>
<StartDate>12/07/2021</StartDate>
<EndDate/>
<RoleCode>Co-Principal Investigator</RoleCode>
</Investigator>
<Institution>
<Name>University of Texas at San Antonio</Name>
<CityName>San Antonio</CityName>
<ZipCode>782491644</ZipCode>
<PhoneNumber>2104584340</PhoneNumber>
<StreetAddress>One UTSA Circle</StreetAddress>
<StreetAddress2><![CDATA[Grants, Contracts & Ind. Agr.]]></StreetAddress2>
<CountryName>United States</CountryName>
<StateName>Texas</StateName>
<StateCode>TX</StateCode>
<CONGRESSDISTRICT>20</CONGRESSDISTRICT>
<CONGRESS_DISTRICT_ORG>TX20</CONGRESS_DISTRICT_ORG>
<ORG_DUNS_NUM>800189185</ORG_DUNS_NUM>
<ORG_LGL_BUS_NAME>UNIVERSITY OF TEXAS AT SAN ANTONIO, THE</ORG_LGL_BUS_NAME>
<ORG_PRNT_DUNS_NUM>042000273</ORG_PRNT_DUNS_NUM>
</Institution>
<Performance_Institution>
<Name><![CDATA[University of Texas at San Antonio]]></Name>
<CityName>San Antonio</CityName>
<StateCode>TX</StateCode>
<ZipCode>782491644</ZipCode>
<StreetAddress><![CDATA[One UTSA Circle]]></StreetAddress>
<CountryCode>US</CountryCode>
<CountryName>United States</CountryName>
<StateName>Texas</StateName>
<CountryFlag>1</CountryFlag>
<CONGRESSDISTRICT>20</CONGRESSDISTRICT>
<CONGRESS_DISTRICT_PERF>TX20</CONGRESS_DISTRICT_PERF>
</Performance_Institution>
<ProgramElement>
<Code>7222</Code>
<Text>XC-Crosscutting Activities Pro</Text>
</ProgramElement>
<ProgramElement>
<Code>7295</Code>
<Text>Geobiology &amp; Low-Temp Geochem</Text>
</ProgramElement>
<ProgramReference>
<Code>7914</Code>
<Text>RAPID</Text>
</ProgramReference>
<FUND_OBLG>2022~99394</FUND_OBLG>
</Award>
</rootTag>
