<?xml version="1.0" encoding="UTF-8"?>
<rootTag>
<Award>
<AwardTitle>ABI Development: Improved Tools for Population Genomics</AwardTitle>
<AGENCY>NSF</AGENCY>
<AwardEffectiveDate>10/01/2021</AwardEffectiveDate>
<AwardExpirationDate>08/31/2022</AwardExpirationDate>
<AwardTotalIntnAmount>794836.00</AwardTotalIntnAmount>
<AwardAmount>13444</AwardAmount>
<AwardInstrument>
<Value>Standard Grant</Value>
</AwardInstrument>
<Organization>
<Code>08080000</Code>
<Directorate>
<Abbreviation>BIO</Abbreviation>
<LongName>Direct For Biological Sciences</LongName>
</Directorate>
<Division>
<Abbreviation>DBI</Abbreviation>
<LongName>Div Of Biological Infrastructure</LongName>
</Division>
</Organization>
<ProgramOfficer>
<SignBlockName>Peter McCartney</SignBlockName>
<PO_EMAI>pmccartn@nsf.gov</PO_EMAI>
<PO_PHON>7032928470</PO_PHON>
</ProgramOfficer>
<AbstractNarration>The goal of this project is to develop computer software that allows scientists to compare the genomes of natural populations of organisms. Population genomics (the study of diversity in the genomic DNA of populations instead of individuals) has important applications in agriculture, anthropology, conservation, medicine, and several other fields of biology. Recent technology advances have greatly lowered the cost of DNA sequencing so large amounts of data are available. At the same time statisticians have developed new methods for analyzing large collections of genome-sized data. Combining the data with the new analysis approaches can let scientists answer fundamental questions about the biology of species that have never before been accessible. However, most population genomics studies fail to take advantage of the latest population genomics statistical methods. This is because the genomic data requires a lot of processing to prepare it for the analysis steps, and these operations are not easy to learn. Lack of bioinformatics knowledge has led to erroneous conclusions, irreproducible results, incomplete analyses, and slow turnaround time of population genomics projects. This project aims to provide software that can handle those tasks in a consistent and correct way and allow direct access to the statistical tools, to bring about new insights in population biology. &lt;br/&gt;&lt;br/&gt;This project will address the largest impediments to model-based population genomics by building a user-friendly and intuitive pipeline platform, the "Pop-gen Pipeline Platform" (PPP). This platform will help researchers avoid the problems inherent in re-inventing data processing scripts to feed data into their population genomics analyses, and considerably reduce time and effort. PPP will include tested scripts and pipelines for data preparation, and in addition the tools needed to build evolutionary models, carry out analyses of data, and create visualization of results via the Ruffus Computation Pipeline Library in Python. PPP will also be developed as a stand-alone application with a graphical user interface (GUI) under the popular and robust Galaxy Project (www.galaxyproject.org) for bioinformatics analyses. An online server deploying Galaxy/PPP will be developed and maintained at Temple University, Philadelphia (www.dev3.cst.temple.edu) for users to interactively submit jobs on a first-come-first-served basis. Online forums will be established for support, and to collect suggestions regarding what is desired for further development under PPP. Tutorials and videos about example applications of the PPP will be added to the Galaxy Project Wikipedia training channels. Additionally, a significant part of this work will involve educating Temple University seniors, Philadelphia area high school teachers, and their students about the power of bioinformatics in modern biology through summer workshops. Information about PPP, and associated developments can be accessed at https://bio.cst.temple.edu/~hey/software/software.htm.</AbstractNarration>
<MinAmdLetterDate>12/09/2021</MinAmdLetterDate>
<MaxAmdLetterDate>12/09/2021</MaxAmdLetterDate>
<ARRAAmount/>
<TRAN_TYPE>Grant</TRAN_TYPE>
<CFDA_NUM>47.074</CFDA_NUM>
<NSF_PAR_USE_FLAG>0</NSF_PAR_USE_FLAG>
<FUND_AGCY_CODE>4900</FUND_AGCY_CODE>
<AWDG_AGCY_CODE>4900</AWDG_AGCY_CODE>
<AwardID>2203184</AwardID>
<Investigator>
<FirstName>Arun</FirstName>
<LastName>Sethuraman</LastName>
<PI_MID_INIT/>
<PI_SUFX_NAME/>
<PI_FULL_NAME>Arun Sethuraman</PI_FULL_NAME>
<EmailAddress>asethuraman@sdsu.edu</EmailAddress>
<PI_PHON>5154519151</PI_PHON>
<NSF_ID>000704122</NSF_ID>
<StartDate>12/09/2021</StartDate>
<EndDate/>
<RoleCode>Principal Investigator</RoleCode>
</Investigator>
<Institution>
<Name>San Diego State University Foundation</Name>
<CityName>San Diego</CityName>
<ZipCode>921822190</ZipCode>
<PhoneNumber>6195945731</PhoneNumber>
<StreetAddress>5250 Campanile Drive</StreetAddress>
<StreetAddress2/>
<CountryName>United States</CountryName>
<StateName>California</StateName>
<StateCode>CA</StateCode>
<CONGRESSDISTRICT>53</CONGRESSDISTRICT>
<CONGRESS_DISTRICT_ORG>CA53</CONGRESS_DISTRICT_ORG>
<ORG_DUNS_NUM>073371346</ORG_DUNS_NUM>
<ORG_LGL_BUS_NAME>SAN DIEGO STATE UNIVERSITY FOUNDATION</ORG_LGL_BUS_NAME>
<ORG_PRNT_DUNS_NUM/>
</Institution>
<Performance_Institution>
<Name><![CDATA[San Diego State University Foundation]]></Name>
<CityName>San Diego</CityName>
<StateCode>CA</StateCode>
<ZipCode>921822190</ZipCode>
<StreetAddress><![CDATA[5500 Campanile Drive]]></StreetAddress>
<CountryCode>US</CountryCode>
<CountryName>United States</CountryName>
<StateName>California</StateName>
<CountryFlag>1</CountryFlag>
<CONGRESSDISTRICT>53</CONGRESSDISTRICT>
<CONGRESS_DISTRICT_PERF>CA53</CONGRESS_DISTRICT_PERF>
</Performance_Institution>
<ProgramElement>
<Code>1165</Code>
<Text>ADVANCES IN BIO INFORMATICS</Text>
</ProgramElement>
<FUND_OBLG>2016~13444</FUND_OBLG>
</Award>
</rootTag>
