<?xml version="1.0" encoding="UTF-8"?>
<rootTag>
<Award>
<AwardTitle>CCSS: Collaborative Research: Quality-Aware Distributed Computation for Wireless Federated Learning:  Channel-Aware User Selection, Mini-Batch Size Adaptation, and Scheduling</AwardTitle>
<AGENCY>NSF</AGENCY>
<AwardEffectiveDate>10/01/2021</AwardEffectiveDate>
<AwardExpirationDate>07/31/2024</AwardExpirationDate>
<AwardTotalIntnAmount>219999.00</AwardTotalIntnAmount>
<AwardAmount>219999</AwardAmount>
<AwardInstrument>
<Value>Standard Grant</Value>
</AwardInstrument>
<Organization>
<Code>07010000</Code>
<Directorate>
<Abbreviation>ENG</Abbreviation>
<LongName>Directorate For Engineering</LongName>
</Directorate>
<Division>
<Abbreviation>ECCS</Abbreviation>
<LongName>Div Of Electrical, Commun &amp; Cyber Sys</LongName>
</Division>
</Organization>
<ProgramOfficer>
<SignBlockName>Zhengdao Wang</SignBlockName>
<PO_EMAI>zwang@nsf.gov</PO_EMAI>
<PO_PHON>7032927823</PO_PHON>
</ProgramOfficer>
<AbstractNarration>With the explosive growth of ML/AI technologies, there is enormous potential to advance networking technologies to enable distributed ML/AI data analytics over networked systems. This project will explore innovative cross-disciplinary research at the intersections of wireless networking and machine learning, and study wireless federated learning (FL) for achieving collaborative intelligence in wireless networks. It will advance the fundamental understanding of quality-aware dynamic distributed computation and computation-communication co-design for wireless FL. This project will spur a new line of thinking and provide new insights to support various emerging ML/AI applications over wireless networked systems, such as collaborative robotics, multi-user mixed reality, and intelligent control and management of wireless networks. The proposed research will also be integrated with education activities at the PIs' institutions for graduate, undergraduate, and K-12 students via curriculum development, research experiences, and outreach. The PIs will make conscientious effort to recruit minority graduate students.&lt;br/&gt;&lt;br/&gt;This project will study quality-aware distributed computation for wireless FL, with focuses on channel-aware user selection, communication scheduling, and adaptive mini-batch size design. The proposed research is built on the key observation that the learning accuracy of the trained model in FL depends heavily on dynamic selection of users participating in the learning process and the quality of their local model updates (which is determined by their mini-batch sizes). The quality of local updates can be treated as a design parameter and used as a knob for adaptive control across users and over time based on users' communication and computation costs as well as capabilities. With this insight, the PIs will 1) quantify the impacts of the variances of users' local stochastic gradient updates on learning accuracy over the learning process, for general settings including non-IID data, non-convex loss functions, and asynchronous distributed learning; 2) develop adaptive algorithms that select the participating users and set their mini-batch sizes in each round of the FL algorithm, based on users' channel conditions and the impacts of their local updates on the training loss; 3) jointly design users' mini-batch sizes and schedule their communications to reduce the learning time, by investigating the intricate coupling between computation workloads and communication scheduling. Multi-objective optimization will be used to strike the right balance between learning accuracy and learning cost (or learning time).&lt;br/&gt;&lt;br/&gt;This project is jointly funded by the Division of Electrical, Communications and Cyber Systems (ECCS), and the Established Program to Stimulate Competitive Research (EPSCoR).&lt;br/&gt;&lt;br/&gt;This award reflects NSF's statutory mission and has been deemed worthy of support through evaluation using the Foundation's intellectual merit and broader impacts review criteria.</AbstractNarration>
<MinAmdLetterDate>11/30/2021</MinAmdLetterDate>
<MaxAmdLetterDate>11/30/2021</MaxAmdLetterDate>
<ARRAAmount/>
<TRAN_TYPE>Grant</TRAN_TYPE>
<CFDA_NUM>47.041</CFDA_NUM>
<NSF_PAR_USE_FLAG>1</NSF_PAR_USE_FLAG>
<FUND_AGCY_CODE>4900</FUND_AGCY_CODE>
<AWDG_AGCY_CODE>4900</AWDG_AGCY_CODE>
<AwardID>2203238</AwardID>
<Investigator>
<FirstName>Junshan</FirstName>
<LastName>Zhang</LastName>
<PI_MID_INIT/>
<PI_SUFX_NAME/>
<PI_FULL_NAME>Junshan Zhang</PI_FULL_NAME>
<EmailAddress>jazh@ucdavis.edu</EmailAddress>
<PI_PHON>5307527395</PI_PHON>
<NSF_ID>000261350</NSF_ID>
<StartDate>11/30/2021</StartDate>
<EndDate/>
<RoleCode>Principal Investigator</RoleCode>
</Investigator>
<Institution>
<Name>University of California-Davis</Name>
<CityName>Davis</CityName>
<ZipCode>956186134</ZipCode>
<PhoneNumber>5307547700</PhoneNumber>
<StreetAddress>OR/Sponsored Programs</StreetAddress>
<StreetAddress2><![CDATA[1850 Research Park Dr., Ste 300]]></StreetAddress2>
<CountryName>United States</CountryName>
<StateName>California</StateName>
<StateCode>CA</StateCode>
<CONGRESSDISTRICT>03</CONGRESSDISTRICT>
<CONGRESS_DISTRICT_ORG>CA03</CONGRESS_DISTRICT_ORG>
<ORG_DUNS_NUM>047120084</ORG_DUNS_NUM>
<ORG_LGL_BUS_NAME>UNIVERSITY OF CALIFORNIA, DAVIS</ORG_LGL_BUS_NAME>
<ORG_PRNT_DUNS_NUM>071549000</ORG_PRNT_DUNS_NUM>
</Institution>
<Performance_Institution>
<Name><![CDATA[University of California-Davis]]></Name>
<CityName>Davis</CityName>
<StateCode>CA</StateCode>
<ZipCode>956186134</ZipCode>
<StreetAddress><![CDATA[1850 Research Park Dr.]]></StreetAddress>
<CountryCode>US</CountryCode>
<CountryName>United States</CountryName>
<StateName>California</StateName>
<CountryFlag>1</CountryFlag>
<CONGRESSDISTRICT>03</CONGRESSDISTRICT>
<CONGRESS_DISTRICT_PERF>CA03</CONGRESS_DISTRICT_PERF>
</Performance_Institution>
<ProgramElement>
<Code>7564</Code>
<Text>CCSS-Comms Circuits &amp; Sens Sys</Text>
</ProgramElement>
<ProgramReference>
<Code>153E</Code>
<Text>Wireless comm &amp; sig processing</Text>
</ProgramReference>
<FUND_OBLG>2021~219999</FUND_OBLG>
</Award>
</rootTag>
