<?xml version="1.0" encoding="UTF-8"?>
<rootTag>
<Award>
<AwardTitle>CIF:Medium:Convex Optimization for Blind Inverse Problems</AwardTitle>
<AGENCY>NSF</AGENCY>
<AwardEffectiveDate>12/01/2021</AwardEffectiveDate>
<AwardExpirationDate>09/30/2022</AwardExpirationDate>
<AwardTotalIntnAmount>752998.00</AwardTotalIntnAmount>
<AwardAmount>219064</AwardAmount>
<AwardInstrument>
<Value>Continuing Grant</Value>
</AwardInstrument>
<Organization>
<Code>05010000</Code>
<Directorate>
<Abbreviation>CSE</Abbreviation>
<LongName>Direct For Computer &amp; Info Scie &amp; Enginr</LongName>
</Directorate>
<Division>
<Abbreviation>CCF</Abbreviation>
<LongName>Division of Computing and Communication Foundations</LongName>
</Division>
</Organization>
<ProgramOfficer>
<SignBlockName>Phillip Regalia</SignBlockName>
<PO_EMAI>pregalia@nsf.gov</PO_EMAI>
<PO_PHON>7032922981</PO_PHON>
</ProgramOfficer>
<AbstractNarration>One of the fundamental tasks in processing sensor and imaging data&lt;br/&gt;is to solve an inverse problem, determining the nature of some&lt;br/&gt;fundamental structure that produced that data. Such problems are&lt;br/&gt;often underdetermined, meaning that the number of unknowns exceeds&lt;br/&gt;the number of observations, and these problems are even more&lt;br/&gt;complicated in the blind setting, where the fundamental structure&lt;br/&gt;may undergo some unknown transformation en route to the sensor.&lt;br/&gt;This project considers a number of such blind inverse problems,&lt;br/&gt;including non-stationary deconvolution, where an unknown point&lt;br/&gt;spread function changes over time; multi-band signal&lt;br/&gt;identification, where line spectrum estimation is extended to&lt;br/&gt;signals with multiple narrow frequency bands; super-resolution&lt;br/&gt;radar imaging, where extended and accelerating targets may cause&lt;br/&gt;unwanted spreading in the delay-Doppler space; and simultaneous&lt;br/&gt;blind deconvolution and phase retrieval. Conventionally, all of&lt;br/&gt;these problems have been studied separately. This project&lt;br/&gt;investigates all of the problems jointly under a unifying&lt;br/&gt;optimization and analysis framework.&lt;br/&gt;&lt;br/&gt;By modeling unknown transformation operators using subspaces, the&lt;br/&gt;investigators transform each non-convex inverse problem into a&lt;br/&gt;linear inverse problem of recovering a structured signal. This&lt;br/&gt;signal is a parsimonious mixture of lifted atoms generated by the&lt;br/&gt;original atomic set, allowing the investigators to enforce its&lt;br/&gt;simplicity using a new atomic norm. The investigators develop novel&lt;br/&gt;analysis techniques to demonstrate the optimality of this framework&lt;br/&gt;by deriving sampling complexities that achieve the&lt;br/&gt;information-theoretical limits, calculating mean-squared denoising&lt;br/&gt;errors that match the minimax rates, and developing parameter&lt;br/&gt;estimation bounds that approach the Cramer-Rao bounds. The project&lt;br/&gt;builds on the investigators' combined expertise in signal&lt;br/&gt;processing, convex optimization in continuously parameterized&lt;br/&gt;inverse problems, and geometric modeling.</AbstractNarration>
<MinAmdLetterDate>11/01/2021</MinAmdLetterDate>
<MaxAmdLetterDate>11/01/2021</MaxAmdLetterDate>
<ARRAAmount/>
<TRAN_TYPE>Grant</TRAN_TYPE>
<CFDA_NUM>47.070</CFDA_NUM>
<NSF_PAR_USE_FLAG>1</NSF_PAR_USE_FLAG>
<FUND_AGCY_CODE>4900</FUND_AGCY_CODE>
<AWDG_AGCY_CODE>4900</AWDG_AGCY_CODE>
<AwardID>2203060</AwardID>
<Investigator>
<FirstName>Gongguo</FirstName>
<LastName>Tang</LastName>
<PI_MID_INIT/>
<PI_SUFX_NAME/>
<PI_FULL_NAME>Gongguo Tang</PI_FULL_NAME>
<EmailAddress>Gongguo.Tang@Colorado.edu</EmailAddress>
<PI_PHON>3037350925</PI_PHON>
<NSF_ID>000676718</NSF_ID>
<StartDate>11/01/2021</StartDate>
<EndDate/>
<RoleCode>Principal Investigator</RoleCode>
</Investigator>
<Institution>
<Name>University of Colorado at Boulder</Name>
<CityName>Boulder</CityName>
<ZipCode>803031058</ZipCode>
<PhoneNumber>3034926221</PhoneNumber>
<StreetAddress>3100 Marine Street, Room 481</StreetAddress>
<StreetAddress2><![CDATA[572 UCB]]></StreetAddress2>
<CountryName>United States</CountryName>
<StateName>Colorado</StateName>
<StateCode>CO</StateCode>
<CONGRESSDISTRICT>02</CONGRESSDISTRICT>
<CONGRESS_DISTRICT_ORG>CO02</CONGRESS_DISTRICT_ORG>
<ORG_DUNS_NUM>007431505</ORG_DUNS_NUM>
<ORG_LGL_BUS_NAME>REGENTS OF THE UNIVERSITY OF COLORADO, THE</ORG_LGL_BUS_NAME>
<ORG_PRNT_DUNS_NUM>007431505</ORG_PRNT_DUNS_NUM>
</Institution>
<Performance_Institution>
<Name><![CDATA[Regents of the University of Colorado]]></Name>
<CityName>Boulder</CityName>
<StateCode>CO</StateCode>
<ZipCode>803031058</ZipCode>
<StreetAddress/>
<CountryCode>US</CountryCode>
<CountryName>United States</CountryName>
<StateName>Colorado</StateName>
<CountryFlag>1</CountryFlag>
<CONGRESSDISTRICT>02</CONGRESSDISTRICT>
<CONGRESS_DISTRICT_PERF>CO02</CONGRESS_DISTRICT_PERF>
</Performance_Institution>
<ProgramElement>
<Code>2878</Code>
<Text>Special Projects - CCF</Text>
</ProgramElement>
<ProgramElement>
<Code>7797</Code>
<Text>Comm &amp; Information Foundations</Text>
</ProgramElement>
<ProgramReference>
<Code>7924</Code>
<Text>MEDIUM PROJECT</Text>
</ProgramReference>
<ProgramReference>
<Code>7936</Code>
<Text>SIGNAL PROCESSING</Text>
</ProgramReference>
<FUND_OBLG>2018~20867</FUND_OBLG>
<FUND_OBLG>2020~198197</FUND_OBLG>
</Award>
</rootTag>
