<?xml version="1.0" encoding="UTF-8"?>
<rootTag>
<Award>
<AwardTitle>CAREER:Engineering Interphases for Li-Mediated Nitrogen Reduction  at Ambient Conditions</AwardTitle>
<AGENCY>NSF</AGENCY>
<AwardEffectiveDate>10/01/2021</AwardEffectiveDate>
<AwardExpirationDate>03/31/2025</AwardExpirationDate>
<AwardTotalIntnAmount>625000.00</AwardTotalIntnAmount>
<AwardAmount>422441</AwardAmount>
<AwardInstrument>
<Value>Continuing Grant</Value>
</AwardInstrument>
<Organization>
<Code>07020000</Code>
<Directorate>
<Abbreviation>ENG</Abbreviation>
<LongName>Directorate For Engineering</LongName>
</Directorate>
<Division>
<Abbreviation>CBET</Abbreviation>
<LongName>Div Of Chem, Bioeng, Env, &amp; Transp Sys</LongName>
</Division>
</Organization>
<ProgramOfficer>
<SignBlockName>Carole Read</SignBlockName>
<PO_EMAI>cread@nsf.gov</PO_EMAI>
<PO_PHON>7032922418</PO_PHON>
</ProgramOfficer>
<AbstractNarration>Chemical manufacturing is a key contributor to the Nation's economy, producing everything from fertilizers and pharmaceuticals to plastics and fuels. Despite the successes of the chemical industry to produce chemicals and materials critical to everyday living, there are issues associated with the carbon-footprint and centralization of chemical manufacturing. Many chemical processes are run in centralized plants at large scale because smaller capacities are not economically viable. An example is the Haber-Bosch process that produces a large portion of the ammonia needed for nitrogen-containing fertilizers. The process is run at high temperatures and pressures and at large scale in a centralized fashion. Furthermore, the Haber-Bosch process contributes to 1 - 2% of global carbon dioxide emissions. Electrochemical synthesis of ammonia could enable competitive manufacture at a lower carbon footprint and with a smaller production capacity. By applying an electrical potential to drive reactions instead of using temperature and pressure, chemical processes can be run at milder conditions, at smaller scales, and closer to the end user, e.g. in a distributed fashion. This CAREER project will focus on fundamental research to study ways to improve selectivity and production rates of an electrochemical process for ammonia production using a lithium based electrochemical system. Methods developed in the project will advance how to selectively synthesize one chemical (ammonia) over another at the highly reactive electrode-electrolyte interface. The research knowledge will be adapted to be used in an outreach program focused on teaching the importance of mass and energy balances to middle school students. Understanding where everyday chemicals and materials come from and how they are produced will allow for critical evaluation of their impact on society and the environment. &lt;br/&gt;&lt;br/&gt;To date, synthesis methods using electrochemical nitrogen reduction suffer from poor selectivity and low reaction rates in aqueous electrolytes due to the competing hydrogen evolution reaction. In order to improve selectivity for nitrogen reduction, this project will investigate ammonia synthesis in nonaqueous electrolytes, as the proton activity can be well-controlled, with a lithium metal-mediated chemistry, which allows for nitrogen fixation at ambient conditions. The effect of the electrolyte composition on the solid-electrolyte interphase (SEI) species present on the lithium-covered electrode will be studied with both in situ and ex situ spectroscopic methods. The SEI structure and composition is hypothesized to control the selectivity for nitrogen reduction versus competing hydrogen evolution. The project will address the nature of the transport limitations and its impact on the coupled transport-kinetics. As a result of this work, fundamental understanding of the necessary interfacial steps for efficient electrochemical ammonia production in a nonaqueous solvent will be obtained. This understanding will translate to other electrosynthetic reactions in nonaqueous electrolytes that take place at SEIs. The project is structured into three aims. Aim 1 addresses engineering the solid electrolyte interphase to promote desired interfacial reactions. Aim 2 will study the design of omniphobic electrodes for non-aqueous solvents to achieve fast nitrogen transport to the active sites. Finally, Aim 3 will focus on the mass and energy balances for anode and electrolyte design.&lt;br/&gt;&lt;br/&gt;This award reflects NSF's statutory mission and has been deemed worthy of support through evaluation using the Foundation's intellectual merit and broader impacts review criteria.</AbstractNarration>
<MinAmdLetterDate>11/17/2021</MinAmdLetterDate>
<MaxAmdLetterDate>11/17/2021</MaxAmdLetterDate>
<ARRAAmount/>
<TRAN_TYPE>Grant</TRAN_TYPE>
<CFDA_NUM>47.041</CFDA_NUM>
<NSF_PAR_USE_FLAG>1</NSF_PAR_USE_FLAG>
<FUND_AGCY_CODE>4900</FUND_AGCY_CODE>
<AWDG_AGCY_CODE>4900</AWDG_AGCY_CODE>
<AwardID>2204756</AwardID>
<Investigator>
<FirstName>Karthish</FirstName>
<LastName>Manthiram</LastName>
<PI_MID_INIT/>
<PI_SUFX_NAME/>
<PI_FULL_NAME>Karthish Manthiram</PI_FULL_NAME>
<EmailAddress>karthish@caltech.edu</EmailAddress>
<PI_PHON>6263956050</PI_PHON>
<NSF_ID>000758264</NSF_ID>
<StartDate>11/17/2021</StartDate>
<EndDate/>
<RoleCode>Principal Investigator</RoleCode>
</Investigator>
<Institution>
<Name>California Institute of Technology</Name>
<CityName>PASADENA</CityName>
<ZipCode>911250600</ZipCode>
<PhoneNumber>6263956219</PhoneNumber>
<StreetAddress>1200 E California Blvd</StreetAddress>
<StreetAddress2><![CDATA[Mail Code 273-6]]></StreetAddress2>
<CountryName>United States</CountryName>
<StateName>California</StateName>
<StateCode>CA</StateCode>
<CONGRESSDISTRICT>27</CONGRESSDISTRICT>
<CONGRESS_DISTRICT_ORG>CA27</CONGRESS_DISTRICT_ORG>
<ORG_DUNS_NUM>009584210</ORG_DUNS_NUM>
<ORG_LGL_BUS_NAME>CALIFORNIA INSTITUTE OF TECHNOLOGY</ORG_LGL_BUS_NAME>
<ORG_PRNT_DUNS_NUM>009584210</ORG_PRNT_DUNS_NUM>
</Institution>
<Performance_Institution>
<Name><![CDATA[California Institute of Technology]]></Name>
<CityName>Pasadena</CityName>
<StateCode>CA</StateCode>
<ZipCode>911250600</ZipCode>
<StreetAddress><![CDATA[1200 E California Blvd Mail Code]]></StreetAddress>
<CountryCode>US</CountryCode>
<CountryName>United States</CountryName>
<StateName>California</StateName>
<CountryFlag>1</CountryFlag>
<CONGRESSDISTRICT>27</CONGRESSDISTRICT>
<CONGRESS_DISTRICT_PERF>CA27</CONGRESS_DISTRICT_PERF>
</Performance_Institution>
<ProgramElement>
<Code>1401</Code>
<Text>Catalysis</Text>
</ProgramElement>
<ProgramElement>
<Code>7644</Code>
<Text>EchemS-Electrochemical Systems</Text>
</ProgramElement>
<ProgramReference>
<Code>1045</Code>
<Text>CAREER-Faculty Erly Career Dev</Text>
</ProgramReference>
<FUND_OBLG>2020~290340</FUND_OBLG>
<FUND_OBLG>2021~132101</FUND_OBLG>
</Award>
</rootTag>
