<?xml version="1.0" encoding="UTF-8"?>
<rootTag>
<Award>
<AwardTitle>Conference: Support for a Thompson Field Forum on the elevation history of the Sierra Nevada</AwardTitle>
<AGENCY>NSF</AGENCY>
<AwardEffectiveDate>01/01/2022</AwardEffectiveDate>
<AwardExpirationDate>12/31/2022</AwardExpirationDate>
<AwardTotalIntnAmount>23500.00</AwardTotalIntnAmount>
<AwardAmount>23500</AwardAmount>
<AwardInstrument>
<Value>Standard Grant</Value>
</AwardInstrument>
<Organization>
<Code>06030000</Code>
<Directorate>
<Abbreviation>GEO</Abbreviation>
<LongName>Directorate For Geosciences</LongName>
</Directorate>
<Division>
<Abbreviation>EAR</Abbreviation>
<LongName>Division Of Earth Sciences</LongName>
</Division>
</Organization>
<ProgramOfficer>
<SignBlockName>Stephen Harlan</SignBlockName>
<PO_EMAI>sharlan@nsf.gov</PO_EMAI>
<PO_PHON>7032927707</PO_PHON>
</ProgramOfficer>
<AbstractNarration>This proposal provides support for the participation of fourteen students and early career scientists in a Geological Society of America 2022 Thompson Field Forum on the “Elevation history of the Sierra Nevada.” The forum will bring together 42 scientists to discuss the topographic history of the Sierra from the Cretaceous to the present.  The goal to promote the next generation of research on this subject, which is of broad interest both to the scientific community and the general public. The goal of the forum is to debate whether the range is old, with minimal erosion through most of the Cenozoic, or relatively young having risen from the debris of an earlier range. Both end-member models These end-member conceptualizations have important implications that extend well beyond the Sierra as the disagreements carry implications for the application of techniques used to identify orogenic surface uplift and they have profound implications for geodynamic models and the interpretations of several, globally applied paleoelevation proxies. The conference is timely in that the community needs to examine and evaluate the evidence firsthand and develop better integrated methodologies to test these and other debates. There has been considerable interest in what seems to be like an old subject, but recent scientific advances have provoked controversy and new ideas regarding the age and formation of the Sierra Nevada. The students and early career professionals who will be supported by this activity are actively involved in Sierran research and hence will be knowledgeable and receptive to the nuances of the discussions. They will also get a chance to present their new work for the general discussions. The exposure they will get to high level integrative science will be potentially transformative for their careers. Society benefits from this activity include contributions to STEM education and educator development; development of a diverse, globally competitive workforce; and contributions to the broadening of participation of underrepresented groups in STEM.&lt;br/&gt;&lt;br/&gt;This award reflects NSF's statutory mission and has been deemed worthy of support through evaluation using the Foundation's intellectual merit and broader impacts review criteria.</AbstractNarration>
<MinAmdLetterDate>11/19/2021</MinAmdLetterDate>
<MaxAmdLetterDate>12/13/2021</MaxAmdLetterDate>
<ARRAAmount/>
<TRAN_TYPE>Grant</TRAN_TYPE>
<CFDA_NUM>47.050</CFDA_NUM>
<NSF_PAR_USE_FLAG>1</NSF_PAR_USE_FLAG>
<FUND_AGCY_CODE>4900</FUND_AGCY_CODE>
<AWDG_AGCY_CODE>4900</AWDG_AGCY_CODE>
<AwardID>2204247</AwardID>
<Investigator>
<FirstName>Craig</FirstName>
<LastName>Jones</LastName>
<PI_MID_INIT>H</PI_MID_INIT>
<PI_SUFX_NAME/>
<PI_FULL_NAME>Craig H Jones</PI_FULL_NAME>
<EmailAddress>cjones@cires.colorado.edu</EmailAddress>
<PI_PHON>3034926994</PI_PHON>
<NSF_ID>000448272</NSF_ID>
<StartDate>11/19/2021</StartDate>
<EndDate/>
<RoleCode>Principal Investigator</RoleCode>
</Investigator>
<Institution>
<Name>University of Colorado at Boulder</Name>
<CityName>Boulder</CityName>
<ZipCode>803031058</ZipCode>
<PhoneNumber>3034926221</PhoneNumber>
<StreetAddress>3100 Marine Street, Room 481</StreetAddress>
<StreetAddress2><![CDATA[572 UCB]]></StreetAddress2>
<CountryName>United States</CountryName>
<StateName>Colorado</StateName>
<StateCode>CO</StateCode>
<CONGRESSDISTRICT>02</CONGRESSDISTRICT>
<CONGRESS_DISTRICT_ORG>CO02</CONGRESS_DISTRICT_ORG>
<ORG_DUNS_NUM>007431505</ORG_DUNS_NUM>
<ORG_LGL_BUS_NAME>REGENTS OF THE UNIVERSITY OF COLORADO, THE</ORG_LGL_BUS_NAME>
<ORG_PRNT_DUNS_NUM>007431505</ORG_PRNT_DUNS_NUM>
</Institution>
<Performance_Institution>
<Name><![CDATA[University of Colorado at Boulder]]></Name>
<CityName>Boulder</CityName>
<StateCode>CO</StateCode>
<ZipCode>803031058</ZipCode>
<StreetAddress><![CDATA[3100 Marine Street, Room 481]]></StreetAddress>
<CountryCode>US</CountryCode>
<CountryName>United States</CountryName>
<StateName>Colorado</StateName>
<CountryFlag>1</CountryFlag>
<CONGRESSDISTRICT>02</CONGRESSDISTRICT>
<CONGRESS_DISTRICT_PERF>CO02</CONGRESS_DISTRICT_PERF>
</Performance_Institution>
<ProgramElement>
<Code>1572</Code>
<Text>Tectonics</Text>
</ProgramElement>
<FUND_OBLG>2022~23500</FUND_OBLG>
</Award>
</rootTag>
