<?xml version="1.0" encoding="UTF-8"?>
<rootTag>
<Award>
<AwardTitle>RAPID: Citizen Perspectives on Peace, Security and Human Rights in a Post-Conflict Environment</AwardTitle>
<AGENCY>NSF</AGENCY>
<AwardEffectiveDate>02/01/2022</AwardEffectiveDate>
<AwardExpirationDate>01/31/2023</AwardExpirationDate>
<AwardTotalIntnAmount>200000.00</AwardTotalIntnAmount>
<AwardAmount>200000</AwardAmount>
<AwardInstrument>
<Value>Standard Grant</Value>
</AwardInstrument>
<Organization>
<Code>04050000</Code>
<Directorate>
<Abbreviation>SBE</Abbreviation>
<LongName>Direct For Social, Behav &amp; Economic Scie</LongName>
</Directorate>
<Division>
<Abbreviation>SES</Abbreviation>
<LongName>Divn Of Social and Economic Sciences</LongName>
</Division>
</Organization>
<ProgramOfficer>
<SignBlockName>Paul Huth</SignBlockName>
<PO_EMAI>phuth@nsf.gov</PO_EMAI>
<PO_PHON>7032922802</PO_PHON>
</ProgramOfficer>
<AbstractNarration>NSF AWARD ABSTRACT:&lt;br/&gt;RAPID: Citizen Perspectives on Peace, Security, and Human Rights in a Post-Conflict Environment&lt;br/&gt;&lt;br/&gt;The international community often struggles with the dilemma of how to manage relations with new regimes that come to power by force. On the one hand, policies that sanction and isolate these new regimes can lead to deprivation for civilians. On the other hand, the provision of economic and humanitarian aid to vulnerable civilians can stabilize such regimes. This project will gather and analyze new survey data on public opinion regarding these dilemmas of peace, security, and human rights in a post-conflict environment. The project will examine potential differences in public attitudes on peacebuilding and human rights by gender and ethnicity. The findings of this project will be of practical use to US national security policymakers in guiding a strategic approach to relations with new regimes in post-conflict countries. Additionally, the new surveys will help fill a data vacuum on the preferences of conflict-affected civilians, especially women, regarding international support and how to best address dilemmas of stabilization and peacebuilding in conflict-affected countries.&lt;br/&gt;  &lt;br/&gt;The project will field three public opinion surveys in a post-conflict country, using novel random domain intercept technology to collect random, secure, anonymous samples of public opinion of internet users. The multi-wave surveys will enable the testing of hypotheses in real-time on a) whether public views on human rights and peace and security differ between men and women and across different ethnic groups and geographical regions, and b) how attitudes shift as the domestic and international security situation evolves. The findings of this research will contribute to the scientific literatures on gender and security, public opinion on national security in developing countries, and domestic sources of support for human rights (including women’s rights) and peacebuilding in post-conflict countries.&lt;br/&gt;&lt;br/&gt;This award reflects NSF's statutory mission and has been deemed worthy of support through evaluation using the Foundation's intellectual merit and broader impacts review criteria.</AbstractNarration>
<MinAmdLetterDate>01/24/2022</MinAmdLetterDate>
<MaxAmdLetterDate>01/24/2022</MaxAmdLetterDate>
<ARRAAmount/>
<TRAN_TYPE>Grant</TRAN_TYPE>
<CFDA_NUM>47.075</CFDA_NUM>
<NSF_PAR_USE_FLAG>1</NSF_PAR_USE_FLAG>
<FUND_AGCY_CODE>4900</FUND_AGCY_CODE>
<AWDG_AGCY_CODE>4900</AWDG_AGCY_CODE>
<AwardID>2204990</AwardID>
<Investigator>
<FirstName>Charli</FirstName>
<LastName>Carpenter</LastName>
<PI_MID_INIT/>
<PI_SUFX_NAME/>
<PI_FULL_NAME>Charli Carpenter</PI_FULL_NAME>
<EmailAddress>charli.carpenter@gmail.com</EmailAddress>
<PI_PHON>4135450698</PI_PHON>
<NSF_ID>000509876</NSF_ID>
<StartDate>01/24/2022</StartDate>
<EndDate/>
<RoleCode>Principal Investigator</RoleCode>
</Investigator>
<Institution>
<Name>University of Massachusetts Amherst</Name>
<CityName>Hadley</CityName>
<ZipCode>010359450</ZipCode>
<PhoneNumber>4135450698</PhoneNumber>
<StreetAddress>Research Administration Building</StreetAddress>
<StreetAddress2><![CDATA[100 Venture Way, Suite 201]]></StreetAddress2>
<CountryName>United States</CountryName>
<StateName>Massachusetts</StateName>
<StateCode>MA</StateCode>
<CONGRESSDISTRICT>02</CONGRESSDISTRICT>
<CONGRESS_DISTRICT_ORG>MA02</CONGRESS_DISTRICT_ORG>
<ORG_DUNS_NUM>153926712</ORG_DUNS_NUM>
<ORG_LGL_BUS_NAME>UNIVERSITY OF MASSACHUSETTS</ORG_LGL_BUS_NAME>
<ORG_PRNT_DUNS_NUM>079520631</ORG_PRNT_DUNS_NUM>
</Institution>
<Performance_Institution>
<Name><![CDATA[University of Massachusetts Amherst]]></Name>
<CityName/>
<StateCode>MA</StateCode>
<ZipCode>010359450</ZipCode>
<StreetAddress/>
<CountryCode>US</CountryCode>
<CountryName>United States</CountryName>
<StateName>Massachusetts</StateName>
<CountryFlag>1</CountryFlag>
<CONGRESSDISTRICT>02</CONGRESSDISTRICT>
<CONGRESS_DISTRICT_PERF>MA02</CONGRESS_DISTRICT_PERF>
</Performance_Institution>
<ProgramElement>
<Code>118Y</Code>
<Text>Security &amp; Preparedness</Text>
</ProgramElement>
<ProgramReference>
<Code>7914</Code>
<Text>RAPID</Text>
</ProgramReference>
<FUND_OBLG>2022~200000</FUND_OBLG>
</Award>
</rootTag>
