<?xml version="1.0" encoding="UTF-8"?>
<rootTag>
<Award>
<AwardTitle>U.S. Department of Commerce/NOAA, National Sea Grant College Program, Knauss Sea Grant Fellow, Lauren Howe-Kerr</AwardTitle>
<AGENCY>NSF</AGENCY>
<AwardEffectiveDate>02/01/2022</AwardEffectiveDate>
<AwardExpirationDate>02/01/2023</AwardExpirationDate>
<AwardTotalIntnAmount>75000.00</AwardTotalIntnAmount>
<AwardAmount>75000</AwardAmount>
<AwardInstrument>
<Value>Contract Interagency Agreement</Value>
</AwardInstrument>
<Organization>
<Code>06040100</Code>
<Directorate>
<Abbreviation>GEO</Abbreviation>
<LongName>Directorate For Geosciences</LongName>
</Directorate>
<Division>
<Abbreviation>OCE</Abbreviation>
<LongName>Division Of Ocean Sciences</LongName>
</Division>
</Organization>
<ProgramOfficer>
<SignBlockName>Kandace Binkley</SignBlockName>
<PO_EMAI>kbinkley@nsf.gov</PO_EMAI>
<PO_PHON>7032927577</PO_PHON>
</ProgramOfficer>
<AbstractNarration/>
<MinAmdLetterDate>01/11/2022</MinAmdLetterDate>
<MaxAmdLetterDate>01/18/2022</MaxAmdLetterDate>
<ARRAAmount/>
<TRAN_TYPE>Grant</TRAN_TYPE>
<CFDA_NUM>47.050</CFDA_NUM>
<NSF_PAR_USE_FLAG>1</NSF_PAR_USE_FLAG>
<FUND_AGCY_CODE>4900</FUND_AGCY_CODE>
<AWDG_AGCY_CODE>4900</AWDG_AGCY_CODE>
<AwardID>2204869</AwardID>
<Investigator>
<FirstName>Doug</FirstName>
<LastName>Bell</LastName>
<PI_MID_INIT/>
<PI_SUFX_NAME/>
<PI_FULL_NAME>Doug Bell</PI_FULL_NAME>
<EmailAddress>doug.bell@noaa.gov</EmailAddress>
<PI_PHON>3017341080</PI_PHON>
<NSF_ID>N00847531</NSF_ID>
<StartDate>01/11/2022</StartDate>
<EndDate/>
<RoleCode>Principal Investigator</RoleCode>
</Investigator>
<Institution>
<Name>NOAA</Name>
<CityName>Silver Spring</CityName>
<ZipCode>209103282</ZipCode>
<PhoneNumber>3017133388</PhoneNumber>
<StreetAddress>1315 East West Highway</StreetAddress>
<StreetAddress2/>
<CountryName>United States</CountryName>
<StateName>Maryland</StateName>
<StateCode>MD</StateCode>
<CONGRESSDISTRICT>08</CONGRESSDISTRICT>
<CONGRESS_DISTRICT_ORG>MD08</CONGRESS_DISTRICT_ORG>
<ORG_DUNS_NUM>111283177</ORG_DUNS_NUM>
<ORG_LGL_BUS_NAME/>
<ORG_PRNT_DUNS_NUM/>
</Institution>
<Performance_Institution>
<Name/>
<CityName/>
<StateCode/>
<ZipCode/>
<StreetAddress/>
<CountryCode/>
<CountryName>RI REQUIRED</CountryName>
<StateName>RI REQUIRED</StateName>
<CountryFlag>0</CountryFlag>
<CONGRESSDISTRICT/>
<CONGRESS_DISTRICT_PERF>""</CONGRESS_DISTRICT_PERF>
</Performance_Institution>
<ProgramElement>
<Code>5418</Code>
<Text>OCE SPECIAL PROGRAMS</Text>
</ProgramElement>
<FUND_OBLG>2022~75000</FUND_OBLG>
</Award>
</rootTag>
