<?xml version="1.0" encoding="UTF-8"?>
<rootTag>
<Award>
<AwardTitle>PFI-RP: Design and Fabrication of Hardware-based Security Platform using Fabrication Variability of Ultra low Power Memories</AwardTitle>
<AGENCY>NSF</AGENCY>
<AwardEffectiveDate>10/01/2021</AwardEffectiveDate>
<AwardExpirationDate>10/31/2022</AwardExpirationDate>
<AwardTotalIntnAmount>749996.00</AwardTotalIntnAmount>
<AwardAmount>195823</AwardAmount>
<AwardInstrument>
<Value>Standard Grant</Value>
</AwardInstrument>
<Organization>
<Code>07070000</Code>
<Directorate>
<Abbreviation>ENG</Abbreviation>
<LongName>Directorate For Engineering</LongName>
</Directorate>
<Division>
<Abbreviation>IIP</Abbreviation>
<LongName>Div Of Industrial Innovation &amp; Partnersh</LongName>
</Division>
</Organization>
<ProgramOfficer>
<SignBlockName>Jesus Soriano Molla</SignBlockName>
<PO_EMAI>jsoriano@nsf.gov</PO_EMAI>
<PO_PHON>7032927795</PO_PHON>
</ProgramOfficer>
<AbstractNarration>The broader impact and commercial potential of this PFI project is to pave the road for commercialization of a new generation of security solutions through leveraging recent advances in low power non-silicon based memories, advanced error recovery techniques and artificial intelligence. This new methodology offers a radical shift in the field of cybersecurity through departing from pure-software based cryptographic methods toward a hybrid solution of using fabrication variability of electronic devices and advanced error correction methods. This project is a collaboration between academia and industry to enhance current security solutions used in e-commerce, banking, smart cities, supply chains, smart health, machine to machine communications and the emerging Internet of Things. In addition to the scientific impact of opening up new research opportunities for scholars (faculty, graduate and undergraduate students), R&amp;D, and production line workforce in semiconductor and security industry, this project has a great socioeconomic impact by restoring people's trust on using advanced technology and internet based service. Making the system robust to security attacks will save the country millions of dollars noting that more than $11 million dollars is spent directly to combat cybercrime in the US with an annual raise of 22%. &lt;br/&gt;&lt;br/&gt;The proposed project offers a proof-of-concept security module that uses fabrication variability of embedded memories in electronic devices to secure web-based communication protocols against hacking attacks. In contrast to the current cryptographic methods, where the keys are store in conventional memories, no security keys will be stored in the proposed security module; therefore it will be highly protected against cloning attempts to provide full security in the case of physical hijacking. Further, recently developed ultra-low power memories will be used to make the developed module secure to side channel attacks, as an additional key feature of this device. Using a novel error correction mechanism by integrating ternary state logic, artificial intelligence and recent advances in modern coding theory, a long-lasting problem of key generation mismatch is resolved by making the key generation failure rate infinitesimal.&lt;br/&gt;&lt;br/&gt;This award reflects NSF's statutory mission and has been deemed worthy of support through evaluation using the Foundation's intellectual merit and broader impacts review criteria.</AbstractNarration>
<MinAmdLetterDate>12/08/2021</MinAmdLetterDate>
<MaxAmdLetterDate>12/08/2021</MaxAmdLetterDate>
<ARRAAmount/>
<TRAN_TYPE>Grant</TRAN_TYPE>
<CFDA_NUM>47.041</CFDA_NUM>
<NSF_PAR_USE_FLAG>1</NSF_PAR_USE_FLAG>
<FUND_AGCY_CODE>4900</FUND_AGCY_CODE>
<AWDG_AGCY_CODE>4900</AWDG_AGCY_CODE>
<AwardID>2204502</AwardID>
<Investigator>
<FirstName>Fatemeh</FirstName>
<LastName>Afghah</LastName>
<PI_MID_INIT/>
<PI_SUFX_NAME/>
<PI_FULL_NAME>Fatemeh Afghah</PI_FULL_NAME>
<EmailAddress>fafghah@clemson.edu</EmailAddress>
<PI_PHON>8646565913</PI_PHON>
<NSF_ID>000660162</NSF_ID>
<StartDate>12/08/2021</StartDate>
<EndDate/>
<RoleCode>Principal Investigator</RoleCode>
</Investigator>
<Institution>
<Name>Clemson University</Name>
<CityName>CLEMSON</CityName>
<ZipCode>296340001</ZipCode>
<PhoneNumber>8646562424</PhoneNumber>
<StreetAddress>230 Kappa Street</StreetAddress>
<StreetAddress2><![CDATA[Suite 200]]></StreetAddress2>
<CountryName>United States</CountryName>
<StateName>South Carolina</StateName>
<StateCode>SC</StateCode>
<CONGRESSDISTRICT>03</CONGRESSDISTRICT>
<CONGRESS_DISTRICT_ORG>SC03</CONGRESS_DISTRICT_ORG>
<ORG_DUNS_NUM>042629816</ORG_DUNS_NUM>
<ORG_LGL_BUS_NAME>CLEMSON UNIVERSITY</ORG_LGL_BUS_NAME>
<ORG_PRNT_DUNS_NUM>042629816</ORG_PRNT_DUNS_NUM>
</Institution>
<Performance_Institution>
<Name><![CDATA[Clemson University]]></Name>
<CityName/>
<StateCode>SC</StateCode>
<ZipCode>296340001</ZipCode>
<StreetAddress/>
<CountryCode>US</CountryCode>
<CountryName>United States</CountryName>
<StateName>South Carolina</StateName>
<CountryFlag>1</CountryFlag>
<CONGRESSDISTRICT>03</CONGRESSDISTRICT>
<CONGRESS_DISTRICT_PERF>SC03</CONGRESS_DISTRICT_PERF>
</Performance_Institution>
<ProgramElement>
<Code>1504</Code>
<Text>GOALI-Grnt Opp Acad Lia wIndus</Text>
</ProgramElement>
<ProgramElement>
<Code>1662</Code>
<Text>PFI-Partnrships for Innovation</Text>
</ProgramElement>
<ProgramReference>
<Code>019Z</Code>
<Text>Grad Prep APG:Enhan. Experience</Text>
</ProgramReference>
<ProgramReference>
<Code>1662</Code>
<Text>PARTNRSHIPS FOR INNOVATION-PFI</Text>
</ProgramReference>
<ProgramReference>
<Code>8032</Code>
<Text>Software Services and Applications</Text>
</ProgramReference>
<ProgramReference>
<Code>8033</Code>
<Text>Hardware Software Integration</Text>
</ProgramReference>
<FUND_OBLG>2018~142472</FUND_OBLG>
<FUND_OBLG>2019~53351</FUND_OBLG>
</Award>
</rootTag>
