<?xml version="1.0" encoding="UTF-8"?>
<rootTag>
<Award>
<AwardTitle>RAPID: Collaborative Research: Metapopulation Modeling to Develop Strategies to Reduce COVID-19 Transmission in Public Spaces</AwardTitle>
<AGENCY>NSF</AGENCY>
<AwardEffectiveDate>10/01/2021</AwardEffectiveDate>
<AwardExpirationDate>05/31/2022</AwardExpirationDate>
<AwardTotalIntnAmount>53288.00</AwardTotalIntnAmount>
<AwardAmount>25296</AwardAmount>
<AwardInstrument>
<Value>Standard Grant</Value>
</AwardInstrument>
<Organization>
<Code>08010000</Code>
<Directorate>
<Abbreviation>BIO</Abbreviation>
<LongName>Direct For Biological Sciences</LongName>
</Directorate>
<Division>
<Abbreviation>DEB</Abbreviation>
<LongName>Division Of Environmental Biology</LongName>
</Division>
</Organization>
<ProgramOfficer>
<SignBlockName>Katharina Dittmar</SignBlockName>
<PO_EMAI>kdittmar@nsf.gov</PO_EMAI>
<PO_PHON>7032927799</PO_PHON>
</ProgramOfficer>
<AbstractNarration>The COVID-19 pandemic presents an unprecedented challenge to public and private institutions to safely reopen public spaces, including workspaces and schools. However, we have little guidance on how to manage the use of shared spaces in light of a highly transmissible, but invisible, pathogen. The fundamental aim of this project is to better understand how SARS-CoV-2 spreads in built environments. Predictions generated by mathematical modeling will be experimentally tested using a surrogate non-pathogenic virus. This project presents a new paradigm where the likelihood of infected individuals being present, the amount and manner of viral shedding, the locations of viruses over time, and the usage-needs of a location provide for a major advancement in the assessment of public space occupancy and usage. The ultimate goal is to develop practices capable of limiting virus transmission and meeting the current worldwide challenge to public health. Recommendations will resemble established building and fire codes, which regulate how space is allotted per occupant based upon design and usage requirements; our analyses will generate a “COVID Code” that can be generalized for use during future outbreaks. This research will also provide training opportunities for students and postdoctoral scholars.  &lt;br/&gt;&lt;br/&gt;A recently developed computational model (the Ephemeral Island Metapopulation Model (EIMM)) that applies metapopulation theory to explain how pathogens persist in hospital environments will be revised to address the spatial spread of SARS-CoV-2 within built environments. The EIMM defines aspects of the built environment as distinct habitable zones of occupancy (“demes”) in much the same manner as human hosts are considered, but these demes have their own biological parameters relevant to the survival and transmission of SARS-CoV-2. The number and size of both living and non-living demes, instead of human hosts alone, are used to model size and location of pathogen populations using ecologically relevant parameters, such as growth rate, population size, and carrying capacity. An enveloped bacteriophage phi6 will be used to validate model expectations as well as test control strategies in real environments such as classrooms. The goal is to test which interventions suggested by the EIMM minimize opportunities for phage phi6 spread in shared spaces, and this information can be adapted to provide estimates of how various interventions would affect SARS-CoV-2 persistence and transmission.&lt;br/&gt;&lt;br/&gt;This RAPID award is made by the Ecology and Evolution of Infectious Diseases Program in the Division of Environmental Biology, using funds from the Coronavirus Aid, Relief, and Economic Security (CARES) Act.&lt;br/&gt;&lt;br/&gt;This award reflects NSF's statutory mission and has been deemed worthy of support through evaluation using the Foundation's intellectual merit and broader impacts review criteria.</AbstractNarration>
<MinAmdLetterDate>12/21/2021</MinAmdLetterDate>
<MaxAmdLetterDate>12/21/2021</MaxAmdLetterDate>
<ARRAAmount/>
<TRAN_TYPE>Grant</TRAN_TYPE>
<CFDA_NUM>47.074</CFDA_NUM>
<NSF_PAR_USE_FLAG>1</NSF_PAR_USE_FLAG>
<FUND_AGCY_CODE>4900</FUND_AGCY_CODE>
<AWDG_AGCY_CODE>4900</AWDG_AGCY_CODE>
<AwardID>2204662</AwardID>
<Investigator>
<FirstName>Davida</FirstName>
<LastName>Smyth</LastName>
<PI_MID_INIT/>
<PI_SUFX_NAME/>
<PI_FULL_NAME>Davida Smyth</PI_FULL_NAME>
<EmailAddress>davida.smyth@tamusa.edu</EmailAddress>
<PI_PHON>9146022854</PI_PHON>
<NSF_ID>000705708</NSF_ID>
<StartDate>12/21/2021</StartDate>
<EndDate/>
<RoleCode>Principal Investigator</RoleCode>
</Investigator>
<Institution>
<Name>Texas A&amp;M University-San Antonio</Name>
<CityName>San Antonio</CityName>
<ZipCode>782243134</ZipCode>
<PhoneNumber>2107841170</PhoneNumber>
<StreetAddress>One University Way</StreetAddress>
<StreetAddress2/>
<CountryName>United States</CountryName>
<StateName>Texas</StateName>
<StateCode>TX</StateCode>
<CONGRESSDISTRICT>23</CONGRESSDISTRICT>
<CONGRESS_DISTRICT_ORG>TX23</CONGRESS_DISTRICT_ORG>
<ORG_DUNS_NUM>928546501</ORG_DUNS_NUM>
<ORG_LGL_BUS_NAME>TEXAS A&amp;M UNIVERSITY-SAN ANTONIO</ORG_LGL_BUS_NAME>
<ORG_PRNT_DUNS_NUM>042915991</ORG_PRNT_DUNS_NUM>
</Institution>
<Performance_Institution>
<Name><![CDATA[Texas A&M University - San Antonio]]></Name>
<CityName>San Antonio</CityName>
<StateCode>TX</StateCode>
<ZipCode>782243134</ZipCode>
<StreetAddress><![CDATA[One University Way]]></StreetAddress>
<CountryCode>US</CountryCode>
<CountryName>United States</CountryName>
<StateName>Texas</StateName>
<CountryFlag>1</CountryFlag>
<CONGRESSDISTRICT>23</CONGRESSDISTRICT>
<CONGRESS_DISTRICT_PERF>TX23</CONGRESS_DISTRICT_PERF>
</Performance_Institution>
<ProgramElement>
<Code>158Y</Code>
<Text>COVID-19 Research</Text>
</ProgramElement>
<ProgramReference>
<Code>096Z</Code>
<Text>COVID-19 Research</Text>
</ProgramReference>
<ProgramReference>
<Code>7914</Code>
<Text>RAPID</Text>
</ProgramReference>
<FUND_OBLG>2020~25296</FUND_OBLG>
</Award>
</rootTag>
