<?xml version="1.0" encoding="UTF-8"?>
<rootTag>
<Award>
<AwardTitle>Collaborative Research: URoL: Epigenetics 2: Epigenetics in Development and Evolution of Primate Brains</AwardTitle>
<AGENCY>NSF</AGENCY>
<AwardEffectiveDate>10/01/2021</AwardEffectiveDate>
<AwardExpirationDate>09/30/2024</AwardExpirationDate>
<AwardTotalIntnAmount>1689235.00</AwardTotalIntnAmount>
<AwardAmount>1564568</AwardAmount>
<AwardInstrument>
<Value>Standard Grant</Value>
</AwardInstrument>
<Organization>
<Code>08040000</Code>
<Directorate>
<Abbreviation>BIO</Abbreviation>
<LongName>Direct For Biological Sciences</LongName>
</Directorate>
<Division>
<Abbreviation>EF</Abbreviation>
<LongName>Emerging Frontiers</LongName>
</Division>
</Organization>
<ProgramOfficer>
<SignBlockName>Rebecca Ferrell</SignBlockName>
<PO_EMAI>rferrell@nsf.gov</PO_EMAI>
<PO_PHON>7032927850</PO_PHON>
</ProgramOfficer>
<AbstractNarration>The proposed research will examine naturally occurring molecular variation in the brains of humans and other primates to understand how modifications to the function of genes in the brain relate to differences in developmental and social experience across species. The proposal is highly interdisciplinary, incorporating methods and perspectives from molecular biology, anthropology, neuroscience and psychology, and will advance fundamental knowledge about mechanistic processes underlying gene-environment interactions in the brains of highly social species.  In addition to offering interdisciplinary training for graduate and undergraduate students during the proposed research, the PIs will integrate research opportunities with outreach efforts for high school students, high school teachers, and also for broader public audiences, including children. Comparative studies of primates offer great educational and outreach potential due to their deep implications for understanding humans’ place in nature. Furthermore, the brain is the most widely studied organ in genetic and psychological studies, making the datasets this project will generate especially worthwhile as open resources for the scientific community. All research conducted will be published in peer-reviewed scientific journals and disseminated in scientific meetings. &lt;br/&gt;&lt;br/&gt;Nonhuman primates have been important model species for the study of mechanisms underlying the biological, genetic and neural basis of a variety of behavioral and cognitive functions. Many aspects of primate brains, including size, structural variation and rate of maturation are tightly associated with life history traits such as cognition, gestation length and life span. These differences are also associated with different developmental rates of primate brains. For example, human brains are extremely immature at birth, followed by slow development, providing ample opportunities for interaction between genome and environment to occur. This research project aims to study the molecular record of such genome-environment interaction in the context of primate brain development. Specifically, the investigators will examine DNA methylation, which functions as cellular memory of environmental input and thus moderates genome-environment interactions, and hypothesize that natural variation in brain size and development of primate species will be reflected in variation of DNA methylation, and in turn, gene expression. Several primate species will be included, encompassing naturally occurring variation in life history traits and brain size. Neocortical areas with distinctive developmental patterns, at cellular resolution, will be compared. In addition to phylogenetic variation, the research will utilize a unique opportunity to investigate how early social experiences have shaped DNA methylation and gene expression within species, using archived samples from chimpanzees and baboon colonies. The proposed research will generate novel opportunities to correlate molecular data with brain and cognitive phenotypes across multiple scales of biology.&lt;br/&gt;&lt;br/&gt;This project is funded by the Understanding the Rules of Life: Epigenetics Program, administered as part of NSF's Ten Big Ideas through the Division of Emerging Frontiers in the Directorate for Biological Sciences.&lt;br/&gt;&lt;br/&gt;This award reflects NSF's statutory mission and has been deemed worthy of support through evaluation using the Foundation's intellectual merit and broader impacts review criteria.</AbstractNarration>
<MinAmdLetterDate>12/10/2021</MinAmdLetterDate>
<MaxAmdLetterDate>12/10/2021</MaxAmdLetterDate>
<ARRAAmount/>
<TRAN_TYPE>Grant</TRAN_TYPE>
<CFDA_NUM>47.074</CFDA_NUM>
<NSF_PAR_USE_FLAG>1</NSF_PAR_USE_FLAG>
<FUND_AGCY_CODE>4900</FUND_AGCY_CODE>
<AWDG_AGCY_CODE>4900</AWDG_AGCY_CODE>
<AwardID>2204761</AwardID>
<Investigator>
<FirstName>Soojin</FirstName>
<LastName>Yi</LastName>
<PI_MID_INIT/>
<PI_SUFX_NAME/>
<PI_FULL_NAME>Soojin Yi</PI_FULL_NAME>
<EmailAddress>soojinyi@ucsb.edu</EmailAddress>
<PI_PHON>8058933596</PI_PHON>
<NSF_ID>000303854</NSF_ID>
<StartDate>12/10/2021</StartDate>
<EndDate/>
<RoleCode>Principal Investigator</RoleCode>
</Investigator>
<Institution>
<Name>University of California-Santa Barbara</Name>
<CityName>Santa Barbara</CityName>
<ZipCode>931062050</ZipCode>
<PhoneNumber>8058934188</PhoneNumber>
<StreetAddress>Office of Research</StreetAddress>
<StreetAddress2><![CDATA[Rm 3227 Cheadle Hall]]></StreetAddress2>
<CountryName>United States</CountryName>
<StateName>California</StateName>
<StateCode>CA</StateCode>
<CONGRESSDISTRICT>24</CONGRESSDISTRICT>
<CONGRESS_DISTRICT_ORG>CA24</CONGRESS_DISTRICT_ORG>
<ORG_DUNS_NUM>094878394</ORG_DUNS_NUM>
<ORG_LGL_BUS_NAME>UNIVERSITY OF CALIFORNIA, SANTA BARBARA</ORG_LGL_BUS_NAME>
<ORG_PRNT_DUNS_NUM>071549000</ORG_PRNT_DUNS_NUM>
</Institution>
<Performance_Institution>
<Name><![CDATA[University of California-Santa Barbara]]></Name>
<CityName/>
<StateCode>CA</StateCode>
<ZipCode>931062050</ZipCode>
<StreetAddress/>
<CountryCode>US</CountryCode>
<CountryName>United States</CountryName>
<StateName>California</StateName>
<CountryFlag>1</CountryFlag>
<CONGRESSDISTRICT>24</CONGRESSDISTRICT>
<CONGRESS_DISTRICT_PERF>CA24</CONGRESS_DISTRICT_PERF>
</Performance_Institution>
<ProgramElement>
<Code>106Y</Code>
<Text>URoL-Understanding the Rules o</Text>
</ProgramElement>
<ProgramReference>
<Code>068Z</Code>
<Text>URoL-Understanding Rules of Life</Text>
</ProgramReference>
<ProgramReference>
<Code>9179</Code>
<Text>GRADUATE INVOLVEMENT</Text>
</ProgramReference>
<FUND_OBLG>2020~1564568</FUND_OBLG>
</Award>
</rootTag>
