<?xml version="1.0" encoding="UTF-8"?>
<rootTag>
<Award>
<AwardTitle>Collaborative Research: CIF: FET: Small: Realizing Joint Detection Receivers for Quantum-enhanced Optical Communications using Photonic NISQ-era Quantum Processors</AwardTitle>
<AGENCY>NSF</AGENCY>
<AwardEffectiveDate>01/01/2022</AwardEffectiveDate>
<AwardExpirationDate>12/31/2023</AwardExpirationDate>
<AwardTotalIntnAmount>194087.00</AwardTotalIntnAmount>
<AwardAmount>194087</AwardAmount>
<AwardInstrument>
<Value>Standard Grant</Value>
</AwardInstrument>
<Organization>
<Code>05010000</Code>
<Directorate>
<Abbreviation>CSE</Abbreviation>
<LongName>Direct For Computer &amp; Info Scie &amp; Enginr</LongName>
</Directorate>
<Division>
<Abbreviation>CCF</Abbreviation>
<LongName>Division of Computing and Communication Foundations</LongName>
</Division>
</Organization>
<ProgramOfficer>
<SignBlockName>Pinaki Mazumder</SignBlockName>
<PO_EMAI>pmazumde@nsf.gov</PO_EMAI>
<PO_PHON>7032927375</PO_PHON>
</ProgramOfficer>
<AbstractNarration>Optical laser communication will constitute a key component of future space-based data communication systems including deep-space communications. It can support significantly higher data rates compared to traditional radio-frequency communication with lower size, weight and transmission power requirements. The ultimate data rates, or in other words, the communication capacity of long-range optical lasercom links, are governed by the laws of quantum physics. Novel receivers based on quantum physics are required in order to attain these ultimate data rates, which are fundamentally superior to the rates supported by conventional optical receivers. However, a structured methodology for designing optimal versions of such quantum receivers had remained unknown. A recently proposed quantum decoding algorithm known as belief propagation with quantum messages promises to be a near-optimal design methodology. The project will investigate the use of this algorithm to design quantum receivers for a large class of communication codes and optical modulation formats. The receiver designs are known to be in principle realizable on photonic quantum hardware. The proposed project will explore alternative implementations of the quantum logic required to realize the receiver circuitry on the commercially-available photonic quantum processor of Xanadu Quantum Technologies and determine the resource-optimal implementation. The success of this project would enable up to 5x higher optical communication rates over NASA’s future deep-space optical lasercom systems. Moreover, a successful realization of the receiver on Xanadu’s photonic processor would amount to a demonstration of quantum advantage over classical processing using a near-term noisy quantum processor in a practical application, which is an important quest in quantum information processing today. The proposed research will provide new content for a graduate course on quantum-enhanced classical optical communications. The project will augment the continued efforts of University of Arizona and University of Texas at Austin to provide educational and research opportunities to students from under-represented groups in the emerging field of quantum information technologies.&lt;br/&gt;&lt;br/&gt;The proposed project is aimed at designing and implementing quantum joint detection receivers (JDRs) for quantum-enhanced optical laser communication that involve pre-detection, collective, quantum-domain processing of blocks of received optical pulses. The design part of the project will utilize a quantum decoding algorithm, belief propagation with quantum messages (BPQM), which for a binary phase shift keying-modulated lasercom system based on an exemplary 5-bit tree code was recently shown to attain the quantum limit of minimum block decoding error probability. The BPQM algorithm will be investigated for low-density parity check codes and for different optical modulation formats. Pertaining to implementation, the BPQM-based JDR design for lasercom readily translates into a quantum circuit that is executable on a near-term, non-error-corrected, photonic, noisy intermediate-scale quantum (NISQ) processor capable of performing cat-basis quantum logic. Several alternative approaches are available to realize the elementary gates of cat-basis logic, among which the resource-optimal approach is unknown. In order to identify the optimal approach, as part of the project, theoretical and experimental noise models will be built for the basic building blocks of the different approaches using the photonic quantum hardware of Xanadu Quantum Technologies. The expected performance of the BPQM-based JDR for simple 3- and 5-bit tree code examples will be numerically simulated. A complete blueprint of the optical quantum circuit of the BPQM-JDR in terms of the identified optimal implementation of cat-basis logic for the 5-bit linear tree code will be developed and realized over Xanadu’s photonic quantum processor. Universal quantum-logic manipulation of modulated quantum light underlies a number of other quantum-enhanced classical communications and sensing applications, e.g., entanglement-assisted classical radio-frequency communications and sensors such as distributed clocks and long-baseline telescopes. NISQ-era photonic quantum hardware can potentially already power some of these applications but require a concerted quantum engineering effort to leverage their existing capabilities. The proposed project will accelerate this process for strong societal and economic impact.&lt;br/&gt;&lt;br/&gt;This award reflects NSF's statutory mission and has been deemed worthy of support through evaluation using the Foundation's intellectual merit and broader impacts review criteria.</AbstractNarration>
<MinAmdLetterDate>11/26/2021</MinAmdLetterDate>
<MaxAmdLetterDate>11/26/2021</MaxAmdLetterDate>
<ARRAAmount/>
<TRAN_TYPE>Grant</TRAN_TYPE>
<CFDA_NUM>47.070</CFDA_NUM>
<NSF_PAR_USE_FLAG>1</NSF_PAR_USE_FLAG>
<FUND_AGCY_CODE>4900</FUND_AGCY_CODE>
<AWDG_AGCY_CODE>4900</AWDG_AGCY_CODE>
<AwardID>2204985</AwardID>
<Investigator>
<FirstName>Kaushik</FirstName>
<LastName>Seshadreesan</LastName>
<PI_MID_INIT>P</PI_MID_INIT>
<PI_SUFX_NAME/>
<PI_FULL_NAME>Kaushik P Seshadreesan</PI_FULL_NAME>
<EmailAddress>kausesh@pitt.edu</EmailAddress>
<PI_PHON>5202790068</PI_PHON>
<NSF_ID>000827063</NSF_ID>
<StartDate>11/26/2021</StartDate>
<EndDate/>
<RoleCode>Principal Investigator</RoleCode>
</Investigator>
<Institution>
<Name>University of Pittsburgh</Name>
<CityName>Pittsburgh</CityName>
<ZipCode>152133203</ZipCode>
<PhoneNumber>4126247400</PhoneNumber>
<StreetAddress>300 Murdoch Building</StreetAddress>
<StreetAddress2><![CDATA[3420 Forbes Avenue]]></StreetAddress2>
<CountryName>United States</CountryName>
<StateName>Pennsylvania</StateName>
<StateCode>PA</StateCode>
<CONGRESSDISTRICT>18</CONGRESSDISTRICT>
<CONGRESS_DISTRICT_ORG>PA18</CONGRESS_DISTRICT_ORG>
<ORG_DUNS_NUM>004514360</ORG_DUNS_NUM>
<ORG_LGL_BUS_NAME>UNIVERSITY OF PITTSBURGH, THE</ORG_LGL_BUS_NAME>
<ORG_PRNT_DUNS_NUM>004514360</ORG_PRNT_DUNS_NUM>
</Institution>
<Performance_Institution>
<Name><![CDATA[University of Pittsburgh]]></Name>
<CityName>Pittsburgh</CityName>
<StateCode>PA</StateCode>
<ZipCode>152133203</ZipCode>
<StreetAddress><![CDATA[300 Murdoch Building]]></StreetAddress>
<CountryCode>US</CountryCode>
<CountryName>United States</CountryName>
<StateName>Pennsylvania</StateName>
<CountryFlag>1</CountryFlag>
<CONGRESSDISTRICT>18</CONGRESSDISTRICT>
<CONGRESS_DISTRICT_PERF>PA18</CONGRESS_DISTRICT_PERF>
</Performance_Institution>
<ProgramElement>
<Code>089Y</Code>
<Text>FET-Fndtns of Emerging Tech</Text>
</ProgramElement>
<ProgramReference>
<Code>7923</Code>
<Text>SMALL PROJECT</Text>
</ProgramReference>
<ProgramReference>
<Code>7928</Code>
<Text>QUANTUM COMPUTING</Text>
</ProgramReference>
<FUND_OBLG>2021~194087</FUND_OBLG>
</Award>
</rootTag>
