<?xml version="1.0" encoding="UTF-8"?>
<rootTag>
<Award>
<AwardTitle>SODA Conference Student and Postdoc Travel Support</AwardTitle>
<AGENCY>NSF</AGENCY>
<AwardEffectiveDate>01/15/2022</AwardEffectiveDate>
<AwardExpirationDate>12/31/2022</AwardExpirationDate>
<AwardTotalIntnAmount>10000.00</AwardTotalIntnAmount>
<AwardAmount>10000</AwardAmount>
<AwardInstrument>
<Value>Standard Grant</Value>
</AwardInstrument>
<Organization>
<Code>05010000</Code>
<Directorate>
<Abbreviation>CSE</Abbreviation>
<LongName>Direct For Computer &amp; Info Scie &amp; Enginr</LongName>
</Directorate>
<Division>
<Abbreviation>CCF</Abbreviation>
<LongName>Division of Computing and Communication Foundations</LongName>
</Division>
</Organization>
<ProgramOfficer>
<SignBlockName>Peter Brass</SignBlockName>
<PO_EMAI>pbrass@nsf.gov</PO_EMAI>
<PO_PHON>7032922182</PO_PHON>
</ProgramOfficer>
<AbstractNarration>This award supports student and postdoctoral fellow attendance at the&lt;br/&gt;SIAM-ACM Symposium on Discrete Algorithms (SODA), to take place during&lt;br/&gt;January 9-10, 2022 in Alexandria, Virginia. SODA is one of the few&lt;br/&gt;major conferences with broad coverage of Theory of Computing and&lt;br/&gt;Discrete Mathematics. SODA has a record of strongly encouraging&lt;br/&gt;participation by students, for whom the conference serves as a valuable&lt;br/&gt;educational experience, both for the technical content of the talks and&lt;br/&gt;for the opportunities for networking that it provides. This award will&lt;br/&gt;provide partial support to about 20 students/postdocs.&lt;br/&gt;&lt;br/&gt;This award reflects NSF's statutory mission and has been deemed worthy of support through evaluation using the Foundation's intellectual merit and broader impacts review criteria.</AbstractNarration>
<MinAmdLetterDate>01/11/2022</MinAmdLetterDate>
<MaxAmdLetterDate>01/11/2022</MaxAmdLetterDate>
<ARRAAmount/>
<TRAN_TYPE>Grant</TRAN_TYPE>
<CFDA_NUM>47.070</CFDA_NUM>
<NSF_PAR_USE_FLAG>1</NSF_PAR_USE_FLAG>
<FUND_AGCY_CODE>4900</FUND_AGCY_CODE>
<AWDG_AGCY_CODE>4900</AWDG_AGCY_CODE>
<AwardID>2204906</AwardID>
<Investigator>
<FirstName>Shanghua</FirstName>
<LastName>Teng</LastName>
<PI_MID_INIT/>
<PI_SUFX_NAME/>
<PI_FULL_NAME>Shanghua Teng</PI_FULL_NAME>
<EmailAddress>shanghua@usc.edu</EmailAddress>
<PI_PHON>2137407762</PI_PHON>
<NSF_ID>000538833</NSF_ID>
<StartDate>01/11/2022</StartDate>
<EndDate/>
<RoleCode>Principal Investigator</RoleCode>
</Investigator>
<Institution>
<Name>University of Southern California</Name>
<CityName>Los Angeles</CityName>
<ZipCode>900890001</ZipCode>
<PhoneNumber>2137407762</PhoneNumber>
<StreetAddress>University Park</StreetAddress>
<StreetAddress2><![CDATA[3720 S. Flower St.]]></StreetAddress2>
<CountryName>United States</CountryName>
<StateName>California</StateName>
<StateCode>CA</StateCode>
<CONGRESSDISTRICT>37</CONGRESSDISTRICT>
<CONGRESS_DISTRICT_ORG>CA37</CONGRESS_DISTRICT_ORG>
<ORG_DUNS_NUM>072933393</ORG_DUNS_NUM>
<ORG_LGL_BUS_NAME>UNIVERSITY OF SOUTHERN CALIFORNIA</ORG_LGL_BUS_NAME>
<ORG_PRNT_DUNS_NUM>072933393</ORG_PRNT_DUNS_NUM>
</Institution>
<Performance_Institution>
<Name><![CDATA[University of Southern California]]></Name>
<CityName>Los Angeles</CityName>
<StateCode>CA</StateCode>
<ZipCode>900890001</ZipCode>
<StreetAddress><![CDATA[3720 S. Flower St.]]></StreetAddress>
<CountryCode>US</CountryCode>
<CountryName>United States</CountryName>
<StateName>California</StateName>
<CountryFlag>1</CountryFlag>
<CONGRESSDISTRICT>37</CONGRESSDISTRICT>
<CONGRESS_DISTRICT_PERF>CA37</CONGRESS_DISTRICT_PERF>
</Performance_Institution>
<ProgramElement>
<Code>7796</Code>
<Text>Algorithmic Foundations</Text>
</ProgramElement>
<ProgramReference>
<Code>7556</Code>
<Text>CONFERENCE AND WORKSHOPS</Text>
</ProgramReference>
<ProgramReference>
<Code>7926</Code>
<Text>ALGORITHMS</Text>
</ProgramReference>
<FUND_OBLG>2022~10000</FUND_OBLG>
</Award>
</rootTag>
