<?xml version="1.0" encoding="UTF-8"?>
<rootTag>
<Award>
<AwardTitle>RAPID: Agenda Generality and Behavior in Social Network Interactions about COVID-19</AwardTitle>
<AGENCY>NSF</AGENCY>
<AwardEffectiveDate>10/01/2021</AwardEffectiveDate>
<AwardExpirationDate>10/31/2022</AwardExpirationDate>
<AwardTotalIntnAmount>200000.00</AwardTotalIntnAmount>
<AwardAmount>100548</AwardAmount>
<AwardInstrument>
<Value>Standard Grant</Value>
</AwardInstrument>
<Organization>
<Code>04050000</Code>
<Directorate>
<Abbreviation>SBE</Abbreviation>
<LongName>Direct For Social, Behav &amp; Economic Scie</LongName>
</Directorate>
<Division>
<Abbreviation>SES</Abbreviation>
<LongName>Divn Of Social and Economic Sciences</LongName>
</Division>
</Organization>
<ProgramOfficer>
<SignBlockName>Robert O'Connor</SignBlockName>
<PO_EMAI>roconnor@nsf.gov</PO_EMAI>
<PO_PHON>7032927263</PO_PHON>
</ProgramOfficer>
<AbstractNarration>The same types of social networks that transmit the COVID-19 disease may be leveraged to spread healthy norms and positive behaviors. This research gathers important, time-sensitive data to understand the conditions under which digital social networks can influence health behaviors relevant to the COVID-19 pandemic and how to reduce negative social influences in digital environments. At a time when people spend unprecedented amounts of time on digital networks, public health strategies deployed in these networks may shape the health and social outcomes of Americans in the next 12 months. This research advances understanding of these public health strategies.&lt;br/&gt;&lt;br/&gt;The project’s theory is that discussing either general or specific issues (e.g., curbing COVID-19 disease or wearing a mask) can have important consequences on the spread of risky attitudes and behaviors through a network. The research entails (a) an ecological study of Twitter and Instagram networks and (b) experiments manipulating the mix of healthy and risky behaviors promoted in the network and the focus of the discussion on either general or specific issues. The project generates public health recommendations and algorithms to improve health discussions on social media. The investigators use a dynamic panel data model to predict individual behavior from the individual’s own attitudes and own past behaviors as well as the behaviors of other members of their network. The research team uses graph convolutional networks both to capture richer network aspects and to model sparse networks.&lt;br/&gt;&lt;br/&gt;This award reflects NSF's statutory mission and has been deemed worthy of support through evaluation using the Foundation's intellectual merit and broader impacts review criteria.</AbstractNarration>
<MinAmdLetterDate>12/10/2021</MinAmdLetterDate>
<MaxAmdLetterDate>12/10/2021</MaxAmdLetterDate>
<ARRAAmount/>
<TRAN_TYPE>Grant</TRAN_TYPE>
<CFDA_NUM>47.075</CFDA_NUM>
<NSF_PAR_USE_FLAG>1</NSF_PAR_USE_FLAG>
<FUND_AGCY_CODE>4900</FUND_AGCY_CODE>
<AWDG_AGCY_CODE>4900</AWDG_AGCY_CODE>
<AwardID>2204924</AwardID>
<Investigator>
<FirstName>Dolores</FirstName>
<LastName>Albarracin</LastName>
<PI_MID_INIT/>
<PI_SUFX_NAME/>
<PI_FULL_NAME>Dolores Albarracin</PI_FULL_NAME>
<EmailAddress>dalba@upenn.edu</EmailAddress>
<PI_PHON>2178402383</PI_PHON>
<NSF_ID>000487591</NSF_ID>
<StartDate>12/10/2021</StartDate>
<EndDate/>
<RoleCode>Principal Investigator</RoleCode>
</Investigator>
<Institution>
<Name>University of Pennsylvania</Name>
<CityName>Philadelphia</CityName>
<ZipCode>191046205</ZipCode>
<PhoneNumber>2158987293</PhoneNumber>
<StreetAddress>Research Services</StreetAddress>
<StreetAddress2><![CDATA[3451 Walnut St, 5th Flr Franklin]]></StreetAddress2>
<CountryName>United States</CountryName>
<StateName>Pennsylvania</StateName>
<StateCode>PA</StateCode>
<CONGRESSDISTRICT>03</CONGRESSDISTRICT>
<CONGRESS_DISTRICT_ORG>PA03</CONGRESS_DISTRICT_ORG>
<ORG_DUNS_NUM>042250712</ORG_DUNS_NUM>
<ORG_LGL_BUS_NAME>TRUSTEES OF THE UNIVERSITY OF PENNSYLVANIA, THE</ORG_LGL_BUS_NAME>
<ORG_PRNT_DUNS_NUM>042250712</ORG_PRNT_DUNS_NUM>
</Institution>
<Performance_Institution>
<Name><![CDATA[University of Pennsylvania]]></Name>
<CityName/>
<StateCode>PA</StateCode>
<ZipCode>191046205</ZipCode>
<StreetAddress/>
<CountryCode>US</CountryCode>
<CountryName>United States</CountryName>
<StateName>Pennsylvania</StateName>
<CountryFlag>1</CountryFlag>
<CONGRESSDISTRICT>03</CONGRESSDISTRICT>
<CONGRESS_DISTRICT_PERF>PA03</CONGRESS_DISTRICT_PERF>
</Performance_Institution>
<ProgramElement>
<Code>1321</Code>
<Text>Decision, Risk &amp; Mgmt Sci</Text>
</ProgramElement>
<ProgramReference>
<Code>096Z</Code>
<Text>COVID-19 Research</Text>
</ProgramReference>
<ProgramReference>
<Code>7914</Code>
<Text>RAPID</Text>
</ProgramReference>
<ProgramReference>
<Code>9179</Code>
<Text>GRADUATE INVOLVEMENT</Text>
</ProgramReference>
<FUND_OBLG>2020~100548</FUND_OBLG>
</Award>
</rootTag>
