<?xml version="1.0" encoding="UTF-8"?>
<rootTag>
<Award>
<AwardTitle>Ideas Lab: Dark Dimensions of the RNA Regulome (D2R2)</AwardTitle>
<AGENCY>NSF</AGENCY>
<AwardEffectiveDate>12/01/2021</AwardEffectiveDate>
<AwardExpirationDate>11/30/2022</AwardExpirationDate>
<AwardTotalIntnAmount>350272.00</AwardTotalIntnAmount>
<AwardAmount>350272</AwardAmount>
<AwardInstrument>
<Value>Standard Grant</Value>
</AwardInstrument>
<Organization>
<Code>08090000</Code>
<Directorate>
<Abbreviation>BIO</Abbreviation>
<LongName>Direct For Biological Sciences</LongName>
</Directorate>
<Division>
<Abbreviation>IOS</Abbreviation>
<LongName>Division Of Integrative Organismal Systems</LongName>
</Division>
</Organization>
<ProgramOfficer>
<SignBlockName>Gerald Schoenknecht</SignBlockName>
<PO_EMAI>gschoenk@nsf.gov</PO_EMAI>
<PO_PHON>7032925076</PO_PHON>
</ProgramOfficer>
<AbstractNarration>A week-long workshop, a so-called Ideas Lab, will bring together different members of the life science community to better understand how the full set of genetic components that are present in living organisms are used to sustain their functions. Part of the DNA that has been characterized in living organisms (the genome) is transcribed into RNA that encodes for proteins that in turn perform biological functions (growth, metabolism, movement, etc.). Yet a large part of the genome produces diverse classes of RNA that do not encode proteins and that remain vastly uncharacterized in their function. Given that these types of molecules are known to exist in all living systems, it is important to understand their function. This is relevant to understanding how living systems function and adapt to their environment, as well as to develop new technologies with applications in bioeconomy, including agriculture, medicine, and bioenergy. In addition to supporting insightful exchanges among scientists of different expertise and backgrounds, this workshop will ultimately provide educational opportunities for students and postdocs in interdisciplinary research, as new research projects will be developed as result of this Ideas Lab.&lt;br/&gt;&lt;br/&gt;The Dark Dimensions of the RNA Regulome (D2R2) Ideas Lab will be a week-long workshop designed to bring together new research teams from a broad range of disciplines to address cutting-edge questions about the evolution and functional significance of RNA molecules that ordinarily do not encode proteins. Gaining a deeper understanding of this poorly characterized set of molecules will help illuminate dark dimensions of the complex interplay between genotype and phenotype. Although non-coding RNAs are virtually ubiquitous among living organisms, their roles are poorly understood and difficult to define. This Ideas Lab is expected to lay the groundwork for fundamental advances in molecular and evolutionary biology. This project will bring together biologists, chemists, physical scientists, and bioinformaticians to develop cutting edge research with substantial potential for translation to applications that are relevant for the bioeconomy. In addition, this Ideas Lab will give rise to educational opportunities for students and postdocs, as several interdisciplinary research projects will be developed as result of this lab.&lt;br/&gt;&lt;br/&gt;This award reflects NSF's statutory mission and has been deemed worthy of support through evaluation using the Foundation's intellectual merit and broader impacts review criteria.</AbstractNarration>
<MinAmdLetterDate>11/29/2021</MinAmdLetterDate>
<MaxAmdLetterDate>11/29/2021</MaxAmdLetterDate>
<ARRAAmount/>
<TRAN_TYPE>Grant</TRAN_TYPE>
<CFDA_NUM>47.074</CFDA_NUM>
<NSF_PAR_USE_FLAG>1</NSF_PAR_USE_FLAG>
<FUND_AGCY_CODE>4900</FUND_AGCY_CODE>
<AWDG_AGCY_CODE>4900</AWDG_AGCY_CODE>
<AwardID>2204393</AwardID>
<Investigator>
<FirstName>Lydia</FirstName>
<LastName>Contreras</LastName>
<PI_MID_INIT>M</PI_MID_INIT>
<PI_SUFX_NAME/>
<PI_FULL_NAME>Lydia M Contreras</PI_FULL_NAME>
<EmailAddress>lcontrer@che.utexas.edu</EmailAddress>
<PI_PHON>5124716424</PI_PHON>
<NSF_ID>000601060</NSF_ID>
<StartDate>11/29/2021</StartDate>
<EndDate/>
<RoleCode>Principal Investigator</RoleCode>
</Investigator>
<Institution>
<Name>University of Texas at Austin</Name>
<CityName>Austin</CityName>
<ZipCode>787595316</ZipCode>
<PhoneNumber>5124716424</PhoneNumber>
<StreetAddress>3925 W Braker Lane, Ste 3.340</StreetAddress>
<StreetAddress2/>
<CountryName>United States</CountryName>
<StateName>Texas</StateName>
<StateCode>TX</StateCode>
<CONGRESSDISTRICT>10</CONGRESSDISTRICT>
<CONGRESS_DISTRICT_ORG>TX10</CONGRESS_DISTRICT_ORG>
<ORG_DUNS_NUM>170230239</ORG_DUNS_NUM>
<ORG_LGL_BUS_NAME>UNIVERSITY OF TEXAS AT AUSTIN</ORG_LGL_BUS_NAME>
<ORG_PRNT_DUNS_NUM>042000273</ORG_PRNT_DUNS_NUM>
</Institution>
<Performance_Institution>
<Name><![CDATA[University of Texas at Austin]]></Name>
<CityName/>
<StateCode>TX</StateCode>
<ZipCode>787121532</ZipCode>
<StreetAddress/>
<CountryCode>US</CountryCode>
<CountryName>United States</CountryName>
<StateName>Texas</StateName>
<CountryFlag>1</CountryFlag>
<CONGRESSDISTRICT>25</CONGRESSDISTRICT>
<CONGRESS_DISTRICT_PERF>TX25</CONGRESS_DISTRICT_PERF>
</Performance_Institution>
<ProgramElement>
<Code>1112</Code>
<Text>Genetic Mechanisms</Text>
</ProgramElement>
<ProgramElement>
<Code>1329</Code>
<Text>Plant Genome Research Project</Text>
</ProgramElement>
<ProgramReference>
<Code>1329</Code>
<Text>PLANT GENOME RESEARCH PROJECT</Text>
</ProgramReference>
<ProgramReference>
<Code>7465</Code>
<Text>NANOSCALE BIO CORE</Text>
</ProgramReference>
<ProgramReference>
<Code>7577</Code>
<Text>PLANT GENOME RESEARCH RESOURCE</Text>
</ProgramReference>
<ProgramReference>
<Code>8038</Code>
<Text>Biotechnology</Text>
</ProgramReference>
<ProgramReference>
<Code>8550</Code>
<Text>Ideas Lab</Text>
</ProgramReference>
<ProgramReference>
<Code>9109</Code>
<Text>AGRICULTURAL BIOTECHNOLOGY</Text>
</ProgramReference>
<FUND_OBLG>2022~350272</FUND_OBLG>
</Award>
</rootTag>
