<?xml version="1.0" encoding="UTF-8"?>
<rootTag>
<Award>
<AwardTitle>EAGER: SciDatBench: Principles and Prototypes of Science Data Benchmarks</AwardTitle>
<AGENCY>NSF</AGENCY>
<AwardEffectiveDate>01/01/2022</AwardEffectiveDate>
<AwardExpirationDate>10/31/2022</AwardExpirationDate>
<AwardTotalIntnAmount>296877.00</AwardTotalIntnAmount>
<AwardAmount>260242</AwardAmount>
<AwardInstrument>
<Value>Standard Grant</Value>
</AwardInstrument>
<Organization>
<Code>05090000</Code>
<Directorate>
<Abbreviation>CSE</Abbreviation>
<LongName>Direct For Computer &amp; Info Scie &amp; Enginr</LongName>
</Directorate>
<Division>
<Abbreviation>OAC</Abbreviation>
<LongName>Office of Advanced Cyberinfrastructure (OAC)</LongName>
</Division>
</Organization>
<ProgramOfficer>
<SignBlockName>Tevfik Kosar</SignBlockName>
<PO_EMAI>tkosar@nsf.gov</PO_EMAI>
<PO_PHON>7032927992</PO_PHON>
</ProgramOfficer>
<AbstractNarration>Analysis of large scientific data sets requires new research in both the data analysis methods and the information technology hardware and software to use in the analysis. This project is investigating and prototyping a new set of science data benchmarks, dubbed SciDatBench. It establishes a new collection of important and representative big scientific datasets together with typical software implementations of the machine learning algorithms that are needed for best practice analysis. The SciDatBench collection is accompanied by documentation allowing it to be used in the training of researchers in the rapidly evolving Big Data analysis techniques. The project has a potential to impact a broad range of scientific disciplines including eventually material sciences, environmental sciences, life sciences including epidemiology, fusion, particle physics, astronomy, earthquake, and earth sciences, with more than one representative problem from each of these domains.&lt;br/&gt;&lt;br/&gt;SciDatBench generates particular instances of big data analysis benchmarks and establishes a sustainable process for maintaining and enhancing them. This collection includes both standalone examples and end-to-end examples needing multiple components that are seen in the analysis of many science experiments. SciDatBench is affiliated as an approved Science Data working group with the very successful MLPerf activity with 80 organizational members looking at Industry machine learning benchmarks. The state-of-the-art examples in SciDatBench are contributing to progress in scientific discovery that advances the national health, prosperity, and welfare, as stated by NSF's mission. The project is proactively involving under-represented communities in its activities. SciDatBench supports comparative studies and identifies requirements for future cyberinfrastructure to support scientific data analysis.&lt;br/&gt;&lt;br/&gt;This award reflects NSF's statutory mission and has been deemed worthy of support through evaluation using the Foundation's intellectual merit and broader impacts review criteria.</AbstractNarration>
<MinAmdLetterDate>11/26/2021</MinAmdLetterDate>
<MaxAmdLetterDate>11/26/2021</MaxAmdLetterDate>
<ARRAAmount/>
<TRAN_TYPE>Grant</TRAN_TYPE>
<CFDA_NUM>47.070</CFDA_NUM>
<NSF_PAR_USE_FLAG>1</NSF_PAR_USE_FLAG>
<FUND_AGCY_CODE>4900</FUND_AGCY_CODE>
<AWDG_AGCY_CODE>4900</AWDG_AGCY_CODE>
<AwardID>2204115</AwardID>
<Investigator>
<FirstName>Geoffrey</FirstName>
<LastName>Fox</LastName>
<PI_MID_INIT>C</PI_MID_INIT>
<PI_SUFX_NAME/>
<PI_FULL_NAME>Geoffrey C Fox</PI_FULL_NAME>
<EmailAddress>gcfexchange@gmail.com</EmailAddress>
<PI_PHON>8122194643</PI_PHON>
<NSF_ID>000231257</NSF_ID>
<StartDate>11/26/2021</StartDate>
<EndDate/>
<RoleCode>Principal Investigator</RoleCode>
</Investigator>
<Institution>
<Name>University of Virginia Main Campus</Name>
<CityName>CHARLOTTESVILLE</CityName>
<ZipCode>229044195</ZipCode>
<PhoneNumber>4349244270</PhoneNumber>
<StreetAddress>P.O.  BOX 400195</StreetAddress>
<StreetAddress2/>
<CountryName>United States</CountryName>
<StateName>Virginia</StateName>
<StateCode>VA</StateCode>
<CONGRESSDISTRICT>05</CONGRESSDISTRICT>
<CONGRESS_DISTRICT_ORG>VA05</CONGRESS_DISTRICT_ORG>
<ORG_DUNS_NUM>065391526</ORG_DUNS_NUM>
<ORG_LGL_BUS_NAME>RECTOR &amp; VISITORS OF THE UNIVERSITY OF VIRGINIA</ORG_LGL_BUS_NAME>
<ORG_PRNT_DUNS_NUM>065391526</ORG_PRNT_DUNS_NUM>
</Institution>
<Performance_Institution>
<Name><![CDATA[University of Virginia Main Campus]]></Name>
<CityName/>
<StateCode>VA</StateCode>
<ZipCode>229044195</ZipCode>
<StreetAddress/>
<CountryCode>US</CountryCode>
<CountryName>United States</CountryName>
<StateName>Virginia</StateName>
<CountryFlag>1</CountryFlag>
<CONGRESSDISTRICT>05</CONGRESSDISTRICT>
<CONGRESS_DISTRICT_PERF>VA05</CONGRESS_DISTRICT_PERF>
</Performance_Institution>
<ProgramElement>
<Code>7231</Code>
<Text>CYBERINFRASTRUCTURE</Text>
</ProgramElement>
<ProgramReference>
<Code>7231</Code>
<Text>CYBERINFRASTRUCTURE</Text>
</ProgramReference>
<ProgramReference>
<Code>7916</Code>
<Text>EAGER</Text>
</ProgramReference>
<FUND_OBLG>2020~260242</FUND_OBLG>
</Award>
</rootTag>
