<?xml version="1.0" encoding="UTF-8"?>
<rootTag>
<Award>
<AwardTitle>Coarse Geometry of Topological Groups</AwardTitle>
<AGENCY>NSF</AGENCY>
<AwardEffectiveDate>11/01/2021</AwardEffectiveDate>
<AwardExpirationDate>08/31/2023</AwardExpirationDate>
<AwardTotalIntnAmount>239905.00</AwardTotalIntnAmount>
<AwardAmount>85707</AwardAmount>
<AwardInstrument>
<Value>Continuing Grant</Value>
</AwardInstrument>
<Organization>
<Code>03040000</Code>
<Directorate>
<Abbreviation>MPS</Abbreviation>
<LongName>Direct For Mathematical &amp; Physical Scien</LongName>
</Directorate>
<Division>
<Abbreviation>DMS</Abbreviation>
<LongName>Division Of Mathematical Sciences</LongName>
</Division>
</Organization>
<ProgramOfficer>
<SignBlockName>Tomek Bartoszynski</SignBlockName>
<PO_EMAI>tbartosz@nsf.gov</PO_EMAI>
<PO_PHON>7032924885</PO_PHON>
</ProgramOfficer>
<AbstractNarration>Groups appear in numerous areas of mathematics, chemistry and physics and have had tremendous impact as an organizational tool within mathematics. They often appear as the set of symmetries of a geometric object, for example, of 3-dimensional space, a molecule or a crystal. Oftentimes, the set of symmetries themselves, i.e., the group, has a natural topological structure. That is, one can speak of one symmetry being close to another, as in the case of two rotations of 3-dimensional space being close if they differ by a small angle. These latter groups are called topological transformation groups and are trivially related to geometry via the geometric object of which they are the set of symmetries. However, other topological groups are not so easily viewed as coming from geometry. This is, for example, the case for the systems of solutions to many differential equations which form a group under addition called a Banach space. However, one of the principal ideas of the present project is that all topological groups have natural intrinsic geometric structure which is defined jointly by their topological and algebraic structure. Moreover, this geometric structure can in many cases provide significant insight into the structure of the group by blotting out finer details that obscure the global or large scale properties of the group.&lt;br/&gt;&lt;br/&gt;The primary aim of this project is to investigate the coarse geometry of topological and, in particular, Polish groups. In earlier research, the PI has established and investigated a natural coarse structure that every topological group is equipped with and which coincides with that traditionally studied on finitely generated or locally compact groups, Banach spaces or even homeomorphism groups of compact manifolds. Particularly interesting subclasses to be studied are the Polish groups of bounded geometry for which the geometric structure theory is well-advanced. Several interesting questions on the extent of this class of groups remain open, for example, whether every Polish group of bounded geometry is coarsely equivalent to a locally compact group. The research program is by nature interdisciplinary. While its origins lie in descriptive set theory, the main examples of groups to be studied arise in various disciplines of mathematics, including functional analysis, logic, and geometric and differential topology.&lt;br/&gt;&lt;br/&gt;This award reflects NSF's statutory mission and has been deemed worthy of support through evaluation using the Foundation's intellectual merit and broader impacts review criteria.</AbstractNarration>
<MinAmdLetterDate>11/15/2021</MinAmdLetterDate>
<MaxAmdLetterDate>11/15/2021</MaxAmdLetterDate>
<ARRAAmount/>
<TRAN_TYPE>Grant</TRAN_TYPE>
<CFDA_NUM>47.049</CFDA_NUM>
<NSF_PAR_USE_FLAG>1</NSF_PAR_USE_FLAG>
<FUND_AGCY_CODE>4900</FUND_AGCY_CODE>
<AWDG_AGCY_CODE>4900</AWDG_AGCY_CODE>
<AwardID>2204849</AwardID>
<Investigator>
<FirstName>Christian</FirstName>
<LastName>Rosendal</LastName>
<PI_MID_INIT/>
<PI_SUFX_NAME/>
<PI_FULL_NAME>Christian Rosendal</PI_FULL_NAME>
<EmailAddress>rosendal@math.uic.edu</EmailAddress>
<PI_PHON>3129963041</PI_PHON>
<NSF_ID>000489292</NSF_ID>
<StartDate>11/15/2021</StartDate>
<EndDate/>
<RoleCode>Principal Investigator</RoleCode>
</Investigator>
<Institution>
<Name>University of Maryland, College Park</Name>
<CityName>College Park</CityName>
<ZipCode>207425141</ZipCode>
<PhoneNumber>3014056269</PhoneNumber>
<StreetAddress>3112 LEE BLDG 7809 Regents Drive</StreetAddress>
<StreetAddress2/>
<CountryName>United States</CountryName>
<StateName>Maryland</StateName>
<StateCode>MD</StateCode>
<CONGRESSDISTRICT>05</CONGRESSDISTRICT>
<CONGRESS_DISTRICT_ORG>MD05</CONGRESS_DISTRICT_ORG>
<ORG_DUNS_NUM>790934285</ORG_DUNS_NUM>
<ORG_LGL_BUS_NAME>UNIVERSITY OF MARYLAND, COLLEGE PARK</ORG_LGL_BUS_NAME>
<ORG_PRNT_DUNS_NUM>003256088</ORG_PRNT_DUNS_NUM>
</Institution>
<Performance_Institution>
<Name><![CDATA[University of Maryland]]></Name>
<CityName/>
<StateCode>MD</StateCode>
<ZipCode>207421800</ZipCode>
<StreetAddress/>
<CountryCode>US</CountryCode>
<CountryName>United States</CountryName>
<StateName>Maryland</StateName>
<CountryFlag>1</CountryFlag>
<CONGRESSDISTRICT>05</CONGRESSDISTRICT>
<CONGRESS_DISTRICT_PERF>MD05</CONGRESS_DISTRICT_PERF>
</Performance_Institution>
<ProgramElement>
<Code>1267</Code>
<Text>TOPOLOGY</Text>
</ProgramElement>
<ProgramElement>
<Code>1268</Code>
<Text>FOUNDATIONS</Text>
</ProgramElement>
<FUND_OBLG>2018~5719</FUND_OBLG>
<FUND_OBLG>2019~79988</FUND_OBLG>
</Award>
</rootTag>
