<?xml version="1.0" encoding="UTF-8"?>
<rootTag>
<Award>
<AwardTitle>Collaborative Research: CPS: Medium: Wildland Fire Observation, Management, and Evacuation using Intelligent Collaborative Flying and Ground Systems</AwardTitle>
<AGENCY>NSF</AGENCY>
<AwardEffectiveDate>10/01/2021</AwardEffectiveDate>
<AwardExpirationDate>04/30/2024</AwardExpirationDate>
<AwardTotalIntnAmount>649890.00</AwardTotalIntnAmount>
<AwardAmount>627708</AwardAmount>
<AwardInstrument>
<Value>Standard Grant</Value>
</AwardInstrument>
<Organization>
<Code>05050000</Code>
<Directorate>
<Abbreviation>CSE</Abbreviation>
<LongName>Direct For Computer &amp; Info Scie &amp; Enginr</LongName>
</Directorate>
<Division>
<Abbreviation>CNS</Abbreviation>
<LongName>Division Of Computer and Network Systems</LongName>
</Division>
</Organization>
<ProgramOfficer>
<SignBlockName>Linda Bushnell</SignBlockName>
<PO_EMAI>lbushnel@nsf.gov</PO_EMAI>
<PO_PHON>7032928950</PO_PHON>
</ProgramOfficer>
<AbstractNarration>Increasing wildfire costs---a reflection of climate variability and development within wildlands---drive calls for new national capabilities to manage wildfires. The great potential of unmanned aerial systems (UAS) has not yet been fully utilized in this domain due to the lack of holistic, resilient, flexible, and cost-effective monitoring protocols. This project will develop UAS-based fire management strategies to use autonomous unmanned aerial vehicles (UAVs) in an optimal, efficient, and safe way to assist the first responders during the fire detection, management, and evacuation stages. The project is a collaborative effort between Northern Arizona University (NAU), Georgia Institute of Technology (GaTech), Desert Research Institute (DRI), and the National Center for Atmospheric Research (NCAR). The team has established ongoing collaborations with the U.S. Forest Service (USFS) in Pacific Northwest Research Station, Kaibab National Forest (NF), and Arizona Department of Forestry and Fire Management to perform multiple field tests during the prescribed and managed fires. This proposal's objective is to develop an integrated framework satisfying unmet wildland fire management needs, with key advances in scientific and engineering methods by using a network of low-cost and small autonomous UAVs along with ground vehicles during different stages of fire management operations including: (i) early detection in remote and forest areas using autonomous UAVs; (ii) fast active geo-mapping of the fire heat map on flying drones; (iii) real-time video streaming of the fire spread; and (iv) finding optimal evacuation paths using autonomous UAVs to guide the ground vehicles and firefighters for fast and safe evacuation. &lt;br/&gt;&lt;br/&gt;This project will advance the frontier of disaster management by developing: (i) an innovative drone-based forest fire detection and monitoring technology for rapid intervention in hard-to-access areas with minimal human intervention to protect firefighter lives; (ii) multi-level fire modeling to offer strategic, event-scale, and new on-board, low-computation tactics using fast fire mapping from UAVs; and (iii) a bounded reasoning-based planning mechanism where the UAVs identify the fastest and safest evacuation roads for firefighters and fire-trucks in highly dynamic and uncertain dangerous zones. The developed technologies will be translational to a broad range of applications such as disaster (flooding, fire, mud slides, terrorism) management, where quick search, surveillance, and responses are required with limited human interventions. This project will also contribute to future engineering curricula and pursue a substantial integration of research and education while also engaging female and underrepresented minority students, developing hands-on research experiments for K-12 students.&lt;br/&gt;&lt;br/&gt;This project is in response to the NSF Cyber-Physical Systems 20-563 solicitation.&lt;br/&gt;&lt;br/&gt;This award reflects NSF's statutory mission and has been deemed worthy of support through evaluation using the Foundation's intellectual merit and broader impacts review criteria.</AbstractNarration>
<MinAmdLetterDate>11/30/2021</MinAmdLetterDate>
<MaxAmdLetterDate>11/30/2021</MaxAmdLetterDate>
<ARRAAmount/>
<TRAN_TYPE>Grant</TRAN_TYPE>
<CFDA_NUM>47.070</CFDA_NUM>
<NSF_PAR_USE_FLAG>1</NSF_PAR_USE_FLAG>
<FUND_AGCY_CODE>4900</FUND_AGCY_CODE>
<AWDG_AGCY_CODE>4900</AWDG_AGCY_CODE>
<AwardID>2204445</AwardID>
<Investigator>
<FirstName>Fatemeh</FirstName>
<LastName>Afghah</LastName>
<PI_MID_INIT/>
<PI_SUFX_NAME/>
<PI_FULL_NAME>Fatemeh Afghah</PI_FULL_NAME>
<EmailAddress>fafghah@clemson.edu</EmailAddress>
<PI_PHON>8646565913</PI_PHON>
<NSF_ID>000660162</NSF_ID>
<StartDate>11/30/2021</StartDate>
<EndDate/>
<RoleCode>Principal Investigator</RoleCode>
</Investigator>
<Institution>
<Name>Clemson University</Name>
<CityName>CLEMSON</CityName>
<ZipCode>296340001</ZipCode>
<PhoneNumber>8646562424</PhoneNumber>
<StreetAddress>230 Kappa Street</StreetAddress>
<StreetAddress2><![CDATA[Suite 200]]></StreetAddress2>
<CountryName>United States</CountryName>
<StateName>South Carolina</StateName>
<StateCode>SC</StateCode>
<CONGRESSDISTRICT>03</CONGRESSDISTRICT>
<CONGRESS_DISTRICT_ORG>SC03</CONGRESS_DISTRICT_ORG>
<ORG_DUNS_NUM>042629816</ORG_DUNS_NUM>
<ORG_LGL_BUS_NAME>CLEMSON UNIVERSITY</ORG_LGL_BUS_NAME>
<ORG_PRNT_DUNS_NUM>042629816</ORG_PRNT_DUNS_NUM>
</Institution>
<Performance_Institution>
<Name><![CDATA[Clemson University]]></Name>
<CityName/>
<StateCode>SC</StateCode>
<ZipCode>296340001</ZipCode>
<StreetAddress/>
<CountryCode>US</CountryCode>
<CountryName>United States</CountryName>
<StateName>South Carolina</StateName>
<CountryFlag>1</CountryFlag>
<CONGRESSDISTRICT>03</CONGRESSDISTRICT>
<CONGRESS_DISTRICT_PERF>SC03</CONGRESS_DISTRICT_PERF>
</Performance_Institution>
<ProgramElement>
<Code>7918</Code>
<Text>CPS-Cyber-Physical Systems</Text>
</ProgramElement>
<ProgramReference>
<Code>7918</Code>
<Text>CYBER-PHYSICAL SYSTEMS (CPS)</Text>
</ProgramReference>
<ProgramReference>
<Code>7924</Code>
<Text>MEDIUM PROJECT</Text>
</ProgramReference>
<FUND_OBLG>2021~627708</FUND_OBLG>
</Award>
</rootTag>
