<?xml version="1.0" encoding="UTF-8"?>
<rootTag>
<Award>
<AwardTitle>Combinatorics and Geometry of Symmetric Group Representations</AwardTitle>
<AGENCY>NSF</AGENCY>
<AwardEffectiveDate>10/01/2021</AwardEffectiveDate>
<AwardExpirationDate>10/31/2022</AwardExpirationDate>
<AwardTotalIntnAmount>185164.00</AwardTotalIntnAmount>
<AwardAmount>17804</AwardAmount>
<AwardInstrument>
<Value>Standard Grant</Value>
</AwardInstrument>
<Organization>
<Code>03040000</Code>
<Directorate>
<Abbreviation>MPS</Abbreviation>
<LongName>Direct For Mathematical &amp; Physical Scien</LongName>
</Directorate>
<Division>
<Abbreviation>DMS</Abbreviation>
<LongName>Division Of Mathematical Sciences</LongName>
</Division>
</Organization>
<ProgramOfficer>
<SignBlockName>Stefaan De Winter</SignBlockName>
<PO_EMAI>sgdewint@nsf.gov</PO_EMAI>
<PO_PHON>7032922599</PO_PHON>
</ProgramOfficer>
<AbstractNarration>Algebraic combinatorics is an area of mathematics that uses finite and discrete structures to study more complex algebraic and geometric structures. Ideas and techniques from combinatorics are increasingly being used in other areas of pure mathematics such as algebraic geometry and representation theory, as well as applied areas such as mathematical physics and complexity theory. The central theme of this project is to adapt definitions of classical types of objects in algebraic combinatorics, usually defined perhaps only for partitions or the complete graph, to apply to general diagrams or graphs. Often studying this generalized setting reveals geometric and algebraic connections of which only a shadow is visible in the original setting.&lt;br/&gt;&lt;br/&gt;This project includes several directions for research. One direction of study is to investigate the structural relationships between Specht modules for general diagrams, the cohomology classes of diagram Schubert varieties, and the geometry of matching ensemble polytopes. Another topic is to investigate certain weighted lattice point sums on flow polytopes of graphs, which in the case of the complete graph are related to the combinatorics of parking functions and the Hilbert series of the space of diagonal harmonics. A third topic is to study various generalizations of Schubert polynomials from a geometric and representation-theoretic perspective.</AbstractNarration>
<MinAmdLetterDate>11/17/2021</MinAmdLetterDate>
<MaxAmdLetterDate>11/17/2021</MaxAmdLetterDate>
<ARRAAmount/>
<TRAN_TYPE>Grant</TRAN_TYPE>
<CFDA_NUM>47.049</CFDA_NUM>
<NSF_PAR_USE_FLAG>1</NSF_PAR_USE_FLAG>
<FUND_AGCY_CODE>4900</FUND_AGCY_CODE>
<AWDG_AGCY_CODE>4900</AWDG_AGCY_CODE>
<AwardID>2204415</AwardID>
<Investigator>
<FirstName>Ricky</FirstName>
<LastName>Liu</LastName>
<PI_MID_INIT>I</PI_MID_INIT>
<PI_SUFX_NAME/>
<PI_FULL_NAME>Ricky I Liu</PI_FULL_NAME>
<EmailAddress>riliu@uw.edu</EmailAddress>
<PI_PHON>6179093651</PI_PHON>
<NSF_ID>000681088</NSF_ID>
<StartDate>11/17/2021</StartDate>
<EndDate/>
<RoleCode>Principal Investigator</RoleCode>
</Investigator>
<Institution>
<Name>University of Washington</Name>
<CityName>Seattle</CityName>
<ZipCode>981950001</ZipCode>
<PhoneNumber>2065434043</PhoneNumber>
<StreetAddress>4333 Brooklyn Ave NE</StreetAddress>
<StreetAddress2/>
<CountryName>United States</CountryName>
<StateName>Washington</StateName>
<StateCode>WA</StateCode>
<CONGRESSDISTRICT>07</CONGRESSDISTRICT>
<CONGRESS_DISTRICT_ORG>WA07</CONGRESS_DISTRICT_ORG>
<ORG_DUNS_NUM>605799469</ORG_DUNS_NUM>
<ORG_LGL_BUS_NAME>UNIVERSITY OF WASHINGTON</ORG_LGL_BUS_NAME>
<ORG_PRNT_DUNS_NUM>042803536</ORG_PRNT_DUNS_NUM>
</Institution>
<Performance_Institution>
<Name/>
<CityName/>
<StateCode/>
<ZipCode/>
<StreetAddress/>
<CountryCode/>
<CountryName>RI REQUIRED</CountryName>
<StateName>RI REQUIRED</StateName>
<CountryFlag>0</CountryFlag>
<CONGRESSDISTRICT/>
<CONGRESS_DISTRICT_PERF>""</CONGRESS_DISTRICT_PERF>
</Performance_Institution>
<ProgramElement>
<Code>7970</Code>
<Text>Combinatorics</Text>
</ProgramElement>
<FUND_OBLG>2017~17804</FUND_OBLG>
</Award>
</rootTag>
