<?xml version="1.0" encoding="UTF-8"?>
<rootTag>
<Award>
<AwardTitle>I-Corps:  A customizable handheld bioprinter for the in situ deposition of self-healing and polymer-based hydrogels</AwardTitle>
<AGENCY>NSF</AGENCY>
<AwardEffectiveDate>10/01/2021</AwardEffectiveDate>
<AwardExpirationDate>07/31/2022</AwardExpirationDate>
<AwardTotalIntnAmount>50000.00</AwardTotalIntnAmount>
<AwardAmount>24786</AwardAmount>
<AwardInstrument>
<Value>Standard Grant</Value>
</AwardInstrument>
<Organization>
<Code>07070000</Code>
<Directorate>
<Abbreviation>ENG</Abbreviation>
<LongName>Directorate For Engineering</LongName>
</Directorate>
<Division>
<Abbreviation>IIP</Abbreviation>
<LongName>Div Of Industrial Innovation &amp; Partnersh</LongName>
</Division>
</Organization>
<ProgramOfficer>
<SignBlockName>Ruth Shuman</SignBlockName>
<PO_EMAI>rshuman@nsf.gov</PO_EMAI>
<PO_PHON>7032922160</PO_PHON>
</ProgramOfficer>
<AbstractNarration>The broader impact/commercial potential of this I-Corps project is the development of a surgical tool for delivery of soft implants and biomaterials into wound sites and desired organs.  Current approaches are limited by the design of the biomaterial that results in inadequate stiffness and low adhesion to host tissue and injections from a needle that are inadequate for large voids, such as surgically-resected tumor regions.  The proposed technology allows easy, rapid and more controlled delivery of multi-component biomaterials for tissue reconstruction surgery. It may minimize operative risks involved during complex procedures, reduce susceptibility to infection, and decrease the duration of anesthesia exposure. It may be translated into other clinical applications by providing a rapid delivery of functional implants for all reconstruction surgeries. &lt;br/&gt;&lt;br/&gt;This I-Corps project will advance translation of a customizable handheld bioprinter, which allows for the in situ deposition of self-healing and polymer-based hydrogels to fabricate stable and functional tissue implants. Such hydrogels are based on guest–host physical interactions of a macrocyclic host and a complementary guest molecule. In addition, the proposed technology uses UV crosslinking of methacrylate groups in the hydrogel for long-term stability of the implant.  The device is an additive manufacturing tool based on a custom-made, endoscopic-sized, handheld bioprinter.  This device provides simultaneous extrusion of biomaterials into multi-layered concentric layers of blunt needles where the needle lengths are selected to control movement and dispensing over the structure bioprinted. Advantages of this technology include a modular mixing chamber for blending of multi-component biomaterials, a flexible, ergonomic handle that may be adopted to surgical robots/tools, a significant level of control over deposition of multi-component biomaterials over tissue sites, and a high-aspect ratio for hard-to-reach organs.&lt;br/&gt;&lt;br/&gt;This award reflects NSF's statutory mission and has been deemed worthy of support through evaluation using the Foundation's intellectual merit and broader impacts review criteria.</AbstractNarration>
<MinAmdLetterDate>12/08/2021</MinAmdLetterDate>
<MaxAmdLetterDate>12/08/2021</MaxAmdLetterDate>
<ARRAAmount/>
<TRAN_TYPE>Grant</TRAN_TYPE>
<CFDA_NUM>47.041</CFDA_NUM>
<NSF_PAR_USE_FLAG>1</NSF_PAR_USE_FLAG>
<FUND_AGCY_CODE>4900</FUND_AGCY_CODE>
<AWDG_AGCY_CODE>4900</AWDG_AGCY_CODE>
<AwardID>2204652</AwardID>
<Investigator>
<FirstName>Amir</FirstName>
<LastName>Miri</LastName>
<PI_MID_INIT>K</PI_MID_INIT>
<PI_SUFX_NAME/>
<PI_FULL_NAME>Amir K Miri</PI_FULL_NAME>
<EmailAddress>miri@njit.edu</EmailAddress>
<PI_PHON>9735963401</PI_PHON>
<NSF_ID>000796759</NSF_ID>
<StartDate>12/08/2021</StartDate>
<EndDate/>
<RoleCode>Principal Investigator</RoleCode>
</Investigator>
<Institution>
<Name>New Jersey Institute of Technology</Name>
<CityName>Newark</CityName>
<ZipCode>071021982</ZipCode>
<PhoneNumber>9735965275</PhoneNumber>
<StreetAddress>University Heights</StreetAddress>
<StreetAddress2/>
<CountryName>United States</CountryName>
<StateName>New Jersey</StateName>
<StateCode>NJ</StateCode>
<CONGRESSDISTRICT>10</CONGRESSDISTRICT>
<CONGRESS_DISTRICT_ORG>NJ10</CONGRESS_DISTRICT_ORG>
<ORG_DUNS_NUM>075162990</ORG_DUNS_NUM>
<ORG_LGL_BUS_NAME>NEW JERSEY INSTITUTE OF TECHNOLOGY</ORG_LGL_BUS_NAME>
<ORG_PRNT_DUNS_NUM>075162990</ORG_PRNT_DUNS_NUM>
</Institution>
<Performance_Institution>
<Name><![CDATA[New Jersey Institute of Technology]]></Name>
<CityName>Newark</CityName>
<StateCode>NJ</StateCode>
<ZipCode>071021982</ZipCode>
<StreetAddress><![CDATA[University Heights]]></StreetAddress>
<CountryCode>US</CountryCode>
<CountryName>United States</CountryName>
<StateName>New Jersey</StateName>
<CountryFlag>1</CountryFlag>
<CONGRESSDISTRICT>10</CONGRESSDISTRICT>
<CONGRESS_DISTRICT_PERF>NJ10</CONGRESS_DISTRICT_PERF>
</Performance_Institution>
<ProgramElement>
<Code>8023</Code>
<Text>I-Corps</Text>
</ProgramElement>
<ProgramReference>
<Code>5345</Code>
<Text>BIOMEDICAL ENGINEERING</Text>
</ProgramReference>
<FUND_OBLG>2021~24786</FUND_OBLG>
</Award>
</rootTag>
