<?xml version="1.0" encoding="UTF-8"?>
<rootTag>
<Award>
<AwardTitle>CAS: Sustainable Carboxylation with Carbon Dioxide at Tailored Heterogeneous Electrocatalysts</AwardTitle>
<AGENCY>NSF</AGENCY>
<AwardEffectiveDate>01/15/2022</AwardEffectiveDate>
<AwardExpirationDate>11/30/2023</AwardExpirationDate>
<AwardTotalIntnAmount>470000.00</AwardTotalIntnAmount>
<AwardAmount>342085</AwardAmount>
<AwardInstrument>
<Value>Standard Grant</Value>
</AwardInstrument>
<Organization>
<Code>03090000</Code>
<Directorate>
<Abbreviation>MPS</Abbreviation>
<LongName>Direct For Mathematical &amp; Physical Scien</LongName>
</Directorate>
<Division>
<Abbreviation>CHE</Abbreviation>
<LongName>Division Of Chemistry</LongName>
</Division>
</Organization>
<ProgramOfficer>
<SignBlockName>George Richter-Addo</SignBlockName>
<PO_EMAI>grichter@nsf.gov</PO_EMAI>
<PO_PHON>7032927528</PO_PHON>
</ProgramOfficer>
<AbstractNarration>Chemical manufacturing in the United States is source of economic benefits, though it can also be a contributor to environmental pollution. The project is conceived with the goal of developing new methods of chemical manufacturing that optimize the benefits and minimize the problems. The Chemical Catalysis program in the Division of Chemistry is funding work by Professor Karthish Manthiram at the Massachusetts Institute of Technology to develop methods of making polymers (plastics) using carbon dioxide, simple carbon-containing molecules, water, and electricity. The new process may provide a highly sustainable route to “carbon-negative plastics.” Key to this this project is the use of metal catalysts that can add carbon dioxide to molecules made of hydrogen and carbon.  In parallel with the laboratory research, a new outreach program targeted at middle school girls is being developed.  This program teaches chemical principles surrounding renewable energy for chemical manufacturing. These efforts promote the involvement of women and underrepresented minorities in research and STEM fields of study.&lt;br/&gt;&lt;br/&gt;Electrochemical carboxylation can enable the sustainable synthesis of a wide variety of valuable carboxylic acids from carbon dioxide and renewable electricity with net-negative greenhouse gas emissions. Acrylic acid is a large-volume commodity chemical whose sustainable synthesis is highly sought. With the support of the Chemical Catalysis Program in the Division of Chemistry, Professor Karthish Manthiram is leading a project to develop electrochemical carboxylation as a key driver for a novel synthetic route to sustainably produce acrylic acid from carbon dioxide and ethylene. To activate ethylene for carboxylation, it is necessary to halogenate it, which can be done at ambient or near-ambient conditions.  This reaction leads to a variety of halogenated-intermediates. This project is focused on studying how to electrocatalytically carboxylate these halogenated ethylene derivatives by developing silver-based catalysts. The Manthiram Lab at MIT is developing an outreach program that conveys how knowledge of chemistry can be used to understand global warming and solve problems in chemical synthesis. The program is targeted at middle school girls, helping to improve representation of women and underrepresented minorities in science.&lt;br/&gt;&lt;br/&gt;This award reflects NSF's statutory mission and has been deemed worthy of support through evaluation using the Foundation's intellectual merit and broader impacts review criteria.</AbstractNarration>
<MinAmdLetterDate>01/04/2022</MinAmdLetterDate>
<MaxAmdLetterDate>01/04/2022</MaxAmdLetterDate>
<ARRAAmount/>
<TRAN_TYPE>Grant</TRAN_TYPE>
<CFDA_NUM>47.049</CFDA_NUM>
<NSF_PAR_USE_FLAG>1</NSF_PAR_USE_FLAG>
<FUND_AGCY_CODE>4900</FUND_AGCY_CODE>
<AWDG_AGCY_CODE>4900</AWDG_AGCY_CODE>
<AwardID>2204757</AwardID>
<Investigator>
<FirstName>Karthish</FirstName>
<LastName>Manthiram</LastName>
<PI_MID_INIT/>
<PI_SUFX_NAME/>
<PI_FULL_NAME>Karthish Manthiram</PI_FULL_NAME>
<EmailAddress>karthish@caltech.edu</EmailAddress>
<PI_PHON>6263956050</PI_PHON>
<NSF_ID>000758264</NSF_ID>
<StartDate>01/04/2022</StartDate>
<EndDate/>
<RoleCode>Principal Investigator</RoleCode>
</Investigator>
<Institution>
<Name>California Institute of Technology</Name>
<CityName>PASADENA</CityName>
<ZipCode>911250600</ZipCode>
<PhoneNumber>6263956219</PhoneNumber>
<StreetAddress>1200 E California Blvd</StreetAddress>
<StreetAddress2><![CDATA[Mail Code 273-6]]></StreetAddress2>
<CountryName>United States</CountryName>
<StateName>California</StateName>
<StateCode>CA</StateCode>
<CONGRESSDISTRICT>27</CONGRESSDISTRICT>
<CONGRESS_DISTRICT_ORG>CA27</CONGRESS_DISTRICT_ORG>
<ORG_DUNS_NUM>009584210</ORG_DUNS_NUM>
<ORG_LGL_BUS_NAME>CALIFORNIA INSTITUTE OF TECHNOLOGY</ORG_LGL_BUS_NAME>
<ORG_PRNT_DUNS_NUM>009584210</ORG_PRNT_DUNS_NUM>
</Institution>
<Performance_Institution>
<Name><![CDATA[California Institute of Technology]]></Name>
<CityName>PASADENA</CityName>
<StateCode>CA</StateCode>
<ZipCode>911250600</ZipCode>
<StreetAddress><![CDATA[1200 E California Blvd Mail Code]]></StreetAddress>
<CountryCode>US</CountryCode>
<CountryName>United States</CountryName>
<StateName>California</StateName>
<CountryFlag>1</CountryFlag>
<CONGRESSDISTRICT>27</CONGRESSDISTRICT>
<CONGRESS_DISTRICT_PERF>CA27</CONGRESS_DISTRICT_PERF>
</Performance_Institution>
<ProgramElement>
<Code>6884</Code>
<Text>Chemical Catalysis</Text>
</ProgramElement>
<ProgramReference>
<Code>090Z</Code>
<Text>CAS-Critical Aspects of Sustainability</Text>
</ProgramReference>
<ProgramReference>
<Code>8037</Code>
<Text>Advanced Manufacturing</Text>
</ProgramReference>
<FUND_OBLG>2020~342085</FUND_OBLG>
</Award>
</rootTag>
