<?xml version="1.0" encoding="UTF-8"?>
<rootTag>
<Award>
<AwardTitle>RI:Small:Collaborative Research: Understanding Human-Object Interactions from First-person and Third-person Videos</AwardTitle>
<AGENCY>NSF</AGENCY>
<AwardEffectiveDate>11/01/2021</AwardEffectiveDate>
<AwardExpirationDate>07/31/2022</AwardExpirationDate>
<AwardTotalIntnAmount>150000.00</AwardTotalIntnAmount>
<AwardAmount>16572</AwardAmount>
<AwardInstrument>
<Value>Standard Grant</Value>
</AwardInstrument>
<Organization>
<Code>05020000</Code>
<Directorate>
<Abbreviation>CSE</Abbreviation>
<LongName>Direct For Computer &amp; Info Scie &amp; Enginr</LongName>
</Directorate>
<Division>
<Abbreviation>IIS</Abbreviation>
<LongName>Div Of Information &amp; Intelligent Systems</LongName>
</Division>
</Organization>
<ProgramOfficer>
<SignBlockName>Jie Yang</SignBlockName>
<PO_EMAI>jyang@nsf.gov</PO_EMAI>
<PO_PHON>7032924768</PO_PHON>
</ProgramOfficer>
<AbstractNarration>Ubiquitous cameras, together with ever increasing computing resources, are dramatically changing the nature of visual data and their analysis. Cities are adopting networked camera systems for policing and intelligent resource allocation, and individuals are recording their lives using wearable devices. For these camera systems to become truly smart and useful for people, it is crucial that they understand interesting objects in the scene and detect ongoing activities/events, while jointly considering continuous 24/7 videos from multiple sources. Such object-level and activity-level awareness in hospitals, elderly homes, and public places would provide assistive and quality-of-life technology for disabled and elderly people, provide intelligent surveillance systems to prevent crimes, and allow smart usage of environmental resources.  This project will investigate novel computer vision algorithms that combine 1st-person videos (from wearable cameras) and 3rd-person videos (from static environmental cameras) for joint recognition of humans, objects, and their interactions. The key idea is to combine the two views' complementary and unique advantages for joint visual scene understanding. To this end, it will create a new dataset, and develop new algorithms that learn to recognize objects jointly across the views, learn human-object and human-human relationships through the two views, and anonymize the videos to preserve users' privacies. The project will provide new algorithms that have the potential to benefit applications in smart environments, security, and quality-of-life assistive technologies. The project will also perform complementary educational and outreach activities that engage students in research and STEM.&lt;br/&gt;&lt;br/&gt;This project will develop novel algorithms that learn from joint 1st-person videos (from wearable cameras) and 3rd-person videos (from static environmental cameras) for joint recognition of humans, objects, and their interactions. The 1st-person view is ideal for object recognition, while the 3rd-person view is ideal for human activity recognition. Thus, this project will investigate unique solutions to challenging problems that would otherwise be difficult to overcome when analyzing each viewpoint in isolation. The main research directions will be: (1) creating a benchmark 1st-person and 3rd-person video dataset to investigate this new problem; and developing algorithms that (2) learn to establish object and human correspondences between the two views; (3) learn object-action relationships across the views; and (4) anonymize the visual data for privacy-preserving visual recognition.&lt;br/&gt;&lt;br/&gt;This award reflects NSF's statutory mission and has been deemed worthy of support through evaluation using the Foundation's intellectual merit and broader impacts review criteria.</AbstractNarration>
<MinAmdLetterDate>11/18/2021</MinAmdLetterDate>
<MaxAmdLetterDate>11/18/2021</MaxAmdLetterDate>
<ARRAAmount/>
<TRAN_TYPE>Grant</TRAN_TYPE>
<CFDA_NUM>47.070</CFDA_NUM>
<NSF_PAR_USE_FLAG>1</NSF_PAR_USE_FLAG>
<FUND_AGCY_CODE>4900</FUND_AGCY_CODE>
<AWDG_AGCY_CODE>4900</AWDG_AGCY_CODE>
<AwardID>2204808</AwardID>
<Investigator>
<FirstName>Yong Jae</FirstName>
<LastName>Lee</LastName>
<PI_MID_INIT/>
<PI_SUFX_NAME/>
<PI_FULL_NAME>Yong Jae Lee</PI_FULL_NAME>
<EmailAddress>yongjaelee@cs.wisc.edu</EmailAddress>
<PI_PHON>2178984372</PI_PHON>
<NSF_ID>000678292</NSF_ID>
<StartDate>11/18/2021</StartDate>
<EndDate/>
<RoleCode>Principal Investigator</RoleCode>
</Investigator>
<Institution>
<Name>University of Wisconsin-Madison</Name>
<CityName>MADISON</CityName>
<ZipCode>537151218</ZipCode>
<PhoneNumber>6082623822</PhoneNumber>
<StreetAddress>21 North Park Street</StreetAddress>
<StreetAddress2><![CDATA[Suite 6401]]></StreetAddress2>
<CountryName>United States</CountryName>
<StateName>Wisconsin</StateName>
<StateCode>WI</StateCode>
<CONGRESSDISTRICT>02</CONGRESSDISTRICT>
<CONGRESS_DISTRICT_ORG>WI02</CONGRESS_DISTRICT_ORG>
<ORG_DUNS_NUM>161202122</ORG_DUNS_NUM>
<ORG_LGL_BUS_NAME>UNIVERSITY OF WISCONSIN SYSTEM</ORG_LGL_BUS_NAME>
<ORG_PRNT_DUNS_NUM>041188822</ORG_PRNT_DUNS_NUM>
</Institution>
<Performance_Institution>
<Name><![CDATA[University of Wisconsin-Madison]]></Name>
<CityName>Madison</CityName>
<StateCode>WI</StateCode>
<ZipCode>537061613</ZipCode>
<StreetAddress><![CDATA[1210 W Dayton St]]></StreetAddress>
<CountryCode>US</CountryCode>
<CountryName>United States</CountryName>
<StateName>Wisconsin</StateName>
<CountryFlag>1</CountryFlag>
<CONGRESSDISTRICT>02</CONGRESSDISTRICT>
<CONGRESS_DISTRICT_PERF>WI02</CONGRESS_DISTRICT_PERF>
</Performance_Institution>
<ProgramElement>
<Code>7495</Code>
<Text>Robust Intelligence</Text>
</ProgramElement>
<ProgramReference>
<Code>7495</Code>
<Text>ROBUST INTELLIGENCE</Text>
</ProgramReference>
<ProgramReference>
<Code>7923</Code>
<Text>SMALL PROJECT</Text>
</ProgramReference>
<FUND_OBLG>2018~16572</FUND_OBLG>
</Award>
</rootTag>
