<?xml version="1.0" encoding="UTF-8"?>
<rootTag>
<Award>
<AwardTitle>FOCS Conference Student and Postdoc Travel Support</AwardTitle>
<AGENCY>NSF</AGENCY>
<AwardEffectiveDate>01/15/2022</AwardEffectiveDate>
<AwardExpirationDate>12/31/2022</AwardExpirationDate>
<AwardTotalIntnAmount>15000.00</AwardTotalIntnAmount>
<AwardAmount>15000</AwardAmount>
<AwardInstrument>
<Value>Standard Grant</Value>
</AwardInstrument>
<Organization>
<Code>05010000</Code>
<Directorate>
<Abbreviation>CSE</Abbreviation>
<LongName>Direct For Computer &amp; Info Scie &amp; Enginr</LongName>
</Directorate>
<Division>
<Abbreviation>CCF</Abbreviation>
<LongName>Division of Computing and Communication Foundations</LongName>
</Division>
</Organization>
<ProgramOfficer>
<SignBlockName>A. Funda Ergun</SignBlockName>
<PO_EMAI>fergun@nsf.gov</PO_EMAI>
<PO_PHON>7032922216</PO_PHON>
</ProgramOfficer>
<AbstractNarration>The IEEE Symposium on Foundations of Computer Science (FOCS) is one of the two premier annual research conferences that covers the breadth of theoretical computer science. It is a conference of very long standing that has continued to played a formative role in the field; it is also at the leading edge of connections made to other fields. This project aims to increase the impact of this conference on students and postdocs, particularly those from under-represented groups, by encouraging and enabling their participation, especially in cases where travel expenses would otherwise preclude their attendance.&lt;br/&gt;&lt;br/&gt;Concretely, the investigator requests NSF fund to assist students and postdoctoral fellows for attending this year’s Annual FOCS conference, sponsored by the IEEE Computer Society Technical Committee on Mathematical Foundations of Computing (TCMF). The coming FOCS will take place at the Hilton Denver City Center in Denver, Colorado, between February 7-10 2022.  As computing becoming ubiquitous, it is crucial to expand the participation of young scholars in cutting-edge research. FOCS has served as one of the most important venues for groundbreaking research in theoretical computer science – and increasingly, as a key ambassador to other areas within and outside computer science. The intellectual merit consists of supporting researchers at early stage of their career to present their work and to enhance their engagements. We anticipate that the resultant discussions will expose the awardees to a broad set of fundamental questions and ideas. We expect the community to benefit in turn, as such junior researchers have contributed substantially to the growth of theoretical computer science over the years. With emphasis on young scholars in need, the broader impact is on supporting under-represented junior researchers in this the stimulating exchanging of ideas, and for the conference attendees to benefit from the attendance of a diverse population. As the tools and techniques from theoretical computer science (such as novel models, algorithms, impossibility results, and unexpected connections in data science and machine learning) are becoming vital to several domains inside and outside computer science, it is anticipated that such broader participation of junior researchers will benefit society at large.&lt;br/&gt;&lt;br/&gt;This award reflects NSF's statutory mission and has been deemed worthy of support through evaluation using the Foundation's intellectual merit and broader impacts review criteria.</AbstractNarration>
<MinAmdLetterDate>01/06/2022</MinAmdLetterDate>
<MaxAmdLetterDate>01/06/2022</MaxAmdLetterDate>
<ARRAAmount/>
<TRAN_TYPE>Grant</TRAN_TYPE>
<CFDA_NUM>47.070</CFDA_NUM>
<NSF_PAR_USE_FLAG>1</NSF_PAR_USE_FLAG>
<FUND_AGCY_CODE>4900</FUND_AGCY_CODE>
<AWDG_AGCY_CODE>4900</AWDG_AGCY_CODE>
<AwardID>2204910</AwardID>
<Investigator>
<FirstName>Shanghua</FirstName>
<LastName>Teng</LastName>
<PI_MID_INIT/>
<PI_SUFX_NAME/>
<PI_FULL_NAME>Shanghua Teng</PI_FULL_NAME>
<EmailAddress>shanghua@usc.edu</EmailAddress>
<PI_PHON>2137407762</PI_PHON>
<NSF_ID>000538833</NSF_ID>
<StartDate>01/06/2022</StartDate>
<EndDate/>
<RoleCode>Principal Investigator</RoleCode>
</Investigator>
<Institution>
<Name>University of Southern California</Name>
<CityName>Los Angeles</CityName>
<ZipCode>900890001</ZipCode>
<PhoneNumber>2137407762</PhoneNumber>
<StreetAddress>University Park</StreetAddress>
<StreetAddress2><![CDATA[3720 S. Flower St.]]></StreetAddress2>
<CountryName>United States</CountryName>
<StateName>California</StateName>
<StateCode>CA</StateCode>
<CONGRESSDISTRICT>37</CONGRESSDISTRICT>
<CONGRESS_DISTRICT_ORG>CA37</CONGRESS_DISTRICT_ORG>
<ORG_DUNS_NUM>072933393</ORG_DUNS_NUM>
<ORG_LGL_BUS_NAME>UNIVERSITY OF SOUTHERN CALIFORNIA</ORG_LGL_BUS_NAME>
<ORG_PRNT_DUNS_NUM>072933393</ORG_PRNT_DUNS_NUM>
</Institution>
<Performance_Institution>
<Name><![CDATA[University of Southern California]]></Name>
<CityName>Los Angeles</CityName>
<StateCode>CA</StateCode>
<ZipCode>900890001</ZipCode>
<StreetAddress><![CDATA[3720 S. Flower St.]]></StreetAddress>
<CountryCode>US</CountryCode>
<CountryName>United States</CountryName>
<StateName>California</StateName>
<CountryFlag>1</CountryFlag>
<CONGRESSDISTRICT>37</CONGRESSDISTRICT>
<CONGRESS_DISTRICT_PERF>CA37</CONGRESS_DISTRICT_PERF>
</Performance_Institution>
<ProgramElement>
<Code>7796</Code>
<Text>Algorithmic Foundations</Text>
</ProgramElement>
<ProgramReference>
<Code>7556</Code>
<Text>CONFERENCE AND WORKSHOPS</Text>
</ProgramReference>
<ProgramReference>
<Code>7926</Code>
<Text>ALGORITHMS</Text>
</ProgramReference>
<FUND_OBLG>2022~15000</FUND_OBLG>
</Award>
</rootTag>
