<?xml version="1.0" encoding="UTF-8"?>
<rootTag>
<Award>
<AwardTitle>CNS Core: Small: PilotPC: Proactive Inverse Learning of Network Topology for Predictive Communication among Unmanned Vehicles</AwardTitle>
<AGENCY>NSF</AGENCY>
<AwardEffectiveDate>10/01/2021</AwardEffectiveDate>
<AwardExpirationDate>09/30/2023</AwardExpirationDate>
<AwardTotalIntnAmount>479842.00</AwardTotalIntnAmount>
<AwardAmount>432728</AwardAmount>
<AwardInstrument>
<Value>Standard Grant</Value>
</AwardInstrument>
<Organization>
<Code>05050000</Code>
<Directorate>
<Abbreviation>CSE</Abbreviation>
<LongName>Direct For Computer &amp; Info Scie &amp; Enginr</LongName>
</Directorate>
<Division>
<Abbreviation>CNS</Abbreviation>
<LongName>Division Of Computer and Network Systems</LongName>
</Division>
</Organization>
<ProgramOfficer>
<SignBlockName>Alexander Sprintson</SignBlockName>
<PO_EMAI>asprints@nsf.gov</PO_EMAI>
<PO_PHON>7032922170</PO_PHON>
</ProgramOfficer>
<AbstractNarration>The use of unmanned aerial vehicles (UAVs) has become commonplace in many applications nowadays. Like many other technologies, UAVs brings comfort and efficiency to the current practice in many applications while posing threats and safety issues. This project will advance the frontier of science in developing safer and more reliable aerial monitoring platforms while offering privacy and safety. Towards this goal, this project aims to make accurate predictions in a network of unmanned aerial vehicles, by using inverse learning techniques, so as to enable safer and more efficient operations.&lt;br/&gt;&lt;br/&gt;A smart observation system will be developed to constantly monitor the behavior of autonomous agents to identify suspicious activities by measuring their deviation from the most rational behavior under given conditions. The proposed research includes several steps: (i) to develop mechanisms to simulate the target node's perception of its surrounding environment (i.e., seeing the word from the target's eyes) using deep learning methods, (ii) to predict its rational behavior(s) under given conditions and available resources by modeling the target's decision making procedure through inverse learning (reading the target's brain), and (iii) to measure the level of trust by detecting rare but critical episodes of deviating from its expected rational behavior. In particular, the mobility of UAVs and their networking activities will be investigated as two important scenarios of malicious activities. This project is expected to result in developing new tools and algorithms for the action analysis of smart nodes that will be shared with the research community.&lt;br/&gt;&lt;br/&gt;This award reflects NSF's statutory mission and has been deemed worthy of support through evaluation using the Foundation's intellectual merit and broader impacts review criteria.</AbstractNarration>
<MinAmdLetterDate>01/23/2022</MinAmdLetterDate>
<MaxAmdLetterDate>01/23/2022</MaxAmdLetterDate>
<ARRAAmount/>
<TRAN_TYPE>Grant</TRAN_TYPE>
<CFDA_NUM>47.070</CFDA_NUM>
<NSF_PAR_USE_FLAG>1</NSF_PAR_USE_FLAG>
<FUND_AGCY_CODE>4900</FUND_AGCY_CODE>
<AWDG_AGCY_CODE>4900</AWDG_AGCY_CODE>
<AwardID>2204721</AwardID>
<Investigator>
<FirstName>Abolfazl</FirstName>
<LastName>Razi</LastName>
<PI_MID_INIT/>
<PI_SUFX_NAME/>
<PI_FULL_NAME>Abolfazl Razi</PI_FULL_NAME>
<EmailAddress>arazi@clemson.edu</EmailAddress>
<PI_PHON>2077453573</PI_PHON>
<NSF_ID>000704289</NSF_ID>
<StartDate>01/23/2022</StartDate>
<EndDate/>
<RoleCode>Principal Investigator</RoleCode>
</Investigator>
<Institution>
<Name>Clemson University</Name>
<CityName>CLEMSON</CityName>
<ZipCode>296340001</ZipCode>
<PhoneNumber>8646562424</PhoneNumber>
<StreetAddress>230 Kappa Street</StreetAddress>
<StreetAddress2><![CDATA[Suite 200]]></StreetAddress2>
<CountryName>United States</CountryName>
<StateName>South Carolina</StateName>
<StateCode>SC</StateCode>
<CONGRESSDISTRICT>03</CONGRESSDISTRICT>
<CONGRESS_DISTRICT_ORG>SC03</CONGRESS_DISTRICT_ORG>
<ORG_DUNS_NUM>042629816</ORG_DUNS_NUM>
<ORG_LGL_BUS_NAME>CLEMSON UNIVERSITY</ORG_LGL_BUS_NAME>
<ORG_PRNT_DUNS_NUM>042629816</ORG_PRNT_DUNS_NUM>
</Institution>
<Performance_Institution>
<Name><![CDATA[Clemson University]]></Name>
<CityName/>
<StateCode>SC</StateCode>
<ZipCode>296340001</ZipCode>
<StreetAddress/>
<CountryCode>US</CountryCode>
<CountryName>United States</CountryName>
<StateName>South Carolina</StateName>
<CountryFlag>1</CountryFlag>
<CONGRESSDISTRICT>03</CONGRESSDISTRICT>
<CONGRESS_DISTRICT_PERF>SC03</CONGRESS_DISTRICT_PERF>
</Performance_Institution>
<ProgramElement>
<Code>7363</Code>
<Text>Networking Technology and Syst</Text>
</ProgramElement>
<ProgramReference>
<Code>7923</Code>
<Text>SMALL PROJECT</Text>
</ProgramReference>
<FUND_OBLG>2020~432728</FUND_OBLG>
</Award>
</rootTag>
