<?xml version="1.0" encoding="UTF-8"?>
<rootTag>
<Award>
<AwardTitle>RAPID: Science Teachers as Public Health Educators: How Has the COVID-19 Pandemic Reshaped the Roles and Experiences of K-12 Science Teachers?</AwardTitle>
<AGENCY>NSF</AGENCY>
<AwardEffectiveDate>02/01/2022</AwardEffectiveDate>
<AwardExpirationDate>01/31/2023</AwardExpirationDate>
<AwardTotalIntnAmount>185731.00</AwardTotalIntnAmount>
<AwardAmount>185731</AwardAmount>
<AwardInstrument>
<Value>Standard Grant</Value>
</AwardInstrument>
<Organization>
<Code>11090000</Code>
<Directorate>
<Abbreviation>EHR</Abbreviation>
<LongName>Direct For Education and Human Resources</LongName>
</Directorate>
<Division>
<Abbreviation>DRL</Abbreviation>
<LongName>Division Of Research On Learning</LongName>
</Division>
</Organization>
<ProgramOfficer>
<SignBlockName>Michael Steele</SignBlockName>
<PO_EMAI>msteele@nsf.gov</PO_EMAI>
<PO_PHON>7032920000</PO_PHON>
</ProgramOfficer>
<AbstractNarration>When a global health crisis emerges, students at all levels turn to their science teachers for information and, at times, reassurance, according to researchers at Horizon Research, Inc. (HRI). Science teachers serve a critically important public health function and become an important part of the nation’s response efforts. Since 2020, tens of thousands of science teachers in the United States have helped students grapple with the reality of SARS-COV-2 and COVID-19. This includes not only supporting the emergent scientific learning opportunities, but also functioning as public health educators and advocates in the midst of the global pandemic. HRI explored the early role of science teachers during the pandemic with a prior RAPID project, which demonstrated that science teachers were engaged in a wide variety of educational activities with students related to the pandemic and public health education. However, now nearly two years into the global pandemic, there are a number of new topics that have arisen to explore with respect to science education, including vaccines and long-term immunity that were not able to be assessed early in the pandemic. This study will further the field's understanding of the role that science teachers play in adapting their instruction during a public health crisis, how they address emergent ideas throughout the unfolding of the pandemic, and the impacts that the pandemic has had on science teachers themselves. &lt;br/&gt;&lt;br/&gt;The research will build on the prior RAPID award (2027397) and return to the sample of science teachers studied in that context. HRI will collect survey data to explore the following questions: (1) How does the pandemic continue to influence teachers’ science instruction (for example, instructional time, instructional strategies), and how has that influence shifted? (2) How has teaching about COVID evolved? What new topics (for example, vaccines) have they taken up in the&lt;br/&gt;context of COVID? (3) What factors now exert the greatest influence on science teachers’ teaching about COVID, and how do those differ from the factors at play in the spring of 2020? (4) What are the impacts of the pandemic on science teachers themselves, including manageability of workload, opportunities for professional growth/development, physical/mental wellness, and job satisfaction?  Using the Theory of Planned Behavior, the survey will be constructed to identify factors that predict whether teachers take up the topic. The survey will also collect data about how teachers address the virus and its transmission with their students. HRI will disaggregate survey data by school-, class-, student-, and teacher-level variables to identify patterns in student opportunities. Survey data will be supplemented by interviews with 50 survey respondents to gather more in-depth information related to the constructs of interest. Study findings will be immediately shared through a preliminary report that focuses on the survey data; presentations and dissemination through practitioner and research organizations; and policy briefs to the CDC and NIH to acknowledge the role of science teachers as public health advocates and encouraging those agencies to make resources available to science teachers to support this role.&lt;br/&gt;&lt;br/&gt;This RAPID award is made by the DRK-12 program in the Division of Research on Learning. The Discovery Research PreK-12 program (DRK-12) seeks to significantly enhance the learning and teaching of science, technology, engineering and mathematics by preK-12 students and teachers, through the research and development of new innovations and approaches. Projects in the DRK-12 program build on fundamental research in STEM education and prior research and development efforts that provide theoretical and empirical justification for the projects.&lt;br/&gt;&lt;br/&gt;This award reflects NSF's statutory mission and has been deemed worthy of support through evaluation using the Foundation's intellectual merit and broader impacts review criteria.</AbstractNarration>
<MinAmdLetterDate>01/25/2022</MinAmdLetterDate>
<MaxAmdLetterDate>01/25/2022</MaxAmdLetterDate>
<ARRAAmount/>
<TRAN_TYPE>Grant</TRAN_TYPE>
<CFDA_NUM>47.076</CFDA_NUM>
<NSF_PAR_USE_FLAG>1</NSF_PAR_USE_FLAG>
<FUND_AGCY_CODE>4900</FUND_AGCY_CODE>
<AWDG_AGCY_CODE>4900</AWDG_AGCY_CODE>
<AwardID>2204901</AwardID>
<Investigator>
<FirstName>Patrick</FirstName>
<LastName>Smith</LastName>
<PI_MID_INIT>S</PI_MID_INIT>
<PI_SUFX_NAME/>
<PI_FULL_NAME>Patrick S Smith</PI_FULL_NAME>
<EmailAddress>ssmith62@horizon-research.com</EmailAddress>
<PI_PHON>9194891725</PI_PHON>
<NSF_ID>000349648</NSF_ID>
<StartDate>01/25/2022</StartDate>
<EndDate/>
<RoleCode>Co-Principal Investigator</RoleCode>
</Investigator>
<Investigator>
<FirstName>Peggy</FirstName>
<LastName>Trygstad</LastName>
<PI_MID_INIT>J</PI_MID_INIT>
<PI_SUFX_NAME/>
<PI_FULL_NAME>Peggy J Trygstad</PI_FULL_NAME>
<EmailAddress>ptrygstad@horizon-research.com</EmailAddress>
<PI_PHON>9194891725</PI_PHON>
<NSF_ID>000658258</NSF_ID>
<StartDate>01/25/2022</StartDate>
<EndDate/>
<RoleCode>Principal Investigator</RoleCode>
</Investigator>
<Institution>
<Name>Horizon Research Inc</Name>
<CityName>CHAPEL HILL</CityName>
<ZipCode>275142296</ZipCode>
<PhoneNumber>9194891725</PhoneNumber>
<StreetAddress>326 CLOISTER CT</StreetAddress>
<StreetAddress2/>
<CountryName>United States</CountryName>
<StateName>North Carolina</StateName>
<StateCode>NC</StateCode>
<CONGRESSDISTRICT>04</CONGRESSDISTRICT>
<CONGRESS_DISTRICT_ORG>NC04</CONGRESS_DISTRICT_ORG>
<ORG_DUNS_NUM>956870760</ORG_DUNS_NUM>
<ORG_LGL_BUS_NAME>HORIZON RESEARCH INC</ORG_LGL_BUS_NAME>
<ORG_PRNT_DUNS_NUM/>
</Institution>
<Performance_Institution>
<Name><![CDATA[Horizon Research, Inc.]]></Name>
<CityName>CHAPEL HILL</CityName>
<StateCode>NC</StateCode>
<ZipCode>275142296</ZipCode>
<StreetAddress><![CDATA[326 CLOISTER CT]]></StreetAddress>
<CountryCode>US</CountryCode>
<CountryName>United States</CountryName>
<StateName>North Carolina</StateName>
<CountryFlag>1</CountryFlag>
<CONGRESSDISTRICT>04</CONGRESSDISTRICT>
<CONGRESS_DISTRICT_PERF>NC04</CONGRESS_DISTRICT_PERF>
</Performance_Institution>
<ProgramElement>
<Code>7645</Code>
<Text>Discovery Research K-12</Text>
</ProgramElement>
<ProgramReference>
<Code>097Z</Code>
<Text>COVID-19 Impacts on Existing Activities</Text>
</ProgramReference>
<FUND_OBLG>2022~185731</FUND_OBLG>
</Award>
</rootTag>
