<?xml version="1.0" encoding="UTF-8"?>
<rootTag>
<Award>
<AwardTitle>RET Site in Manufacturing Simulation and Automation</AwardTitle>
<AGENCY>NSF</AGENCY>
<AwardEffectiveDate>11/01/2021</AwardEffectiveDate>
<AwardExpirationDate>09/30/2022</AwardExpirationDate>
<AwardTotalIntnAmount>553966.00</AwardTotalIntnAmount>
<AwardAmount>99597</AwardAmount>
<AwardInstrument>
<Value>Standard Grant</Value>
</AwardInstrument>
<Organization>
<Code>07050000</Code>
<Directorate>
<Abbreviation>ENG</Abbreviation>
<LongName>Directorate For Engineering</LongName>
</Directorate>
<Division>
<Abbreviation>EEC</Abbreviation>
<LongName>Div Of Engineering Education and Centers</LongName>
</Division>
</Organization>
<ProgramOfficer>
<SignBlockName>Amelia Greer</SignBlockName>
<PO_EMAI>agreer@nsf.gov</PO_EMAI>
<PO_PHON>7032922552</PO_PHON>
</ProgramOfficer>
<AbstractNarration>This Research Experiences for Teachers (RET) Site in Manufacturing Simulation and Automation at Penn State Behrend (PSB) will engage regional high school teachers and community college instructors in manufacturing simulation and automation cutting-edge research, to help improve STEM skills and manufacturing education in their classrooms. Over a three-year period, the site will offer an intensive 6-week summer research program to a total of 36 teachers and college instructors from schools and community colleges in the Erie metropolitan area covering counties in the Pennsylvania, New York, Ohio tristate region. The RET participants will gain first-hand experience by participating in intensive research activities to develop effective curriculum modules and engage their own students in authentic experiences in science and engineering. The project outcomes will be aligned with the educational standards and the training needs of modern manufacturing.&lt;br/&gt;&lt;br/&gt;Over a 6-week period each summer, PSB will host a cohort of 12 high school teachers and community college faculty participants from schools and community colleges that encompass a diverse population and underrepresented groups of students. The program goals are to: 1) provide a STEM-based platform at Behrend to engage high school teachers and community college instructors in state-of-the-art manufacturing research, 2) explore a sustainable educational model that connects high schools, community colleges, university, and industry to instill future generations with greater awareness and interest in manufacturing, 3) facilitate the development of curricular modules, classroom activities, and other classroom instructional materials that will be implemented in the participating schools and colleges and also disseminated to a broader audience nationally, and 4) help fill the skills gap in U.S. manufacturing and prepare school and college students in the Erie metropolitan area for undergraduate studies and/or jobs in manufacturing. The project focuses on teaching manufacturing using simulation and automation and it consists of five main activities; each representing a manufacturing paradigm. The participants will develop skills in manufacturing as well as project management, scientific writing, and academic presentation. The knowledge will be conveyed to students through hands-on experiments and classroom activities. In addition, the RET team will help participating schools and community colleges to create manufacturing student clubs, identify the missions, and provide activity support. This, in turn, will influence the students to consider careers in manufacturing fields. It is expected that over 6,000 students will benefit from the proposed program. The developed materials and activities will be evaluated and revised every year based on pre/post survey results, as well as feedback from PSB designated external evaluators and industry advisors. To reach out to a broader audience, the site experiences will be shared via online education platforms for public access and nationwide RET symposiums. With an already highly developed K-12 infrastructure and network in place at PSB as well as the newly established Advanced Manufacturing &amp; Innovation Center (AMIC) and a defined focus on research and industry collaboration, this site has the potential to have a transformative effect on research and instruction across the full educational spectrum.</AbstractNarration>
<MinAmdLetterDate>12/07/2021</MinAmdLetterDate>
<MaxAmdLetterDate>12/07/2021</MaxAmdLetterDate>
<ARRAAmount/>
<TRAN_TYPE>Grant</TRAN_TYPE>
<CFDA_NUM>47.041</CFDA_NUM>
<NSF_PAR_USE_FLAG>1</NSF_PAR_USE_FLAG>
<FUND_AGCY_CODE>4900</FUND_AGCY_CODE>
<AWDG_AGCY_CODE>4900</AWDG_AGCY_CODE>
<AwardID>2204719</AwardID>
<Investigator>
<FirstName>Faisal</FirstName>
<LastName>Aqlan</LastName>
<PI_MID_INIT/>
<PI_SUFX_NAME/>
<PI_FULL_NAME>Faisal Aqlan</PI_FULL_NAME>
<EmailAddress>faisal.aqlan@louisville.edu</EmailAddress>
<PI_PHON>5028521697</PI_PHON>
<NSF_ID>000736121</NSF_ID>
<StartDate>12/07/2021</StartDate>
<EndDate/>
<RoleCode>Principal Investigator</RoleCode>
</Investigator>
<Institution>
<Name>University of Louisville Research Foundation Inc</Name>
<CityName>Louisville</CityName>
<ZipCode>402021959</ZipCode>
<PhoneNumber>5028523788</PhoneNumber>
<StreetAddress>Atria Support Center</StreetAddress>
<StreetAddress2><![CDATA[300 East Market St, Suite 300]]></StreetAddress2>
<CountryName>United States</CountryName>
<StateName>Kentucky</StateName>
<StateCode>KY</StateCode>
<CONGRESSDISTRICT>03</CONGRESSDISTRICT>
<CONGRESS_DISTRICT_ORG>KY03</CONGRESS_DISTRICT_ORG>
<ORG_DUNS_NUM>057588857</ORG_DUNS_NUM>
<ORG_LGL_BUS_NAME>UNIVERSITY OF LOUISVILLE</ORG_LGL_BUS_NAME>
<ORG_PRNT_DUNS_NUM>057588857</ORG_PRNT_DUNS_NUM>
</Institution>
<Performance_Institution>
<Name><![CDATA[University of Louisville]]></Name>
<CityName>Louisville</CityName>
<StateCode>KY</StateCode>
<ZipCode>402920001</ZipCode>
<StreetAddress><![CDATA[132 Eastern Pkwy]]></StreetAddress>
<CountryCode>US</CountryCode>
<CountryName>United States</CountryName>
<StateName>Kentucky</StateName>
<CountryFlag>1</CountryFlag>
<CONGRESSDISTRICT>03</CONGRESSDISTRICT>
<CONGRESS_DISTRICT_PERF>KY03</CONGRESS_DISTRICT_PERF>
</Performance_Institution>
<ProgramElement>
<Code>1359</Code>
<Text>RES EXP FOR TEACHERS(RET)-SITE</Text>
</ProgramElement>
<ProgramElement>
<Code>1360</Code>
<Text>EWFD-Eng Workforce Development</Text>
</ProgramElement>
<ProgramReference>
<Code>115E</Code>
<Text>RESEARCH EXP FOR TEACHERS</Text>
</ProgramReference>
<ProgramReference>
<Code>116E</Code>
<Text>RESEARCH EXP FOR UNDERGRADS</Text>
</ProgramReference>
<ProgramReference>
<Code>9177</Code>
<Text>ELEMENTARY/SECONDARY EDUCATION</Text>
</ProgramReference>
<ProgramReference>
<Code>9178</Code>
<Text>UNDERGRADUATE EDUCATION</Text>
</ProgramReference>
<ProgramReference>
<Code>9251</Code>
<Text>REU SUPP-Res Exp for Ugrd Supp</Text>
</ProgramReference>
<FUND_OBLG>2017~86238</FUND_OBLG>
<FUND_OBLG>2018~13359</FUND_OBLG>
</Award>
</rootTag>
