<?xml version="1.0" encoding="UTF-8"?>
<rootTag>
<Award>
<AwardTitle>Computer Led Design of Helical Arylamide Foldamer for Selective Water Transport</AwardTitle>
<AGENCY>NSF</AGENCY>
<AwardEffectiveDate>12/01/2021</AwardEffectiveDate>
<AwardExpirationDate>07/31/2022</AwardExpirationDate>
<AwardTotalIntnAmount>359998.00</AwardTotalIntnAmount>
<AwardAmount>172920</AwardAmount>
<AwardInstrument>
<Value>Continuing Grant</Value>
</AwardInstrument>
<Organization>
<Code>03090000</Code>
<Directorate>
<Abbreviation>MPS</Abbreviation>
<LongName>Direct For Mathematical &amp; Physical Scien</LongName>
</Directorate>
<Division>
<Abbreviation>CHE</Abbreviation>
<LongName>Division Of Chemistry</LongName>
</Division>
</Organization>
<ProgramOfficer>
<SignBlockName>Tomislav Pintauer</SignBlockName>
<PO_EMAI>tompinta@nsf.gov</PO_EMAI>
<PO_PHON>7032927168</PO_PHON>
</ProgramOfficer>
<AbstractNarration>To support continued economic growth and maintenance of human health, it is vital to have access to sufficient quantities of clean water. However, we are increasingly unable to meet this need, and water scarcity is now considered one of the most serious global challenges of this century. A key problem is the lack of low-cost and high-efficiency technologies for water purification. With support from the Macromolecular, Supramolecular and Nanochemistry Program of the NSF Chemistry Division, Drs. Vojislava Pophristic and Zhiwei Liu at the University of the Sciences are designing highly permeable and selective water channels that will significantly improve water filtration by allowing the passage of water, while blocking salts and other impurities. The channels are cylindrical hollow helices that are formed by assembly of specific chemical building blocks. The group first designs the channel on the computer by creating and optimizing the building block sequences. The promising candidates are then made in the laboratory and tested by experiments. This project is a training ground for students at a science-focused university, a community college and one of the nation's Historically Black Colleges and Universities (HBCU).&lt;br/&gt;&lt;br/&gt;The project builds upon the group's development of computational approaches for accurate structure and dynamics prediction of arylamide foldamers. The arylamide scaffolds form stable single or duplex helices of application-appropriate lengths and inner cavity dimensions. The modularity and tunability of arylamide foldamers make them excellent candidates for the design of water transport channels by mimicking structural characteristics of aquaporins. The group designs water channels by establishing sequence-structure-function relationship using rational and combinatorial sequence generation and molecular dynamics simulations, followed by optimization for selectivity. The project includes an international collaboration with Dr. Ivan Huc, who experimentally verifies computationally obtained structures and measures water/ion/proton conductivities. An important aspect to this project is that it helps us understand naturally occurring filtration processes, such as selective water transport by aquaporins, which play a critical role in human health.</AbstractNarration>
<MinAmdLetterDate>11/16/2021</MinAmdLetterDate>
<MaxAmdLetterDate>12/01/2021</MaxAmdLetterDate>
<ARRAAmount/>
<TRAN_TYPE>Grant</TRAN_TYPE>
<CFDA_NUM>47.049</CFDA_NUM>
<NSF_PAR_USE_FLAG>1</NSF_PAR_USE_FLAG>
<FUND_AGCY_CODE>4900</FUND_AGCY_CODE>
<AWDG_AGCY_CODE>4900</AWDG_AGCY_CODE>
<AwardID>2205220</AwardID>
<Investigator>
<FirstName>Vojislava</FirstName>
<LastName>Pophristic</LastName>
<PI_MID_INIT/>
<PI_SUFX_NAME/>
<PI_FULL_NAME>Vojislava Pophristic</PI_FULL_NAME>
<EmailAddress>pophristic@rowan.edu</EmailAddress>
<PI_PHON>8562564852</PI_PHON>
<NSF_ID>000225150</NSF_ID>
<StartDate>11/16/2021</StartDate>
<EndDate/>
<RoleCode>Principal Investigator</RoleCode>
</Investigator>
<Investigator>
<FirstName>Zhiwei</FirstName>
<LastName>Liu</LastName>
<PI_MID_INIT/>
<PI_SUFX_NAME/>
<PI_FULL_NAME>Zhiwei Liu</PI_FULL_NAME>
<EmailAddress>liuz@rowan.edu</EmailAddress>
<PI_PHON>2672953190</PI_PHON>
<NSF_ID>000736688</NSF_ID>
<StartDate>12/01/2021</StartDate>
<EndDate/>
<RoleCode>Co-Principal Investigator</RoleCode>
</Investigator>
<Institution>
<Name>Rowan University</Name>
<CityName>Glassboro</CityName>
<ZipCode>080281701</ZipCode>
<PhoneNumber>8562564057</PhoneNumber>
<StreetAddress>Office of Sponsored Programs</StreetAddress>
<StreetAddress2><![CDATA[201 Mullica Hill Road]]></StreetAddress2>
<CountryName>United States</CountryName>
<StateName>New Jersey</StateName>
<StateCode>NJ</StateCode>
<CONGRESSDISTRICT>01</CONGRESSDISTRICT>
<CONGRESS_DISTRICT_ORG>NJ01</CONGRESS_DISTRICT_ORG>
<ORG_DUNS_NUM>139203145</ORG_DUNS_NUM>
<ORG_LGL_BUS_NAME>ROWAN UNIVERSITY</ORG_LGL_BUS_NAME>
<ORG_PRNT_DUNS_NUM>139203145</ORG_PRNT_DUNS_NUM>
</Institution>
<Performance_Institution>
<Name><![CDATA[Rowan University]]></Name>
<CityName/>
<StateCode>NJ</StateCode>
<ZipCode>080281701</ZipCode>
<StreetAddress/>
<CountryCode>US</CountryCode>
<CountryName>United States</CountryName>
<StateName>New Jersey</StateName>
<CountryFlag>1</CountryFlag>
<CONGRESSDISTRICT>01</CONGRESSDISTRICT>
<CONGRESS_DISTRICT_PERF>NJ01</CONGRESS_DISTRICT_PERF>
</Performance_Institution>
<ProgramElement>
<Code>6885</Code>
<Text>Macromolec/Supramolec/Nano</Text>
</ProgramElement>
<ProgramReference>
<Code>9263</Code>
<Text>COMPUTATIONAL SCIENCE &amp; ENGING</Text>
</ProgramReference>
<FUND_OBLG>2017~172920</FUND_OBLG>
</Award>
</rootTag>
