<?xml version="1.0" encoding="UTF-8"?>
<rootTag>
<Award>
<AwardTitle>2022 Frontiers of Engineering Symposia (US FOE, China-America FOE, and EU-US FOE)</AwardTitle>
<AGENCY>NSF</AGENCY>
<AwardEffectiveDate>03/01/2022</AwardEffectiveDate>
<AwardExpirationDate>02/28/2023</AwardExpirationDate>
<AwardTotalIntnAmount>110000.00</AwardTotalIntnAmount>
<AwardAmount>110000</AwardAmount>
<AwardInstrument>
<Value>Standard Grant</Value>
</AwardInstrument>
<Organization>
<Code>07040000</Code>
<Directorate>
<Abbreviation>ENG</Abbreviation>
<LongName>Directorate For Engineering</LongName>
</Directorate>
<Division>
<Abbreviation>EFMA</Abbreviation>
<LongName>Emerging Frontiers &amp; Multidisciplinary Activities</LongName>
</Division>
</Organization>
<ProgramOfficer>
<SignBlockName>Louise R. Howe</SignBlockName>
<PO_EMAI>lhowe@nsf.gov</PO_EMAI>
<PO_PHON>7032922548</PO_PHON>
</ProgramOfficer>
<AbstractNarration>The Frontiers of Engineering (FOE) Symposia, organized by the National Academy of Engineering, provide emerging engineering leaders from academia, industry, and government laboratories the opportunity to share research insights to facilitate an interdisciplinary transfer of knowledge and research methodologies. The nature of emerging technologies and how they fit together to create products and processes that drive economic growth makes it essential that engineers understand research developments, techniques and approaches beyond their own discipline. The FOE symposia serve as a catalyst to spur engineering innovation and foster collaborative networks of researchers within the United States and between engineers from the United States and partnering countries. The FOE symposia are also expected to increase the visibility of engineering and to highlight the key roles through which engineers serve society.&lt;br/&gt;&lt;br/&gt;This award will provide partial support for three Frontiers of Engineering (FOE) symposia, to be held in 2022. These symposia, organized by the National Academy of Engineering (NAE) in concert with international partner organizations, are for early career researchers. The meetings to be funded by this award in 2022 are: China-America FOE (CAFOE; July, 2022; Chengdu, China); US FOE (September, 2022; Seattle, Washington); and EU-US FOE (October, 2022; Bled, Slovenia). The 2022 CAFOE will focus on: Additive and Subtractive Manufacturing; Food Safety in the Context of Big Data and Genomics; Water Sustainability; Wearable Electronics and Human Health. Topics for the 2022 US FOE symposium are: Advances in Infectious Disease Diagnostics and Treatment; The Hydrogen Economy; Technology and Racial Justice and Equity; Conversational AI. The EU-US meeting will cover: Post-Lithium Batteries; Prosthetics and AI; Supply Chain/Logistics; Sustainable Buildings. Approximately 100 outstanding young engineers for the U.S. symposium and 30 from each country for the bilateral symposia will participate. Each 2.5 day symposium will include plenary sessions, break-out and poster sessions, and opportunities for developing collaborative research partnerships. Sessions will consist of presentations on cutting-edge research, innovations, and emerging research opportunities in engineering fields relevant to the symposium. As the scheduled dates for each symposium approaches, pandemic status assessments will be conducted to determine whether to hold each meeting in-person or convert to virtual or hybrid formats. FOE symposium papers, abstracts, presentation videos, and slides will be made available on the FOE website (www.naefrontiers.org).&lt;br/&gt;&lt;br/&gt;This award reflects NSF's statutory mission and has been deemed worthy of support through evaluation using the Foundation's intellectual merit and broader impacts review criteria.</AbstractNarration>
<MinAmdLetterDate>01/25/2022</MinAmdLetterDate>
<MaxAmdLetterDate>01/25/2022</MaxAmdLetterDate>
<ARRAAmount/>
<TRAN_TYPE>Grant</TRAN_TYPE>
<CFDA_NUM>47.041</CFDA_NUM>
<NSF_PAR_USE_FLAG>1</NSF_PAR_USE_FLAG>
<FUND_AGCY_CODE>4900</FUND_AGCY_CODE>
<AWDG_AGCY_CODE>4900</AWDG_AGCY_CODE>
<AwardID>2205648</AwardID>
<Investigator>
<FirstName>Janet</FirstName>
<LastName>Hunziker</LastName>
<PI_MID_INIT>R</PI_MID_INIT>
<PI_SUFX_NAME/>
<PI_FULL_NAME>Janet R Hunziker</PI_FULL_NAME>
<EmailAddress>jhunzike@nae.edu</EmailAddress>
<PI_PHON>2023341571</PI_PHON>
<NSF_ID>000390009</NSF_ID>
<StartDate>01/25/2022</StartDate>
<EndDate/>
<RoleCode>Principal Investigator</RoleCode>
</Investigator>
<Institution>
<Name>National Academy of Sciences</Name>
<CityName>Washington</CityName>
<ZipCode>200012721</ZipCode>
<PhoneNumber>2023342254</PhoneNumber>
<StreetAddress>500 FIFTH STREET NW</StreetAddress>
<StreetAddress2/>
<CountryName>United States</CountryName>
<StateName>District of Columbia</StateName>
<StateCode>DC</StateCode>
<CONGRESSDISTRICT>00</CONGRESSDISTRICT>
<CONGRESS_DISTRICT_ORG>DC00</CONGRESS_DISTRICT_ORG>
<ORG_DUNS_NUM>041964057</ORG_DUNS_NUM>
<ORG_LGL_BUS_NAME>NATIONAL ACADEMY OF SCIENCES</ORG_LGL_BUS_NAME>
<ORG_PRNT_DUNS_NUM>041964057</ORG_PRNT_DUNS_NUM>
</Institution>
<Performance_Institution>
<Name><![CDATA[National Academy of Sciences]]></Name>
<CityName>Washington</CityName>
<StateCode>DC</StateCode>
<ZipCode>200012721</ZipCode>
<StreetAddress><![CDATA[500 Fifth Street, NW]]></StreetAddress>
<CountryCode>US</CountryCode>
<CountryName>United States</CountryName>
<StateName>District of Columbia</StateName>
<CountryFlag>1</CountryFlag>
<CONGRESSDISTRICT>00</CONGRESSDISTRICT>
<CONGRESS_DISTRICT_PERF>DC00</CONGRESS_DISTRICT_PERF>
</Performance_Institution>
<ProgramElement>
<Code>7633</Code>
<Text>EFRI Research Projects</Text>
</ProgramElement>
<FUND_OBLG>2022~110000</FUND_OBLG>
</Award>
</rootTag>
