<?xml version="1.0" encoding="UTF-8"?>
<rootTag>
<Award>
<AwardTitle>Collaborative Research: RAPID: Extreme disturbances/perturbations to coastal deposition systems</AwardTitle>
<AGENCY>NSF</AGENCY>
<AwardEffectiveDate>12/15/2021</AwardEffectiveDate>
<AwardExpirationDate>11/30/2022</AwardExpirationDate>
<AwardTotalIntnAmount>70747.00</AwardTotalIntnAmount>
<AwardAmount>70747</AwardAmount>
<AwardInstrument>
<Value>Standard Grant</Value>
</AwardInstrument>
<Organization>
<Code>06040300</Code>
<Directorate>
<Abbreviation>GEO</Abbreviation>
<LongName>Directorate For Geosciences</LongName>
</Directorate>
<Division>
<Abbreviation>OCE</Abbreviation>
<LongName>Division Of Ocean Sciences</LongName>
</Division>
</Organization>
<ProgramOfficer>
<SignBlockName>Henrietta Edmonds</SignBlockName>
<PO_EMAI>hedmonds@nsf.gov</PO_EMAI>
<PO_PHON>7032927427</PO_PHON>
</ProgramOfficer>
<AbstractNarration>This project will take advantage of the passage of Hurricane Ida across the northern Gulf of Mexico shelf in August, 2021 to study important aspects of the cycling of silica in coastal sediments. In coastal systems, water column primary productivity is dominated by diatoms, a group of phytoplankton which produce a shell of amorphous biogenic silica. This biogenic silica can either be buried in its original unaltered form or undergo chemical reactions that convert it to aluminosilicate minerals (e.g. marine clays). This latter process is important in global chemical budgets for many elements, including carbon. One of the factors that influences whether silicon is buried as biogenic silica or converted to aluminosilicates may be the amount of oxygen in the sediments. Storms mix the ocean waters and can add oxygen to sediments in shallow water, potentially changing the silica balance. The investigators collected sediment samples in early August, 2021, two weeks before Hurricane Ida. Sampling through the year after the storm will allow them to test whether storms affect silica cycling. This project will support an early-career investigator and undergraduate student researchers.&lt;br/&gt;&lt;br/&gt;Tropical and subtropical coastal deposition systems sequester 25-40% of the global silica sink, a disproportionately large impact relative to their area. In the northern Gulf of Mexico seasonal water column stratification may impact how sedimentary biogenic silica is processed and preserved by limiting oxygen injections into the benthos, seasonally driving biogenic silica burial efficiency. Hurricane Ida moved through the Mississippi Delta and adjacent Louisiana shelf at the end of August 2021. Thirteen days prior to Hurricane Ida’s landfall in Port Fourchon, LA, in August 2021, the team collected sediment cores at 3 sites in the topset delta sediment between the Southwest Pass (major Mississippi River distributary) and Cocodrie, LA; all sites experienced Category 4 hurricane conditions from Ida with maximum sustained winds of 130 knots (67 m/s). Ida, a much stronger storm than either Hurricanes Harvey or Nate in 2017, likely introduced oxygen into the sediment of the proximal coastal zone, perhaps enough to turn most of the top meter or so of the sediment column oxic. The investigators hypothesize that the storm-induced change in redox and diagenetic conditions initially favored burial of biogenic silica rather than an authigenic aluminosilicate. Using a multi-proxy approach, this project will analyze how this major storm event altered biogenic silica burial over the course of ten months.&lt;br/&gt;&lt;br/&gt;This award reflects NSF's statutory mission and has been deemed worthy of support through evaluation using the Foundation's intellectual merit and broader impacts review criteria.</AbstractNarration>
<MinAmdLetterDate>12/16/2021</MinAmdLetterDate>
<MaxAmdLetterDate>12/16/2021</MaxAmdLetterDate>
<ARRAAmount/>
<TRAN_TYPE>Grant</TRAN_TYPE>
<CFDA_NUM>47.050</CFDA_NUM>
<NSF_PAR_USE_FLAG>1</NSF_PAR_USE_FLAG>
<FUND_AGCY_CODE>4900</FUND_AGCY_CODE>
<AWDG_AGCY_CODE>4900</AWDG_AGCY_CODE>
<AwardID>2205278</AwardID>
<Investigator>
<FirstName>Jeffrey</FirstName>
<LastName>Krause</LastName>
<PI_MID_INIT>W</PI_MID_INIT>
<PI_SUFX_NAME/>
<PI_FULL_NAME>Jeffrey W Krause</PI_FULL_NAME>
<EmailAddress>jkrause@disl.org</EmailAddress>
<PI_PHON>2518612141</PI_PHON>
<NSF_ID>000562165</NSF_ID>
<StartDate>12/16/2021</StartDate>
<EndDate/>
<RoleCode>Principal Investigator</RoleCode>
</Investigator>
<Institution>
<Name>Marine Environmental Sciences Consortium</Name>
<CityName>Dauphin Island</CityName>
<ZipCode>365284603</ZipCode>
<PhoneNumber>2518612141</PhoneNumber>
<StreetAddress>101 Bienville Blvd.</StreetAddress>
<StreetAddress2/>
<CountryName>United States</CountryName>
<StateName>Alabama</StateName>
<StateCode>AL</StateCode>
<CONGRESSDISTRICT>01</CONGRESSDISTRICT>
<CONGRESS_DISTRICT_ORG>AL01</CONGRESS_DISTRICT_ORG>
<ORG_DUNS_NUM>075070474</ORG_DUNS_NUM>
<ORG_LGL_BUS_NAME>MARINE ENVIRONMENTAL SCIENCES CONSORTIUM</ORG_LGL_BUS_NAME>
<ORG_PRNT_DUNS_NUM/>
</Institution>
<Performance_Institution>
<Name><![CDATA[Marine Environmental Sciences Consortium]]></Name>
<CityName>Dauphin Island</CityName>
<StateCode>AL</StateCode>
<ZipCode>365284603</ZipCode>
<StreetAddress><![CDATA[101 Bienville Blvd.]]></StreetAddress>
<CountryCode>US</CountryCode>
<CountryName>United States</CountryName>
<StateName>Alabama</StateName>
<CountryFlag>1</CountryFlag>
<CONGRESSDISTRICT>01</CONGRESSDISTRICT>
<CONGRESS_DISTRICT_PERF>AL01</CONGRESS_DISTRICT_PERF>
</Performance_Institution>
<ProgramElement>
<Code>1670</Code>
<Text>Chemical Oceanography</Text>
</ProgramElement>
<ProgramReference>
<Code>1389</Code>
<Text>CARBON CYCLE RESEARCH</Text>
</ProgramReference>
<ProgramReference>
<Code>7914</Code>
<Text>RAPID</Text>
</ProgramReference>
<FUND_OBLG>2022~70747</FUND_OBLG>
</Award>
</rootTag>
