<?xml version="1.0" encoding="UTF-8"?>
<rootTag>
<Award>
<AwardTitle>Collaborative Research: CNS Core: Medium: Towards Understanding and Handling Problems Due to Coexistence of Multiple IoT Platforms</AwardTitle>
<AGENCY>NSF</AGENCY>
<AwardEffectiveDate>10/01/2021</AwardEffectiveDate>
<AwardExpirationDate>05/31/2024</AwardExpirationDate>
<AwardTotalIntnAmount>300000.00</AwardTotalIntnAmount>
<AwardAmount>300000</AwardAmount>
<AwardInstrument>
<Value>Standard Grant</Value>
</AwardInstrument>
<Organization>
<Code>05050000</Code>
<Directorate>
<Abbreviation>CSE</Abbreviation>
<LongName>Direct For Computer &amp; Info Scie &amp; Enginr</LongName>
</Directorate>
<Division>
<Abbreviation>CNS</Abbreviation>
<LongName>Division Of Computer and Network Systems</LongName>
</Division>
</Organization>
<ProgramOfficer>
<SignBlockName>Matt Mutka</SignBlockName>
<PO_EMAI/>
<PO_PHON/>
</ProgramOfficer>
<AbstractNarration>There are over one hundred Internet-of-Things (IoT) platforms.  Each has its own strengths and limitations. To get the best of each, a smart environment may use multiple IoT platforms. However, when multiple IoT platforms coexist in the same physical space, many unique problems arise, which are referred to as Multi-Platform Coexistence (MPC) problems. The objectives of the project are systematically to describe, categorize and measure MPC problems and design and build effective solutions to address them.&lt;br/&gt;&lt;br/&gt;Multiple platforms for a smart environment do not necessarily share consistent observations about IoT device states. As a result, automation applications installed on these platforms may issue incorrect and even conflicting commands. In addition, the assumption made by existing work that a single platform has a complete view and control of all IoT devices does not hold true. Thus, the project is to uncover, measure, and formalize unique problems due to coexistence and interaction of multiple IoT platforms in the same physical space, and propose novel designs, techniques, algorithms and build systems to resolve them. &lt;br/&gt;&lt;br/&gt;The project can benefit numerous smart-environment users and related industries by revealing and handling MPC problems and supporting harmonious coexistence of IoT platforms. The proposed research will be integrated into curriculum development. These efforts will meet the growing national need for professionals in IoT. The project will promote the participation of students from underrepresented groups in IoT research. Furthermore, it will involve collaboration with professionals from IoT industries for assessment of the systems and technology transfer.&lt;br/&gt;&lt;br/&gt;Data, code, system designs, documentations, and experiment results will be released through a publicly accessible GitHub repository: https://quz105.github.io/MPC/. The repository will be maintained for at least five years after the project ends.&lt;br/&gt;&lt;br/&gt;This award reflects NSF's statutory mission and has been deemed worthy of support through evaluation using the Foundation's intellectual merit and broader impacts review criteria.</AbstractNarration>
<MinAmdLetterDate>12/08/2021</MinAmdLetterDate>
<MaxAmdLetterDate>12/08/2021</MaxAmdLetterDate>
<ARRAAmount/>
<TRAN_TYPE>Grant</TRAN_TYPE>
<CFDA_NUM>47.070</CFDA_NUM>
<NSF_PAR_USE_FLAG>1</NSF_PAR_USE_FLAG>
<FUND_AGCY_CODE>4900</FUND_AGCY_CODE>
<AWDG_AGCY_CODE>4900</AWDG_AGCY_CODE>
<AwardID>2205868</AwardID>
<Investigator>
<FirstName>Xiaojiang</FirstName>
<LastName>Du</LastName>
<PI_MID_INIT/>
<PI_SUFX_NAME/>
<PI_FULL_NAME>Xiaojiang Du</PI_FULL_NAME>
<EmailAddress>xdu16@stevens.edu</EmailAddress>
<PI_PHON>2158215258</PI_PHON>
<NSF_ID>000535397</NSF_ID>
<StartDate>12/08/2021</StartDate>
<EndDate/>
<RoleCode>Principal Investigator</RoleCode>
</Investigator>
<Institution>
<Name>Stevens Institute of Technology</Name>
<CityName>HOBOKEN</CityName>
<ZipCode>070305991</ZipCode>
<PhoneNumber>2012168762</PhoneNumber>
<StreetAddress>CASTLE POINT ON HUDSON</StreetAddress>
<StreetAddress2/>
<CountryName>United States</CountryName>
<StateName>New Jersey</StateName>
<StateCode>NJ</StateCode>
<CONGRESSDISTRICT>08</CONGRESSDISTRICT>
<CONGRESS_DISTRICT_ORG>NJ08</CONGRESS_DISTRICT_ORG>
<ORG_DUNS_NUM>064271570</ORG_DUNS_NUM>
<ORG_LGL_BUS_NAME>STEVENS INSTITUTE OF TECHNOLOGY (INC)</ORG_LGL_BUS_NAME>
<ORG_PRNT_DUNS_NUM>064271570</ORG_PRNT_DUNS_NUM>
</Institution>
<Performance_Institution>
<Name><![CDATA[Stevens Institute of Technology]]></Name>
<CityName>HOBOKEN</CityName>
<StateCode>NJ</StateCode>
<ZipCode>070305991</ZipCode>
<StreetAddress><![CDATA[CASTLE POINT ON HUDSON]]></StreetAddress>
<CountryCode>US</CountryCode>
<CountryName>United States</CountryName>
<StateName>New Jersey</StateName>
<CountryFlag>1</CountryFlag>
<CONGRESSDISTRICT>08</CONGRESSDISTRICT>
<CONGRESS_DISTRICT_PERF>NJ08</CONGRESS_DISTRICT_PERF>
</Performance_Institution>
<ProgramElement>
<Code>7354</Code>
<Text>CSR-Computer Systems Research</Text>
</ProgramElement>
<ProgramReference>
<Code>7924</Code>
<Text>MEDIUM PROJECT</Text>
</ProgramReference>
<FUND_OBLG>2021~300000</FUND_OBLG>
</Award>
</rootTag>
