<?xml version="1.0" encoding="UTF-8"?>
<rootTag>
<Award>
<AwardTitle>REU Site: Research Experiences for Undergraduates in Atomic, Molecular, and Biological Physics</AwardTitle>
<AGENCY>NSF</AGENCY>
<AwardEffectiveDate>12/01/2021</AwardEffectiveDate>
<AwardExpirationDate>06/30/2023</AwardExpirationDate>
<AwardTotalIntnAmount>285454.00</AwardTotalIntnAmount>
<AwardAmount>285454</AwardAmount>
<AwardInstrument>
<Value>Standard Grant</Value>
</AwardInstrument>
<Organization>
<Code>03010000</Code>
<Directorate>
<Abbreviation>MPS</Abbreviation>
<LongName>Direct For Mathematical &amp; Physical Scien</LongName>
</Directorate>
<Division>
<Abbreviation>PHY</Abbreviation>
<LongName>Division Of Physics</LongName>
</Division>
</Organization>
<ProgramOfficer>
<SignBlockName>Kathleen McCloud</SignBlockName>
<PO_EMAI>kmccloud@nsf.gov</PO_EMAI>
<PO_PHON>7032928236</PO_PHON>
</ProgramOfficer>
<AbstractNarration>The Research Experiences for Undergraduates (REU) site at the Molecular Physics Laboratory at SRI International provides six undergraduate students  the opportunity to participate in twelve weeks of summer research on topics in atomic, molecular and biological physics in a non-university research laboratory. This program produces students who understand the process of performing research, starting with the development of the problem and continuing with evaluation of the approach, performing measurements, and drawing conclusions. This training helps prepare the Nation's future well-trained workforce required to continue to lead an increasingly technological world. The program has also incorporated an ethics training class and has actively pursued field trips with summer interns to local Silicon Valley startups to showcase scientific research and development in its most nascent and challenging phase.&lt;br/&gt;&lt;br/&gt;In addition to participating in research with an experienced mentor, the REU students will engage in weekly activities such as seminars, ethics training, safety training, and visits to other research laboratories, to ensure not only that their research stays on track but that they have an engaging collegial and scholarly experience. By the end of the program, every student will have presented the results of the work in a thirty-minute seminar. The host laboratories, known for research in physics and interdisciplinary offshoots of physics based research, have a proven record of undergraduate research as evidenced by the number of student coauthors in journal publications. SRI will assign a Ph.D. mentor to each student, conduct an extensive program that includes field trips and seminars, provide training in laboratory safety, and develop a social program for the students.&lt;br/&gt;&lt;br/&gt;This award reflects NSF's statutory mission and has been deemed worthy of support through evaluation using the Foundation's intellectual merit and broader impacts review criteria.</AbstractNarration>
<MinAmdLetterDate>11/18/2021</MinAmdLetterDate>
<MaxAmdLetterDate>11/18/2021</MaxAmdLetterDate>
<ARRAAmount/>
<TRAN_TYPE>Grant</TRAN_TYPE>
<CFDA_NUM>47.049</CFDA_NUM>
<NSF_PAR_USE_FLAG>1</NSF_PAR_USE_FLAG>
<FUND_AGCY_CODE>4900</FUND_AGCY_CODE>
<AWDG_AGCY_CODE>4900</AWDG_AGCY_CODE>
<AwardID>2205624</AwardID>
<Investigator>
<FirstName>Gregory</FirstName>
<LastName>Faris</LastName>
<PI_MID_INIT>W</PI_MID_INIT>
<PI_SUFX_NAME/>
<PI_FULL_NAME>Gregory W Faris</PI_FULL_NAME>
<EmailAddress>gregory.faris@sri.com</EmailAddress>
<PI_PHON>6508594131</PI_PHON>
<NSF_ID>000221492</NSF_ID>
<StartDate>11/18/2021</StartDate>
<EndDate/>
<RoleCode>Principal Investigator</RoleCode>
</Investigator>
<Institution>
<Name>NUMENTUS TECHNOLOGIES INC.</Name>
<CityName>MENLO PARK</CityName>
<ZipCode>940253453</ZipCode>
<PhoneNumber>4156095485</PhoneNumber>
<StreetAddress>333 RAVENSWOOD AVE</StreetAddress>
<StreetAddress2/>
<CountryName>United States</CountryName>
<StateName>California</StateName>
<StateCode>CA</StateCode>
<CONGRESSDISTRICT>18</CONGRESSDISTRICT>
<CONGRESS_DISTRICT_ORG>CA18</CONGRESS_DISTRICT_ORG>
<ORG_DUNS_NUM>117824845</ORG_DUNS_NUM>
<ORG_LGL_BUS_NAME>NUMENTUS TECHNOLOGIES INC.</ORG_LGL_BUS_NAME>
<ORG_PRNT_DUNS_NUM/>
</Institution>
<Performance_Institution>
<Name><![CDATA[NUMENTUS TECHNOLOGIES INC.]]></Name>
<CityName/>
<StateCode>CA</StateCode>
<ZipCode>940253453</ZipCode>
<StreetAddress/>
<CountryCode>US</CountryCode>
<CountryName>United States</CountryName>
<StateName>California</StateName>
<CountryFlag>1</CountryFlag>
<CONGRESSDISTRICT>18</CONGRESSDISTRICT>
<CONGRESS_DISTRICT_PERF>CA18</CONGRESS_DISTRICT_PERF>
</Performance_Institution>
<ProgramElement>
<Code>1253</Code>
<Text>OFFICE OF MULTIDISCIPLINARY AC</Text>
</ProgramElement>
<ProgramElement>
<Code>9134</Code>
<Text>Integrative Activities in Phys</Text>
</ProgramElement>
<ProgramReference>
<Code>9178</Code>
<Text>UNDERGRADUATE EDUCATION</Text>
</ProgramReference>
<ProgramReference>
<Code>9250</Code>
<Text>REU SITE-Res Exp for Ugrd Site</Text>
</ProgramReference>
<ProgramReference>
<Code>SMET</Code>
<Text>SCIENCE, MATH, ENG &amp; TECH EDUCATION</Text>
</ProgramReference>
<FUND_OBLG>2020~285454</FUND_OBLG>
</Award>
</rootTag>
