<?xml version="1.0" encoding="UTF-8"?>
<rootTag>
<Award>
<AwardTitle>The Effects of Socio-Cultural Context on Human Bio-Markets.</AwardTitle>
<AGENCY>NSF</AGENCY>
<AwardEffectiveDate>10/01/2021</AwardEffectiveDate>
<AwardExpirationDate>10/31/2022</AwardExpirationDate>
<AwardTotalIntnAmount>355650.00</AwardTotalIntnAmount>
<AwardAmount>78962</AwardAmount>
<AwardInstrument>
<Value>Continuing Grant</Value>
</AwardInstrument>
<Organization>
<Code>04040000</Code>
<Directorate>
<Abbreviation>SBE</Abbreviation>
<LongName>Direct For Social, Behav &amp; Economic Scie</LongName>
</Directorate>
<Division>
<Abbreviation>BCS</Abbreviation>
<LongName>Division Of Behavioral and Cognitive Sci</LongName>
</Division>
</Organization>
<ProgramOfficer>
<SignBlockName>Jeffrey Mantz</SignBlockName>
<PO_EMAI>jmantz@nsf.gov</PO_EMAI>
<PO_PHON>7032927783</PO_PHON>
</ProgramOfficer>
<AbstractNarration>The research supported by this award will investigate the effects of socio-cultural context on the governance of human bio-material donation and sale. Over the past few decades, medical science has increased the potential uses of human bio-materials. However, as innovation has increased, so have questions about costs, outcomes, and ethics. In response, a variety of different regulatory policies have been adopted globally. This variation across countries provides an excellent opportunity for comparative research to see to what degree policy differences produce different outcomes for donors, recipients, and other stakeholders. In this project, researchers will focus on one area of bio-material donation -- compensated donation of human eggs -- in two different cultural contexts. Results from this research will benefit policy makers, medical professionals, and patient and provider advocates. The project also provides research training opportunities for graduate students. &lt;br/&gt;&lt;br/&gt;The research will be carried out by Dr. Diane Tober, a medical anthropologist from the University of California, San Francisco, in collaboration with researchers from the Spanish University of Distance Education and from Complutense University, both in Madrid, Spain. These research sites were chosen because the United States and Spain are the two primary locations for donor egg fertility treatment, but their bio-material markets operate within dramatically different cultural and regulatory environments. The U.S. has comparatively few regulations limiting donor selection, compensation, and identification, while Spain is highly regulated, limits donor compensation, and requires donor anonymity. The researchers will collect data through ethnographic observation in two or more clinics in each country; interviews with medical professionals in the fertility industry and other key informants; and interviews and surveys of women in each country who provide eggs for pay, including both experienced and first-time donors. The quantitative data will be analyzed with standard statistical methods; the qualitative ethnographic data will be examined using computer-assisted qualitative data analytical techniques and through narrative analysis. Results, presented in professional publications and at conferences, will help social scientists understand how underlying cultural logics inform the crafting and regulation of medical markets and the commodification of human bio-materials. Results will also be made available through policy briefs and public fora to assist policy makers who need to understand how regulatory differences affect outcomes, as well as patients and donors who participate in bio-material markets.&lt;br/&gt;&lt;br/&gt;This award reflects NSF's statutory mission and has been deemed worthy of support through evaluation using the Foundation's intellectual merit and broader impacts review criteria.</AbstractNarration>
<MinAmdLetterDate>12/09/2021</MinAmdLetterDate>
<MaxAmdLetterDate>12/09/2021</MaxAmdLetterDate>
<ARRAAmount/>
<TRAN_TYPE>Grant</TRAN_TYPE>
<CFDA_NUM>47.075</CFDA_NUM>
<NSF_PAR_USE_FLAG>1</NSF_PAR_USE_FLAG>
<FUND_AGCY_CODE>4900</FUND_AGCY_CODE>
<AWDG_AGCY_CODE>4900</AWDG_AGCY_CODE>
<AwardID>2205019</AwardID>
<Investigator>
<FirstName>Diane</FirstName>
<LastName>Tober</LastName>
<PI_MID_INIT>M</PI_MID_INIT>
<PI_SUFX_NAME/>
<PI_FULL_NAME>Diane M Tober</PI_FULL_NAME>
<EmailAddress>dtober@ua.edu</EmailAddress>
<PI_PHON>5102201537</PI_PHON>
<NSF_ID>000283389</NSF_ID>
<StartDate>12/09/2021</StartDate>
<EndDate/>
<RoleCode>Principal Investigator</RoleCode>
</Investigator>
<Institution>
<Name>University of Alabama Tuscaloosa</Name>
<CityName>Tuscaloosa</CityName>
<ZipCode>354870001</ZipCode>
<PhoneNumber>2053485152</PhoneNumber>
<StreetAddress>801 University Blvd.</StreetAddress>
<StreetAddress2><![CDATA[152 Rose Admin. / Box 870104]]></StreetAddress2>
<CountryName>United States</CountryName>
<StateName>Alabama</StateName>
<StateCode>AL</StateCode>
<CONGRESSDISTRICT/>
<CONGRESS_DISTRICT_ORG/>
<ORG_DUNS_NUM>045632635</ORG_DUNS_NUM>
<ORG_LGL_BUS_NAME>UNIVERSITY OF ALABAMA</ORG_LGL_BUS_NAME>
<ORG_PRNT_DUNS_NUM>808245794</ORG_PRNT_DUNS_NUM>
</Institution>
<Performance_Institution>
<Name><![CDATA[University of Alabama Tuscaloosa]]></Name>
<CityName>Tuscaloosa</CityName>
<StateCode>AL</StateCode>
<ZipCode>354870001</ZipCode>
<StreetAddress/>
<CountryCode>XS</CountryCode>
<CountryName>North America</CountryName>
<StateName>Alabama</StateName>
<CountryFlag>0</CountryFlag>
<CONGRESSDISTRICT/>
<CONGRESS_DISTRICT_PERF/>
</Performance_Institution>
<ProgramElement>
<Code>1390</Code>
<Text>Cultural Anthropology</Text>
</ProgramElement>
<ProgramReference>
<Code>1390</Code>
<Text>CULTURAL ANTHROPOLOGY</Text>
</ProgramReference>
<ProgramReference>
<Code>9179</Code>
<Text>GRADUATE INVOLVEMENT</Text>
</ProgramReference>
<FUND_OBLG>2019~16302</FUND_OBLG>
<FUND_OBLG>2021~62660</FUND_OBLG>
</Award>
</rootTag>
