<?xml version="1.0" encoding="UTF-8"?>
<rootTag>
<Award>
<AwardTitle>CAREER: Linking macroecology and traits to predict mycorrhizal fungal dispersal</AwardTitle>
<AGENCY>NSF</AGENCY>
<AwardEffectiveDate>12/15/2021</AwardEffectiveDate>
<AwardExpirationDate>04/30/2024</AwardExpirationDate>
<AwardTotalIntnAmount>715052.00</AwardTotalIntnAmount>
<AwardAmount>272817</AwardAmount>
<AwardInstrument>
<Value>Continuing Grant</Value>
</AwardInstrument>
<Organization>
<Code>08010000</Code>
<Directorate>
<Abbreviation>BIO</Abbreviation>
<LongName>Direct For Biological Sciences</LongName>
</Directorate>
<Division>
<Abbreviation>DEB</Abbreviation>
<LongName>Division Of Environmental Biology</LongName>
</Division>
</Organization>
<ProgramOfficer>
<SignBlockName>Andrea Porras-Alfaro</SignBlockName>
<PO_EMAI>aporrasa@nsf.gov</PO_EMAI>
<PO_PHON>7032922944</PO_PHON>
</ProgramOfficer>
<AbstractNarration>Plants rarely live in isolation. In fact, all plants on Earth live in close association with diverse microorganisms that greatly impact plant health. As a result, the microbial communities that associate with plants can have large implications for agriculture, forestry, and ecosystems. Mycorrhizal fungi are among the most common beneficial fungi, mining soil nutrients and delivering them to plants in exchange for sugars. However, the impact they have on plants depends on the type of fungal species present. Environmental factors and dispersal determine microbial community structure, but little is known about how microbes disperse long distances. This CAREER award combines multiple approaches using data science, laboratory, and large-scale field experiments at the National Ecological Observatory Network (NEON) to study fungal dispersal. This proposal will involve high school students in science activities and improve graduate education in ecological data science. Finally, this project will study barriers that limit the participation of minority students in ecology to develop recommendations to improve recruiting and retention.&lt;br/&gt;&lt;br/&gt;For nearly 100 years, the "everything is everywhere" hypothesis has dominated microbial ecology, suggesting that microbial dispersal is unlimited and community assembly mechanisms are primarily deterministic. However, certain fungi vary with respect to traits that could impact their long-distance dispersal capabilities. Coupling knowledge of traits with physical laws that govern movement could provide a powerful framework to predict dispersal, a key component of biogeography. Arbuscular mycorrhizal (AM) fungi form no aboveground structures, and reproduce via asexual spores with substantially varying traits (e.g. size, surface ornamentation) that are likely to impact long-distance dispersal. The mechanisms and extent of AM fungal dispersal are poorly understood, yet, to manage AM fungal communities for improved symbiotic functioning, taxon-specific information regarding dispersal capabilities is required. This study combines trait-based ecology, macroecology, and physical laws to study aerial dispersal of AM fungi through the following research objectives: 1. Create an AM fungal trait database to examine conservatism among phylogenetic groups in all spore traits that potentially facilitate aerial dispersal, 2. Examine community structure and spore traits of aerial AM fungi at NEON sites and Chicago urban sites to identify eco-climatic properties that predict aerial dispersal, and 3. Compare the observed terminal velocity to that predicted by Stokes's Law for movement of a smooth sphere for AM fungal spores with different morphological traits. This CAREER award will illuminate the thus far speculative role of dispersal in driving continent-scale patterns in microbial biogeography.&lt;br/&gt;&lt;br/&gt;This award reflects NSF's statutory mission and has been deemed worthy of support through evaluation using the Foundation's intellectual merit and broader impacts review criteria.</AbstractNarration>
<MinAmdLetterDate>12/17/2021</MinAmdLetterDate>
<MaxAmdLetterDate>12/17/2021</MaxAmdLetterDate>
<ARRAAmount/>
<TRAN_TYPE>Grant</TRAN_TYPE>
<CFDA_NUM>47.074</CFDA_NUM>
<NSF_PAR_USE_FLAG>1</NSF_PAR_USE_FLAG>
<FUND_AGCY_CODE>4900</FUND_AGCY_CODE>
<AWDG_AGCY_CODE>4900</AWDG_AGCY_CODE>
<AwardID>2205650</AwardID>
<Investigator>
<FirstName>Bala</FirstName>
<LastName>Chaudhary</LastName>
<PI_MID_INIT/>
<PI_SUFX_NAME/>
<PI_FULL_NAME>Bala Chaudhary</PI_FULL_NAME>
<EmailAddress>bala.chaudhary@dartmouth.edu</EmailAddress>
<PI_PHON>2247250415</PI_PHON>
<NSF_ID>000781542</NSF_ID>
<StartDate>12/17/2021</StartDate>
<EndDate/>
<RoleCode>Principal Investigator</RoleCode>
</Investigator>
<Institution>
<Name>Dartmouth College</Name>
<CityName>HANOVER</CityName>
<ZipCode>037551421</ZipCode>
<PhoneNumber>6036463007</PhoneNumber>
<StreetAddress>OFFICE OF SPONSORED PROJECTS</StreetAddress>
<StreetAddress2><![CDATA[11 ROPE FERRY RD #6210]]></StreetAddress2>
<CountryName>United States</CountryName>
<StateName>New Hampshire</StateName>
<StateCode>NH</StateCode>
<CONGRESSDISTRICT>02</CONGRESSDISTRICT>
<CONGRESS_DISTRICT_ORG>NH02</CONGRESS_DISTRICT_ORG>
<ORG_DUNS_NUM>041027822</ORG_DUNS_NUM>
<ORG_LGL_BUS_NAME>TRUSTEES OF DARTMOUTH COLLEGE</ORG_LGL_BUS_NAME>
<ORG_PRNT_DUNS_NUM>041027822</ORG_PRNT_DUNS_NUM>
</Institution>
<Performance_Institution>
<Name><![CDATA[Dartmouth College]]></Name>
<CityName>HANOVER</CityName>
<StateCode>NH</StateCode>
<ZipCode>037551421</ZipCode>
<StreetAddress><![CDATA[11 ROPE FERRY RD #6210]]></StreetAddress>
<CountryCode>US</CountryCode>
<CountryName>United States</CountryName>
<StateName>New Hampshire</StateName>
<CountryFlag>1</CountryFlag>
<CONGRESSDISTRICT>02</CONGRESSDISTRICT>
<CONGRESS_DISTRICT_PERF>NH02</CONGRESS_DISTRICT_PERF>
</Performance_Institution>
<ProgramElement>
<Code>1128</Code>
<Text>Population &amp; Community Ecology</Text>
</ProgramElement>
<ProgramReference>
<Code>1045</Code>
<Text>CAREER-Faculty Erly Career Dev</Text>
</ProgramReference>
<FUND_OBLG>2021~272817</FUND_OBLG>
</Award>
</rootTag>
