<?xml version="1.0" encoding="UTF-8"?>
<rootTag>
<Award>
<AwardTitle>Analysis of Incompressible Flows with Rigid and Free Boundaries</AwardTitle>
<AGENCY>NSF</AGENCY>
<AwardEffectiveDate>10/01/2021</AwardEffectiveDate>
<AwardExpirationDate>06/30/2022</AwardExpirationDate>
<AwardTotalIntnAmount>173696.00</AwardTotalIntnAmount>
<AwardAmount>77090</AwardAmount>
<AwardInstrument>
<Value>Continuing Grant</Value>
</AwardInstrument>
<Organization>
<Code>03040000</Code>
<Directorate>
<Abbreviation>MPS</Abbreviation>
<LongName>Direct For Mathematical &amp; Physical Scien</LongName>
</Directorate>
<Division>
<Abbreviation>DMS</Abbreviation>
<LongName>Division Of Mathematical Sciences</LongName>
</Division>
</Organization>
<ProgramOfficer>
<SignBlockName>Pedro Embid</SignBlockName>
<PO_EMAI>pembid@nsf.gov</PO_EMAI>
<PO_PHON>7032924859</PO_PHON>
</ProgramOfficer>
<AbstractNarration>Interactions of fluids with boundaries are ubiquitous in nature, science and engineering, and are of great importance in practical applications ranging from biology to aerospace, oceanography and geoscience. The boundaries can be rigid as between an aircraft and the surrounding air or between water and the seabed or can be free as between water and the air or between water and oil in an oil reservoir. Despite being widely used in applications, many fundamental issues in the rigorous mathematical analysis of these interactions remain challenging. The presence of boundaries, especially free boundaries, makes the underlying partial differential equations modeling the phenomena highly nonlinear and nonlocal. This project will further the mathematical understanding of equations in which fluids interact with either rigid boundaries, free boundaries, or both. The problems studied in this project are motivated by physics (drop formation and fluid jets), economics (optimal transport), and engineering (reservoir engineering). The analytical understanding gained in this work will increase our understanding of the basic physical phenomena and mathematical models used in practice. This research will involve graduate students and postdoctoral scholars. &lt;br/&gt; &lt;br/&gt;This project will study several mathematical problems of current interest involving the interaction of fluids with rigid or free boundaries: 1. Well-posedness and global regularity of the Muskat problem with boundaries of low regularity and large variation. 2. Long-time behavior of an active vectorial transport equation arising in optimal transport and convective fluids. 3. Instabilities of small amplitude periodic traveling gravity waves in shallow water. 4. Finite-time and infinite-time pinch-off singularities for two models of drop formation. The project will combine tools from microlocal analysis, harmonic analysis, bifurcation theory, and spectral theory. Some of the tools and models developed will have applications to other problems in the theory and computational aspects of partial differential equations.&lt;br/&gt;&lt;br/&gt;This award reflects NSF's statutory mission and has been deemed worthy of support through evaluation using the Foundation's intellectual merit and broader impacts review criteria.</AbstractNarration>
<MinAmdLetterDate>01/20/2022</MinAmdLetterDate>
<MaxAmdLetterDate>01/20/2022</MaxAmdLetterDate>
<ARRAAmount/>
<TRAN_TYPE>Grant</TRAN_TYPE>
<CFDA_NUM>47.049</CFDA_NUM>
<NSF_PAR_USE_FLAG>1</NSF_PAR_USE_FLAG>
<FUND_AGCY_CODE>4900</FUND_AGCY_CODE>
<AWDG_AGCY_CODE>4900</AWDG_AGCY_CODE>
<AwardID>2205734</AwardID>
<Investigator>
<FirstName>Huy</FirstName>
<LastName>Nguyen</LastName>
<PI_MID_INIT>Q</PI_MID_INIT>
<PI_SUFX_NAME/>
<PI_FULL_NAME>Huy Q Nguyen</PI_FULL_NAME>
<EmailAddress>hnguye90@umd.edu</EmailAddress>
<PI_PHON>3044055047</PI_PHON>
<NSF_ID>000791529</NSF_ID>
<StartDate>01/20/2022</StartDate>
<EndDate/>
<RoleCode>Principal Investigator</RoleCode>
</Investigator>
<Institution>
<Name>University of Maryland, College Park</Name>
<CityName>College Park</CityName>
<ZipCode>207425141</ZipCode>
<PhoneNumber>3014056269</PhoneNumber>
<StreetAddress>3112 LEE BLDG 7809 Regents Drive</StreetAddress>
<StreetAddress2/>
<CountryName>United States</CountryName>
<StateName>Maryland</StateName>
<StateCode>MD</StateCode>
<CONGRESSDISTRICT>05</CONGRESSDISTRICT>
<CONGRESS_DISTRICT_ORG>MD05</CONGRESS_DISTRICT_ORG>
<ORG_DUNS_NUM>790934285</ORG_DUNS_NUM>
<ORG_LGL_BUS_NAME>UNIVERSITY OF MARYLAND, COLLEGE PARK</ORG_LGL_BUS_NAME>
<ORG_PRNT_DUNS_NUM>003256088</ORG_PRNT_DUNS_NUM>
</Institution>
<Performance_Institution>
<Name><![CDATA[University of Maryland, College Park]]></Name>
<CityName/>
<StateCode>MD</StateCode>
<ZipCode>207421000</ZipCode>
<StreetAddress/>
<CountryCode>US</CountryCode>
<CountryName>United States</CountryName>
<StateName>Maryland</StateName>
<CountryFlag>1</CountryFlag>
<CONGRESSDISTRICT>05</CONGRESSDISTRICT>
<CONGRESS_DISTRICT_PERF>MD05</CONGRESS_DISTRICT_PERF>
</Performance_Institution>
<ProgramElement>
<Code>1266</Code>
<Text>APPLIED MATHEMATICS</Text>
</ProgramElement>
<FUND_OBLG>2020~17740</FUND_OBLG>
<FUND_OBLG>2021~59350</FUND_OBLG>
</Award>
</rootTag>
