<?xml version="1.0" encoding="UTF-8"?>
<rootTag>
<Award>
<AwardTitle>Collaborative Research: Conference: 2022 Secure and Trustworthy Cyberspace PI Meeting</AwardTitle>
<AGENCY>NSF</AGENCY>
<AwardEffectiveDate>02/01/2022</AwardEffectiveDate>
<AwardExpirationDate>01/31/2023</AwardExpirationDate>
<AwardTotalIntnAmount>91601.00</AwardTotalIntnAmount>
<AwardAmount>91601</AwardAmount>
<AwardInstrument>
<Value>Standard Grant</Value>
</AwardInstrument>
<Organization>
<Code>05050000</Code>
<Directorate>
<Abbreviation>CSE</Abbreviation>
<LongName>Direct For Computer &amp; Info Scie &amp; Enginr</LongName>
</Directorate>
<Division>
<Abbreviation>CNS</Abbreviation>
<LongName>Division Of Computer and Network Systems</LongName>
</Division>
</Organization>
<ProgramOfficer>
<SignBlockName>Jeremy Epstein</SignBlockName>
<PO_EMAI>jepstein@nsf.gov</PO_EMAI>
<PO_PHON>7032928338</PO_PHON>
</ProgramOfficer>
<AbstractNarration>This award supports development of the program for a 2-day workshop to bring together PIs from across the Secure and Trustworthy Cyberspace (SaTC) program. Specific objectives of the PI meeting include:&lt;br/&gt;&lt;br/&gt;- to stimulate coordination and collaboration amongst SaTC PIs working on different projects;&lt;br/&gt;- to foster new collaborations between SaTC researchers and researchers in other disciplines;&lt;br/&gt;- to share experiences and learn from others' experiences in transitioning research into practice; and&lt;br/&gt;- to develop ideas and share methods for improving education, recruitment, and career development in cybersecurity.&lt;br/&gt;&lt;br/&gt;Building a strong community among SaTC researchers helps identify new research topics, avoid duplication of existing research, and improve educational opportunities for graduate students.&lt;br/&gt;&lt;br/&gt;Some elements of the meeting are structured so as to mitigate risks associated with the spread of COVID-19 or the virtual participation that its spread might necessitate.&lt;br/&gt;&lt;br/&gt;This award reflects NSF's statutory mission and has been deemed worthy of support through evaluation using the Foundation's intellectual merit and broader impacts review criteria.</AbstractNarration>
<MinAmdLetterDate>01/21/2022</MinAmdLetterDate>
<MaxAmdLetterDate>01/21/2022</MaxAmdLetterDate>
<ARRAAmount/>
<TRAN_TYPE>Grant</TRAN_TYPE>
<CFDA_NUM>47.070</CFDA_NUM>
<NSF_PAR_USE_FLAG>1</NSF_PAR_USE_FLAG>
<FUND_AGCY_CODE>4900</FUND_AGCY_CODE>
<AWDG_AGCY_CODE>4900</AWDG_AGCY_CODE>
<AwardID>2205940</AwardID>
<Investigator>
<FirstName>Michael</FirstName>
<LastName>Reiter</LastName>
<PI_MID_INIT/>
<PI_SUFX_NAME/>
<PI_FULL_NAME>Michael Reiter</PI_FULL_NAME>
<EmailAddress>michael.reiter@duke.edu</EmailAddress>
<PI_PHON>9196606524</PI_PHON>
<NSF_ID>000161868</NSF_ID>
<StartDate>01/21/2022</StartDate>
<EndDate/>
<RoleCode>Principal Investigator</RoleCode>
</Investigator>
<Institution>
<Name>Duke University</Name>
<CityName>Durham</CityName>
<ZipCode>277054010</ZipCode>
<PhoneNumber>9196843030</PhoneNumber>
<StreetAddress>2200 W. Main St, Suite 710</StreetAddress>
<StreetAddress2><![CDATA[Erwin Square]]></StreetAddress2>
<CountryName>United States</CountryName>
<StateName>North Carolina</StateName>
<StateCode>NC</StateCode>
<CONGRESSDISTRICT>04</CONGRESSDISTRICT>
<CONGRESS_DISTRICT_ORG>NC04</CONGRESS_DISTRICT_ORG>
<ORG_DUNS_NUM>044387793</ORG_DUNS_NUM>
<ORG_LGL_BUS_NAME>DUKE UNIVERSITY</ORG_LGL_BUS_NAME>
<ORG_PRNT_DUNS_NUM>044387793</ORG_PRNT_DUNS_NUM>
</Institution>
<Performance_Institution>
<Name><![CDATA[Duke University]]></Name>
<CityName>Durham</CityName>
<StateCode>NC</StateCode>
<ZipCode>277054010</ZipCode>
<StreetAddress><![CDATA[2200 W. Main St, Suite 710]]></StreetAddress>
<CountryCode>US</CountryCode>
<CountryName>United States</CountryName>
<StateName>North Carolina</StateName>
<CountryFlag>1</CountryFlag>
<CONGRESSDISTRICT>04</CONGRESSDISTRICT>
<CONGRESS_DISTRICT_PERF>NC04</CONGRESS_DISTRICT_PERF>
</Performance_Institution>
<ProgramElement>
<Code>8060</Code>
<Text>Secure &amp;Trustworthy Cyberspace</Text>
</ProgramElement>
<ProgramReference>
<Code>025Z</Code>
<Text>SaTC: Secure and Trustworthy Cyberspace</Text>
</ProgramReference>
<ProgramReference>
<Code>7556</Code>
<Text>CONFERENCE AND WORKSHOPS</Text>
</ProgramReference>
<FUND_OBLG>2022~91601</FUND_OBLG>
</Award>
</rootTag>
