<?xml version="1.0" encoding="UTF-8"?>
<rootTag>
<Award>
<AwardTitle>2021 NSF Nanoscale Science and Engineering (NSE) Grantees Conference - NNI Retrospective</AwardTitle>
<AGENCY>NSF</AGENCY>
<AwardEffectiveDate>12/01/2021</AwardEffectiveDate>
<AwardExpirationDate>05/31/2022</AwardExpirationDate>
<AwardTotalIntnAmount>25463.00</AwardTotalIntnAmount>
<AwardAmount>25463</AwardAmount>
<AwardInstrument>
<Value>Standard Grant</Value>
</AwardInstrument>
<Organization>
<Code>07030000</Code>
<Directorate>
<Abbreviation>ENG</Abbreviation>
<LongName>Directorate For Engineering</LongName>
</Directorate>
<Division>
<Abbreviation>CMMI</Abbreviation>
<LongName>Div Of Civil, Mechanical, &amp; Manufact Inn</LongName>
</Division>
</Organization>
<ProgramOfficer>
<SignBlockName>Khershed Cooper</SignBlockName>
<PO_EMAI>khcooper@nsf.gov</PO_EMAI>
<PO_PHON>7032927017</PO_PHON>
</ProgramOfficer>
<AbstractNarration>This award provides supplemental support for the annual 2021 NSF Nanoscale Science and Engineering (NSE) Grantees Conference. The project involves the production of a retrospective video documentary chronicling the inception, history, achievements and impacts of the National Nanotechnology Initiative (NNI) over the last 20 years as well as the progress of nanotechnology presented and discussed at the associated annual NSF-sponsored Nano-scale Science and Engineering (NSE) Grantees Conference. The documentary is tentatively titled "Creating a National Initiative: National Nanotechnology Initiative at 20 years." The production goal is to create a short video for distribution to a range of audiences, nanotechnology trade press, social media outlets, and educational institutions at all levels. Students, young faculty, women and under-represented minority students and the general public will benefit from the dissemination of nanotechnology and nanomanufacturing achievements and impacts through this video.&lt;br/&gt;&lt;br/&gt;The annual NSE grantees conference serves as a program review and research networking event that highlights ongoing research and educational activities in various NSF nanotechnology science and engineering programs. The main theme of this conference is ‘nanomanufacturing’. A need for creating media to disseminate nanotechnology and nanomanufacturing achievements and impacts since the inception of the NNI was identified. To meet this need, a documentary video will be professionally created. The video will highlight how the NNI was created and why it was successful. It will also present the evolution, challenges and results of the NNI since its inception in January 2000. It will include interviews with selected contributors, experts and thought leaders in nanotechnology and nanomanufacturing. This is a unique opportunity to highlight achievements of 20 years of the NNI and associated NSF Nano Grantees Conference series. This understanding of the NNI model could be used to establish national initiatives in emerging and converging technologies such as QIS, advanced semiconductors, modern biology, AI, advanced wireless, and advanced manufacturing.&lt;br/&gt;&lt;br/&gt;This award reflects NSF's statutory mission and has been deemed worthy of support through evaluation using the Foundation's intellectual merit and broader impacts review criteria.</AbstractNarration>
<MinAmdLetterDate>12/08/2021</MinAmdLetterDate>
<MaxAmdLetterDate>12/08/2021</MaxAmdLetterDate>
<ARRAAmount/>
<TRAN_TYPE>Grant</TRAN_TYPE>
<CFDA_NUM>47.041</CFDA_NUM>
<NSF_PAR_USE_FLAG>1</NSF_PAR_USE_FLAG>
<FUND_AGCY_CODE>4900</FUND_AGCY_CODE>
<AWDG_AGCY_CODE>4900</AWDG_AGCY_CODE>
<AwardID>2205707</AwardID>
<Investigator>
<FirstName>Daniel</FirstName>
<LastName>Herr</LastName>
<PI_MID_INIT>J</PI_MID_INIT>
<PI_SUFX_NAME/>
<PI_FULL_NAME>Daniel J Herr</PI_FULL_NAME>
<EmailAddress>djherr@uncg.edu</EmailAddress>
<PI_PHON>3362852862</PI_PHON>
<NSF_ID>000619081</NSF_ID>
<StartDate>12/08/2021</StartDate>
<EndDate/>
<RoleCode>Principal Investigator</RoleCode>
</Investigator>
<Institution>
<Name>University of North Carolina Greensboro</Name>
<CityName>Greensboro</CityName>
<ZipCode>274125013</ZipCode>
<PhoneNumber>3363345878</PhoneNumber>
<StreetAddress>1111 Spring Garden Street</StreetAddress>
<StreetAddress2><![CDATA[2702 Moore Hum. & Research Admin]]></StreetAddress2>
<CountryName>United States</CountryName>
<StateName>North Carolina</StateName>
<StateCode>NC</StateCode>
<CONGRESSDISTRICT>06</CONGRESSDISTRICT>
<CONGRESS_DISTRICT_ORG>NC06</CONGRESS_DISTRICT_ORG>
<ORG_DUNS_NUM>616152567</ORG_DUNS_NUM>
<ORG_LGL_BUS_NAME>UNIVERSITY OF NORTH CAROLINA AT GREENSBORO</ORG_LGL_BUS_NAME>
<ORG_PRNT_DUNS_NUM>142363428</ORG_PRNT_DUNS_NUM>
</Institution>
<Performance_Institution>
<Name><![CDATA[Joint School of Nanoscience and Nanoengineering]]></Name>
<CityName>Greensboro</CityName>
<StateCode>NC</StateCode>
<ZipCode>274014897</ZipCode>
<StreetAddress><![CDATA[2907 E Gate City Blvd]]></StreetAddress>
<CountryCode>US</CountryCode>
<CountryName>United States</CountryName>
<StateName>North Carolina</StateName>
<CountryFlag>1</CountryFlag>
<CONGRESSDISTRICT>06</CONGRESSDISTRICT>
<CONGRESS_DISTRICT_PERF>NC06</CONGRESS_DISTRICT_PERF>
</Performance_Institution>
<ProgramElement>
<Code>088Y</Code>
<Text>AM-Advanced Manufacturing</Text>
</ProgramElement>
<ProgramElement>
<Code>7681</Code>
<Text>ENG NNI Special Studies</Text>
</ProgramElement>
<ProgramReference>
<Code>081E</Code>
<Text>NANO SCALE ASSEMBLY</Text>
</ProgramReference>
<ProgramReference>
<Code>083E</Code>
<Text>MATERIAL TRANSFORMATION PROC</Text>
</ProgramReference>
<ProgramReference>
<Code>084E</Code>
<Text>NANOMANUFACTURING</Text>
</ProgramReference>
<ProgramReference>
<Code>7556</Code>
<Text>CONFERENCE AND WORKSHOPS</Text>
</ProgramReference>
<FUND_OBLG>2022~25463</FUND_OBLG>
</Award>
</rootTag>
