<?xml version="1.0" encoding="UTF-8"?>
<rootTag>
<Award>
<AwardTitle>CAREER: Scalable and Adaptive Edge Stream Processing</AwardTitle>
<AGENCY>NSF</AGENCY>
<AwardEffectiveDate>10/01/2021</AwardEffectiveDate>
<AwardExpirationDate>08/31/2025</AwardExpirationDate>
<AwardTotalIntnAmount>488719.00</AwardTotalIntnAmount>
<AwardAmount>184373</AwardAmount>
<AwardInstrument>
<Value>Continuing Grant</Value>
</AwardInstrument>
<Organization>
<Code>05050000</Code>
<Directorate>
<Abbreviation>CSE</Abbreviation>
<LongName>Direct For Computer &amp; Info Scie &amp; Enginr</LongName>
</Directorate>
<Division>
<Abbreviation>CNS</Abbreviation>
<LongName>Division Of Computer and Network Systems</LongName>
</Division>
</Organization>
<ProgramOfficer>
<SignBlockName>Marilyn McClure</SignBlockName>
<PO_EMAI>mmcclure@nsf.gov</PO_EMAI>
<PO_PHON>7032925197</PO_PHON>
</ProgramOfficer>
<AbstractNarration>Internet-of-Things (IoT) applications such as self-driving cars, augmented reality, interactive gaming, and event monitoring have a tremendous potential to improve our lives. These applications generate a large influx of sensor data at massive scales. Under many time-critical scenarios, these massive data streams must be processed in a very short time to derive actionable intelligence. This CAREER project aims to support time-critical IoT applications by applying the stream processing paradigm to the Edge computing architecture. The success of this research will benefit many time-critical IoT applications in the areas such as factory automation, the tactile internet, autonomous vehicles, and process automation. It will also substantially improve the performance profiles of a variety of data processing systems, such as wide-area data analytics systems, mobile data access systems, event tracking systems, and streaming databases. As an integral part of its research program, this CAREER project involves K-12, undergraduate and graduate level education in partnership with the local Public School system.&lt;br/&gt;&lt;br/&gt;Specifically, this CAREER project will build a scalable and adaptive Edge stream processing engine, which enables fast stream processing of a large number of concurrent IoT queries in the dynamic, heterogeneous Edge environment. This work includes three primary research directions. First, a new dynamic dataflow graph abstraction will be implemented, which automatically chains, parallelizes and replicates stream operators to adapt to the Edge dynamics and handle failures in a scalable way. Second, a new customizable data shuffling service abstraction will be implemented, which customizes the data shuffling path (e.g., ring shuffle, hierarchical tree shuffle, butterfly wrap shuffle) at runtime for the given network topology and workload. Third, a fully decentralized architecture with many distributed schedulers will be implemented, in which each scheduler operates autonomously to process IoT queries. All three parts of the project will be prototyped and implemented on real-world stream processing systems and validated by performing real-world experiments.&lt;br/&gt;&lt;br/&gt;This award reflects NSF's statutory mission and has been deemed worthy of support through evaluation using the Foundation's intellectual merit and broader impacts review criteria.</AbstractNarration>
<MinAmdLetterDate>12/21/2021</MinAmdLetterDate>
<MaxAmdLetterDate>12/21/2021</MaxAmdLetterDate>
<ARRAAmount/>
<TRAN_TYPE>Grant</TRAN_TYPE>
<CFDA_NUM>47.070</CFDA_NUM>
<NSF_PAR_USE_FLAG>1</NSF_PAR_USE_FLAG>
<FUND_AGCY_CODE>4900</FUND_AGCY_CODE>
<AWDG_AGCY_CODE>4900</AWDG_AGCY_CODE>
<AwardID>2205677</AwardID>
<Investigator>
<FirstName>Liting</FirstName>
<LastName>Hu</LastName>
<PI_MID_INIT/>
<PI_SUFX_NAME/>
<PI_FULL_NAME>Liting Hu</PI_FULL_NAME>
<EmailAddress>litinghu@vt.edu</EmailAddress>
<PI_PHON>7722227212</PI_PHON>
<NSF_ID>000734570</NSF_ID>
<StartDate>12/21/2021</StartDate>
<EndDate/>
<RoleCode>Principal Investigator</RoleCode>
</Investigator>
<Institution>
<Name>Virginia Polytechnic Institute and State University</Name>
<CityName>BLACKSBURG</CityName>
<ZipCode>240610001</ZipCode>
<PhoneNumber>5402315281</PhoneNumber>
<StreetAddress>Sponsored Programs 0170</StreetAddress>
<StreetAddress2><![CDATA[300 Turner Street NW, Suite 4200]]></StreetAddress2>
<CountryName>United States</CountryName>
<StateName>Virginia</StateName>
<StateCode>VA</StateCode>
<CONGRESSDISTRICT>09</CONGRESSDISTRICT>
<CONGRESS_DISTRICT_ORG>VA09</CONGRESS_DISTRICT_ORG>
<ORG_DUNS_NUM>003137015</ORG_DUNS_NUM>
<ORG_LGL_BUS_NAME>VIRGINIA POLYTECHNIC INSTITUTE AND STATE UNIVERSITY</ORG_LGL_BUS_NAME>
<ORG_PRNT_DUNS_NUM>003137015</ORG_PRNT_DUNS_NUM>
</Institution>
<Performance_Institution>
<Name><![CDATA[Virginia Polytechnic Institute and State University]]></Name>
<CityName>Blacksburgh</CityName>
<StateCode>VA</StateCode>
<ZipCode>240610001</ZipCode>
<StreetAddress><![CDATA[300 Turner Street NW]]></StreetAddress>
<CountryCode>US</CountryCode>
<CountryName>United States</CountryName>
<StateName>Virginia</StateName>
<CountryFlag>1</CountryFlag>
<CONGRESSDISTRICT>09</CONGRESSDISTRICT>
<CONGRESS_DISTRICT_PERF>VA09</CONGRESS_DISTRICT_PERF>
</Performance_Institution>
<ProgramElement>
<Code>7354</Code>
<Text>CSR-Computer Systems Research</Text>
</ProgramElement>
<ProgramReference>
<Code>1045</Code>
<Text>CAREER-Faculty Erly Career Dev</Text>
</ProgramReference>
<FUND_OBLG>2020~184373</FUND_OBLG>
</Award>
</rootTag>
