<?xml version="1.0" encoding="UTF-8"?>
<rootTag>
<Award>
<AwardTitle>Collaborative Research: RAPID: A Modeling-Based Investigation in Support of Pioneer Array Relocation Design in the Southern Mid-Atlantic Bight</AwardTitle>
<AGENCY>NSF</AGENCY>
<AwardEffectiveDate>12/15/2021</AwardEffectiveDate>
<AwardExpirationDate>11/30/2022</AwardExpirationDate>
<AwardTotalIntnAmount>146399.00</AwardTotalIntnAmount>
<AwardAmount>146399</AwardAmount>
<AwardInstrument>
<Value>Standard Grant</Value>
</AwardInstrument>
<Organization>
<Code>06040100</Code>
<Directorate>
<Abbreviation>GEO</Abbreviation>
<LongName>Directorate For Geosciences</LongName>
</Directorate>
<Division>
<Abbreviation>OCE</Abbreviation>
<LongName>Division Of Ocean Sciences</LongName>
</Division>
</Organization>
<ProgramOfficer>
<SignBlockName>Kandace Binkley</SignBlockName>
<PO_EMAI>kbinkley@nsf.gov</PO_EMAI>
<PO_PHON>7032927577</PO_PHON>
</ProgramOfficer>
<AbstractNarration>Through a series of NSF sponsored Pioneer Array Innovations Labs, the new location for the NSF Ocean Observatories Initiative (OOI) Pioneer Coastal Array will be relocated to the Southern Mid-Atlantic Bight (S-MAB), in the region between Cape Hatteras, NC, and Norfolk Canyon, VA. In order to inform specific array design decisions, such as mooring siting, spacing, and instrument/sensor selection and configuration it is important to perform ocean numerical modeling analysis of the complex and dynamic ocean circulation to provide guidance to the OOI-CGSN Pioneer Array system design and build group that meets their published milestones/constraints for the design and build-out timeline. The results of this modelling effort would strengthen future model-based co-design of NSF-supported field programs, including the next Pioneer redeployment in another five (5) years. This project offers opportunities to develop strong partnerships with stakeholders in academia, government, and industry sectors, including marine fisheries and offshore renewable energy (wind and hydrokinetic).&lt;br/&gt;&lt;br/&gt;&lt;br/&gt;The PI's proposes to perform a suite of numerical modeling investigations and analyses to deliver actionable guidance to the OOI-CGSN Pioneer Array system design and build group that meets their published milestones/constraints for the design and build-out timeline. Skillful ocean modeling and analysis will offer a virtual ocean framework – a “digital twin” ocean – that can be used to inform specific array design decisions, such as mooring siting, spacing, and instrument/sensor selection and configuration.&lt;br/&gt;&lt;br/&gt;This award reflects NSF's statutory mission and has been deemed worthy of support through evaluation using the Foundation's intellectual merit and broader impacts review criteria.</AbstractNarration>
<MinAmdLetterDate>12/10/2021</MinAmdLetterDate>
<MaxAmdLetterDate>12/10/2021</MaxAmdLetterDate>
<ARRAAmount/>
<TRAN_TYPE>Grant</TRAN_TYPE>
<CFDA_NUM>47.050</CFDA_NUM>
<NSF_PAR_USE_FLAG>1</NSF_PAR_USE_FLAG>
<FUND_AGCY_CODE>4900</FUND_AGCY_CODE>
<AWDG_AGCY_CODE>4900</AWDG_AGCY_CODE>
<AwardID>2206052</AwardID>
<Investigator>
<FirstName>Ruoying</FirstName>
<LastName>He</LastName>
<PI_MID_INIT/>
<PI_SUFX_NAME/>
<PI_FULL_NAME>Ruoying He</PI_FULL_NAME>
<EmailAddress>rhe@ncsu.edu</EmailAddress>
<PI_PHON>9195130249</PI_PHON>
<NSF_ID>000484644</NSF_ID>
<StartDate>12/10/2021</StartDate>
<EndDate/>
<RoleCode>Principal Investigator</RoleCode>
</Investigator>
<Institution>
<Name>North Carolina State University</Name>
<CityName>Raleigh</CityName>
<ZipCode>276957514</ZipCode>
<PhoneNumber>9195152444</PhoneNumber>
<StreetAddress>2601 Wolf Village Way</StreetAddress>
<StreetAddress2><![CDATA[Admin. III, STE 240]]></StreetAddress2>
<CountryName>United States</CountryName>
<StateName>North Carolina</StateName>
<StateCode>NC</StateCode>
<CONGRESSDISTRICT>02</CONGRESSDISTRICT>
<CONGRESS_DISTRICT_ORG>NC02</CONGRESS_DISTRICT_ORG>
<ORG_DUNS_NUM>042092122</ORG_DUNS_NUM>
<ORG_LGL_BUS_NAME>NORTH CAROLINA STATE UNIVERSITY</ORG_LGL_BUS_NAME>
<ORG_PRNT_DUNS_NUM>142363428</ORG_PRNT_DUNS_NUM>
</Institution>
<Performance_Institution>
<Name><![CDATA[North Carolina State University]]></Name>
<CityName>Raleigh</CityName>
<StateCode>NC</StateCode>
<ZipCode>276958208</ZipCode>
<StreetAddress><![CDATA[2800 Faucette Drive]]></StreetAddress>
<CountryCode>US</CountryCode>
<CountryName>United States</CountryName>
<StateName>North Carolina</StateName>
<CountryFlag>1</CountryFlag>
<CONGRESSDISTRICT>02</CONGRESSDISTRICT>
<CONGRESS_DISTRICT_PERF>NC02</CONGRESS_DISTRICT_PERF>
</Performance_Institution>
<ProgramElement>
<Code>7398</Code>
<Text>OCEAN OBSERVATORY SCI &amp; TECH</Text>
</ProgramElement>
<ProgramReference>
<Code>7914</Code>
<Text>RAPID</Text>
</ProgramReference>
<FUND_OBLG>2022~146399</FUND_OBLG>
</Award>
</rootTag>
