<?xml version="1.0" encoding="UTF-8"?>
<rootTag>
<Award>
<AwardTitle>Collaborative Research: EAGER: Using allies to expand your network: Implementing a psychological methodology to attract and retain underrepresented (UR) students in geoscience</AwardTitle>
<AGENCY>NSF</AGENCY>
<AwardEffectiveDate>12/15/2021</AwardEffectiveDate>
<AwardExpirationDate>08/31/2022</AwardExpirationDate>
<AwardTotalIntnAmount>46568.00</AwardTotalIntnAmount>
<AwardAmount>12305</AwardAmount>
<AwardInstrument>
<Value>Standard Grant</Value>
</AwardInstrument>
<Organization>
<Code>06010000</Code>
<Directorate>
<Abbreviation>GEO</Abbreviation>
<LongName>Directorate For Geosciences</LongName>
</Directorate>
<Division>
<Abbreviation>ICER</Abbreviation>
<LongName>ICER</LongName>
</Division>
</Organization>
<ProgramOfficer>
<SignBlockName>Brandon Jones</SignBlockName>
<PO_EMAI>mbjones@nsf.gov</PO_EMAI>
<PO_PHON>7032924713</PO_PHON>
</ProgramOfficer>
<AbstractNarration>Geoscience maintains a base-rate problem with respect to diversity: ethnic minorities and people with disabilities are highly underrepresented. This has been traced to a variety of barriers for underrepresented (UR) ethnic scholars including: a lack of geoscience majors at HBCUs and primarily Hispanic-serving institutions, a lack of experience with, and time spent in, nature (e.g., &lt; 3% of visitors to U.S. national parks are Black and Hispanic), and negative attitudes about career prospects. For people with disabilities, the main challenge is accessibility and the provision of appropriate accommodations. UR individuals may self-select out of geoscience programs due to these perceptions and barriers. This project will test the idea that allies, or members of dominant social identities, are best situated to positively influence these statistics. Academic allies, whether faculty or graduate student teaching assistants, have tremendous impact on their students’ academic engagement and can serve as linchpins for improving the future trajectories of UR students. PIs will train individuals in effective allyship behaviors, and incentivize them to recruit UR students into their academic field trips. The PIs plan to target allies who engage in field research and education, as geoscience is a unique STEM field insofar as much of the data collection and skill development are practiced out in nature at locations around the world. The PIs propose testing a strategy to overcome barriers in this context for UR students, as positive (or negative) experiences in field settings have profound impacts on recruitment and retention.&lt;br/&gt;&lt;br/&gt;This project will facilitate training and assessment of approximately 80 academic allies and measure the effect of that training on allies as well as hundreds of majority and UR students. The expectation is that the training will produce a secondary effect: academic allies role model effective behaviors to all of their students and faculty networks, creating a “train-the-trainer” ripple effect. The PIs will use academic field trips as a vehicle for measurement, including multisource ratings, applying 360-degree-type ratings typically collected in performance appraisals to this setting. Deliverables include an experimental, longitudinal (over time), and multisource analysis of the allyship program and its improvement of allyship-related attitudes and behaviors, as well as its impact on the performance of UR students. These results will inform research efforts regarding the effectiveness of implemented strategies, and the materials and procedure will be made open-source for maximum replicability. A capstone conference will be used to disseminate findings to all participating allies and UR students, inform about methodologies that improve attraction and retention of UR groups in the geosciences, and expand UR networks.&lt;br/&gt;&lt;br/&gt;This award reflects NSF's statutory mission and has been deemed worthy of support through evaluation using the Foundation's intellectual merit and broader impacts review criteria.</AbstractNarration>
<MinAmdLetterDate>12/19/2021</MinAmdLetterDate>
<MaxAmdLetterDate>12/19/2021</MaxAmdLetterDate>
<ARRAAmount/>
<TRAN_TYPE>Grant</TRAN_TYPE>
<CFDA_NUM>47.050</CFDA_NUM>
<NSF_PAR_USE_FLAG>1</NSF_PAR_USE_FLAG>
<FUND_AGCY_CODE>4900</FUND_AGCY_CODE>
<AWDG_AGCY_CODE>4900</AWDG_AGCY_CODE>
<AwardID>2206181</AwardID>
<Investigator>
<FirstName>Christine</FirstName>
<LastName>Nittrouer</LastName>
<PI_MID_INIT>L</PI_MID_INIT>
<PI_SUFX_NAME/>
<PI_FULL_NAME>Christine L Nittrouer</PI_FULL_NAME>
<EmailAddress>nittrouerc@uhd.edu</EmailAddress>
<PI_PHON>7132218475</PI_PHON>
<NSF_ID>000829075</NSF_ID>
<StartDate>12/19/2021</StartDate>
<EndDate/>
<RoleCode>Principal Investigator</RoleCode>
</Investigator>
<Institution>
<Name>Texas Tech University</Name>
<CityName>Lubbock</CityName>
<ZipCode>794091035</ZipCode>
<PhoneNumber>8067423884</PhoneNumber>
<StreetAddress>349 Administration Bldg</StreetAddress>
<StreetAddress2/>
<CountryName>United States</CountryName>
<StateName>Texas</StateName>
<StateCode>TX</StateCode>
<CONGRESSDISTRICT>19</CONGRESSDISTRICT>
<CONGRESS_DISTRICT_ORG>TX19</CONGRESS_DISTRICT_ORG>
<ORG_DUNS_NUM>041367053</ORG_DUNS_NUM>
<ORG_LGL_BUS_NAME>TEXAS TECH UNIVERSITY SYSTEM</ORG_LGL_BUS_NAME>
<ORG_PRNT_DUNS_NUM>041367053</ORG_PRNT_DUNS_NUM>
</Institution>
<Performance_Institution>
<Name><![CDATA[Texas Tech University]]></Name>
<CityName>Lubbock</CityName>
<StateCode>TX</StateCode>
<ZipCode>794091035</ZipCode>
<StreetAddress><![CDATA[349 Administration Bldg]]></StreetAddress>
<CountryCode>US</CountryCode>
<CountryName>United States</CountryName>
<StateName>Texas</StateName>
<CountryFlag>1</CountryFlag>
<CONGRESSDISTRICT>19</CONGRESSDISTRICT>
<CONGRESS_DISTRICT_PERF>TX19</CONGRESS_DISTRICT_PERF>
</Performance_Institution>
<ProgramElement>
<Code>7699</Code>
<Text>Integrat &amp; Collab Ed &amp; Rsearch</Text>
</ProgramElement>
<ProgramReference>
<Code>7699</Code>
<Text>ICER</Text>
</ProgramReference>
<ProgramReference>
<Code>7916</Code>
<Text>EAGER</Text>
</ProgramReference>
<FUND_OBLG>2020~12305</FUND_OBLG>
</Award>
</rootTag>
