<?xml version="1.0" encoding="UTF-8"?>
<rootTag>
<Award>
<AwardTitle>Practice-Driven Professional Development for Algebra Teachers</AwardTitle>
<AGENCY>NSF</AGENCY>
<AwardEffectiveDate>12/01/2021</AwardEffectiveDate>
<AwardExpirationDate>09/30/2025</AwardExpirationDate>
<AwardTotalIntnAmount>2533289.00</AwardTotalIntnAmount>
<AwardAmount>1150525</AwardAmount>
<AwardInstrument>
<Value>Continuing Grant</Value>
</AwardInstrument>
<Organization>
<Code>11090000</Code>
<Directorate>
<Abbreviation>EHR</Abbreviation>
<LongName>Direct For Education and Human Resources</LongName>
</Directorate>
<Division>
<Abbreviation>DRL</Abbreviation>
<LongName>Division Of Research On Learning</LongName>
</Division>
</Organization>
<ProgramOfficer>
<SignBlockName>Eric Knuth</SignBlockName>
<PO_EMAI>eknuth@nsf.gov</PO_EMAI>
<PO_PHON>7032928402</PO_PHON>
</ProgramOfficer>
<AbstractNarration>Professional development (PD) is a direct attempt to improve the quality of instruction for teachers already in the classroom. Traditional PD is typically costly in terms of time and money, and efforts tend to be delivered as a one-size-fits-all approach. Furthermore, for teachers who adopt novel techniques such as flipped instruction, there may be few resources to support their efforts. This project seeks to develop a personalized, scalable PD approach that centers on and builds from algebra teachers’ practices and individual strengths. The project will focus its PD efforts on instructional actions that are tailored to teachers' existing practice, can be readily adopted, and are easily accessible. The project team have termed such instructional actions high-uptake practices. The project will develop and field test PD materials to support algebra teachers at scale via these high-uptake practices.&lt;br/&gt;&lt;br/&gt;In addition to developing the PD materials, the project team will research the efficacy of this PD model in terms of student learning outcomes and teacher instructional practices in approximately 60 algebra classrooms. The main data sources will include teacher observation data, teacher interviews and surveys, student pre/posttests, student surveys, and PD analytics. The research will characterize the immediate and longer term impacts of the PD on teachers’ instructional practices; and characterize the impact of teachers’ participation in the PD on students’ learning outcomes and engagement. The research questions include: 1) In what ways does teachers’ participation in the PD impact their instructional practices? 2) Do students of teachers who participate in the PD demonstrate differential growth in learning outcomes? 3) Do students of teachers who participate in the PD have increased rates of homework completion?; and 4) Do students of teachers who participate in the PD have increased engagement during individual work time? In meeting both our PD development and research aims, this project will contribute knowledge about the effectiveness of an incremental, practice-driven approach to PD and instructional change.&lt;br/&gt;&lt;br/&gt;The Discovery Research preK-12 program (DRK-12) seeks to significantly enhance the learning and teaching of science, technology, engineering and mathematics (STEM) by preK-12 students and teachers, through research and development of innovative resources, models and tools. Projects in the DRK-12 program build on fundamental research in STEM education and prior research and development efforts that provide theoretical and empirical justification for proposed projects.&lt;br/&gt;&lt;br/&gt;This award reflects NSF's statutory mission and has been deemed worthy of support through evaluation using the Foundation's intellectual merit and broader impacts review criteria.</AbstractNarration>
<MinAmdLetterDate>11/29/2021</MinAmdLetterDate>
<MaxAmdLetterDate>11/29/2021</MaxAmdLetterDate>
<ARRAAmount/>
<TRAN_TYPE>Grant</TRAN_TYPE>
<CFDA_NUM>47.076</CFDA_NUM>
<NSF_PAR_USE_FLAG>1</NSF_PAR_USE_FLAG>
<FUND_AGCY_CODE>4900</FUND_AGCY_CODE>
<AWDG_AGCY_CODE>4900</AWDG_AGCY_CODE>
<AwardID>2206774</AwardID>
<Investigator>
<FirstName>Zandra</FirstName>
<LastName>de Araujo</LastName>
<PI_MID_INIT>U</PI_MID_INIT>
<PI_SUFX_NAME/>
<PI_FULL_NAME>Zandra U de Araujo</PI_FULL_NAME>
<EmailAddress>zdearaujo@coe.ufl.edu</EmailAddress>
<PI_PHON>3522734103</PI_PHON>
<NSF_ID>000628397</NSF_ID>
<StartDate>11/29/2021</StartDate>
<EndDate/>
<RoleCode>Principal Investigator</RoleCode>
</Investigator>
<Institution>
<Name>University of Florida</Name>
<CityName>GAINESVILLE</CityName>
<ZipCode>326112002</ZipCode>
<PhoneNumber>3523923516</PhoneNumber>
<StreetAddress>1 UNIVERSITY OF FLORIDA</StreetAddress>
<StreetAddress2/>
<CountryName>United States</CountryName>
<StateName>Florida</StateName>
<StateCode>FL</StateCode>
<CONGRESSDISTRICT>03</CONGRESSDISTRICT>
<CONGRESS_DISTRICT_ORG>FL03</CONGRESS_DISTRICT_ORG>
<ORG_DUNS_NUM>969663814</ORG_DUNS_NUM>
<ORG_LGL_BUS_NAME>UNIVERSITY OF FLORIDA</ORG_LGL_BUS_NAME>
<ORG_PRNT_DUNS_NUM>159621697</ORG_PRNT_DUNS_NUM>
</Institution>
<Performance_Institution>
<Name><![CDATA[University of Florida]]></Name>
<CityName>Gainesville</CityName>
<StateCode>FL</StateCode>
<ZipCode>326112002</ZipCode>
<StreetAddress><![CDATA[1 UNIVERSITY OF FLORIDA]]></StreetAddress>
<CountryCode>US</CountryCode>
<CountryName>United States</CountryName>
<StateName>Florida</StateName>
<CountryFlag>1</CountryFlag>
<CONGRESSDISTRICT>03</CONGRESSDISTRICT>
<CONGRESS_DISTRICT_PERF>FL03</CONGRESS_DISTRICT_PERF>
</Performance_Institution>
<ProgramElement>
<Code>7645</Code>
<Text>Discovery Research K-12</Text>
</ProgramElement>
<FUND_OBLG>2021~1150525</FUND_OBLG>
</Award>
</rootTag>
