<?xml version="1.0" encoding="UTF-8"?>
<rootTag>
<Award>
<AwardTitle>EAGER: Scaling Up Plant Demographic Rates with Imagery from Unoccupied Aerial Systems</AwardTitle>
<AGENCY>NSF</AGENCY>
<AwardEffectiveDate>02/01/2022</AwardEffectiveDate>
<AwardExpirationDate>01/31/2023</AwardExpirationDate>
<AwardTotalIntnAmount>200367.00</AwardTotalIntnAmount>
<AwardAmount>200367</AwardAmount>
<AwardInstrument>
<Value>Standard Grant</Value>
</AwardInstrument>
<Organization>
<Code>08010000</Code>
<Directorate>
<Abbreviation>BIO</Abbreviation>
<LongName>Direct For Biological Sciences</LongName>
</Directorate>
<Division>
<Abbreviation>DEB</Abbreviation>
<LongName>Division Of Environmental Biology</LongName>
</Division>
</Organization>
<ProgramOfficer>
<SignBlockName>Carla D'Antonio</SignBlockName>
<PO_EMAI>cdantoni@nsf.gov</PO_EMAI>
<PO_PHON>7032924947</PO_PHON>
</ProgramOfficer>
<AbstractNarration>This award is funded in whole under the American Rescue Plan Act of 2021 (Public Law 117-2).&lt;br/&gt;&lt;br/&gt;Wildfires pose a growing threat to ecosystems in the American West, as climate change and invasive species promote larger and more frequent fires. Understanding how fast, if ever, native plant populations can recover from wildfire, and where recruitment of prior dominants is not occurring will aid efforts to restore degraded ecosystems. Plant population recovery is most often studied by marking and measuring individual plants in field plots or along 50 to 100 m transects. Logistical considerations limit the spatial coverage of these types of field measurements, resulting in a mismatch between multi-kilometer-scale wildfires and plot level responses. The research proposed here will use drones to develop new methods to measure plant population recovery over large areas. These methods will include computer algorithms to detect and distinguish individual plants in aerial imagery, and statistical models to quantify drone-detected plants' growth, survival, and reproduction. This quantitative framework will enable the research team to study how an ecologically important dominant plant species across the inter-mountain west is responding to wide spread fire and to large-scale environmental variation within the vast burned areas. The research will be applied to forecast population recovery of big sagebrush plants, a species with critical ecological importance. The results will aid land management across this vast region by advancing drone technology to monitor post-fire recovery.&lt;br/&gt; &lt;br/&gt;Novel remote sensing data from unoccupied aerial systems (UAS) could aid spatial models for plant demography by providing imagery with fine enough resolution to detect individual plants across large spatial extents. This project will develop a framework to infer plant demographic rates from UAS imagery by coupling computer vision techniques with hierarchical Bayesian models. The research will focus on spatial population dynamics of big sagebrush, Artemisia tridentata, a species with high conservation value in the American West. As wildfires decimate sagebrush habitat, landscape recovery depends on whether big sagebrush can recolonize disturbed areas. However, like most low-statured plants, our understanding of big sagebrush demography is almost entirely derived from meter-scale field plots, limiting extrapolation to large spatial scales. The research will develop a reproducible workflow to identify individual plants in UAS imagery, quantify demographic rates of plants while accounting for imperfect detection in aerial imagery, and determine the impacts of spatial covariates on sagebrush demography. This research will advance quantitative modeling approaches for spatial plant demography with immediate application to an imperiled ecosystem.&lt;br/&gt;&lt;br/&gt;This award reflects NSF's statutory mission and has been deemed worthy of support through evaluation using the Foundation's intellectual merit and broader impacts review criteria.</AbstractNarration>
<MinAmdLetterDate>12/28/2021</MinAmdLetterDate>
<MaxAmdLetterDate>12/28/2021</MaxAmdLetterDate>
<ARRAAmount/>
<TRAN_TYPE>Grant</TRAN_TYPE>
<CFDA_NUM>47.074</CFDA_NUM>
<NSF_PAR_USE_FLAG>1</NSF_PAR_USE_FLAG>
<FUND_AGCY_CODE>4900</FUND_AGCY_CODE>
<AWDG_AGCY_CODE>4900</AWDG_AGCY_CODE>
<AwardID>2207158</AwardID>
<Investigator>
<FirstName>Timothy</FirstName>
<LastName>Caughlin</LastName>
<PI_MID_INIT>T</PI_MID_INIT>
<PI_SUFX_NAME/>
<PI_FULL_NAME>Timothy T Caughlin</PI_FULL_NAME>
<EmailAddress>trevor.caughlin@gmail.com</EmailAddress>
<PI_PHON/>
<NSF_ID>000660417</NSF_ID>
<StartDate>12/28/2021</StartDate>
<EndDate/>
<RoleCode>Principal Investigator</RoleCode>
</Investigator>
<Institution>
<Name>Boise State University</Name>
<CityName>Boise</CityName>
<ZipCode>837250001</ZipCode>
<PhoneNumber>2084261574</PhoneNumber>
<StreetAddress>1910 University Drive</StreetAddress>
<StreetAddress2/>
<CountryName>United States</CountryName>
<StateName>Idaho</StateName>
<StateCode>ID</StateCode>
<CONGRESSDISTRICT>02</CONGRESSDISTRICT>
<CONGRESS_DISTRICT_ORG>ID02</CONGRESS_DISTRICT_ORG>
<ORG_DUNS_NUM>072995848</ORG_DUNS_NUM>
<ORG_LGL_BUS_NAME>BOISE STATE UNIVERSITY</ORG_LGL_BUS_NAME>
<ORG_PRNT_DUNS_NUM>072995848</ORG_PRNT_DUNS_NUM>
</Institution>
<Performance_Institution>
<Name><![CDATA[Boise State University]]></Name>
<CityName>Boise</CityName>
<StateCode>ID</StateCode>
<ZipCode>837250001</ZipCode>
<StreetAddress><![CDATA[1910 University Drive]]></StreetAddress>
<CountryCode>US</CountryCode>
<CountryName>United States</CountryName>
<StateName>Idaho</StateName>
<CountryFlag>1</CountryFlag>
<CONGRESSDISTRICT>02</CONGRESSDISTRICT>
<CONGRESS_DISTRICT_PERF>ID02</CONGRESS_DISTRICT_PERF>
</Performance_Institution>
<ProgramElement>
<Code>7275</Code>
<Text>Cross-BIO Activities</Text>
</ProgramElement>
<ProgramReference>
<Code>102Z</Code>
<Text>COVID-Disproportionate Impcts Inst-Indiv</Text>
</ProgramReference>
<ProgramReference>
<Code>112Z</Code>
<Text>Racial Equity in STEM</Text>
</ProgramReference>
<ProgramReference>
<Code>7916</Code>
<Text>EAGER</Text>
</ProgramReference>
<ProgramReference>
<Code>9150</Code>
<Text>EXP PROG TO STIM COMP RES</Text>
</ProgramReference>
<ProgramReference>
<Code>9151</Code>
<Text>EPSCOR OUTREACH</Text>
</ProgramReference>
<FUND_OBLG>2022~200367</FUND_OBLG>
</Award>
</rootTag>
