<?xml version="1.0" encoding="UTF-8"?>
<rootTag>
<Award>
<AwardTitle>Space Weather Workshop; Boulder, Colorado; April 25–29, 2022</AwardTitle>
<AGENCY>NSF</AGENCY>
<AwardEffectiveDate>02/01/2022</AwardEffectiveDate>
<AwardExpirationDate>01/31/2023</AwardExpirationDate>
<AwardTotalIntnAmount>25000.00</AwardTotalIntnAmount>
<AwardAmount>25000</AwardAmount>
<AwardInstrument>
<Value>Standard Grant</Value>
</AwardInstrument>
<Organization>
<Code>06020200</Code>
<Directorate>
<Abbreviation>GEO</Abbreviation>
<LongName>Directorate For Geosciences</LongName>
</Directorate>
<Division>
<Abbreviation>AGS</Abbreviation>
<LongName>Div Atmospheric &amp; Geospace Sciences</LongName>
</Division>
</Organization>
<ProgramOfficer>
<SignBlockName>Mangala Sharma</SignBlockName>
<PO_EMAI>msharma@nsf.gov</PO_EMAI>
<PO_PHON>7032924773</PO_PHON>
</ProgramOfficer>
<AbstractNarration>This award provides partial funding for the Space Weather Workshop to be held in Boulder, Colorado or online in April 2022. The annual Space Weather Workshop, supported by NOAA, NASA, and NSF, has been our nation’s premier meeting on this topic since 1996. It brings together researchers, infrastructure operators, and policymakers to share actionable information on space weather, whose modeling and prediction remains a current challenge for science and societal resilience. &lt;br/&gt;&lt;br/&gt;The Space Weather Workshop highlights the remarkably diverse impacts of space weather on today’s technology including electric power systems, communications, navigation, aviation, and spacecraft operations. It explores recent scientific advances in predicting conditions in the space environment and the breadth of space weather research to operations and operations to research opportunities. The workshop promotes undergraduate and graduate student participation in space weather science and gives them insights into our nation’s space weather priorities, thus developing the next generation of space weather professionals.&lt;br/&gt;&lt;br/&gt;This award reflects NSF's statutory mission and has been deemed worthy of support through evaluation using the Foundation's intellectual merit and broader impacts review criteria.</AbstractNarration>
<MinAmdLetterDate>01/21/2022</MinAmdLetterDate>
<MaxAmdLetterDate>01/21/2022</MaxAmdLetterDate>
<ARRAAmount/>
<TRAN_TYPE>Grant</TRAN_TYPE>
<CFDA_NUM>47.050</CFDA_NUM>
<NSF_PAR_USE_FLAG>1</NSF_PAR_USE_FLAG>
<FUND_AGCY_CODE>4900</FUND_AGCY_CODE>
<AWDG_AGCY_CODE>4900</AWDG_AGCY_CODE>
<AwardID>2207157</AwardID>
<Investigator>
<FirstName>Hanne</FirstName>
<LastName>Mauriello</LastName>
<PI_MID_INIT/>
<PI_SUFX_NAME/>
<PI_FULL_NAME>Hanne Mauriello</PI_FULL_NAME>
<EmailAddress>hanne@ucar.edu</EmailAddress>
<PI_PHON>3034972677</PI_PHON>
<NSF_ID>000192562</NSF_ID>
<StartDate>01/21/2022</StartDate>
<EndDate/>
<RoleCode>Principal Investigator</RoleCode>
</Investigator>
<Institution>
<Name>University Corporation For Atmospheric Res</Name>
<CityName>Boulder</CityName>
<ZipCode>803012252</ZipCode>
<PhoneNumber>3034971000</PhoneNumber>
<StreetAddress>3090 Center Green Drive</StreetAddress>
<StreetAddress2/>
<CountryName>United States</CountryName>
<StateName>Colorado</StateName>
<StateCode>CO</StateCode>
<CONGRESSDISTRICT>02</CONGRESSDISTRICT>
<CONGRESS_DISTRICT_ORG>CO02</CONGRESS_DISTRICT_ORG>
<ORG_DUNS_NUM>078339587</ORG_DUNS_NUM>
<ORG_LGL_BUS_NAME>UNIVERSITY CORPORATION FOR ATMOSPHERIC RESEARCH</ORG_LGL_BUS_NAME>
<ORG_PRNT_DUNS_NUM>078339587</ORG_PRNT_DUNS_NUM>
</Institution>
<Performance_Institution>
<Name><![CDATA[UCAR]]></Name>
<CityName>Boulder</CityName>
<StateCode>CO</StateCode>
<ZipCode>803012252</ZipCode>
<StreetAddress><![CDATA[3090 Center Green Drive]]></StreetAddress>
<CountryCode>US</CountryCode>
<CountryName>United States</CountryName>
<StateName>Colorado</StateName>
<CountryFlag>1</CountryFlag>
<CONGRESSDISTRICT>02</CONGRESSDISTRICT>
<CONGRESS_DISTRICT_PERF>CO02</CONGRESS_DISTRICT_PERF>
</Performance_Institution>
<ProgramElement>
<Code>8089</Code>
<Text>Space Weather Research</Text>
</ProgramElement>
<ProgramReference>
<Code>7556</Code>
<Text>CONFERENCE AND WORKSHOPS</Text>
</ProgramReference>
<ProgramReference>
<Code>8092</Code>
<Text>Space Weather Research</Text>
</ProgramReference>
<FUND_OBLG>2022~25000</FUND_OBLG>
</Award>
</rootTag>
