<?xml version="1.0" encoding="UTF-8"?>
<rootTag>
<Award>
<AwardTitle>NSF-ANR: Detailed and Mechanistic Characterization of TAD Boundaries Using Complementary Single-Molecule Sequencing and Super-Resolution Imaging Approaches</AwardTitle>
<AGENCY>NSF</AGENCY>
<AwardEffectiveDate>02/01/2022</AwardEffectiveDate>
<AwardExpirationDate>01/31/2025</AwardExpirationDate>
<AwardTotalIntnAmount>325000.00</AwardTotalIntnAmount>
<AwardAmount>325000</AwardAmount>
<AwardInstrument>
<Value>Standard Grant</Value>
</AwardInstrument>
<Organization>
<Code>08070000</Code>
<Directorate>
<Abbreviation>BIO</Abbreviation>
<LongName>Direct For Biological Sciences</LongName>
</Directorate>
<Division>
<Abbreviation>MCB</Abbreviation>
<LongName>Div Of Molecular and Cellular Bioscience</LongName>
</Division>
</Organization>
<ProgramOfficer>
<SignBlockName>Manju Hingorani</SignBlockName>
<PO_EMAI>mhingora@nsf.gov</PO_EMAI>
<PO_PHON>7032927323</PO_PHON>
</ProgramOfficer>
<AbstractNarration>Eukaryotic genomes encode genetic information in their linear sequence, but appropriate expression of genes requires chromosomes to fold into complex and spatially distinct three-dimensional structures. Despite the remarkable conservation of these organizational features, there is limited understanding of how they enable chromosome function. A major leap forward in linking genome structure to function has been the discovery of Topologically Associating Domains (TADs), which are regional units of mammalian genomes implicated in gene regulation as well as DNA replication, repair and recombination. The boundaries between TADs are thought to prevent the “spreading” of molecular machineries involved in various processes. This research project aims to clarify the complex nature of TAD boundaries and better understand how they enable TAD structure and function. The project will also offer cross-disciplinary training opportunities for graduate and undergraduate students in complementary experimental and bioinformatic methods.&lt;br/&gt;&lt;br/&gt;Current experimental and in-silico models for TAD formation include simplified TAD boundaries consisting of punctuated and stable binding of CTCF protein. In contrast, recent evidence indicates that the boundaries are extended, dynamic and exhibit cell-to-cell variability. This project will employ novel single-molecule genomics approaches coupled with super-resolution imaging to identify and quantify the genetic elements that insulate neighboring TADs in single cells. The outcomes can help update models of TAD formation and improve understanding and prediction of how the boundaries contribute to TAD structure, dynamics and function. This new knowledge could in turn help identify mechanisms whereby uncharacterized genetic elements (e.g., identified in GWAS studies) cause subtle changes to gene regulation, DNA replication, repair and recombination. It may also help explain how TAD structure can be reorganized upon inherited or acquired changes to the non-coding genome (e.g., structural variation, polymorphisms).&lt;br/&gt;&lt;br/&gt;This collaborative US/France project is supported by the US National Science Foundation and the French Agence Nationale de la Recherche, where NSF funds the US investigator and ANR funds the partners in France.&lt;br/&gt;&lt;br/&gt;This award reflects NSF's statutory mission and has been deemed worthy of support through evaluation using the Foundation's intellectual merit and broader impacts review criteria.</AbstractNarration>
<MinAmdLetterDate>01/19/2022</MinAmdLetterDate>
<MaxAmdLetterDate>01/19/2022</MaxAmdLetterDate>
<ARRAAmount/>
<TRAN_TYPE>Grant</TRAN_TYPE>
<CFDA_NUM>47.049, 47.074</CFDA_NUM>
<NSF_PAR_USE_FLAG>1</NSF_PAR_USE_FLAG>
<FUND_AGCY_CODE>4900</FUND_AGCY_CODE>
<AWDG_AGCY_CODE>4900</AWDG_AGCY_CODE>
<AwardID>2207050</AwardID>
<Investigator>
<FirstName>Eric</FirstName>
<LastName>Joyce</LastName>
<PI_MID_INIT/>
<PI_SUFX_NAME/>
<PI_FULL_NAME>Eric Joyce</PI_FULL_NAME>
<EmailAddress>erjoyce@upenn.edu</EmailAddress>
<PI_PHON>2158981229</PI_PHON>
<NSF_ID>000856453</NSF_ID>
<StartDate>01/19/2022</StartDate>
<EndDate/>
<RoleCode>Principal Investigator</RoleCode>
</Investigator>
<Institution>
<Name>University of Pennsylvania</Name>
<CityName>Philadelphia</CityName>
<ZipCode>191046205</ZipCode>
<PhoneNumber>2158987293</PhoneNumber>
<StreetAddress>Research Services</StreetAddress>
<StreetAddress2><![CDATA[3451 Walnut St, 5th Flr Franklin]]></StreetAddress2>
<CountryName>United States</CountryName>
<StateName>Pennsylvania</StateName>
<StateCode>PA</StateCode>
<CONGRESSDISTRICT>03</CONGRESSDISTRICT>
<CONGRESS_DISTRICT_ORG>PA03</CONGRESS_DISTRICT_ORG>
<ORG_DUNS_NUM>042250712</ORG_DUNS_NUM>
<ORG_LGL_BUS_NAME>TRUSTEES OF THE UNIVERSITY OF PENNSYLVANIA, THE</ORG_LGL_BUS_NAME>
<ORG_PRNT_DUNS_NUM>042250712</ORG_PRNT_DUNS_NUM>
</Institution>
<Performance_Institution>
<Name><![CDATA[University of Pennsylvania]]></Name>
<CityName>Philadelphia</CityName>
<StateCode>PA</StateCode>
<ZipCode>191046205</ZipCode>
<StreetAddress><![CDATA[Research Services]]></StreetAddress>
<CountryCode>US</CountryCode>
<CountryName>United States</CountryName>
<StateName>Pennsylvania</StateName>
<CountryFlag>1</CountryFlag>
<CONGRESSDISTRICT>03</CONGRESSDISTRICT>
<CONGRESS_DISTRICT_PERF>PA03</CONGRESS_DISTRICT_PERF>
</Performance_Institution>
<ProgramElement>
<Code>1112</Code>
<Text>Genetic Mechanisms</Text>
</ProgramElement>
<ProgramElement>
<Code>7246</Code>
<Text>PHYSICS OF LIVING SYSTEMS</Text>
</ProgramElement>
<ProgramReference>
<Code>5918</Code>
<Text>FRANCE</Text>
</ProgramReference>
<ProgramReference>
<Code>7465</Code>
<Text>NANOSCALE BIO CORE</Text>
</ProgramReference>
<FUND_OBLG>2022~325000</FUND_OBLG>
</Award>
</rootTag>
