<?xml version="1.0" encoding="UTF-8"?>
<rootTag>
<Award>
<AwardTitle>CAREER: Characterizing Error Management Cognitive Bias in Design - A Path to Better Design</AwardTitle>
<AGENCY>NSF</AGENCY>
<AwardEffectiveDate>10/01/2021</AwardEffectiveDate>
<AwardExpirationDate>07/31/2024</AwardExpirationDate>
<AwardTotalIntnAmount>500000.00</AwardTotalIntnAmount>
<AwardAmount>245202</AwardAmount>
<AwardInstrument>
<Value>Standard Grant</Value>
</AwardInstrument>
<Organization>
<Code>07030000</Code>
<Directorate>
<Abbreviation>ENG</Abbreviation>
<LongName>Directorate For Engineering</LongName>
</Directorate>
<Division>
<Abbreviation>CMMI</Abbreviation>
<LongName>Div Of Civil, Mechanical, &amp; Manufact Inn</LongName>
</Division>
</Organization>
<ProgramOfficer>
<SignBlockName>Kathryn Jablokow</SignBlockName>
<PO_EMAI>kjabloko@nsf.gov</PO_EMAI>
<PO_PHON>7032927933</PO_PHON>
</ProgramOfficer>
<AbstractNarration>Cognitive bias can have significantly negative impacts on the success of decision-making and actions in human behavior, having been documented in many different forms and areas of application. The research objective of this Faculty Early Career Development Program (CAREER) award is to gain a deeper understanding of the role that error management cognitive bias plays in design process, and to identify and test means to mitigate that bias. Error management biases decision-making toward errors that are less costly. In design practice, error management may relate to concerns like self-preservation of one's livelihood or conservation of resources. Cognitive-based engineering design studies are performed with the perspective that if we can understand the way that designers think and work, we will be able to determine the practices, methods, tools, environments, and stimulation that lead to the best design output. Error management bias is a permeating presence in all human decision-making, and a clearer picture of its effects on design could fundamentally improve the way design problems are solved. A deeper, more complete understanding of the role of error management bias in design will also enhance design education techniques and learning outcomes. The educational objective of this CAREER award is to contribute to increasing the diversity of STEM fields, with particular focus on strengthening the pipeline through programming for K-12 girls and young women and racial minorities. In partnership with the Center for Puppetry Arts in Atlanta, GA, a three-part project will be executed: 1) engage a diverse national audience of children in Title I schools through a puppet-based, STEM-focused Distance Learning curriculum; 2) provide a local interactive, puppet-based, STEM education experience geared toward girls and minority children in the Atlanta area; and 3) provide a service learning experience for Georgia Tech engineering undergraduate students to engage in mentorship of girls and minority children through a cooperative STEM puppet exhibit design course. Through the these educational activities, underrepresented K-12 students, locally and nationally, will gain more interest in, and self-efficacy for, pursuing STEM studies and careers. Ultimately, by increasing diversity in STEM fields, more successful teams and innovation outcomes will be possible.&lt;br/&gt;&lt;br/&gt;This research is focused on furthering the development of new fundamental knowledge in the areas of design theory and methodology to gain a deeper understanding of the role that error management bias plays in the way design practice is performed and learned. Error management biases can include loss aversion bias, status quo bias, context-dependent preferences and many more. The specific goals are: 1) to gain a deeper understanding of the role that error management bias plays in design process; 2) to identify means to mitigate error management bias in the design process; and 3) to test and validate the means to mitigate error management bias in the design process. In design practice, error management bias could be beneficial, or dangerous, when it comes to decision-making. When approaching the study of error management biases in design, it will be important not only to recognize when, where and how these biases manifest, but also the potential impact of the biases on the design outcomes--which may not necessarily be negative. This research approach is centered on in-situ, ethnographic, and laboratory based studies of design practice in novices and expert designers to uncover and study the most prevalent forms of error management biases in design, as well as techniques for their mitigation, in detail. By studying error management biases in design more broadly and deeply, researchers and practitioners will be able to understand and improve design practice for more objective, rational actions and decision-making and, ultimately, better design innovation outcomes. This research will help to open up a broad, relatively unexplored area of inquiry in design theory and methods research.&lt;br/&gt;&lt;br/&gt;This award reflects NSF's statutory mission and has been deemed worthy of support through evaluation using the Foundation's intellectual merit and broader impacts review criteria.</AbstractNarration>
<MinAmdLetterDate>01/23/2022</MinAmdLetterDate>
<MaxAmdLetterDate>01/23/2022</MaxAmdLetterDate>
<ARRAAmount/>
<TRAN_TYPE>Grant</TRAN_TYPE>
<CFDA_NUM>47.041</CFDA_NUM>
<NSF_PAR_USE_FLAG>1</NSF_PAR_USE_FLAG>
<FUND_AGCY_CODE>4900</FUND_AGCY_CODE>
<AWDG_AGCY_CODE>4900</AWDG_AGCY_CODE>
<AwardID>2207448</AwardID>
<Investigator>
<FirstName>Katherine</FirstName>
<LastName>Fu</LastName>
<PI_MID_INIT/>
<PI_SUFX_NAME/>
<PI_FULL_NAME>Katherine Fu</PI_FULL_NAME>
<EmailAddress>kfu26@wisc.edu</EmailAddress>
<PI_PHON>5712147428</PI_PHON>
<NSF_ID>000670795</NSF_ID>
<StartDate>01/23/2022</StartDate>
<EndDate/>
<RoleCode>Principal Investigator</RoleCode>
</Investigator>
<Institution>
<Name>University of Wisconsin-Madison</Name>
<CityName>MADISON</CityName>
<ZipCode>537151218</ZipCode>
<PhoneNumber>6082623822</PhoneNumber>
<StreetAddress>21 North Park Street</StreetAddress>
<StreetAddress2><![CDATA[Suite 6401]]></StreetAddress2>
<CountryName>United States</CountryName>
<StateName>Wisconsin</StateName>
<StateCode>WI</StateCode>
<CONGRESSDISTRICT>02</CONGRESSDISTRICT>
<CONGRESS_DISTRICT_ORG>WI02</CONGRESS_DISTRICT_ORG>
<ORG_DUNS_NUM>161202122</ORG_DUNS_NUM>
<ORG_LGL_BUS_NAME>UNIVERSITY OF WISCONSIN SYSTEM</ORG_LGL_BUS_NAME>
<ORG_PRNT_DUNS_NUM>041188822</ORG_PRNT_DUNS_NUM>
</Institution>
<Performance_Institution>
<Name><![CDATA[University of Wisconsin-Madison]]></Name>
<CityName/>
<StateCode>WI</StateCode>
<ZipCode>537151218</ZipCode>
<StreetAddress/>
<CountryCode>US</CountryCode>
<CountryName>United States</CountryName>
<StateName>Wisconsin</StateName>
<CountryFlag>1</CountryFlag>
<CONGRESSDISTRICT>02</CONGRESSDISTRICT>
<CONGRESS_DISTRICT_PERF>WI02</CONGRESS_DISTRICT_PERF>
</Performance_Institution>
<ProgramElement>
<Code>072Y</Code>
<Text>EDSE-Engineering Design and Sy</Text>
</ProgramElement>
<ProgramElement>
<Code>1045</Code>
<Text>CAREER: FACULTY EARLY CAR DEV</Text>
</ProgramElement>
<ProgramReference>
<Code>068E</Code>
<Text>DESIGN THEORY</Text>
</ProgramReference>
<ProgramReference>
<Code>1045</Code>
<Text>CAREER-Faculty Erly Career Dev</Text>
</ProgramReference>
<ProgramReference>
<Code>116E</Code>
<Text>RESEARCH EXP FOR UNDERGRADS</Text>
</ProgramReference>
<ProgramReference>
<Code>9102</Code>
<Text>WOMEN, MINORITY, DISABLED, NEC</Text>
</ProgramReference>
<ProgramReference>
<Code>9178</Code>
<Text>UNDERGRADUATE EDUCATION</Text>
</ProgramReference>
<ProgramReference>
<Code>9231</Code>
<Text>SUPPL FOR UNDERGRAD RES ASSIST</Text>
</ProgramReference>
<ProgramReference>
<Code>9251</Code>
<Text>REU SUPP-Res Exp for Ugrd Supp</Text>
</ProgramReference>
<FUND_OBLG>2019~213202</FUND_OBLG>
<FUND_OBLG>2020~16000</FUND_OBLG>
<FUND_OBLG>2021~16000</FUND_OBLG>
</Award>
</rootTag>
