<?xml version="1.0" encoding="UTF-8"?>
<rootTag>
<Award>
<AwardTitle>RCN:  Intermittent River Research Coordination Network (IRRCN): Integrating Intermittent River Ecology and Hydrology</AwardTitle>
<AGENCY>NSF</AGENCY>
<AwardEffectiveDate>11/15/2021</AwardEffectiveDate>
<AwardExpirationDate>09/30/2022</AwardExpirationDate>
<AwardTotalIntnAmount>499955.00</AwardTotalIntnAmount>
<AwardAmount>326564</AwardAmount>
<AwardInstrument>
<Value>Standard Grant</Value>
</AwardInstrument>
<Organization>
<Code>08010209</Code>
<Directorate>
<Abbreviation>BIO</Abbreviation>
<LongName>Direct For Biological Sciences</LongName>
</Directorate>
<Division>
<Abbreviation>DEB</Abbreviation>
<LongName>Division Of Environmental Biology</LongName>
</Division>
</Organization>
<ProgramOfficer>
<SignBlockName>Elizabeth Blood</SignBlockName>
<PO_EMAI>eblood@nsf.gov</PO_EMAI>
<PO_PHON>7032924349</PO_PHON>
</ProgramOfficer>
<AbstractNarration>Life is simply different in the absence of water, especially for life in rivers and streams. Yet half of the Earth's rivers dry or stop flowing each year. These streams or rivers are called "intermittent." Intermittent rivers are not well studied or understood by researchers studying river ecology or river hydrology. Initial research shows the hydrology and ecology of intermittent rivers are very different from rivers that always flow. The current scientific understanding and concepts of streams and rivers is incomplete as it is biased towards the half of the Earth's rivers that continuously flow. The Intermittent River Research Coordination Network (IR-RCN) will organize a series of expert workgroups that will synthesize the growing body of research on intermittent river hydrology and ecology. These workgroups will produce generalized frameworks that can explain how intermittent river hydrologic and ecologic systems work. This research is important because intermittent rivers are often overlooked or excluded from water management plans due to uncertainty about their hydrologic and ecological importance. Graduate students will receive interdisciplinary training in hydrology and ecology and network with intermittent river ecologists and hydrologists across the globe.&lt;br/&gt;&lt;br/&gt;Funds will be provided by this award to form three workgroups on intermittent river hydrology, ecology, and ecohydrology. The hydrology workgroup will seek to generate new tools to characterize intermittent river flow regimes, develop a hierarchical scale-based framework for predicting spatial intermittence patterns, and compare statistical and processed-based models for prediction of intermittent river streamflow metrics. The ecology workgroup will synthesize large scale intermittent river biodiversity and ecosystem datasets to better understand the structure and function of intermittent river ecosystems. The ecohydrology workgroup will integrate products from the ecology and hydrology workgroups to identify hydrologic controls on intermittent river ecosystems and integrate these findings into our current river conceptual frameworks designed for rivers that always flow. The IR-RCN will improve the management of intermittent rivers by enhancing communication and networking among academic researchers and nonacademic stakeholders, including government agencies and NGOs. Datasets, methods, materials and projects produced by the IR-RCN will be made open access on the IR-RCN web portal and deposited in the Dryad Digital Repository for long-term availability, which will broadly impact the global scientific community.&lt;br/&gt;&lt;br/&gt;This award reflects NSF's statutory mission and has been deemed worthy of support through evaluation using the Foundation's intellectual merit and broader impacts review criteria.</AbstractNarration>
<MinAmdLetterDate>11/19/2021</MinAmdLetterDate>
<MaxAmdLetterDate>11/19/2021</MaxAmdLetterDate>
<ARRAAmount/>
<TRAN_TYPE>Grant</TRAN_TYPE>
<CFDA_NUM>47.050, 47.074</CFDA_NUM>
<NSF_PAR_USE_FLAG>1</NSF_PAR_USE_FLAG>
<FUND_AGCY_CODE>4900</FUND_AGCY_CODE>
<AWDG_AGCY_CODE>4900</AWDG_AGCY_CODE>
<AwardID>2207232</AwardID>
<Investigator>
<FirstName>Daniel</FirstName>
<LastName>Allen</LastName>
<PI_MID_INIT>C</PI_MID_INIT>
<PI_SUFX_NAME/>
<PI_FULL_NAME>Daniel C Allen</PI_FULL_NAME>
<EmailAddress>daniel.c.allen@psu.edu</EmailAddress>
<PI_PHON>4059996484</PI_PHON>
<NSF_ID>000574211</NSF_ID>
<StartDate>11/19/2021</StartDate>
<EndDate/>
<RoleCode>Principal Investigator</RoleCode>
</Investigator>
<Institution>
<Name>Pennsylvania State Univ University Park</Name>
<CityName>University Park</CityName>
<ZipCode>168021503</ZipCode>
<PhoneNumber>8148651372</PhoneNumber>
<StreetAddress>201 Old Main</StreetAddress>
<StreetAddress2/>
<CountryName>United States</CountryName>
<StateName>Pennsylvania</StateName>
<StateCode>PA</StateCode>
<CONGRESSDISTRICT>12</CONGRESSDISTRICT>
<CONGRESS_DISTRICT_ORG>PA12</CONGRESS_DISTRICT_ORG>
<ORG_DUNS_NUM>003403953</ORG_DUNS_NUM>
<ORG_LGL_BUS_NAME>PENNSYLVANIA STATE UNIVERSITY, THE</ORG_LGL_BUS_NAME>
<ORG_PRNT_DUNS_NUM>003403953</ORG_PRNT_DUNS_NUM>
</Institution>
<Performance_Institution>
<Name><![CDATA[Pennsylvania State Univ University Park]]></Name>
<CityName>University Park</CityName>
<StateCode>PA</StateCode>
<ZipCode>168021503</ZipCode>
<StreetAddress><![CDATA[107 Ag Administration Building]]></StreetAddress>
<CountryCode>US</CountryCode>
<CountryName>United States</CountryName>
<StateName>Pennsylvania</StateName>
<CountryFlag>1</CountryFlag>
<CONGRESSDISTRICT>12</CONGRESSDISTRICT>
<CONGRESS_DISTRICT_PERF>PA12</CONGRESS_DISTRICT_PERF>
</Performance_Institution>
<ProgramElement>
<Code>1181</Code>
<Text>ECOSYSTEM STUDIES</Text>
</ProgramElement>
<ProgramElement>
<Code>1579</Code>
<Text>Hydrologic Sciences</Text>
</ProgramElement>
<ProgramReference>
<Code>1579</Code>
<Text>HYDROLOGIC SCIENCES</Text>
</ProgramReference>
<ProgramReference>
<Code>1664</Code>
<Text>RESEARCH COORD NETWK IN BIO SC</Text>
</ProgramReference>
<ProgramReference>
<Code>9150</Code>
<Text>EXP PROG TO STIM COMP RES</Text>
</ProgramReference>
<FUND_OBLG>2018~326563</FUND_OBLG>
</Award>
</rootTag>
