<?xml version="1.0" encoding="UTF-8"?>
<rootTag>
<Award>
<AwardTitle>CAREER: Understanding Negation in Positive Terms</AwardTitle>
<AGENCY>NSF</AGENCY>
<AwardEffectiveDate>10/01/2021</AwardEffectiveDate>
<AwardExpirationDate>02/29/2024</AwardExpirationDate>
<AwardTotalIntnAmount>499950.00</AwardTotalIntnAmount>
<AwardAmount>165171</AwardAmount>
<AwardInstrument>
<Value>Continuing Grant</Value>
</AwardInstrument>
<Organization>
<Code>05020000</Code>
<Directorate>
<Abbreviation>CSE</Abbreviation>
<LongName>Direct For Computer &amp; Info Scie &amp; Enginr</LongName>
</Directorate>
<Division>
<Abbreviation>IIS</Abbreviation>
<LongName>Div Of Information &amp; Intelligent Systems</LongName>
</Division>
</Organization>
<ProgramOfficer>
<SignBlockName>Tatiana Korelsky</SignBlockName>
<PO_EMAI>tkorelsk@nsf.gov</PO_EMAI>
<PO_PHON>7032928729</PO_PHON>
</ProgramOfficer>
<AbstractNarration>The expression of negation is an important feature of all human languages. However despite the pervasiveness of negation, current intelligent systems have great difficulty comprehending its effects, whereas people rarely do. One of the most important of these is the fact negation generally conveys some positive meaning. For example, a natural interpretation of "John never leaves the house in the morning without a coffee in his hand" suggests that John does leave the house in the morning and that he always does so with a coffee in his hand. This project builds novel resources and algorithms to enable intelligent systems to understand the numerous positive interpretations hidden in sentences containing negation. These resources and algorithms have the potential to empower dialogue systems to carry on more natural conversations, improve machine translation, and benefit virtually any end-user application requiring text understanding. Beyond fundamental research, this project will support a diverse cohort of PhD and undergraduate students as well as an interdisciplinary seminar at University of North Texas, international research stays for PhD students, workshops, and industry outreach activities.&lt;br/&gt;&lt;br/&gt;The technical aims of this CAREER project are divided into three thrusts. The first thrust creates a comprehensive corpus of negations and their positive interpretations, including all negations types in several domains and genres. To this end, the research team explores strategies to account for degrees of granularity, to minimize the annotation effort and to score and rewrite potential positive interpretations. The second thrust is to develop computational algorithms to automatically generate positive interpretations from negation, and to learn representations of context and discourse, and then leverage them to identify the foci of negation and rewrite them with positive counterparts. The third thrust consists of extrinsic evaluation, by incorporating negation into the tasks of recognizing entailments and inferring spatial timelines.&lt;br/&gt;&lt;br/&gt;This award reflects NSF's statutory mission and has been deemed worthy of support through evaluation using the Foundation's intellectual merit and broader impacts review criteria.</AbstractNarration>
<MinAmdLetterDate>12/16/2021</MinAmdLetterDate>
<MaxAmdLetterDate>12/16/2021</MaxAmdLetterDate>
<ARRAAmount/>
<TRAN_TYPE>Grant</TRAN_TYPE>
<CFDA_NUM>47.070</CFDA_NUM>
<NSF_PAR_USE_FLAG>1</NSF_PAR_USE_FLAG>
<FUND_AGCY_CODE>4900</FUND_AGCY_CODE>
<AWDG_AGCY_CODE>4900</AWDG_AGCY_CODE>
<AwardID>2207394</AwardID>
<Investigator>
<FirstName>Eduardo</FirstName>
<LastName>Blanco</LastName>
<PI_MID_INIT/>
<PI_SUFX_NAME/>
<PI_FULL_NAME>Eduardo Blanco</PI_FULL_NAME>
<EmailAddress>eduardo.blanco@asu.edu</EmailAddress>
<PI_PHON>4695256523</PI_PHON>
<NSF_ID>000688595</NSF_ID>
<StartDate>12/16/2021</StartDate>
<EndDate/>
<RoleCode>Principal Investigator</RoleCode>
</Investigator>
<Institution>
<Name>Arizona State University</Name>
<CityName>TEMPE</CityName>
<ZipCode>852816011</ZipCode>
<PhoneNumber>4809655479</PhoneNumber>
<StreetAddress>ORSPA</StreetAddress>
<StreetAddress2><![CDATA[660 South Mill Avenue, Suite 310]]></StreetAddress2>
<CountryName>United States</CountryName>
<StateName>Arizona</StateName>
<StateCode>AZ</StateCode>
<CONGRESSDISTRICT>09</CONGRESSDISTRICT>
<CONGRESS_DISTRICT_ORG>AZ09</CONGRESS_DISTRICT_ORG>
<ORG_DUNS_NUM>943360412</ORG_DUNS_NUM>
<ORG_LGL_BUS_NAME>ARIZONA STATE UNIVERSITY</ORG_LGL_BUS_NAME>
<ORG_PRNT_DUNS_NUM>806345658</ORG_PRNT_DUNS_NUM>
</Institution>
<Performance_Institution>
<Name><![CDATA[Arizona State University]]></Name>
<CityName>Tempe</CityName>
<StateCode>AZ</StateCode>
<ZipCode>852816011</ZipCode>
<StreetAddress><![CDATA[660 South Mill Avenue]]></StreetAddress>
<CountryCode>US</CountryCode>
<CountryName>United States</CountryName>
<StateName>Arizona</StateName>
<CountryFlag>1</CountryFlag>
<CONGRESSDISTRICT>09</CONGRESSDISTRICT>
<CONGRESS_DISTRICT_PERF>AZ09</CONGRESS_DISTRICT_PERF>
</Performance_Institution>
<ProgramElement>
<Code>7495</Code>
<Text>Robust Intelligence</Text>
</ProgramElement>
<ProgramReference>
<Code>1045</Code>
<Text>CAREER-Faculty Erly Career Dev</Text>
</ProgramReference>
<ProgramReference>
<Code>7495</Code>
<Text>ROBUST INTELLIGENCE</Text>
</ProgramReference>
<FUND_OBLG>2020~55593</FUND_OBLG>
<FUND_OBLG>2021~109578</FUND_OBLG>
</Award>
</rootTag>
