<?xml version="1.0" encoding="UTF-8"?>
<rootTag>
<Award>
<AwardTitle>Planning: Planning Grant for EPSCOR Chemurgy 2.0 - Advanced Biomanufacturing for Next-Generation, Bio-inspired Products</AwardTitle>
<AGENCY>NSF</AGENCY>
<AwardEffectiveDate>01/15/2022</AwardEffectiveDate>
<AwardExpirationDate>12/31/2022</AwardExpirationDate>
<AwardTotalIntnAmount>97879.00</AwardTotalIntnAmount>
<AwardAmount>97879</AwardAmount>
<AwardInstrument>
<Value>Standard Grant</Value>
</AwardInstrument>
<Organization>
<Code>01060100</Code>
<Directorate>
<Abbreviation>O/D</Abbreviation>
<LongName>Office Of The Director</LongName>
</Directorate>
<Division>
<Abbreviation>OIA</Abbreviation>
<LongName>OIA-Office of Integrative Activities</LongName>
</Division>
</Organization>
<ProgramOfficer>
<SignBlockName>Jose Colom</SignBlockName>
<PO_EMAI>jcolom@nsf.gov</PO_EMAI>
<PO_PHON>7032927088</PO_PHON>
</ProgramOfficer>
<AbstractNarration>The activities proposed in this planning grant are intended to support the development of a meritorious&lt;br/&gt;RII Track-1 program for the state of Iowa. This program will be state-wide, with integration of individual&lt;br/&gt;researchers, institutions and organizations. It will both build research capacity, in order to implement a&lt;br/&gt;sustained increase in research competitiveness, and build human infrastructure in the form of&lt;br/&gt;broadening participation and workforce development. During implementation of the planning grant, the team&lt;br/&gt;will assess the existing research and human infrastructure, coordinate and plan state-wide efforts, host&lt;br/&gt;an all-hands meeting, and develop a collaboration plan.&lt;br/&gt;&lt;br/&gt;The planning grant from Iowa State University presents a  plan for the development of a Chemurgy 2.0 proposal &lt;br/&gt;for submission to the FY23 RII Track-1 competition.  Planning activities have been ongoing for several months &lt;br/&gt;now, and the funding requested will allow a consultant to orchestrate the discussions within Iowa needed &lt;br/&gt;to formulate a strong full proposal.&lt;br/&gt;&lt;br/&gt;This award reflects NSF's statutory mission and has been deemed worthy of support through evaluation using the Foundation's intellectual merit and broader impacts review criteria.</AbstractNarration>
<MinAmdLetterDate>01/06/2022</MinAmdLetterDate>
<MaxAmdLetterDate>01/06/2022</MaxAmdLetterDate>
<ARRAAmount/>
<TRAN_TYPE>Grant</TRAN_TYPE>
<CFDA_NUM>47.083</CFDA_NUM>
<NSF_PAR_USE_FLAG>1</NSF_PAR_USE_FLAG>
<FUND_AGCY_CODE>4900</FUND_AGCY_CODE>
<AWDG_AGCY_CODE>4900</AWDG_AGCY_CODE>
<AwardID>2207183</AwardID>
<Investigator>
<FirstName>Nigel</FirstName>
<LastName>Reuel</LastName>
<PI_MID_INIT>F</PI_MID_INIT>
<PI_SUFX_NAME/>
<PI_FULL_NAME>Nigel F Reuel</PI_FULL_NAME>
<EmailAddress>reuel@iastate.edu</EmailAddress>
<PI_PHON>5152945225</PI_PHON>
<NSF_ID>000733197</NSF_ID>
<StartDate>01/06/2022</StartDate>
<EndDate/>
<RoleCode>Co-Principal Investigator</RoleCode>
</Investigator>
<Investigator>
<FirstName>Laura</FirstName>
<LastName>Jarboe</LastName>
<PI_MID_INIT/>
<PI_SUFX_NAME/>
<PI_FULL_NAME>Laura Jarboe</PI_FULL_NAME>
<EmailAddress>ljarboe@iastate.edu</EmailAddress>
<PI_PHON>5152945225</PI_PHON>
<NSF_ID>000530265</NSF_ID>
<StartDate>01/06/2022</StartDate>
<EndDate/>
<RoleCode>Principal Investigator</RoleCode>
</Investigator>
<Institution>
<Name>Iowa State University</Name>
<CityName>AMES</CityName>
<ZipCode>500112207</ZipCode>
<PhoneNumber>5152945225</PhoneNumber>
<StreetAddress>1138 Pearson</StreetAddress>
<StreetAddress2/>
<CountryName>United States</CountryName>
<StateName>Iowa</StateName>
<StateCode>IA</StateCode>
<CONGRESSDISTRICT>04</CONGRESSDISTRICT>
<CONGRESS_DISTRICT_ORG>IA04</CONGRESS_DISTRICT_ORG>
<ORG_DUNS_NUM>005309844</ORG_DUNS_NUM>
<ORG_LGL_BUS_NAME>IOWA STATE UNIVERSITY OF SCIENCE AND TECHNOLOGY</ORG_LGL_BUS_NAME>
<ORG_PRNT_DUNS_NUM>005309844</ORG_PRNT_DUNS_NUM>
</Institution>
<Performance_Institution>
<Name><![CDATA[Iowa State University]]></Name>
<CityName>AMES</CityName>
<StateCode>IA</StateCode>
<ZipCode>500112207</ZipCode>
<StreetAddress><![CDATA[1138 Pearson]]></StreetAddress>
<CountryCode>US</CountryCode>
<CountryName>United States</CountryName>
<StateName>Iowa</StateName>
<CountryFlag>1</CountryFlag>
<CONGRESSDISTRICT>04</CONGRESSDISTRICT>
<CONGRESS_DISTRICT_PERF>IA04</CONGRESS_DISTRICT_PERF>
</Performance_Institution>
<ProgramElement>
<Code>193Y</Code>
<Text>EPSCoR RII Track-1</Text>
</ProgramElement>
<ProgramReference>
<Code>7217</Code>
<Text>RESEARCH INFRASTRUCTURE IMPROV</Text>
</ProgramReference>
<ProgramReference>
<Code>9150</Code>
<Text>EXP PROG TO STIM COMP RES</Text>
</ProgramReference>
<FUND_OBLG>2022~97879</FUND_OBLG>
</Award>
</rootTag>
