<?xml version="1.0" encoding="UTF-8"?>
<rootTag>
<Award>
<AwardTitle>Florida Atlantic University Data-Driven Science and AI Conference</AwardTitle>
<AGENCY>NSF</AGENCY>
<AwardEffectiveDate>01/15/2022</AwardEffectiveDate>
<AwardExpirationDate>12/31/2022</AwardExpirationDate>
<AwardTotalIntnAmount>15045.00</AwardTotalIntnAmount>
<AwardAmount>15045</AwardAmount>
<AwardInstrument>
<Value>Standard Grant</Value>
</AwardInstrument>
<Organization>
<Code>03010000</Code>
<Directorate>
<Abbreviation>MPS</Abbreviation>
<LongName>Direct For Mathematical &amp; Physical Scien</LongName>
</Directorate>
<Division>
<Abbreviation>PHY</Abbreviation>
<LongName>Division Of Physics</LongName>
</Division>
</Organization>
<ProgramOfficer>
<SignBlockName>Bogdan Mihaila</SignBlockName>
<PO_EMAI>bmihaila@nsf.gov</PO_EMAI>
<PO_PHON>7032928235</PO_PHON>
</ProgramOfficer>
<AbstractNarration>This project will support the participation of junior researchers (students, postdocs, and early-career faculty members) in the 2022 Data Science and Analytics conference that will be held on February 12, 2022,  at the Center for Data-Driven Science on the campus of the Florida Atlantic University. This is the fourth such conference hosted by the  FAU College of Science. The conference aims to facilitate interdisciplinary interactions and collaborations in data science and artificial Intelligence for scientific discovery. It is anticipated that the interactions fostered by this conference will lead to cross-disciplinary collaborations as well as new ideas needed to accelerate progress towards a better understanding of the mathematical foundations of artificial intelligence in the context of fundamental and applied physics applications.&lt;br/&gt;&lt;br/&gt;This award reflects NSF's statutory mission and has been deemed worthy of support through evaluation using the Foundation's intellectual merit and broader impacts review criteria.</AbstractNarration>
<MinAmdLetterDate>01/07/2022</MinAmdLetterDate>
<MaxAmdLetterDate>01/07/2022</MaxAmdLetterDate>
<ARRAAmount/>
<TRAN_TYPE>Grant</TRAN_TYPE>
<CFDA_NUM>47.049</CFDA_NUM>
<NSF_PAR_USE_FLAG>1</NSF_PAR_USE_FLAG>
<FUND_AGCY_CODE>4900</FUND_AGCY_CODE>
<AWDG_AGCY_CODE>4900</AWDG_AGCY_CODE>
<AwardID>2207956</AwardID>
<Investigator>
<FirstName>L</FirstName>
<LastName>Wille</LastName>
<PI_MID_INIT>T</PI_MID_INIT>
<PI_SUFX_NAME/>
<PI_FULL_NAME>L T Wille</PI_FULL_NAME>
<EmailAddress>willel@fau.edu</EmailAddress>
<PI_PHON>5612973380</PI_PHON>
<NSF_ID>000454149</NSF_ID>
<StartDate>01/07/2022</StartDate>
<EndDate/>
<RoleCode>Principal Investigator</RoleCode>
</Investigator>
<Investigator>
<FirstName>William</FirstName>
<LastName>Kalies</LastName>
<PI_MID_INIT>D</PI_MID_INIT>
<PI_SUFX_NAME/>
<PI_FULL_NAME>William D Kalies</PI_FULL_NAME>
<EmailAddress>wkalies@fau.edu</EmailAddress>
<PI_PHON>5612971107</PI_PHON>
<NSF_ID>000274741</NSF_ID>
<StartDate>01/07/2022</StartDate>
<EndDate/>
<RoleCode>Co-Principal Investigator</RoleCode>
</Investigator>
<Institution>
<Name>Florida Atlantic University</Name>
<CityName>BOCA RATON</CityName>
<ZipCode>334316424</ZipCode>
<PhoneNumber>5612970777</PhoneNumber>
<StreetAddress>777 GLADES RD</StreetAddress>
<StreetAddress2/>
<CountryName>United States</CountryName>
<StateName>Florida</StateName>
<StateCode>FL</StateCode>
<CONGRESSDISTRICT>22</CONGRESSDISTRICT>
<CONGRESS_DISTRICT_ORG>FL22</CONGRESS_DISTRICT_ORG>
<ORG_DUNS_NUM>004147534</ORG_DUNS_NUM>
<ORG_LGL_BUS_NAME>FLORIDA ATLANTIC UNIVERSITY</ORG_LGL_BUS_NAME>
<ORG_PRNT_DUNS_NUM>159621697</ORG_PRNT_DUNS_NUM>
</Institution>
<Performance_Institution>
<Name><![CDATA[Florida Atlantic University]]></Name>
<CityName>Boca Raton</CityName>
<StateCode>FL</StateCode>
<ZipCode>334316426</ZipCode>
<StreetAddress><![CDATA[777 Glades Rd]]></StreetAddress>
<CountryCode>US</CountryCode>
<CountryName>United States</CountryName>
<StateName>Florida</StateName>
<CountryFlag>1</CountryFlag>
<CONGRESSDISTRICT>22</CONGRESSDISTRICT>
<CONGRESS_DISTRICT_PERF>FL22</CONGRESS_DISTRICT_PERF>
</Performance_Institution>
<ProgramElement>
<Code>7553</Code>
<Text>PHYSICS AT THE INFO FRONTIER</Text>
</ProgramElement>
<ProgramReference>
<Code>075Z</Code>
<Text>Artificial Intelligence (AI)</Text>
</ProgramReference>
<ProgramReference>
<Code>7556</Code>
<Text>CONFERENCE AND WORKSHOPS</Text>
</ProgramReference>
<ProgramReference>
<Code>7569</Code>
<Text>CYBERINFRASTRUCTURE/SCIENCE</Text>
</ProgramReference>
<FUND_OBLG>2022~15045</FUND_OBLG>
</Award>
</rootTag>
