<?xml version="1.0" encoding="UTF-8"?>
<rootTag>
<Award>
<AwardTitle>Restriction Estimates and General Oscillatory Integrals</AwardTitle>
<AGENCY>NSF</AGENCY>
<AwardEffectiveDate>10/01/2021</AwardEffectiveDate>
<AwardExpirationDate>05/31/2022</AwardExpirationDate>
<AwardTotalIntnAmount>129718.00</AwardTotalIntnAmount>
<AwardAmount>73257</AwardAmount>
<AwardInstrument>
<Value>Standard Grant</Value>
</AwardInstrument>
<Organization>
<Code>03040000</Code>
<Directorate>
<Abbreviation>MPS</Abbreviation>
<LongName>Direct For Mathematical &amp; Physical Scien</LongName>
</Directorate>
<Division>
<Abbreviation>DMS</Abbreviation>
<LongName>Division Of Mathematical Sciences</LongName>
</Division>
</Organization>
<ProgramOfficer>
<SignBlockName>Marian Bocea</SignBlockName>
<PO_EMAI>mbocea@nsf.gov</PO_EMAI>
<PO_PHON>7032922595</PO_PHON>
</ProgramOfficer>
<AbstractNarration>This research project concerns work in harmonic analysis, also known as Fourier analysis. Harmonic analysis is a subject about the Fourier transform, which decomposes a function into its constituent frequencies. In other words, by taking the Fourier transform we effectively write a function as a superposition of monochromatic waves (waves with only one frequency). Of particular interest are the following restriction type problems: How large can a function be, in the pointwise sense or in some averaged sense, if its frequency lives in a particular restricted set? People have found that if the restricted frequency set is "curved", for example being the unit sphere, very nontrivial estimates about the function can be obtained/expected. This is useful in understanding physics phenomena dictated by certain natural partial differential equations such as the Schrodinger equation or the wave equation. Moreover, restriction type problems also turn out to be the key to the understanding of certain behaviors of natural numbers. It turns out that, for example, once people understand well on properties on waves whose frequencies are perfect 10-th powers, they can consequently answer a variety of questions on representing a natural number as a sum of a few perfect 10-th powers.&lt;br/&gt;&lt;br/&gt;In this project, the PI proposes to study restriction type problems: If we have a subset M (usually a curved submanifold or a fractal set) in the frequency space and some measure in the physical space, we want to bound some norm of a function with respect of the given measure whenever the frequency support of that function is in the given M. One proposed direction is Stein's Restriction Conjecture, where the measure is just the Lebesgue measure and the manifold is the unit paraboloid. The PI is also interested in the situations when the measure is a fractal measure, or when M is a moment manifold or a fractal set. For most questions of this type, the optimal estimates are far from being well understood. The goal of this research would be to obtain new estimates (i.e. estimates with improved exponents) in the above setting. In particular, it is anticipated that improvements on Stein's conjecture can be obtained when this project develops. For the proposed approach, the PI anticipates a subset of analytic (induction on scales, decoupling and refined Strichartz type reasoning), algebraic (the polynomial method, differential geometry and real algebraic geometry), combinatorial (Multilinear Kakeya, sum-product theory, etc.) and geometric measure theoretic (radial projection theory, etc.) tools can come into play. He also anticipates emerging new connections between harmonic analysis and nearby areas will arise.&lt;br/&gt;&lt;br/&gt;This award reflects NSF's statutory mission and has been deemed worthy of support through evaluation using the Foundation's intellectual merit and broader impacts review criteria.</AbstractNarration>
<MinAmdLetterDate>11/22/2021</MinAmdLetterDate>
<MaxAmdLetterDate>11/22/2021</MaxAmdLetterDate>
<ARRAAmount/>
<TRAN_TYPE>Grant</TRAN_TYPE>
<CFDA_NUM>47.049</CFDA_NUM>
<NSF_PAR_USE_FLAG>1</NSF_PAR_USE_FLAG>
<FUND_AGCY_CODE>4900</FUND_AGCY_CODE>
<AWDG_AGCY_CODE>4900</AWDG_AGCY_CODE>
<AwardID>2207281</AwardID>
<Investigator>
<FirstName>Ruixiang</FirstName>
<LastName>Zhang</LastName>
<PI_MID_INIT/>
<PI_SUFX_NAME/>
<PI_FULL_NAME>Ruixiang Zhang</PI_FULL_NAME>
<EmailAddress>ruixiang@berkeley.edu</EmailAddress>
<PI_PHON>6098156838</PI_PHON>
<NSF_ID>000787014</NSF_ID>
<StartDate>11/22/2021</StartDate>
<EndDate/>
<RoleCode>Principal Investigator</RoleCode>
</Investigator>
<Institution>
<Name>University of California-Berkeley</Name>
<CityName>BERKELEY</CityName>
<ZipCode>947101749</ZipCode>
<PhoneNumber>5106433891</PhoneNumber>
<StreetAddress>Sponsored Projects Office</StreetAddress>
<StreetAddress2><![CDATA[1608 Fourth Street, Suite 220]]></StreetAddress2>
<CountryName>United States</CountryName>
<StateName>California</StateName>
<StateCode>CA</StateCode>
<CONGRESSDISTRICT>13</CONGRESSDISTRICT>
<CONGRESS_DISTRICT_ORG>CA13</CONGRESS_DISTRICT_ORG>
<ORG_DUNS_NUM>124726725</ORG_DUNS_NUM>
<ORG_LGL_BUS_NAME>REGENTS OF THE UNIVERSITY OF CALIFORNIA, THE</ORG_LGL_BUS_NAME>
<ORG_PRNT_DUNS_NUM>071549000</ORG_PRNT_DUNS_NUM>
</Institution>
<Performance_Institution>
<Name><![CDATA[University of California-Berkeley]]></Name>
<CityName>BERKELEY</CityName>
<StateCode>CA</StateCode>
<ZipCode>947101749</ZipCode>
<StreetAddress><![CDATA[1608 Fourth Street]]></StreetAddress>
<CountryCode>US</CountryCode>
<CountryName>United States</CountryName>
<StateName>California</StateName>
<CountryFlag>1</CountryFlag>
<CONGRESSDISTRICT>13</CONGRESSDISTRICT>
<CONGRESS_DISTRICT_PERF>CA13</CONGRESS_DISTRICT_PERF>
</Performance_Institution>
<ProgramElement>
<Code>1281</Code>
<Text>ANALYSIS PROGRAM</Text>
</ProgramElement>
<FUND_OBLG>2019~73257</FUND_OBLG>
</Award>
</rootTag>
