<?xml version="1.0" encoding="UTF-8"?>
<rootTag>
<Award>
<AwardTitle>Conference: Election Science, Research, and Administration</AwardTitle>
<AGENCY>NSF</AGENCY>
<AwardEffectiveDate>01/15/2022</AwardEffectiveDate>
<AwardExpirationDate>12/31/2022</AwardExpirationDate>
<AwardTotalIntnAmount>49818.00</AwardTotalIntnAmount>
<AwardAmount>49818</AwardAmount>
<AwardInstrument>
<Value>Standard Grant</Value>
</AwardInstrument>
<Organization>
<Code>04050000</Code>
<Directorate>
<Abbreviation>SBE</Abbreviation>
<LongName>Direct For Social, Behav &amp; Economic Scie</LongName>
</Directorate>
<Division>
<Abbreviation>SES</Abbreviation>
<LongName>Divn Of Social and Economic Sciences</LongName>
</Division>
</Organization>
<ProgramOfficer>
<SignBlockName>Lee Walker</SignBlockName>
<PO_EMAI>lwalker@nsf.gov</PO_EMAI>
<PO_PHON>7032927174</PO_PHON>
</ProgramOfficer>
<AbstractNarration>Election scientists utilize social science theory to understand how elections operate and how citizens perceive them. The central goal of this conference is to build basic research capacity in election science, an interdisciplinary field of scholarship that focuses on the study of election administration and election conduct. The conference will bring together election scholars, election practitioners, and local election-level experts to discuss and disseminate electoral science research. The inclusion of election administrators allows interaction between science, policy, and policymakers. Another goal of the conference will be to continue to diversify the election science field.&lt;br/&gt;&lt;br/&gt;Election scientists utilize social science theory to understand how elections operate and how citizens perceive them. Elections are administered at the state and local levels, which provides fertile ground to test theories such as rational choice, principal-agent, and representative bureaucracy. The conference will bring together election scholars, election practitioners, and local election-level experts to discuss and disseminate electoral science research. The scholars will use the interactions of the conference to generate new research questions, improve theories, and improve research designs. Broader Impacts of the conference include clear policy implications for election practitioners. The inclusion of practitioners in the conference increases the likelihood that science of elections will be incorporated into the administration of elections more generally. The project includes a clear plan for inclusion of women and under-representative groups. Additionally, undergraduate students are incorporated into conference activities.&lt;br/&gt;&lt;br/&gt;This award reflects NSF's statutory mission and has been deemed worthy of support through evaluation using the Foundation's intellectual merit and broader impacts review criteria.</AbstractNarration>
<MinAmdLetterDate>01/05/2022</MinAmdLetterDate>
<MaxAmdLetterDate>01/05/2022</MaxAmdLetterDate>
<ARRAAmount/>
<TRAN_TYPE>Grant</TRAN_TYPE>
<CFDA_NUM>47.075</CFDA_NUM>
<NSF_PAR_USE_FLAG>1</NSF_PAR_USE_FLAG>
<FUND_AGCY_CODE>4900</FUND_AGCY_CODE>
<AWDG_AGCY_CODE>4900</AWDG_AGCY_CODE>
<AwardID>2207669</AwardID>
<Investigator>
<FirstName>Mary Jo</FirstName>
<LastName>McGowan</LastName>
<PI_MID_INIT/>
<PI_SUFX_NAME/>
<PI_FULL_NAME>Mary Jo McGowan</PI_FULL_NAME>
<EmailAddress>mjshephe@uncc.edu</EmailAddress>
<PI_PHON>7046877365</PI_PHON>
<NSF_ID>000804725</NSF_ID>
<StartDate>01/05/2022</StartDate>
<EndDate/>
<RoleCode>Co-Principal Investigator</RoleCode>
</Investigator>
<Investigator>
<FirstName>Martha</FirstName>
<LastName>Kropf</LastName>
<PI_MID_INIT/>
<PI_SUFX_NAME/>
<PI_FULL_NAME>Martha Kropf</PI_FULL_NAME>
<EmailAddress>mekropf@uncc.edu</EmailAddress>
<PI_PHON>7046872987</PI_PHON>
<NSF_ID>000545069</NSF_ID>
<StartDate>01/05/2022</StartDate>
<EndDate/>
<RoleCode>Principal Investigator</RoleCode>
</Investigator>
<Investigator>
<FirstName>Zachary</FirstName>
<LastName>Mohr</LastName>
<PI_MID_INIT/>
<PI_SUFX_NAME/>
<PI_FULL_NAME>Zachary Mohr</PI_FULL_NAME>
<EmailAddress>zmohr@uncc.edu</EmailAddress>
<PI_PHON>3166139680</PI_PHON>
<NSF_ID>000869055</NSF_ID>
<StartDate>01/05/2022</StartDate>
<EndDate/>
<RoleCode>Co-Principal Investigator</RoleCode>
</Investigator>
<Institution>
<Name>University of North Carolina at Charlotte</Name>
<CityName>CHARLOTTE</CityName>
<ZipCode>282230001</ZipCode>
<PhoneNumber>7046871888</PhoneNumber>
<StreetAddress>9201 University City Boulevard</StreetAddress>
<StreetAddress2/>
<CountryName>United States</CountryName>
<StateName>North Carolina</StateName>
<StateCode>NC</StateCode>
<CONGRESSDISTRICT>12</CONGRESSDISTRICT>
<CONGRESS_DISTRICT_ORG>NC12</CONGRESS_DISTRICT_ORG>
<ORG_DUNS_NUM>066300096</ORG_DUNS_NUM>
<ORG_LGL_BUS_NAME>UNIVERSITY OF NORTH CAROLINA AT CHARLOTTE, THE</ORG_LGL_BUS_NAME>
<ORG_PRNT_DUNS_NUM>142363428</ORG_PRNT_DUNS_NUM>
</Institution>
<Performance_Institution>
<Name><![CDATA[University of North Carolina at Charlotte]]></Name>
<CityName>CHARLOTTE</CityName>
<StateCode>NC</StateCode>
<ZipCode>282230001</ZipCode>
<StreetAddress><![CDATA[9201 University City Boulevard]]></StreetAddress>
<CountryCode>US</CountryCode>
<CountryName>United States</CountryName>
<StateName>North Carolina</StateName>
<CountryFlag>1</CountryFlag>
<CONGRESSDISTRICT>12</CONGRESSDISTRICT>
<CONGRESS_DISTRICT_PERF>NC12</CONGRESS_DISTRICT_PERF>
</Performance_Institution>
<ProgramElement>
<Code>118Y</Code>
<Text>Security &amp; Preparedness</Text>
</ProgramElement>
<ProgramElement>
<Code>120Y</Code>
<Text>AIB-Acctble Institutions&amp;Behav</Text>
</ProgramElement>
<ProgramReference>
<Code>7556</Code>
<Text>CONFERENCE AND WORKSHOPS</Text>
</ProgramReference>
<ProgramReference>
<Code>9179</Code>
<Text>GRADUATE INVOLVEMENT</Text>
</ProgramReference>
<FUND_OBLG>2022~49818</FUND_OBLG>
</Award>
</rootTag>
