<?xml version="1.0" encoding="UTF-8"?>
<rootTag>
<Award>
<AwardTitle>Collaborative Research: Designing biomaterials through computational simulation and manipulation of phase behavior in a class of intrinsically disordered proteins</AwardTitle>
<AGENCY>NSF</AGENCY>
<AwardEffectiveDate>12/15/2021</AwardEffectiveDate>
<AwardExpirationDate>11/30/2023</AwardExpirationDate>
<AwardTotalIntnAmount>252956.00</AwardTotalIntnAmount>
<AwardAmount>212092</AwardAmount>
<AwardInstrument>
<Value>Standard Grant</Value>
</AwardInstrument>
<Organization>
<Code>03070000</Code>
<Directorate>
<Abbreviation>MPS</Abbreviation>
<LongName>Direct For Mathematical &amp; Physical Scien</LongName>
</Directorate>
<Division>
<Abbreviation>DMR</Abbreviation>
<LongName>Division Of Materials Research</LongName>
</Division>
</Organization>
<ProgramOfficer>
<SignBlockName>Abraham Joy</SignBlockName>
<PO_EMAI>ajoy@nsf.gov</PO_EMAI>
<PO_PHON>7032920000</PO_PHON>
</ProgramOfficer>
<AbstractNarration>Nontechnical Summary&lt;br/&gt;Proteins that lack defined structures play many important roles in biology and in materials, mediating functions from the organization of molecules in the interior of cells to the production of elastomeric materials that can stretch multiple times their original length without permanent deformation. Despite the widespread utility of these types of proteins, detailed understanding of the molecular features that define their properties is still just emerging, which has limited their application in high-performance biomaterials. This proposal addresses this gap by developing computational and experimental methods that will describe how the composition of the proteins and the properties of their solutions can provide handles for making patterned elastomeric matrices, which in the long term will address critical societal challenges such as engineering living materials, controlling placement of biomolecules to conduct chemical functions, and/or more efficient energy storage. The research in this program will also impact educational activities for students of a variety of ages and experience. A series of student-initiated activities and podcasts, in which the PIs will participate, will help transfer concepts of this program into secondary school curricula and hands-on experiences.&lt;br/&gt;&lt;br/&gt;Technical summary&lt;br/&gt;Liquid-liquid phase separation (LLPS) of two dissimilar solutions is a fundamental thermodynamic process with significant importance in the development of advanced materials and for the assembly of membraneless organelles such as the nucleolus. The use of protein LLPS to purposefully design new materials could be significantly advanced if finer details were known about how select features of the polypeptide chain and its solutions drive the thermodynamics and kinetics of phase separation in the IDPs. The overarching goal of this proposal, accordingly, is to leverage unique capabilities of the investigators in computer modeling and recombinant design of resilin-like IDPs (RLPs) to design protein coacervates that display tunable material properties at the mesoscale. The project will leverage a closed-loop format, combining state-of-the-art simulations of protein LLPS alongside extensive experimental characterization of RLPs to provide iterative feedback about the role of amino acid composition, sequence, and co-solutes (salt or PEG) in LLPS. Variations in the experimentally determined second virial coefficients for selected RLPs, and their match (or deviation) from computation will enable fine-tuning of computational methods. Detailed spectroscopy and scattering characterization will enable correlation with computational prediction and further serve to establish the roles of coacervate concentration and composition in hydrogel morphology and properties. Taken together, these studies will deepen fundamental understanding of thermodynamics and kinetics of the LLPS of IDPs and will allow for unprecedented control over the design of condensates with controlled microstructure and composition as elements in biomaterials design.&lt;br/&gt;&lt;br/&gt;This award reflects NSF's statutory mission and has been deemed worthy of support through evaluation using the Foundation's intellectual merit and broader impacts review criteria.</AbstractNarration>
<MinAmdLetterDate>12/01/2021</MinAmdLetterDate>
<MaxAmdLetterDate>12/01/2021</MaxAmdLetterDate>
<ARRAAmount/>
<TRAN_TYPE>Grant</TRAN_TYPE>
<CFDA_NUM>47.049</CFDA_NUM>
<NSF_PAR_USE_FLAG>1</NSF_PAR_USE_FLAG>
<FUND_AGCY_CODE>4900</FUND_AGCY_CODE>
<AWDG_AGCY_CODE>4900</AWDG_AGCY_CODE>
<AwardID>2207354</AwardID>
<Investigator>
<FirstName>Jeetain</FirstName>
<LastName>Mittal</LastName>
<PI_MID_INIT/>
<PI_SUFX_NAME/>
<PI_FULL_NAME>Jeetain Mittal</PI_FULL_NAME>
<EmailAddress>jeetain@tamu.edu</EmailAddress>
<PI_PHON>5126994643</PI_PHON>
<NSF_ID>000549804</NSF_ID>
<StartDate>12/01/2021</StartDate>
<EndDate/>
<RoleCode>Principal Investigator</RoleCode>
</Investigator>
<Institution>
<Name>Texas A&amp;M Engineering Experiment Station</Name>
<CityName>College Station</CityName>
<ZipCode>778454645</ZipCode>
<PhoneNumber>9798626777</PhoneNumber>
<StreetAddress>400 Harvey Mitchell Pkwy S</StreetAddress>
<StreetAddress2><![CDATA[Suite 300]]></StreetAddress2>
<CountryName>United States</CountryName>
<StateName>Texas</StateName>
<StateCode>TX</StateCode>
<CONGRESSDISTRICT>17</CONGRESSDISTRICT>
<CONGRESS_DISTRICT_ORG>TX17</CONGRESS_DISTRICT_ORG>
<ORG_DUNS_NUM>847205572</ORG_DUNS_NUM>
<ORG_LGL_BUS_NAME>TEXAS A&amp;M ENGINEERING EXPERIMENT STATION</ORG_LGL_BUS_NAME>
<ORG_PRNT_DUNS_NUM>042915991</ORG_PRNT_DUNS_NUM>
</Institution>
<Performance_Institution>
<Name><![CDATA[Texas A&M Engineering Experiment Station]]></Name>
<CityName>College Station</CityName>
<StateCode>TX</StateCode>
<ZipCode>778433122</ZipCode>
<StreetAddress><![CDATA[200 Jack E. Brown Engineering Bu]]></StreetAddress>
<CountryCode>US</CountryCode>
<CountryName>United States</CountryName>
<StateName>Texas</StateName>
<CountryFlag>1</CountryFlag>
<CONGRESSDISTRICT>17</CONGRESSDISTRICT>
<CONGRESS_DISTRICT_PERF>TX17</CONGRESS_DISTRICT_PERF>
</Performance_Institution>
<ProgramElement>
<Code>7623</Code>
<Text>BIOMATERIALS PROGRAM</Text>
</ProgramElement>
<ProgramReference>
<Code>7237</Code>
<Text>NANO NON-SOLIC SCI &amp; ENG AWD</Text>
</ProgramReference>
<ProgramReference>
<Code>7573</Code>
<Text>BIO-RELATED MATERIALS RESEARCH</Text>
</ProgramReference>
<ProgramReference>
<Code>8614</Code>
<Text>Nanomaterials</Text>
</ProgramReference>
<FUND_OBLG>2020~212092</FUND_OBLG>
</Award>
</rootTag>
