<?xml version="1.0" encoding="UTF-8"?>
<rootTag>
<Award>
<AwardTitle>EAGER: Exploring Links between Iron and Phosphorus Nutrition of Antarctic Marine Phytoplankton</AwardTitle>
<AGENCY>NSF</AGENCY>
<AwardEffectiveDate>01/15/2022</AwardEffectiveDate>
<AwardExpirationDate>12/31/2023</AwardExpirationDate>
<AwardTotalIntnAmount>185342.00</AwardTotalIntnAmount>
<AwardAmount>185342</AwardAmount>
<AwardInstrument>
<Value>Standard Grant</Value>
</AwardInstrument>
<Organization>
<Code>06090300</Code>
<Directorate>
<Abbreviation>GEO</Abbreviation>
<LongName>Directorate For Geosciences</LongName>
</Directorate>
<Division>
<Abbreviation>OPP</Abbreviation>
<LongName>Office of Polar Programs (OPP)</LongName>
</Division>
</Organization>
<ProgramOfficer>
<SignBlockName>Maria Vernet</SignBlockName>
<PO_EMAI>mvernet@nsf.gov</PO_EMAI>
<PO_PHON>7032925308</PO_PHON>
</ProgramOfficer>
<AbstractNarration>Phytoplankton are microscopic single-celled plants that grow at the sun-lit surface of the ocean. In the Southern Ocean around Antarctica, phytoplankton live in sub-optimal conditions because the amount of iron in seawater is insufficient for growth. Moreover, the chemical composition of Southern Ocean phytoplankton is distinct from that in other ocean regions, with a higher proportion of phosphorus relative to other elements, a characteristic that ultimately influences the distribution of nutrients ocean-wide. The researchers hypothesize that the high phosphorus composition of phytoplankton in the Southern Ocean is caused by their low iron content. Specifically, they postulate that a phosphorus-rich molecule, phytic acid, is synthesized by phytoplankton in order to assist in the storage of iron in designated cellular compartments, such as vacuoles. Recent observations show that some phytoplankton can absorb phytic acid, suggesting that it may be produced by certain species. Phytic acid is pervasive in soils, wherein it aids absorption of iron via plant roots and could similarly help phytoplankton in the Southern Ocean acquire iron via the cell membranes. This project benefits the National Science Foundation's goals of improving understanding of interactions between the Southern Ocean and the global ocean, of expanding fundamental knowledge of Antarctic biota and associated processes by focusing on phytoplankton species unique to the Antarctic. As part of this project, the Department of Marine Sciences from the College of Liberal Arts and Sciences at the University of Connecticut will sponsor the recruitment, relocation and mentorship of a graduate student under-represented in the sciences.&lt;br/&gt;&lt;br/&gt;This project aims to determine whether the unusual elemental composition of phytoplankton at the Southern Ocean is a result of anemia. The work will query whether inositol hexakisphosphate (phytic acid) aids Antarctic phytoplankton acquire and store iron, resulting in an elevated fraction of cellular phosphorus relative to other elements. The researchers, including a graduate student, will conduct laboratory culture experiments with phytoplankton strains isolated from the Southern Ocean. They will grow cells in iron- deficient versus iron-replete media to see if their phosphorus content is higher in iron-deficient conditions. They will test whether cells grown with sufficient phosphorus acquire more iron, allowing them to grow better in iron-deficient conditions than cells deriving from phosphorus-poor conditions. They will also query whether cells grown in iron-deficient conditions achieve faster growth rates in the presence of phytic acid. Results will inform the design of CRISPR mutants with which to investigate phosphorus and iron co-metabolism in Antarctic marine phytoplankton.&lt;br/&gt;&lt;br/&gt;This award reflects NSF's statutory mission and has been deemed worthy of support through evaluation using the Foundation's intellectual merit and broader impacts review criteria.</AbstractNarration>
<MinAmdLetterDate>01/04/2022</MinAmdLetterDate>
<MaxAmdLetterDate>01/04/2022</MaxAmdLetterDate>
<ARRAAmount/>
<TRAN_TYPE>Grant</TRAN_TYPE>
<CFDA_NUM>47.078</CFDA_NUM>
<NSF_PAR_USE_FLAG>1</NSF_PAR_USE_FLAG>
<FUND_AGCY_CODE>4900</FUND_AGCY_CODE>
<AWDG_AGCY_CODE>4900</AWDG_AGCY_CODE>
<AwardID>2207011</AwardID>
<Investigator>
<FirstName>Senjie</FirstName>
<LastName>Lin</LastName>
<PI_MID_INIT/>
<PI_SUFX_NAME/>
<PI_FULL_NAME>Senjie Lin</PI_FULL_NAME>
<EmailAddress>senjie.lin@uconn.edu</EmailAddress>
<PI_PHON>8604059168</PI_PHON>
<NSF_ID>000159203</NSF_ID>
<StartDate>01/04/2022</StartDate>
<EndDate/>
<RoleCode>Co-Principal Investigator</RoleCode>
</Investigator>
<Investigator>
<FirstName>Julie</FirstName>
<LastName>Granger</LastName>
<PI_MID_INIT/>
<PI_SUFX_NAME/>
<PI_FULL_NAME>Julie Granger</PI_FULL_NAME>
<EmailAddress>julie.granger@UConn.edu</EmailAddress>
<PI_PHON>6097516891</PI_PHON>
<NSF_ID>000577694</NSF_ID>
<StartDate>01/04/2022</StartDate>
<EndDate/>
<RoleCode>Principal Investigator</RoleCode>
</Investigator>
<Institution>
<Name>University of Connecticut</Name>
<CityName>Storrs</CityName>
<ZipCode>062691133</ZipCode>
<PhoneNumber>8604863622</PhoneNumber>
<StreetAddress>438 Whitney Road Ext.</StreetAddress>
<StreetAddress2><![CDATA[Unit 1133]]></StreetAddress2>
<CountryName>United States</CountryName>
<StateName>Connecticut</StateName>
<StateCode>CT</StateCode>
<CONGRESSDISTRICT>02</CONGRESSDISTRICT>
<CONGRESS_DISTRICT_ORG>CT02</CONGRESS_DISTRICT_ORG>
<ORG_DUNS_NUM>614209054</ORG_DUNS_NUM>
<ORG_LGL_BUS_NAME>UNIVERSITY OF CONNECTICUT</ORG_LGL_BUS_NAME>
<ORG_PRNT_DUNS_NUM>004534830</ORG_PRNT_DUNS_NUM>
</Institution>
<Performance_Institution>
<Name><![CDATA[University of Connecticut]]></Name>
<CityName>Groton</CityName>
<StateCode>CT</StateCode>
<ZipCode>063406048</ZipCode>
<StreetAddress><![CDATA[1080 Shennecossett Road]]></StreetAddress>
<CountryCode>US</CountryCode>
<CountryName>United States</CountryName>
<StateName>Connecticut</StateName>
<CountryFlag>1</CountryFlag>
<CONGRESSDISTRICT>02</CONGRESSDISTRICT>
<CONGRESS_DISTRICT_PERF>CT02</CONGRESS_DISTRICT_PERF>
</Performance_Institution>
<ProgramElement>
<Code>5111</Code>
<Text>ANT Organisms &amp; Ecosystems</Text>
</ProgramElement>
<ProgramReference>
<Code>5111</Code>
<Text>ANTARCTIC ORGANISMS &amp; ECOSYST</Text>
</ProgramReference>
<ProgramReference>
<Code>7916</Code>
<Text>EAGER</Text>
</ProgramReference>
<FUND_OBLG>2022~185342</FUND_OBLG>
</Award>
</rootTag>
