<?xml version="1.0" encoding="UTF-8"?>
<rootTag>
<Award>
<AwardTitle>Travel: NSF Student Travel Grant for 2022 IEEE Symposium on Security and Privacy (IEEE S&amp;P)</AwardTitle>
<AGENCY>NSF</AGENCY>
<AwardEffectiveDate>03/01/2022</AwardEffectiveDate>
<AwardExpirationDate>02/28/2023</AwardExpirationDate>
<AwardTotalIntnAmount>25000.00</AwardTotalIntnAmount>
<AwardAmount>25000</AwardAmount>
<AwardInstrument>
<Value>Standard Grant</Value>
</AwardInstrument>
<Organization>
<Code>05050000</Code>
<Directorate>
<Abbreviation>CSE</Abbreviation>
<LongName>Direct For Computer &amp; Info Scie &amp; Enginr</LongName>
</Directorate>
<Division>
<Abbreviation>CNS</Abbreviation>
<LongName>Division Of Computer and Network Systems</LongName>
</Division>
</Organization>
<ProgramOfficer>
<SignBlockName>Jeremy Epstein</SignBlockName>
<PO_EMAI>jepstein@nsf.gov</PO_EMAI>
<PO_PHON>7032928338</PO_PHON>
</ProgramOfficer>
<AbstractNarration>The IEEE Security &amp; Privacy Symposium is a top-tier venue for cybersecurity and privacy research, and has been for much of its 40-plus-year history. Student attendance at S&amp;P is an important part of graduate education in cybersecurity. After two years of virtual meetings due to COVID, the 2022 Symposium will be held in San Francisco, CA and consist of approximately 80 technical papers and Systematization of Knowledge papers, which provide valuable background to students who are learning the literature.&lt;br/&gt;&lt;br/&gt;This grant provides travel support to encourage participation in the IEEE Symposium and its Student Program Committee by students who would normally find it difficult to attend. Criteria for selection include evidence of a serious interest in the field, as demonstrated by coursework and/or project experience. Organizers encourage participation of women and students from other under-represented groups.&lt;br/&gt;&lt;br/&gt;This award reflects NSF's statutory mission and has been deemed worthy of support through evaluation using the Foundation's intellectual merit and broader impacts review criteria.</AbstractNarration>
<MinAmdLetterDate>12/08/2021</MinAmdLetterDate>
<MaxAmdLetterDate>12/08/2021</MaxAmdLetterDate>
<ARRAAmount/>
<TRAN_TYPE>Grant</TRAN_TYPE>
<CFDA_NUM>47.070</CFDA_NUM>
<NSF_PAR_USE_FLAG>1</NSF_PAR_USE_FLAG>
<FUND_AGCY_CODE>4900</FUND_AGCY_CODE>
<AWDG_AGCY_CODE>4900</AWDG_AGCY_CODE>
<AwardID>2207471</AwardID>
<Investigator>
<FirstName>Song</FirstName>
<LastName>Fang</LastName>
<PI_MID_INIT/>
<PI_SUFX_NAME/>
<PI_FULL_NAME>Song Fang</PI_FULL_NAME>
<EmailAddress>songf@ou.edu</EmailAddress>
<PI_PHON>4053253536</PI_PHON>
<NSF_ID>000800154</NSF_ID>
<StartDate>12/08/2021</StartDate>
<EndDate/>
<RoleCode>Principal Investigator</RoleCode>
</Investigator>
<Institution>
<Name>University of Oklahoma Norman Campus</Name>
<CityName>NORMAN</CityName>
<ZipCode>730199705</ZipCode>
<PhoneNumber>4053254757</PhoneNumber>
<StreetAddress>201 Stephenson Parkway</StreetAddress>
<StreetAddress2><![CDATA[Five Partners Place, Suite 3100]]></StreetAddress2>
<CountryName>United States</CountryName>
<StateName>Oklahoma</StateName>
<StateCode>OK</StateCode>
<CONGRESSDISTRICT>04</CONGRESSDISTRICT>
<CONGRESS_DISTRICT_ORG>OK04</CONGRESS_DISTRICT_ORG>
<ORG_DUNS_NUM>848348348</ORG_DUNS_NUM>
<ORG_LGL_BUS_NAME>UNIVERSITY OF OKLAHOMA</ORG_LGL_BUS_NAME>
<ORG_PRNT_DUNS_NUM>046862181</ORG_PRNT_DUNS_NUM>
</Institution>
<Performance_Institution>
<Name><![CDATA[University of Oklahoma Norman Campus]]></Name>
<CityName>NORMAN</CityName>
<StateCode>OK</StateCode>
<ZipCode>730199705</ZipCode>
<StreetAddress><![CDATA[201 Stephenson Parkway]]></StreetAddress>
<CountryCode>US</CountryCode>
<CountryName>United States</CountryName>
<StateName>Oklahoma</StateName>
<CountryFlag>1</CountryFlag>
<CONGRESSDISTRICT>04</CONGRESSDISTRICT>
<CONGRESS_DISTRICT_PERF>OK04</CONGRESS_DISTRICT_PERF>
</Performance_Institution>
<ProgramElement>
<Code>8060</Code>
<Text>Secure &amp;Trustworthy Cyberspace</Text>
</ProgramElement>
<ProgramReference>
<Code>025Z</Code>
<Text>SaTC: Secure and Trustworthy Cyberspace</Text>
</ProgramReference>
<ProgramReference>
<Code>7556</Code>
<Text>CONFERENCE AND WORKSHOPS</Text>
</ProgramReference>
<ProgramReference>
<Code>9150</Code>
<Text>EXP PROG TO STIM COMP RES</Text>
</ProgramReference>
<FUND_OBLG>2022~25000</FUND_OBLG>
</Award>
</rootTag>
