<?xml version="1.0" encoding="UTF-8"?>
<rootTag>
<Award>
<AwardTitle>Educating Generative Designers in Engineering</AwardTitle>
<AGENCY>NSF</AGENCY>
<AwardEffectiveDate>02/01/2022</AwardEffectiveDate>
<AwardExpirationDate>09/30/2023</AwardExpirationDate>
<AwardTotalIntnAmount>2180230.00</AwardTotalIntnAmount>
<AwardAmount>2019533</AwardAmount>
<AwardInstrument>
<Value>Standard Grant</Value>
</AwardInstrument>
<Organization>
<Code>11040000</Code>
<Directorate>
<Abbreviation>EHR</Abbreviation>
<LongName>Direct For Education and Human Resources</LongName>
</Directorate>
<Division>
<Abbreviation>DUE</Abbreviation>
<LongName>Division Of Undergraduate Education</LongName>
</Division>
</Organization>
<ProgramOfficer>
<SignBlockName>Ellen Carpenter</SignBlockName>
<PO_EMAI>elcarpen@nsf.gov</PO_EMAI>
<PO_PHON>7032925104</PO_PHON>
</ProgramOfficer>
<AbstractNarration>With support from NSF's Accelerating Discovery program, this project aims to re-envision undergraduate engineering education to include generative design.  Generative design is a transformative design technology that uses open-ended artificial intelligence algorithms to arrive at solutions for engineering problems.  Generative design software can be freed from preconceived ideas or past solutions.  As a result, it allows exploration of a wider variety of potential solutions, with the goal of arriving at an optimal solution in partnership with the human engineer.  The proposed project will support the development of open-source educational tools for teaching and learning generative design.  These tools will be based on existing computer-assisted design and engineering software, and will include a set of project modules to guide students through authentic design problems.  The software and associated design problems will be pilot tested by students at thirteen institutions, including community colleges, Historically Black Colleges and Universities, liberal arts colleges, and public universities.  Information from these pilots will be used iteratively to refine the software and teaching approach.  This project represents a novel application of artificial intelligence to engineering that could augment the creativity and productivity of the engineering workforce of the future.  &lt;br/&gt;&lt;br/&gt;The overall goal of this project is to facilitate the teaching and learning of generative design at the undergraduate level.  To accomplish this goal, the University of Arkansas, the University of Illinois at Urbana-Champaign, Oregon State University, and the Concord Consortium will collaborate to define, implement, and disseminate generative design tools and projects for use in undergraduate courses.  Research questions from three perspectives will drive the project: 1) Theoretical perspective: What are the essential elements of generative design thinking that students must acquire so they can work effectively at the human-technology frontier in engineering? 2) Practical perspective: To what extent and in what ways can the curriculum and materials support the learning of generative design as indicated by students' gains in generative design thinking? and 3) Affective perspective: To what extent and in what ways can artificial intelligence affect the professional formation of engineers as indicated by the changes of students' interest and self-efficacy in engineering?  To answer these questions, interdisciplinary research that integrates the perspectives and knowledge in engineering design, computer science, learning science, and workforce development will be conducted.  The project will involve more than 1,000 students at 13 institutions around the country.   The research will include data from demographic surveys, questionnaires, self-efficacy measures, design reports, screencast videos, classroom observations, and participant interviews.  The materials developed by the project will be open source, including an open-source tool for teaching and learning generative design and a set of project-based learning modules that guide use of the tool to solve authentic design problems in architectural engineering and energy engineering.  The products of this project are expected to equip students with essential skills and mindsets needed to master using artificial intelligence approaches in contemporary engineering practices.&lt;br/&gt;&lt;br/&gt;This award reflects NSF's statutory mission and has been deemed worthy of support through evaluation using the Foundation's intellectual merit and broader impacts review criteria.</AbstractNarration>
<MinAmdLetterDate>01/25/2022</MinAmdLetterDate>
<MaxAmdLetterDate>01/25/2022</MaxAmdLetterDate>
<ARRAAmount/>
<TRAN_TYPE>Grant</TRAN_TYPE>
<CFDA_NUM>47.076</CFDA_NUM>
<NSF_PAR_USE_FLAG>1</NSF_PAR_USE_FLAG>
<FUND_AGCY_CODE>4900</FUND_AGCY_CODE>
<AWDG_AGCY_CODE>4900</AWDG_AGCY_CODE>
<AwardID>2207408</AwardID>
<Investigator>
<FirstName>Zhenghui</FirstName>
<LastName>Sha</LastName>
<PI_MID_INIT/>
<PI_SUFX_NAME/>
<PI_FULL_NAME>Zhenghui Sha</PI_FULL_NAME>
<EmailAddress>zsha@austin.utexas.edu</EmailAddress>
<PI_PHON>5124713887</PI_PHON>
<NSF_ID>000756912</NSF_ID>
<StartDate>01/25/2022</StartDate>
<EndDate/>
<RoleCode>Principal Investigator</RoleCode>
</Investigator>
<Institution>
<Name>University of Texas at Austin</Name>
<CityName>Austin</CityName>
<ZipCode>787595316</ZipCode>
<PhoneNumber>5124716424</PhoneNumber>
<StreetAddress>3925 W Braker Lane, Ste 3.340</StreetAddress>
<StreetAddress2/>
<CountryName>United States</CountryName>
<StateName>Texas</StateName>
<StateCode>TX</StateCode>
<CONGRESSDISTRICT>10</CONGRESSDISTRICT>
<CONGRESS_DISTRICT_ORG>TX10</CONGRESS_DISTRICT_ORG>
<ORG_DUNS_NUM>170230239</ORG_DUNS_NUM>
<ORG_LGL_BUS_NAME>UNIVERSITY OF TEXAS AT AUSTIN</ORG_LGL_BUS_NAME>
<ORG_PRNT_DUNS_NUM>042000273</ORG_PRNT_DUNS_NUM>
</Institution>
<Performance_Institution>
<Name><![CDATA[University of Texas at Austin]]></Name>
<CityName>Austin</CityName>
<StateCode>TX</StateCode>
<ZipCode>787121591</ZipCode>
<StreetAddress><![CDATA[204 E. Dean Keeton Street ETC II]]></StreetAddress>
<CountryCode>US</CountryCode>
<CountryName>United States</CountryName>
<StateName>Texas</StateName>
<CountryFlag>1</CountryFlag>
<CONGRESSDISTRICT>25</CONGRESSDISTRICT>
<CONGRESS_DISTRICT_PERF>TX25</CONGRESS_DISTRICT_PERF>
</Performance_Institution>
<ProgramElement>
<Code>1998</Code>
<Text>IUSE</Text>
</ProgramElement>
<ProgramReference>
<Code>7967</Code>
<Text>EDUCATION AND WORKFORCE</Text>
</ProgramReference>
<ProgramReference>
<Code>9150</Code>
<Text>EXP PROG TO STIM COMP RES</Text>
</ProgramReference>
<ProgramReference>
<Code>9178</Code>
<Text>UNDERGRADUATE EDUCATION</Text>
</ProgramReference>
<FUND_OBLG>2019~2019533</FUND_OBLG>
</Award>
</rootTag>
