<?xml version="1.0" encoding="UTF-8"?>
<rootTag>
<Award>
<AwardTitle>Conference: The 38th Annual Interdisciplinary Plant Group Symposium:  Enhancing the Resilience of Plant Systems to Climate Change</AwardTitle>
<AGENCY>NSF</AGENCY>
<AwardEffectiveDate>03/01/2022</AwardEffectiveDate>
<AwardExpirationDate>02/28/2023</AwardExpirationDate>
<AwardTotalIntnAmount>14820.00</AwardTotalIntnAmount>
<AwardAmount>14820</AwardAmount>
<AwardInstrument>
<Value>Standard Grant</Value>
</AwardInstrument>
<Organization>
<Code>08090000</Code>
<Directorate>
<Abbreviation>BIO</Abbreviation>
<LongName>Direct For Biological Sciences</LongName>
</Directorate>
<Division>
<Abbreviation>IOS</Abbreviation>
<LongName>Division Of Integrative Organismal Systems</LongName>
</Division>
</Organization>
<ProgramOfficer>
<SignBlockName>Courtney Jahn</SignBlockName>
<PO_EMAI>cjahn@nsf.gov</PO_EMAI>
<PO_PHON>7032927746</PO_PHON>
</ProgramOfficer>
<AbstractNarration>Plants sustain life on Earth, but are threatened by global environmental change. Increasing concentrations of greenhouse gases in the atmosphere have caused rapid changes in climate. Understanding how plants respond to the combination of elevated carbon dioxide, warming temperatures, and more variable precipitation is crucial towards developing more resilient crops, more efficient agricultural systems, and determining how natural ecosystems will cope with rapidly evolving environmental conditions to aid in conservation efforts. Developing pathways for mitigating and adapting to climate change is a grand challenge facing society, and for which the plant science community will play a central role to ensure food, water, and energy security. The purpose of the University of Missouri Interdisciplinary Plant Group’s 38th Annual Symposium, which has the theme Enhancing the Resilience of Plant Systems to Climate Change, is to bring together world-leading experts from diverse disciplines to educate the scientific community on the opportunities to develop innovative mitigation strategies to adapt plants to climate change. A major emphasis of the symposium is the scientific program that fosters the development of early career scientists (e.g., students and postdoctoral fellows), particularly those from underrepresented groups, through learning and networking opportunities. Additionally, the exposure to interdisciplinary research and the interactions with scientists from diverse research backgrounds will be an invaluable experience. Instilling the virtues of interdisciplinary collaboration early in students’ careers will provide broad impacts to society by equipping the next generation of scientists with the mindset and approach needed to tackle big societal challenges.&lt;br/&gt;&lt;br/&gt;Plants sustain life on Earth and human civilization by providing oxygen, food, fiber, fuel, and innumerable ecosystem services. Climate change poses a grave threat to plants and thus life on Earth. Enhancing fundamental scientific knowledge of plant environmental responses, and predictions of how plants will respond to the combination of elevated carbon dioxide concentrations, warmer temperatures, and more variable precipitation are critical elements of mitigation and adaptation strategies. The development of novel plants with enhanced stress tolerance and/or yields is needed to maintain food security. Moreover, projecting the future climate is dependent on biosphere-atmosphere interactions, which is highly reliant on accurate representation of plant environmental responses in models. The scope of the challenge is large, and magnified by the need for strong interdisciplinary research efforts. The 38th University of Missouri Interdisciplinary Plant Group’s Annual Symposium: Enhancing the Resilience of Plant Systems to Climate Change, will bring together preeminent experts at the intersections of disciplines and diverse scales ranging from molecules to ecosystems, to educate the scientific community on the opportunities to develop innovative mitigation strategies and to adapt plants to climate change. A major goal of the symposium is creating learning and networking opportunities for students and postdoctoral fellows, particularly those from underrepresented groups. The exposure to interdisciplinary research will be an invaluable experience. Furthermore, instilling the virtues of interdisciplinary collaboration early in students’ careers will provide broader impact to society by equipping the next generation of scientists with the mindset and approach needed to tackle big societal challenges.&lt;br/&gt;&lt;br/&gt;This award reflects NSF's statutory mission and has been deemed worthy of support through evaluation using the Foundation's intellectual merit and broader impacts review criteria.</AbstractNarration>
<MinAmdLetterDate>01/10/2022</MinAmdLetterDate>
<MaxAmdLetterDate>01/10/2022</MaxAmdLetterDate>
<ARRAAmount/>
<TRAN_TYPE>Grant</TRAN_TYPE>
<CFDA_NUM>47.074</CFDA_NUM>
<NSF_PAR_USE_FLAG>1</NSF_PAR_USE_FLAG>
<FUND_AGCY_CODE>4900</FUND_AGCY_CODE>
<AWDG_AGCY_CODE>4900</AWDG_AGCY_CODE>
<AwardID>2208816</AwardID>
<Investigator>
<FirstName>David</FirstName>
<LastName>Braun</LastName>
<PI_MID_INIT>M</PI_MID_INIT>
<PI_SUFX_NAME/>
<PI_FULL_NAME>David M Braun</PI_FULL_NAME>
<EmailAddress>braundm@missouri.edu</EmailAddress>
<PI_PHON>5738821055</PI_PHON>
<NSF_ID>000451620</NSF_ID>
<StartDate>01/10/2022</StartDate>
<EndDate/>
<RoleCode>Co-Principal Investigator</RoleCode>
</Investigator>
<Investigator>
<FirstName>Jeffrey</FirstName>
<LastName>Wood</LastName>
<PI_MID_INIT>D</PI_MID_INIT>
<PI_SUFX_NAME/>
<PI_FULL_NAME>Jeffrey D Wood</PI_FULL_NAME>
<EmailAddress>woodjd@missouri.edu</EmailAddress>
<PI_PHON>5738823295</PI_PHON>
<NSF_ID>000749000</NSF_ID>
<StartDate>01/10/2022</StartDate>
<EndDate/>
<RoleCode>Principal Investigator</RoleCode>
</Investigator>
<Institution>
<Name>University of Missouri-Columbia</Name>
<CityName>COLUMBIA</CityName>
<ZipCode>652110001</ZipCode>
<PhoneNumber>5738827560</PhoneNumber>
<StreetAddress>601 Turner Ave</StreetAddress>
<StreetAddress2><![CDATA[Turner Avenue Garage, Room 201]]></StreetAddress2>
<CountryName>United States</CountryName>
<StateName>Missouri</StateName>
<StateCode>MO</StateCode>
<CONGRESSDISTRICT>04</CONGRESSDISTRICT>
<CONGRESS_DISTRICT_ORG>MO04</CONGRESS_DISTRICT_ORG>
<ORG_DUNS_NUM>153890272</ORG_DUNS_NUM>
<ORG_LGL_BUS_NAME>UNIVERSITY OF MISSOURI SYSTEM</ORG_LGL_BUS_NAME>
<ORG_PRNT_DUNS_NUM>006326904</ORG_PRNT_DUNS_NUM>
</Institution>
<Performance_Institution>
<Name><![CDATA[The Curators of the University of Missouri]]></Name>
<CityName>COLUMBIA</CityName>
<StateCode>MO</StateCode>
<ZipCode>652110001</ZipCode>
<StreetAddress><![CDATA[Bond Life Sciences Center]]></StreetAddress>
<CountryCode>US</CountryCode>
<CountryName>United States</CountryName>
<StateName>Missouri</StateName>
<CountryFlag>1</CountryFlag>
<CONGRESSDISTRICT>04</CONGRESSDISTRICT>
<CONGRESS_DISTRICT_PERF>MO04</CONGRESS_DISTRICT_PERF>
</Performance_Institution>
<ProgramElement>
<Code>1329</Code>
<Text>Plant Genome Research Project</Text>
</ProgramElement>
<ProgramElement>
<Code>7657</Code>
<Text>Integrtv Ecological Physiology</Text>
</ProgramElement>
<ProgramElement>
<Code>7658</Code>
<Text>Physiolgcl Mechnsms&amp;Biomechnsm</Text>
</ProgramElement>
<ProgramReference>
<Code>1329</Code>
<Text>PLANT GENOME RESEARCH PROJECT</Text>
</ProgramReference>
<ProgramReference>
<Code>7556</Code>
<Text>CONFERENCE AND WORKSHOPS</Text>
</ProgramReference>
<ProgramReference>
<Code>7577</Code>
<Text>PLANT GENOME RESEARCH RESOURCE</Text>
</ProgramReference>
<ProgramReference>
<Code>8038</Code>
<Text>Biotechnology</Text>
</ProgramReference>
<ProgramReference>
<Code>9109</Code>
<Text>AGRICULTURAL BIOTECHNOLOGY</Text>
</ProgramReference>
<ProgramReference>
<Code>9178</Code>
<Text>UNDERGRADUATE EDUCATION</Text>
</ProgramReference>
<ProgramReference>
<Code>9179</Code>
<Text>GRADUATE INVOLVEMENT</Text>
</ProgramReference>
<FUND_OBLG>2022~14820</FUND_OBLG>
</Award>
</rootTag>
