<?xml version="1.0" encoding="UTF-8"?>
<rootTag>
<Award>
<AwardTitle>CAREER: Bringing Models to Native: Open Access Bioinformatics for Protein Structure Refinement</AwardTitle>
<AGENCY>NSF</AGENCY>
<AwardEffectiveDate>12/01/2021</AwardEffectiveDate>
<AwardExpirationDate>07/31/2025</AwardExpirationDate>
<AwardTotalIntnAmount>557340.00</AwardTotalIntnAmount>
<AwardAmount>404812</AwardAmount>
<AwardInstrument>
<Value>Continuing Grant</Value>
</AwardInstrument>
<Organization>
<Code>08080000</Code>
<Directorate>
<Abbreviation>BIO</Abbreviation>
<LongName>Direct For Biological Sciences</LongName>
</Directorate>
<Division>
<Abbreviation>DBI</Abbreviation>
<LongName>Div Of Biological Infrastructure</LongName>
</Division>
</Organization>
<ProgramOfficer>
<SignBlockName>Jean Gao</SignBlockName>
<PO_EMAI>jgao@nsf.gov</PO_EMAI>
<PO_PHON>7032927253</PO_PHON>
</ProgramOfficer>
<AbstractNarration>Structural biology has entered an era of computational modeling. Computational models serve as vehicles for studying the structure and dynamics of complex biological macromolecules, such as proteins, to better understand the properties and mechanisms of cells. Computational protein modeling, due to its efficiency and scalability, can be used on a genome-wide scale to predict atomic-level three-dimensional protein structures from sequences when experimental structure determination techniques are not feasible or practical. However, computational models often do not reach biologically relevant experimental accuracy, the so-called native states. Computational structure refinement aims at improving these moderately accurate protein models by driving them towards experimental quality. However structure refinement methods often fail to bring models close enough to the native state, and worse, sometimes drive them away from native. This project will develop novel computational and data-driven methods to substantially improve protein structure refinement, bringing protein models closer to the native states. An open access bioinformatics research infrastructure will be developed and publicly disseminated, advancing basic biological research. Additionally, this interdisciplinary project has a deep commitment to enriching knowledge in biomolecular simulation and refinement, benefiting researchers and students in multiple communities at the interface of computing and biology.&lt;br/&gt;&lt;br/&gt;This project aims to address the dual barriers of sampling and scoring in structure refinement by exploiting reciprocal coupling of data-driven sampling and deep learning-based scoring. Specifically, new data-driven sampling methods guided by residue-specific and inter-residue restraints with generalized ensemble search will be developed to bias conformational sampling towards the native state. Additionally, novel side-chain oriented high- and intermediate-resolution scoring functions powered by deep learning will be formulated to significantly improve the recognition of native-like conformations. An open access bioinformatics cyberinfrastructure for structure refinement will be developed and deployed by integrating the new sampling and scoring methods, enabling worldwide community of life science researchers to apply these advanced refinement protocols, thereby multiplying the impact of the project on basic biological research. The project facilitates simulation-based learning through the development of PolyFold, a visual simulator for interactive protein structure manipulation and refinement, with an inclusive commitment to engage general public in science and technology. Results of this project, including the open access bioinformatics research and educational resources, can be found at http://www.eng.auburn.edu/~dzb0050/.&lt;br/&gt;&lt;br/&gt;This award reflects NSF's statutory mission and has been deemed worthy of support through evaluation using the Foundation's intellectual merit and broader impacts review criteria.</AbstractNarration>
<MinAmdLetterDate>12/08/2021</MinAmdLetterDate>
<MaxAmdLetterDate>12/08/2021</MaxAmdLetterDate>
<ARRAAmount/>
<TRAN_TYPE>Grant</TRAN_TYPE>
<CFDA_NUM>47.074</CFDA_NUM>
<NSF_PAR_USE_FLAG>1</NSF_PAR_USE_FLAG>
<FUND_AGCY_CODE>4900</FUND_AGCY_CODE>
<AWDG_AGCY_CODE>4900</AWDG_AGCY_CODE>
<AwardID>2208679</AwardID>
<Investigator>
<FirstName>Debswapna</FirstName>
<LastName>Bhattacharya</LastName>
<PI_MID_INIT/>
<PI_SUFX_NAME/>
<PI_FULL_NAME>Debswapna Bhattacharya</PI_FULL_NAME>
<EmailAddress>dbhattacharya@vt.edu</EmailAddress>
<PI_PHON>5402312865</PI_PHON>
<NSF_ID>000784924</NSF_ID>
<StartDate>12/08/2021</StartDate>
<EndDate/>
<RoleCode>Principal Investigator</RoleCode>
</Investigator>
<Institution>
<Name>Virginia Polytechnic Institute and State University</Name>
<CityName>BLACKSBURG</CityName>
<ZipCode>240610001</ZipCode>
<PhoneNumber>5402315281</PhoneNumber>
<StreetAddress>Sponsored Programs 0170</StreetAddress>
<StreetAddress2><![CDATA[300 Turner Street NW, Suite 4200]]></StreetAddress2>
<CountryName>United States</CountryName>
<StateName>Virginia</StateName>
<StateCode>VA</StateCode>
<CONGRESSDISTRICT>09</CONGRESSDISTRICT>
<CONGRESS_DISTRICT_ORG>VA09</CONGRESS_DISTRICT_ORG>
<ORG_DUNS_NUM>003137015</ORG_DUNS_NUM>
<ORG_LGL_BUS_NAME>VIRGINIA POLYTECHNIC INSTITUTE AND STATE UNIVERSITY</ORG_LGL_BUS_NAME>
<ORG_PRNT_DUNS_NUM>003137015</ORG_PRNT_DUNS_NUM>
</Institution>
<Performance_Institution>
<Name><![CDATA[Virginia Polytechnic Institute and State University]]></Name>
<CityName/>
<StateCode>VA</StateCode>
<ZipCode>240610001</ZipCode>
<StreetAddress/>
<CountryCode>US</CountryCode>
<CountryName>United States</CountryName>
<StateName>Virginia</StateName>
<CountryFlag>1</CountryFlag>
<CONGRESSDISTRICT>09</CONGRESSDISTRICT>
<CONGRESS_DISTRICT_PERF>VA09</CONGRESS_DISTRICT_PERF>
</Performance_Institution>
<ProgramElement>
<Code>084Y</Code>
<Text>IIBR: Infrastructure Innovatio</Text>
</ProgramElement>
<ProgramReference>
<Code>1045</Code>
<Text>CAREER-Faculty Erly Career Dev</Text>
</ProgramReference>
<ProgramReference>
<Code>1165</Code>
<Text>ADVANCES IN BIO INFORMATICS</Text>
</ProgramReference>
<FUND_OBLG>2020~404812</FUND_OBLG>
</Award>
</rootTag>
