<?xml version="1.0" encoding="UTF-8"?>
<rootTag>
<Award>
<AwardTitle>RAPID: Quantifying timescales of groundwater recharge and discharge in seasonally snow-covered headwater catchments</AwardTitle>
<AGENCY>NSF</AGENCY>
<AwardEffectiveDate>01/15/2022</AwardEffectiveDate>
<AwardExpirationDate>12/31/2022</AwardExpirationDate>
<AwardTotalIntnAmount>49843.00</AwardTotalIntnAmount>
<AwardAmount>49843</AwardAmount>
<AwardInstrument>
<Value>Standard Grant</Value>
</AwardInstrument>
<Organization>
<Code>06030000</Code>
<Directorate>
<Abbreviation>GEO</Abbreviation>
<LongName>Directorate For Geosciences</LongName>
</Directorate>
<Division>
<Abbreviation>EAR</Abbreviation>
<LongName>Division Of Earth Sciences</LongName>
</Division>
</Organization>
<ProgramOfficer>
<SignBlockName>Laura Lautz</SignBlockName>
<PO_EMAI>llautz@nsf.gov</PO_EMAI>
<PO_PHON>7032927775</PO_PHON>
</ProgramOfficer>
<AbstractNarration>One of the largest challenges in efficient and equitable water resource management in the western US is the high spatial and temporal variability in streamflow. Although total winter snowfall is the primary driver of streamflow, the relationship between winter snow and river discharge is becoming ever more variable as temperatures warm and precipitation patterns change. This variability is highlighted by Spring runoff in the upper Colorado River Basin during 2020 and 2021, where annual snowfall was close to average, but annual streamflow was much lower than expected. Recent work has demonstrated that a major cause of this variability is groundwater storage that responds to climate over multiple years. This project will provide baseline data to determine how and why regional groundwater storage varies, ultimately allowing resource managers and water users to anticipate and plan for annual water supply months to years in advance, eliminating surprises due to having either too much, or more often too little water to meet demands.&lt;br/&gt;&lt;br/&gt;This project will directly address the implicit assumptions of water balance closure on an annual time scale. The work builds on decades of hydrochemical research that demonstrates snowmelt-derived streamflow consists primarily of “old” water and that variability in this old water is significantly related to variability in runoff efficiency. Sample collection and analyses using state of the art age tracers (e.g. 3H, 3H/3He, SF6), water isotopes, and major ion chemistry during this project will begin to elucidate the mechanisms underlying these relationships and how they vary with landscape structure, underlying geology, and climate. The work focuses on extensively studied catchments in Utah as well as research catchments (CZCN, CZO, USFS, USDA ARS, USGS) throughout the western US. Ongoing partnerships with resources managers in Utah, Arizona, Colorado, and New Mexico will facilitate translation of knowledge gained into application.&lt;br/&gt;&lt;br/&gt;This award is co-funded by the Hydrologic Sciences and Critical Zone programs.&lt;br/&gt;&lt;br/&gt;This award reflects NSF's statutory mission and has been deemed worthy of support through evaluation using the Foundation's intellectual merit and broader impacts review criteria.</AbstractNarration>
<MinAmdLetterDate>01/12/2022</MinAmdLetterDate>
<MaxAmdLetterDate>01/12/2022</MaxAmdLetterDate>
<ARRAAmount/>
<TRAN_TYPE>Grant</TRAN_TYPE>
<CFDA_NUM>47.050</CFDA_NUM>
<NSF_PAR_USE_FLAG>1</NSF_PAR_USE_FLAG>
<FUND_AGCY_CODE>4900</FUND_AGCY_CODE>
<AWDG_AGCY_CODE>4900</AWDG_AGCY_CODE>
<AwardID>2208424</AwardID>
<Investigator>
<FirstName>Paul</FirstName>
<LastName>Brooks</LastName>
<PI_MID_INIT>D</PI_MID_INIT>
<PI_SUFX_NAME/>
<PI_FULL_NAME>Paul D Brooks</PI_FULL_NAME>
<EmailAddress>paul.brooks@utah.edu</EmailAddress>
<PI_PHON>8015852858</PI_PHON>
<NSF_ID>000265561</NSF_ID>
<StartDate>01/12/2022</StartDate>
<EndDate/>
<RoleCode>Principal Investigator</RoleCode>
</Investigator>
<Investigator>
<FirstName>D. Kip</FirstName>
<LastName>Solomon</LastName>
<PI_MID_INIT/>
<PI_SUFX_NAME/>
<PI_FULL_NAME>D. Kip Solomon</PI_FULL_NAME>
<EmailAddress>kip.solomon@utah.edu</EmailAddress>
<PI_PHON>8015817231</PI_PHON>
<NSF_ID>000423309</NSF_ID>
<StartDate>01/12/2022</StartDate>
<EndDate/>
<RoleCode>Co-Principal Investigator</RoleCode>
</Investigator>
<Institution>
<Name>University of Utah</Name>
<CityName>SALT LAKE CITY</CityName>
<ZipCode>841128930</ZipCode>
<PhoneNumber>8015816903</PhoneNumber>
<StreetAddress>75 S 2000 E</StreetAddress>
<StreetAddress2><![CDATA[Second Floor]]></StreetAddress2>
<CountryName>United States</CountryName>
<StateName>Utah</StateName>
<StateCode>UT</StateCode>
<CONGRESSDISTRICT>02</CONGRESSDISTRICT>
<CONGRESS_DISTRICT_ORG>UT02</CONGRESS_DISTRICT_ORG>
<ORG_DUNS_NUM>009095365</ORG_DUNS_NUM>
<ORG_LGL_BUS_NAME>UNIVERSITY OF UTAH, THE</ORG_LGL_BUS_NAME>
<ORG_PRNT_DUNS_NUM>009095365</ORG_PRNT_DUNS_NUM>
</Institution>
<Performance_Institution>
<Name><![CDATA[University of Utah]]></Name>
<CityName/>
<StateCode>UT</StateCode>
<ZipCode>841128930</ZipCode>
<StreetAddress/>
<CountryCode>US</CountryCode>
<CountryName>United States</CountryName>
<StateName>Utah</StateName>
<CountryFlag>1</CountryFlag>
<CONGRESSDISTRICT>02</CONGRESSDISTRICT>
<CONGRESS_DISTRICT_PERF>UT02</CONGRESS_DISTRICT_PERF>
</Performance_Institution>
<ProgramElement>
<Code>1579</Code>
<Text>Hydrologic Sciences</Text>
</ProgramElement>
<ProgramElement>
<Code>7222</Code>
<Text>XC-Crosscutting Activities Pro</Text>
</ProgramElement>
<ProgramElement>
<Code>7693</Code>
<Text>CZO-Critical Zone Obsrvatories</Text>
</ProgramElement>
<ProgramReference>
<Code>7914</Code>
<Text>RAPID</Text>
</ProgramReference>
<FUND_OBLG>2022~49843</FUND_OBLG>
</Award>
</rootTag>
