<?xml version="1.0" encoding="UTF-8"?>
<rootTag>
<Award>
<AwardTitle>Research Initiation: Advanced Modeling of Metacognitive Problem Solving and Group Effectiveness in Collaborative Engineering Teams</AwardTitle>
<AGENCY>NSF</AGENCY>
<AwardEffectiveDate>12/01/2021</AwardEffectiveDate>
<AwardExpirationDate>02/28/2022</AwardExpirationDate>
<AwardTotalIntnAmount>199875.00</AwardTotalIntnAmount>
<AwardAmount>13725</AwardAmount>
<AwardInstrument>
<Value>Standard Grant</Value>
</AwardInstrument>
<Organization>
<Code>07050000</Code>
<Directorate>
<Abbreviation>ENG</Abbreviation>
<LongName>Directorate For Engineering</LongName>
</Directorate>
<Division>
<Abbreviation>EEC</Abbreviation>
<LongName>Div Of Engineering Education and Centers</LongName>
</Division>
</Organization>
<ProgramOfficer>
<SignBlockName>Jumoke Ladeji-Osias</SignBlockName>
<PO_EMAI>jladejio@nsf.gov</PO_EMAI>
<PO_PHON>7032927708</PO_PHON>
</ProgramOfficer>
<AbstractNarration>Most engineering professionals acquire their technical skills through academic curricula. However, in order to succeed in fulfilling the missions of their professions, graduating engineers require a broader set of professional skills. Problem-solving, metacognitive awareness, teamwork, and mindsets supporting sustainability are 21st century skills that help engineers solve complex problems. These professional skills also allow engineers to work effectively in collaborative teams. This project aims to investigate how engineering students develop their professional skills and provide an approach for measuring and quantifying these skills. Undergraduate engineering students will work individually and in groups to solve real-life manufacturing problems while their professional skills are assessed and enhanced. In order to optimize team performance, the conflicts and errors that occur during the problem solving process will be minimized. By acquiring these skills, engineering students will become effective problem solvers and will be prepared to address complex problems in their work environment. Extensive academic and industry dissemination and outreach will be used to bolster the broader impact of project findings.&lt;br/&gt;&lt;br/&gt;This initiative will develop a new integrated approach to understanding professional skills in the engineering student population and determine if students are attending to the correct elements while solving engineering problems, both in individual and group settings. Physical simulations and virtual reality testbeds will be used to study metacognitive problem-solving and group effectiveness in collaborative teams. The testbeds will help to pinpoint what the students are paying attention to during the learning process as the low-level attention is measured through eye-tracking and application of psychological theories of learning and attention. The project will then develop analytical models to optimize team performance. The analytical models will combine conflict &amp; error algorithms and statistical modeling methods to describe this learning process and identify where improvements can be made. The models will provide valuable insights into the metacognitive decision-making process. By studying eye movements (using eye-tracking), a deeper understanding of metacognition and factors affecting it can be achieved. Because eye movements are indicative of attention, this will allow determination of what information is being attended to, and ultimately processed, by students engaged in the process. By comparing physical simulations with virtual reality environments, this research will provide insights into the applicability of virtual reality technologies in the education domain. Research activities will be integrated into undergraduate courses to support problem-solving skill development. The research will contribute to the economic growth and security of our nation by enhancing the well-being, innovation, and creative problem-solving skills of undergraduate engineering students. This in turn will positively impact our society, academic environment, as well as manufacturing, service and healthcare industries.&lt;br/&gt;&lt;br/&gt;This award reflects NSF's statutory mission and has been deemed worthy of support through evaluation using the Foundation's intellectual merit and broader impacts review criteria.</AbstractNarration>
<MinAmdLetterDate>12/07/2021</MinAmdLetterDate>
<MaxAmdLetterDate>12/07/2021</MaxAmdLetterDate>
<ARRAAmount/>
<TRAN_TYPE>Grant</TRAN_TYPE>
<CFDA_NUM>47.041</CFDA_NUM>
<NSF_PAR_USE_FLAG>1</NSF_PAR_USE_FLAG>
<FUND_AGCY_CODE>4900</FUND_AGCY_CODE>
<AWDG_AGCY_CODE>4900</AWDG_AGCY_CODE>
<AwardID>2208680</AwardID>
<Investigator>
<FirstName>Faisal</FirstName>
<LastName>Aqlan</LastName>
<PI_MID_INIT/>
<PI_SUFX_NAME/>
<PI_FULL_NAME>Faisal Aqlan</PI_FULL_NAME>
<EmailAddress>faisal.aqlan@louisville.edu</EmailAddress>
<PI_PHON>5028521697</PI_PHON>
<NSF_ID>000736121</NSF_ID>
<StartDate>12/07/2021</StartDate>
<EndDate/>
<RoleCode>Principal Investigator</RoleCode>
</Investigator>
<Institution>
<Name>University of Louisville Research Foundation Inc</Name>
<CityName>Louisville</CityName>
<ZipCode>402021959</ZipCode>
<PhoneNumber>5028523788</PhoneNumber>
<StreetAddress>Atria Support Center</StreetAddress>
<StreetAddress2><![CDATA[300 East Market St, Suite 300]]></StreetAddress2>
<CountryName>United States</CountryName>
<StateName>Kentucky</StateName>
<StateCode>KY</StateCode>
<CONGRESSDISTRICT>03</CONGRESSDISTRICT>
<CONGRESS_DISTRICT_ORG>KY03</CONGRESS_DISTRICT_ORG>
<ORG_DUNS_NUM>057588857</ORG_DUNS_NUM>
<ORG_LGL_BUS_NAME>UNIVERSITY OF LOUISVILLE</ORG_LGL_BUS_NAME>
<ORG_PRNT_DUNS_NUM>057588857</ORG_PRNT_DUNS_NUM>
</Institution>
<Performance_Institution>
<Name><![CDATA[University of Louisville]]></Name>
<CityName>Louisville</CityName>
<StateCode>KY</StateCode>
<ZipCode>402920001</ZipCode>
<StreetAddress><![CDATA[220 Eastern Pkwy]]></StreetAddress>
<CountryCode>US</CountryCode>
<CountryName>United States</CountryName>
<StateName>Kentucky</StateName>
<CountryFlag>1</CountryFlag>
<CONGRESSDISTRICT>03</CONGRESSDISTRICT>
<CONGRESS_DISTRICT_PERF>KY03</CONGRESS_DISTRICT_PERF>
</Performance_Institution>
<ProgramElement>
<Code>1340</Code>
<Text>EngEd-Engineering Education</Text>
</ProgramElement>
<ProgramReference>
<Code>110E</Code>
<Text>EDUCATION RESEARCH</Text>
</ProgramReference>
<ProgramReference>
<Code>1340</Code>
<Text>ENGINEERING EDUCATION</Text>
</ProgramReference>
<FUND_OBLG>2019~13725</FUND_OBLG>
</Award>
</rootTag>
