<?xml version="1.0" encoding="UTF-8"?>
<rootTag>
<Award>
<AwardTitle>Collaborative Research: IRES Track 1: International Research Experience for Students in Big Data Applications in Energy and Related Infrastructure</AwardTitle>
<AGENCY>NSF</AGENCY>
<AwardEffectiveDate>12/01/2021</AwardEffectiveDate>
<AwardExpirationDate>03/31/2023</AwardExpirationDate>
<AwardTotalIntnAmount>128076.00</AwardTotalIntnAmount>
<AwardAmount>112851</AwardAmount>
<AwardInstrument>
<Value>Standard Grant</Value>
</AwardInstrument>
<Organization>
<Code>01090000</Code>
<Directorate>
<Abbreviation>O/D</Abbreviation>
<LongName>Office Of The Director</LongName>
</Directorate>
<Division>
<Abbreviation>OISE</Abbreviation>
<LongName>Office Of Internatl Science &amp;Engineering</LongName>
</Division>
</Organization>
<ProgramOfficer>
<SignBlockName>Kleanthis Psarris</SignBlockName>
<PO_EMAI>kpsarris@nsf.gov</PO_EMAI>
<PO_PHON>7032925048</PO_PHON>
</ProgramOfficer>
<AbstractNarration>The necessity of preparing a data-savvy and global workforce has been widely recognized in the published literature. The World Economic Forum projects that big data and machine learning would create a very large number of jobs in the global marketplace. Among other industries, energy and related infrastructure have tremendous need and potential for applications of big data to enhance the safety and efficiency of energy production, distribution, and infrastructure support. The project “Collaborative Research: International Research Experience for Students (IRES) in Big Data Applications in Energy and Related Infrastructure” has three distinct goals: 1) prepare students with professional skills to join a diverse and global STEM/knowledge workforce in advanced data science and analytics; 2) increase enthusiasm and research skills of undergraduate students from underrepresented population groups who otherwise might not have an international opportunity for professional development; and 3) foster collaboration between the faculty and students from Asian (economically, one of the fastest growing regions in the world) and U.S. universities. &lt;br/&gt;&lt;br/&gt;This project will support 27 undergraduate students (over a three-year period) for a 6-week long high quality research internship experience. These students will work on energy related real-world big data and machine learning projects at a reputed international research institute in Malaysia. Out of nine participants per year, three each from the participating institutions, Texas A&amp;M University, North Dakota State University, and University of Nevada, Las Vegas, will be recruited for this program. To broaden the participation, efforts will be to recruit about two-third students from female and underrepresented population groups. The proposed IRES site, Universiti Teknologi Petronas (UTP), Perak, Malaysia, is a highly ranked research institution in the ASEAN region (a 10-Nation bloc with a combined GDP of nearly $3 trillion). The UTP has a very strong connection with the energy industry. This project will unveil novel applications of big data and machine learning tools and techniques in energy and related infrastructure domains including energy production and operations issues such as reliability, environmental impact, and distribution logistics in an interdisciplinary manner. Students will gain intellectual experiences and understanding on assessing reliability of the energy networks utilizing degradation or physics-of-failure models and tools such as stochastic modeling, Bayesian updating, and optimization models for maintenance planning. Lastly, students will work in a cohort of multi-university and multinational teams mentored by renowned international faculty and researchers. It will further enable these students to join global workforce by gaining global research and cultural experiences. The project will benefit multiple groups and entities including the students, universities from both countries, faculty members, and industries. Finally, the well stablished Engineering Global Preparedness Inventory scale will be used to objectively assess the impact of IRES activity on students.&lt;br/&gt;&lt;br/&gt;This award reflects NSF's statutory mission and has been deemed worthy of support through evaluation using the Foundation's intellectual merit and broader impacts review criteria.</AbstractNarration>
<MinAmdLetterDate>12/07/2021</MinAmdLetterDate>
<MaxAmdLetterDate>12/07/2021</MaxAmdLetterDate>
<ARRAAmount/>
<TRAN_TYPE>Grant</TRAN_TYPE>
<CFDA_NUM>47.079</CFDA_NUM>
<NSF_PAR_USE_FLAG>1</NSF_PAR_USE_FLAG>
<FUND_AGCY_CODE>4900</FUND_AGCY_CODE>
<AWDG_AGCY_CODE>4900</AWDG_AGCY_CODE>
<AwardID>2208801</AwardID>
<Investigator>
<FirstName>Om Prakash</FirstName>
<LastName>Yadav</LastName>
<PI_MID_INIT/>
<PI_SUFX_NAME/>
<PI_FULL_NAME>Om Prakash Yadav</PI_FULL_NAME>
<EmailAddress>oyadav@ncat.edu</EmailAddress>
<PI_PHON>3362853759</PI_PHON>
<NSF_ID>000331510</NSF_ID>
<StartDate>12/07/2021</StartDate>
<EndDate/>
<RoleCode>Principal Investigator</RoleCode>
</Investigator>
<Institution>
<Name>North Carolina Agricultural &amp; Technical State University</Name>
<CityName>Greensboro</CityName>
<ZipCode>274110001</ZipCode>
<PhoneNumber>3363347995</PhoneNumber>
<StreetAddress>1601 E. Market Street</StreetAddress>
<StreetAddress2/>
<CountryName>United States</CountryName>
<StateName>North Carolina</StateName>
<StateCode>NC</StateCode>
<CONGRESSDISTRICT>06</CONGRESSDISTRICT>
<CONGRESS_DISTRICT_ORG>NC06</CONGRESS_DISTRICT_ORG>
<ORG_DUNS_NUM>071576482</ORG_DUNS_NUM>
<ORG_LGL_BUS_NAME>NORTH CAROLINA AGRICULTURAL AND TECHNICAL STATE UNIVERSITY</ORG_LGL_BUS_NAME>
<ORG_PRNT_DUNS_NUM>071576482</ORG_PRNT_DUNS_NUM>
</Institution>
<Performance_Institution>
<Name/>
<CityName/>
<StateCode/>
<ZipCode/>
<StreetAddress/>
<CountryCode/>
<CountryName>RI REQUIRED</CountryName>
<StateName>RI REQUIRED</StateName>
<CountryFlag>0</CountryFlag>
<CONGRESSDISTRICT/>
<CONGRESS_DISTRICT_PERF>""</CONGRESS_DISTRICT_PERF>
</Performance_Institution>
<ProgramElement>
<Code>7727</Code>
<Text>IRES Track I: IRES Sites (IS)</Text>
</ProgramElement>
<ProgramReference>
<Code>5927</Code>
<Text>EAST ASIA, OTHER</Text>
</ProgramReference>
<ProgramReference>
<Code>7639</Code>
<Text>IRES</Text>
</ProgramReference>
<ProgramReference>
<Code>9150</Code>
<Text>EXP PROG TO STIM COMP RES</Text>
</ProgramReference>
<FUND_OBLG>2020~112851</FUND_OBLG>
</Award>
</rootTag>
