<?xml version="1.0" encoding="UTF-8"?>
<rootTag>
<Award>
<AwardTitle>Planning: Glaciers To Gulf Meeting</AwardTitle>
<AGENCY>NSF</AGENCY>
<AwardEffectiveDate>01/15/2022</AwardEffectiveDate>
<AwardExpirationDate>12/31/2022</AwardExpirationDate>
<AwardTotalIntnAmount>94665.00</AwardTotalIntnAmount>
<AwardAmount>94665</AwardAmount>
<AwardInstrument>
<Value>Standard Grant</Value>
</AwardInstrument>
<Organization>
<Code>01060100</Code>
<Directorate>
<Abbreviation>O/D</Abbreviation>
<LongName>Office Of The Director</LongName>
</Directorate>
<Division>
<Abbreviation>OIA</Abbreviation>
<LongName>OIA-Office of Integrative Activities</LongName>
</Division>
</Organization>
<ProgramOfficer>
<SignBlockName>Jose Colom</SignBlockName>
<PO_EMAI>jcolom@nsf.gov</PO_EMAI>
<PO_PHON>7032927088</PO_PHON>
</ProgramOfficer>
<AbstractNarration>This planning proposal looks to enable the engagement of academic researchers and coastal community stakeholders around Alaska. The community  stakeholders include tribal entities, community member harvesters, and mariculture farmers. The team will use the planning process to begin discussions around workforce development and diversity activities to be included in the future EPSCoR Track-1 Glaciers to Gulf (G2G) proposal.  The G2G proposal will address aspects related to: Terrestrial Export, Marine Resources, and Human Dimensions.  The topics are aligned with Alaska's Science and Technology Plan.  The primary desired outcomes from the planning grant activities include: 1) a team science collaboration plan outlining best practices for stakeholder engagement and co-production of research; 2) an assessment of existing strengths and weaknesses with respect to the research themes and jurisdictional capacity (SWOT analysis); 3) an evaluation of the existing gaps in jurisdictional expertise and knowledge (gap analysis); and 4) a draft of a logic model to ensure success of G2G.&lt;br/&gt;&lt;br/&gt;This award reflects NSF's statutory mission and has been deemed worthy of support through evaluation using the Foundation's intellectual merit and broader impacts review criteria.</AbstractNarration>
<MinAmdLetterDate>01/11/2022</MinAmdLetterDate>
<MaxAmdLetterDate>01/11/2022</MaxAmdLetterDate>
<ARRAAmount/>
<TRAN_TYPE>Grant</TRAN_TYPE>
<CFDA_NUM>47.083</CFDA_NUM>
<NSF_PAR_USE_FLAG>1</NSF_PAR_USE_FLAG>
<FUND_AGCY_CODE>4900</FUND_AGCY_CODE>
<AWDG_AGCY_CODE>4900</AWDG_AGCY_CODE>
<AwardID>2208858</AwardID>
<Investigator>
<FirstName>Brenda</FirstName>
<LastName>Konar</LastName>
<PI_MID_INIT>H</PI_MID_INIT>
<PI_SUFX_NAME/>
<PI_FULL_NAME>Brenda H Konar</PI_FULL_NAME>
<EmailAddress>bhkonar@alaska.edu</EmailAddress>
<PI_PHON>9074745028</PI_PHON>
<NSF_ID>000438833</NSF_ID>
<StartDate>01/11/2022</StartDate>
<EndDate/>
<RoleCode>Principal Investigator</RoleCode>
</Investigator>
<Investigator>
<FirstName>Lee Ann</FirstName>
<LastName>Munk</LastName>
<PI_MID_INIT/>
<PI_SUFX_NAME/>
<PI_FULL_NAME>Lee Ann Munk</PI_FULL_NAME>
<EmailAddress>lamunk@alaska.edu</EmailAddress>
<PI_PHON>9077866895</PI_PHON>
<NSF_ID>000329141</NSF_ID>
<StartDate>01/11/2022</StartDate>
<EndDate/>
<RoleCode>Co-Principal Investigator</RoleCode>
</Investigator>
<Investigator>
<FirstName>Jason</FirstName>
<LastName>Fellman</LastName>
<PI_MID_INIT>B</PI_MID_INIT>
<PI_SUFX_NAME/>
<PI_FULL_NAME>Jason B Fellman</PI_FULL_NAME>
<EmailAddress>jbfellman@alaska.edu</EmailAddress>
<PI_PHON>9077966370</PI_PHON>
<NSF_ID>000663418</NSF_ID>
<StartDate>01/11/2022</StartDate>
<EndDate/>
<RoleCode>Co-Principal Investigator</RoleCode>
</Investigator>
<Investigator>
<FirstName>Schery</FirstName>
<LastName>Umanzor</LastName>
<PI_MID_INIT/>
<PI_SUFX_NAME/>
<PI_FULL_NAME>Schery Umanzor</PI_FULL_NAME>
<EmailAddress>sumanzor@alaska.edu</EmailAddress>
<PI_PHON>9077965432</PI_PHON>
<NSF_ID>000795233</NSF_ID>
<StartDate>01/11/2022</StartDate>
<EndDate/>
<RoleCode>Co-Principal Investigator</RoleCode>
</Investigator>
<Institution>
<Name>University of Alaska Fairbanks Campus</Name>
<CityName>Fairbanks</CityName>
<ZipCode>997757880</ZipCode>
<PhoneNumber>9074747301</PhoneNumber>
<StreetAddress>West Ridge Research Bldg 008</StreetAddress>
<StreetAddress2><![CDATA[2145 N. Tanana Loop]]></StreetAddress2>
<CountryName>United States</CountryName>
<StateName>Alaska</StateName>
<StateCode>AK</StateCode>
<CONGRESSDISTRICT>00</CONGRESSDISTRICT>
<CONGRESS_DISTRICT_ORG>AK00</CONGRESS_DISTRICT_ORG>
<ORG_DUNS_NUM>615245164</ORG_DUNS_NUM>
<ORG_LGL_BUS_NAME>UNIVERSITY OF ALASKA FAIRBANKS</ORG_LGL_BUS_NAME>
<ORG_PRNT_DUNS_NUM>048679567</ORG_PRNT_DUNS_NUM>
</Institution>
<Performance_Institution>
<Name><![CDATA[University of Alaska Fairbanks Campus]]></Name>
<CityName>Fairbanks</CityName>
<StateCode>AK</StateCode>
<ZipCode>997757880</ZipCode>
<StreetAddress><![CDATA[West Ridge Research Bldg 008]]></StreetAddress>
<CountryCode>US</CountryCode>
<CountryName>United States</CountryName>
<StateName>Alaska</StateName>
<CountryFlag>1</CountryFlag>
<CONGRESSDISTRICT>00</CONGRESSDISTRICT>
<CONGRESS_DISTRICT_PERF>AK00</CONGRESS_DISTRICT_PERF>
</Performance_Institution>
<ProgramElement>
<Code>193Y</Code>
<Text>EPSCoR RII Track-1</Text>
</ProgramElement>
<ProgramReference>
<Code>7217</Code>
<Text>RESEARCH INFRASTRUCTURE IMPROV</Text>
</ProgramReference>
<ProgramReference>
<Code>9150</Code>
<Text>EXP PROG TO STIM COMP RES</Text>
</ProgramReference>
<FUND_OBLG>2022~94665</FUND_OBLG>
</Award>
</rootTag>
