<?xml version="1.0" encoding="UTF-8"?>
<rootTag>
<Award>
<AwardTitle>Conference: 2022 Secure &amp; Trustworthy Cyberspace Principal Investigators Meeting</AwardTitle>
<AGENCY>NSF</AGENCY>
<AwardEffectiveDate>02/01/2022</AwardEffectiveDate>
<AwardExpirationDate>01/31/2023</AwardExpirationDate>
<AwardTotalIntnAmount>658169.00</AwardTotalIntnAmount>
<AwardAmount>658169</AwardAmount>
<AwardInstrument>
<Value>Standard Grant</Value>
</AwardInstrument>
<Organization>
<Code>05050000</Code>
<Directorate>
<Abbreviation>CSE</Abbreviation>
<LongName>Direct For Computer &amp; Info Scie &amp; Enginr</LongName>
</Directorate>
<Division>
<Abbreviation>CNS</Abbreviation>
<LongName>Division Of Computer and Network Systems</LongName>
</Division>
</Organization>
<ProgramOfficer>
<SignBlockName>Jeremy Epstein</SignBlockName>
<PO_EMAI>jepstein@nsf.gov</PO_EMAI>
<PO_PHON>7032928338</PO_PHON>
</ProgramOfficer>
<AbstractNarration>Secure and Trustworthy Cyberspace (SaTC) is NSF's flagship cybersecurity research program. It approaches security and privacy from a socio-technical viewpoint that involves addressing deep scientific and engineering problems as well as vulnerabilities that arise from human behaviors. With the increasing importance of cybersecurity to the nation as a whole, and to the Foundation as a research area, improving communication between program officers and researchers supported by NSF and other government funding agencies, coordination among researchers from the different perspectives sponsored by SaTC, and outreach to the broader community are all increasingly important.&lt;br/&gt;&lt;br/&gt;The SaTC program provides national visibility with the participation of the NSF Directorates for Computer and Information Science and Engineering (CISE), Education and Human Resources (EHR), Engineering (ENG), Mathematics and Physical Sciences (MPS), and Social, Behavioral, and Economics Sciences (SBE). There are currently over 1000 active awards in the program. The 2022 Principal Investigator meeting will be a major event for the community, bringing together researchers and government and industry representatives. This project covers venue and conference logistics, including conference registration, audio visual, and meeting space.&lt;br/&gt;&lt;br/&gt;This award reflects NSF's statutory mission and has been deemed worthy of support through evaluation using the Foundation's intellectual merit and broader impacts review criteria.</AbstractNarration>
<MinAmdLetterDate>01/21/2022</MinAmdLetterDate>
<MaxAmdLetterDate>01/21/2022</MaxAmdLetterDate>
<ARRAAmount/>
<TRAN_TYPE>Grant</TRAN_TYPE>
<CFDA_NUM>47.070</CFDA_NUM>
<NSF_PAR_USE_FLAG>1</NSF_PAR_USE_FLAG>
<FUND_AGCY_CODE>4900</FUND_AGCY_CODE>
<AWDG_AGCY_CODE>4900</AWDG_AGCY_CODE>
<AwardID>2208670</AwardID>
<Investigator>
<FirstName>Frankie</FirstName>
<LastName>King</LastName>
<PI_MID_INIT/>
<PI_SUFX_NAME/>
<PI_FULL_NAME>Frankie King</PI_FULL_NAME>
<EmailAddress>frankie.king@vanderbilt.edu</EmailAddress>
<PI_PHON>6153437460</PI_PHON>
<NSF_ID>000614644</NSF_ID>
<StartDate>01/21/2022</StartDate>
<EndDate/>
<RoleCode>Principal Investigator</RoleCode>
</Investigator>
<Institution>
<Name>Vanderbilt University</Name>
<CityName>Nashville</CityName>
<ZipCode>372350002</ZipCode>
<PhoneNumber>6153222631</PhoneNumber>
<StreetAddress>Sponsored Programs Administratio</StreetAddress>
<StreetAddress2><![CDATA[PMB 407749 2301 Vanderbilt Place]]></StreetAddress2>
<CountryName>United States</CountryName>
<StateName>Tennessee</StateName>
<StateCode>TN</StateCode>
<CONGRESSDISTRICT>05</CONGRESSDISTRICT>
<CONGRESS_DISTRICT_ORG>TN05</CONGRESS_DISTRICT_ORG>
<ORG_DUNS_NUM>965717143</ORG_DUNS_NUM>
<ORG_LGL_BUS_NAME>VANDERBILT UNIVERSITY, THE</ORG_LGL_BUS_NAME>
<ORG_PRNT_DUNS_NUM>004413456</ORG_PRNT_DUNS_NUM>
</Institution>
<Performance_Institution>
<Name><![CDATA[Vanderbilt University]]></Name>
<CityName>Nashville</CityName>
<StateCode>TN</StateCode>
<ZipCode>372122328</ZipCode>
<StreetAddress><![CDATA[1025 16th Avenue South]]></StreetAddress>
<CountryCode>US</CountryCode>
<CountryName>United States</CountryName>
<StateName>Tennessee</StateName>
<CountryFlag>1</CountryFlag>
<CONGRESSDISTRICT>05</CONGRESSDISTRICT>
<CONGRESS_DISTRICT_PERF>TN05</CONGRESS_DISTRICT_PERF>
</Performance_Institution>
<ProgramElement>
<Code>8060</Code>
<Text>Secure &amp;Trustworthy Cyberspace</Text>
</ProgramElement>
<ProgramReference>
<Code>025Z</Code>
<Text>SaTC: Secure and Trustworthy Cyberspace</Text>
</ProgramReference>
<ProgramReference>
<Code>7556</Code>
<Text>CONFERENCE AND WORKSHOPS</Text>
</ProgramReference>
<FUND_OBLG>2022~658169</FUND_OBLG>
</Award>
</rootTag>
