<?xml version="1.0" encoding="UTF-8"?>
<rootTag>
<Award>
<AwardTitle>Collaborative Research: Where does the water go: Improving understanding of stream-aquifer-atmosphere interactions around Beaver Dam Analogues</AwardTitle>
<AGENCY>NSF</AGENCY>
<AwardEffectiveDate>01/01/2022</AwardEffectiveDate>
<AwardExpirationDate>05/31/2023</AwardExpirationDate>
<AwardTotalIntnAmount>278278.00</AwardTotalIntnAmount>
<AwardAmount>218027</AwardAmount>
<AwardInstrument>
<Value>Standard Grant</Value>
</AwardInstrument>
<Organization>
<Code>06030000</Code>
<Directorate>
<Abbreviation>GEO</Abbreviation>
<LongName>Directorate For Geosciences</LongName>
</Directorate>
<Division>
<Abbreviation>EAR</Abbreviation>
<LongName>Division Of Earth Sciences</LongName>
</Division>
</Organization>
<ProgramOfficer>
<SignBlockName>Justin Lawrence</SignBlockName>
<PO_EMAI>jlawrenc@nsf.gov</PO_EMAI>
<PO_PHON>7032922425</PO_PHON>
</ProgramOfficer>
<AbstractNarration>In the arid western US, groundwater-surface water interactions have been historically shaped by the presence of beavers, with beaver dams storing and redirecting water into the floodplain. As populations of beavers have declined, local municipalities, state agencies, and private landowners have been installing beaver dam analogues (BDAs), a stream restoration structure that mimics the form of natural beaver dams, in beaver-less stream reaches. Due to their simplicity and expected benefits, BDAs are gaining extensive attention and implementation across the western US, in spite of the absence of clear scientific data to assess their impacts on reach scale hydrology.  The proposed project aims to address this gap in knowledge in order to determine the extent to which BDAs alter groundwater and surface water levels, groundwater- surface water exchange, and evapotranspiration by monitoring a research site containing several BDAs located in Wyoming, USA.  The project will be performed in close collaboration with The Nature Conservancy of Wyoming (TNC-WY), who owns and manages the research site.  While the proposed work aims to improve understanding of hydrological processes in the context of BDA deployment, observations will also inform several management goals associated with BDAs (including reducing stream velocity, reconnecting the stream channel to the floodplain, and supporting riparian vegetation for wildlife habitat and forage for cattle).  Investigators will work in close collaboration with TNC-WY to evaluate these management goals, to share findings with local and regional practitioners and stakeholders, and to leverage the research site as a demonstration site for BDAs.&lt;br/&gt;&lt;br/&gt;The primary objective of this project is to disentangle the complex feedbacks between the stream, atmosphere (via evapotranspiration), and aquifer (via hyporheic exchange and water table dynamics) associated with BDA implementation at the watershed scale. To address this objective, field and in situ observations as well as high resolution imagery via unoccupied aerial vehicle (UAV) will be collected annually at research sites and used in combination with integrated modeling of stream-aquifer-atmosphere responses to constrain behavior during the length of the project and beyond.  Observations and numerical modeling will be leveraged to determine the hydrological mechanisms governing interactions between BDAs and evapotranspiration, streamflow, and groundwater levels to achieve a full understanding of how BDA structures shape the physical hydrology of stream reaches. Empirical analyses and model-based approaches employed in this study will directly assess the responses of the research site to BDA installation. In addition, both empirical and model-based analysis will yield transferrable insight regarding the impacts of BDAs on hydrological processes and how this compares with reference reaches. As the body of literature assessing the mechanisms and impacts of BDAs is virtually nonexistent, this work will provide much-needed context for western US watersheds where changes due to climate and humans are colliding. Finally, this work will significantly advance the field of data collection via UAV for hydrological and ecological sciences by providing the broader scientific community with a template to use UAVs for environmental data collection.&lt;br/&gt;&lt;br/&gt;This award reflects NSF's statutory mission and has been deemed worthy of support through evaluation using the Foundation's intellectual merit and broader impacts review criteria.</AbstractNarration>
<MinAmdLetterDate>12/14/2021</MinAmdLetterDate>
<MaxAmdLetterDate>12/14/2021</MaxAmdLetterDate>
<ARRAAmount/>
<TRAN_TYPE>Grant</TRAN_TYPE>
<CFDA_NUM>47.050</CFDA_NUM>
<NSF_PAR_USE_FLAG>1</NSF_PAR_USE_FLAG>
<FUND_AGCY_CODE>4900</FUND_AGCY_CODE>
<AWDG_AGCY_CODE>4900</AWDG_AGCY_CODE>
<AwardID>2208396</AwardID>
<Investigator>
<FirstName>Christa</FirstName>
<LastName>Kelleher</LastName>
<PI_MID_INIT>A</PI_MID_INIT>
<PI_SUFX_NAME/>
<PI_FULL_NAME>Christa A Kelleher</PI_FULL_NAME>
<EmailAddress>ckellehe@syr.edu</EmailAddress>
<PI_PHON>3154432807</PI_PHON>
<NSF_ID>000701577</NSF_ID>
<StartDate>12/14/2021</StartDate>
<EndDate/>
<RoleCode>Principal Investigator</RoleCode>
</Investigator>
<Institution>
<Name>Lafayette College</Name>
<CityName>Easton</CityName>
<ZipCode>180420000</ZipCode>
<PhoneNumber>6103305029</PhoneNumber>
<StreetAddress>730 High Street</StreetAddress>
<StreetAddress2/>
<CountryName>United States</CountryName>
<StateName>Pennsylvania</StateName>
<StateCode>PA</StateCode>
<CONGRESSDISTRICT/>
<CONGRESS_DISTRICT_ORG/>
<ORG_DUNS_NUM>041364522</ORG_DUNS_NUM>
<ORG_LGL_BUS_NAME>LAFAYETTE COLLEGE</ORG_LGL_BUS_NAME>
<ORG_PRNT_DUNS_NUM>041364522</ORG_PRNT_DUNS_NUM>
</Institution>
<Performance_Institution>
<Name><![CDATA[Lafayette College]]></Name>
<CityName>Easton</CityName>
<StateCode>PA</StateCode>
<ZipCode>180421798</ZipCode>
<StreetAddress/>
<CountryCode>US</CountryCode>
<CountryName>United States</CountryName>
<StateName>Pennsylvania</StateName>
<CountryFlag>1</CountryFlag>
<CONGRESSDISTRICT>07</CONGRESSDISTRICT>
<CONGRESS_DISTRICT_PERF/>
</Performance_Institution>
<ProgramElement>
<Code>1579</Code>
<Text>Hydrologic Sciences</Text>
</ProgramElement>
<FUND_OBLG>2020~218027</FUND_OBLG>
</Award>
</rootTag>
