<?xml version="1.0" encoding="UTF-8"?>
<rootTag>
<Award>
<AwardTitle>CAREER: Integrating a Data-Driven Approach with Technologies for Sharing Rural Knowledge and Values</AwardTitle>
<AGENCY>NSF</AGENCY>
<AwardEffectiveDate>10/15/2021</AwardEffectiveDate>
<AwardExpirationDate>01/31/2024</AwardExpirationDate>
<AwardTotalIntnAmount>549908.00</AwardTotalIntnAmount>
<AwardAmount>201092</AwardAmount>
<AwardInstrument>
<Value>Continuing Grant</Value>
</AwardInstrument>
<Organization>
<Code>05020000</Code>
<Directorate>
<Abbreviation>CSE</Abbreviation>
<LongName>Direct For Computer &amp; Info Scie &amp; Enginr</LongName>
</Directorate>
<Division>
<Abbreviation>IIS</Abbreviation>
<LongName>Div Of Information &amp; Intelligent Systems</LongName>
</Division>
</Organization>
<ProgramOfficer>
<SignBlockName>William Bainbridge</SignBlockName>
<PO_EMAI>wbainbri@nsf.gov</PO_EMAI>
<PO_PHON>7032927470</PO_PHON>
</ProgramOfficer>
<AbstractNarration>The primary goal of this project is to develop the theories and designs needed to inform the development of data-driven technologies to support and share the knowledge and values of rural America. The methodology includes multi-sited ethnographic fieldwork, design of data-driven technologies, and creation of a theoretical framework to inform development of systems for rural populations. Existing research shows that rural residents feel left behind and marginalized due to rapid socio-economic changes often driven by urban dwellers. This project aims to move beyond contrasting the challenges of living in rural areas, such as lack of broadband access, in comparison with urban areas. Rather, it builds on the conviction that knowledge work by rural members is undervalued, and that research to make visible the innovative knowledge and deeply-held values of rural populations can prove beneficial for users as a whole.  The topic of this Faculty Early Career Development project naturally supports the plan to deliver STEM research and education to rural communities and students, cooperate with local government agencies and organizations to create outreach programs which attract participation and understanding of rural activities, and distribute created technologies to bridge rural and non-rural areas.&lt;br/&gt;&lt;br/&gt;This work seeks to establish an action research agenda investigating, conceptualizing, and supporting the intersection of rural and urban knowledge and values. This CAREER project consists of three interlocking strands: (1) Identification of expertise and values in rural populations: The researcher will conduct multi-sited ethnographic studies to identify the current data-driven practices and challenges of rural populations in two subcultures: small farmers and outdoor recreationalists. (2) Design and evaluation of reflective technologies: Scoped by findings of the multi-sited ethnography, this strand will employ participatory design activities with rural and non-rural members to iteratively create data-driven designs. The designs will draw upon the "Design Approach for Authenticity" developed via the researcher's past work on subcultures.  (3) Development of theoretical frameworks: Synthesizing findings from the first two strands on both subcultures, the PI will develop a transferable theoretical framework outlining strategies for designing data-driven technologies for sharing knowledge and values. This framework will offer guidelines on designing technologies with rural populations. The results of this work will assist human-computer interaction researchers and practitioners who design for diverse populations where distribution of expertise is unequal and values may clash.&lt;br/&gt;&lt;br/&gt;This award reflects NSF's statutory mission and has been deemed worthy of support through evaluation using the Foundation's intellectual merit and broader impacts review criteria.</AbstractNarration>
<MinAmdLetterDate>01/13/2022</MinAmdLetterDate>
<MaxAmdLetterDate>01/13/2022</MaxAmdLetterDate>
<ARRAAmount/>
<TRAN_TYPE>Grant</TRAN_TYPE>
<CFDA_NUM>47.070</CFDA_NUM>
<NSF_PAR_USE_FLAG>1</NSF_PAR_USE_FLAG>
<FUND_AGCY_CODE>4900</FUND_AGCY_CODE>
<AWDG_AGCY_CODE>4900</AWDG_AGCY_CODE>
<AwardID>2208631</AwardID>
<Investigator>
<FirstName>Norman</FirstName>
<LastName>Su</LastName>
<PI_MID_INIT>M</PI_MID_INIT>
<PI_SUFX_NAME/>
<PI_FULL_NAME>Norman M Su</PI_FULL_NAME>
<EmailAddress>normsu@indiana.edu</EmailAddress>
<PI_PHON>8128551760</PI_PHON>
<NSF_ID>000700221</NSF_ID>
<StartDate>01/13/2022</StartDate>
<EndDate/>
<RoleCode>Principal Investigator</RoleCode>
</Investigator>
<Institution>
<Name>University of California-Santa Cruz</Name>
<CityName>Santa Cruz</CityName>
<ZipCode>950641077</ZipCode>
<PhoneNumber>8314595278</PhoneNumber>
<StreetAddress>1156 High Street</StreetAddress>
<StreetAddress2/>
<CountryName>United States</CountryName>
<StateName>California</StateName>
<StateCode>CA</StateCode>
<CONGRESSDISTRICT>20</CONGRESSDISTRICT>
<CONGRESS_DISTRICT_ORG>CA20</CONGRESS_DISTRICT_ORG>
<ORG_DUNS_NUM>125084723</ORG_DUNS_NUM>
<ORG_LGL_BUS_NAME>UNIVERSITY OF CALIFORNIA, SANTA CRUZ</ORG_LGL_BUS_NAME>
<ORG_PRNT_DUNS_NUM>071549000</ORG_PRNT_DUNS_NUM>
</Institution>
<Performance_Institution>
<Name><![CDATA[University of California-Santa Cruz]]></Name>
<CityName/>
<StateCode>CA</StateCode>
<ZipCode>950641077</ZipCode>
<StreetAddress/>
<CountryCode>US</CountryCode>
<CountryName>United States</CountryName>
<StateName>California</StateName>
<CountryFlag>1</CountryFlag>
<CONGRESSDISTRICT>20</CONGRESSDISTRICT>
<CONGRESS_DISTRICT_PERF>CA20</CONGRESS_DISTRICT_PERF>
</Performance_Institution>
<ProgramElement>
<Code>7367</Code>
<Text>HCC-Human-Centered Computing</Text>
</ProgramElement>
<ProgramReference>
<Code>1045</Code>
<Text>CAREER-Faculty Erly Career Dev</Text>
</ProgramReference>
<ProgramReference>
<Code>7367</Code>
<Text>Cyber-Human Systems</Text>
</ProgramReference>
<FUND_OBLG>2020~92598</FUND_OBLG>
<FUND_OBLG>2021~108494</FUND_OBLG>
</Award>
</rootTag>
