<?xml version="1.0" encoding="UTF-8"?>
<rootTag>
<Award>
<AwardTitle>Conference: 2022 Intrinsically Disordered Proteins GRS</AwardTitle>
<AGENCY>NSF</AGENCY>
<AwardEffectiveDate>01/01/2022</AwardEffectiveDate>
<AwardExpirationDate>12/31/2022</AwardExpirationDate>
<AwardTotalIntnAmount>6000.00</AwardTotalIntnAmount>
<AwardAmount>6000</AwardAmount>
<AwardInstrument>
<Value>Standard Grant</Value>
</AwardInstrument>
<Organization>
<Code>08070000</Code>
<Directorate>
<Abbreviation>BIO</Abbreviation>
<LongName>Direct For Biological Sciences</LongName>
</Directorate>
<Division>
<Abbreviation>MCB</Abbreviation>
<LongName>Div Of Molecular and Cellular Bioscience</LongName>
</Division>
</Organization>
<ProgramOfficer>
<SignBlockName>Wilson Francisco</SignBlockName>
<PO_EMAI>wfrancis@nsf.gov</PO_EMAI>
<PO_PHON>7032927856</PO_PHON>
</ProgramOfficer>
<AbstractNarration>The 2022 Gordon Research Seminar (GRS) on Intrinsically Disordered Proteins (IDPs) in Les Diablerets, Switzerland on June 25-26, 2022. This will be the fourth of a series of biannual conferences primarily attended by a diverse group of graduate students and postdocs. This seminar will bring together trainees from a wide range of disciplines to discuss current directions in the IDP field, as well as examine the interdisciplinary experimental and conceptual demands of contemporary IDP research. The GRS provides an ideal setting to facilitate international and interdisciplinary collaboration. It will also provide key networking opportunities, as well as allowing a range of different perspectives to be discussed and compared - a key aspect for such a broad and diverse field. &lt;br/&gt;&lt;br/&gt;The 2022 IDP GRS is focused on understanding how life harnesses disorder with the overarching theme of investigating emergent phenomena of intrinsically disordered proteins in living systems, and the ways that new insights in their biological functions have enabled their study and technological exploitation. The program will feature ten oral presentations accompanied by informal and formal discussions, as well as two poster sessions in which all participants are expected to participate. The meeting will feature a small number of attendees (up to 60 participants). The presentations will be divided into four sessions. The first session (IDPs from theory to design) will focus on current theory and theory-driven advances in understanding IDPs, including experimental approaches whose hypotheses are motivated by computation or simulation driven insight. The second session (IDPs and biological order across length scales) will focus on the emergent self-organizing properties of IDPs, including their ability to form materials such as non-membrane-bound biomolecular condensates. The third session (IDPs across the tree of life) will highlight the breadth of IDPs function from diverse clades, focusing on their evolution and variety of functional milieus. The final session will consist of a career panel focusing on careers in academic science designed to help trainees become informed on scientific careers external to traditional academic positions.&lt;br/&gt;&lt;br/&gt;This award reflects NSF's statutory mission and has been deemed worthy of support through evaluation using the Foundation's intellectual merit and broader impacts review criteria.</AbstractNarration>
<MinAmdLetterDate>12/13/2021</MinAmdLetterDate>
<MaxAmdLetterDate>12/13/2021</MaxAmdLetterDate>
<ARRAAmount/>
<TRAN_TYPE>Grant</TRAN_TYPE>
<CFDA_NUM>47.074</CFDA_NUM>
<NSF_PAR_USE_FLAG>1</NSF_PAR_USE_FLAG>
<FUND_AGCY_CODE>4900</FUND_AGCY_CODE>
<AWDG_AGCY_CODE>4900</AWDG_AGCY_CODE>
<AwardID>2208042</AwardID>
<Investigator>
<FirstName>Alexander</FirstName>
<LastName>Chin</LastName>
<PI_MID_INIT>F</PI_MID_INIT>
<PI_SUFX_NAME/>
<PI_FULL_NAME>Alexander F Chin</PI_FULL_NAME>
<EmailAddress>achin10@jhmi.edu</EmailAddress>
<PI_PHON>4106146837</PI_PHON>
<NSF_ID>000820317</NSF_ID>
<StartDate>12/13/2021</StartDate>
<EndDate/>
<RoleCode>Principal Investigator</RoleCode>
</Investigator>
<Institution>
<Name>Gordon Research Conferences</Name>
<CityName>West Kingston</CityName>
<ZipCode>028921502</ZipCode>
<PhoneNumber>4017834011</PhoneNumber>
<StreetAddress>512 Liberty Lane</StreetAddress>
<StreetAddress2/>
<CountryName>United States</CountryName>
<StateName>Rhode Island</StateName>
<StateCode>RI</StateCode>
<CONGRESSDISTRICT>02</CONGRESSDISTRICT>
<CONGRESS_DISTRICT_ORG>RI02</CONGRESS_DISTRICT_ORG>
<ORG_DUNS_NUM>075712877</ORG_DUNS_NUM>
<ORG_LGL_BUS_NAME>GORDON RESEARCH CONFERENCES</ORG_LGL_BUS_NAME>
<ORG_PRNT_DUNS_NUM/>
</Institution>
<Performance_Institution>
<Name><![CDATA[Gordon Research Conferences]]></Name>
<CityName>West Kingston</CityName>
<StateCode>RI</StateCode>
<ZipCode>028921502</ZipCode>
<StreetAddress><![CDATA[512 Liberty Lane]]></StreetAddress>
<CountryCode>US</CountryCode>
<CountryName>United States</CountryName>
<StateName>Rhode Island</StateName>
<CountryFlag>1</CountryFlag>
<CONGRESSDISTRICT>02</CONGRESSDISTRICT>
<CONGRESS_DISTRICT_PERF>RI02</CONGRESS_DISTRICT_PERF>
</Performance_Institution>
<ProgramElement>
<Code>1144</Code>
<Text>Molecular Biophysics</Text>
</ProgramElement>
<ProgramReference>
<Code>7465</Code>
<Text>NANOSCALE BIO CORE</Text>
</ProgramReference>
<ProgramReference>
<Code>7556</Code>
<Text>CONFERENCE AND WORKSHOPS</Text>
</ProgramReference>
<ProgramReference>
<Code>9150</Code>
<Text>EXP PROG TO STIM COMP RES</Text>
</ProgramReference>
<FUND_OBLG>2022~6000</FUND_OBLG>
</Award>
</rootTag>
