<?xml version="1.0" encoding="UTF-8"?>
<rootTag>
<Award>
<AwardTitle>CAREER: Corrugated Graphene Superlattice Structures by Strain-induced Shrink Nanomanufacturing</AwardTitle>
<AGENCY>NSF</AGENCY>
<AwardEffectiveDate>10/01/2021</AwardEffectiveDate>
<AwardExpirationDate>09/30/2022</AwardExpirationDate>
<AwardTotalIntnAmount>500000.00</AwardTotalIntnAmount>
<AwardAmount>131365</AwardAmount>
<AwardInstrument>
<Value>Standard Grant</Value>
</AwardInstrument>
<Organization>
<Code>07030000</Code>
<Directorate>
<Abbreviation>ENG</Abbreviation>
<LongName>Directorate For Engineering</LongName>
</Directorate>
<Division>
<Abbreviation>CMMI</Abbreviation>
<LongName>Div Of Civil, Mechanical, &amp; Manufact Inn</LongName>
</Division>
</Organization>
<ProgramOfficer>
<SignBlockName>Bruce Kramer</SignBlockName>
<PO_EMAI>bkramer@nsf.gov</PO_EMAI>
<PO_PHON>7032925348</PO_PHON>
</ProgramOfficer>
<AbstractNarration>This Faculty Early Career Development (CAREER) grant will study a novel shrink nanomanufacturing process for nano-scale patterning of two-dimensional nanomaterials such as graphene. Shrink nanomanufacturing refers to the process of creating miniaturized patterns and topographies of various shapes and dimensions by a thermally-induced shrinking process. This approach, which is analogous to everyday shrink-wrapping and heat-shrink tubing, has the potential to generate patterns or corrugated structures for next generation electronics without the need for costly fabrication, such as nanolithography. To date, shrink nanomanufacturing has been limited to non-semiconducting materials for non-electronic applications. This award will support fundamental research to provide the knowledge base for the development of shrink nanomanufacturing for functional two-dimensional nanomaterials. The new process will enable precise control of patterns, topographies and properties which are attractive for applications such as wearable electronics, internet-of-things, healthcare and biomedical devices. The results of this research will broadly benefit U.S. manufacturing competiveness, the overall economy and public welfare. The involvement of student veterans in developing our multi-disciplinary approach to shrink nanomanufacturing will broaden the participation of underrepresented groups in research and engineering education across multiple disciplines including manufacturing, electronics, and materials science.  &lt;br/&gt;&lt;br/&gt;Atomically-thin two-dimensional (2D) nanomaterials such as graphene, MoS2 and TMDs, can be elastically wrinkled or buckled under large compressive deformation stresses whilst preserving their novel electrical properties. This unique behavior of 2D nanomaterials opens up novel opportunities to use elastic strain and topography control to engineer electrical and optical properties. However, lack of manufacturable approaches and a current knowledge gap of fabricating corrugated structures have precluded the use of strain and topography for shaping the 2D nanomaterials. This research will investigate the fundamentals of shrink nanomanufacturing of corrugated 2D material superlattice structures to fill this knowledge gap. The process of shrink nanomanufacturing utilizes elastic buckling of 2D atomic layer materials when a large compressive strain is applied by shrinking a thermoplastic substrate. Using graphene as the model 2D nanomaterial, the research team will investigate the size-scaling of corrugated superlattice structures, study how the strain and topography of corrugated structures impact the electrical and optical properties, develop a roll-to-roll process of shrink nanomanufacturing for precisely engineered patterns and topographies, and explore applications in strain sensors and tunable optical absorption materials.</AbstractNarration>
<MinAmdLetterDate>12/29/2021</MinAmdLetterDate>
<MaxAmdLetterDate>12/29/2021</MaxAmdLetterDate>
<ARRAAmount/>
<TRAN_TYPE>Grant</TRAN_TYPE>
<CFDA_NUM>47.041</CFDA_NUM>
<NSF_PAR_USE_FLAG>0</NSF_PAR_USE_FLAG>
<FUND_AGCY_CODE>4900</FUND_AGCY_CODE>
<AWDG_AGCY_CODE>4900</AWDG_AGCY_CODE>
<AwardID>2209157</AwardID>
<Investigator>
<FirstName>SungWoo</FirstName>
<LastName>Nam</LastName>
<PI_MID_INIT/>
<PI_SUFX_NAME/>
<PI_FULL_NAME>SungWoo Nam</PI_FULL_NAME>
<EmailAddress>sungwoo.nam@uci.edu</EmailAddress>
<PI_PHON>9498240998</PI_PHON>
<NSF_ID>000626719</NSF_ID>
<StartDate>12/29/2021</StartDate>
<EndDate/>
<RoleCode>Principal Investigator</RoleCode>
</Investigator>
<Institution>
<Name>University of California-Irvine</Name>
<CityName>Irvine</CityName>
<ZipCode>926977600</ZipCode>
<PhoneNumber>9498247295</PhoneNumber>
<StreetAddress>160 Aldrich Hall</StreetAddress>
<StreetAddress2/>
<CountryName>United States</CountryName>
<StateName>California</StateName>
<StateCode>CA</StateCode>
<CONGRESSDISTRICT/>
<CONGRESS_DISTRICT_ORG/>
<ORG_DUNS_NUM>046705849</ORG_DUNS_NUM>
<ORG_LGL_BUS_NAME>UNIVERSITY OF CALIFORNIA, IRVINE</ORG_LGL_BUS_NAME>
<ORG_PRNT_DUNS_NUM>071549000</ORG_PRNT_DUNS_NUM>
</Institution>
<Performance_Institution>
<Name><![CDATA[University of California-Irvine]]></Name>
<CityName/>
<StateCode>CA</StateCode>
<ZipCode>926173213</ZipCode>
<StreetAddress/>
<CountryCode>US</CountryCode>
<CountryName>United States</CountryName>
<StateName>California</StateName>
<CountryFlag>1</CountryFlag>
<CONGRESSDISTRICT>45</CONGRESSDISTRICT>
<CONGRESS_DISTRICT_PERF/>
</Performance_Institution>
<ProgramElement>
<Code>1045</Code>
<Text>CAREER: FACULTY EARLY CAR DEV</Text>
</ProgramElement>
<ProgramElement>
<Code>1788</Code>
<Text>NANOMANUFACTURING</Text>
</ProgramElement>
<ProgramReference>
<Code>082E</Code>
<Text>MFG MACHINES &amp; METROLOGY</Text>
</ProgramReference>
<ProgramReference>
<Code>083E</Code>
<Text>MATERIAL TRANSFORMATION PROC</Text>
</ProgramReference>
<ProgramReference>
<Code>084E</Code>
<Text>NANOMANUFACTURING</Text>
</ProgramReference>
<ProgramReference>
<Code>1045</Code>
<Text>CAREER-Faculty Erly Career Dev</Text>
</ProgramReference>
<ProgramReference>
<Code>7237</Code>
<Text>NANO NON-SOLIC SCI &amp; ENG AWD</Text>
</ProgramReference>
<FUND_OBLG>2016~131364</FUND_OBLG>
</Award>
</rootTag>
