<?xml version="1.0" encoding="UTF-8"?>
<rootTag>
<Award>
<AwardTitle>COLLABORATIVE RESEARCH: Site Survey for Subglacial Bedrock Exposure Dating at the  Margin of the Wilkes Basin in Northern Victoria Land</AwardTitle>
<AGENCY>NSF</AGENCY>
<AwardEffectiveDate>10/01/2021</AwardEffectiveDate>
<AwardExpirationDate>10/31/2023</AwardExpirationDate>
<AwardTotalIntnAmount>125730.00</AwardTotalIntnAmount>
<AwardAmount>125730</AwardAmount>
<AwardInstrument>
<Value>Standard Grant</Value>
</AwardInstrument>
<Organization>
<Code>06090300</Code>
<Directorate>
<Abbreviation>GEO</Abbreviation>
<LongName>Directorate For Geosciences</LongName>
</Directorate>
<Division>
<Abbreviation>OPP</Abbreviation>
<LongName>Office of Polar Programs (OPP)</LongName>
</Division>
</Organization>
<ProgramOfficer>
<SignBlockName>Paul Cutler</SignBlockName>
<PO_EMAI>pcutler@nsf.gov</PO_EMAI>
<PO_PHON>7032924961</PO_PHON>
</ProgramOfficer>
<AbstractNarration>The goal of this project is to establish, through direct geological evidence, whether complete deglaciation of East Antarctic marine basins took place during past warm-climate periods. Direct geological information about whether the Antarctic Ice Sheet responded catastrophically to past climate changes is important to evaluating the likelihood of significant ice-sheet response to future climate change. The team will assess the feasibility of achieving this goal using cosmogenic-nuclide measurements on bedrock that is currently buried under the ice sheet.  They will conduct a reconnaissance and site survey to identify potential drill sites where subglacial bedrock-exposure dating could subsequently be used to test whether ice at those sites was absent when the Earth last experienced current levels of carbon dioxide—at approximately 3.0 to 3.3 million years ago.&lt;br/&gt;&lt;br/&gt;This project will seek out potential sites that can address whether total deglaciation of subglacial basins in coastal East Antarctica took place during past warm-climate periods like the middle Pliocene warm period at circa 3.0-3.3 Ma. Ice-sheet model simulations have identified marine ice-margin instability as a possible cause for higher eustatic sea level during this period. In general, it is difficult to obtain direct and unambiguous geological evidence that an ice sheet was smaller in the past because if such evidence exists it is most likely inaccessible beneath the present ice sheet. One means of overcoming this problem is to search for significant concentrations of cosmic-ray-produced radionuclides in bedrock surfaces beneath the present ice sheet.  Such concentrations can only be produced if the surface is ice-free, so significant cosmogenic-nuclide concentrations would provide incontrovertible evidence that the ice sheet was smaller in the past, and, in addition, can provide information about when this occurred.  Guided by ice-sheet model simulations of Pliocene deglaciation to identify areas where complete deglaciation of the Wilkes subglacial basin would cause substantial changes in the extent of bedrock exposure, the team will collect geophysical and geochemical data to identify and evaluate sites with potential for future bedrock recovery.&lt;br/&gt;&lt;br/&gt;This award reflects NSF's statutory mission and has been deemed worthy of support through evaluation using the Foundation's intellectual merit and broader impacts review criteria.</AbstractNarration>
<MinAmdLetterDate>12/19/2021</MinAmdLetterDate>
<MaxAmdLetterDate>12/19/2021</MaxAmdLetterDate>
<ARRAAmount/>
<TRAN_TYPE>Grant</TRAN_TYPE>
<CFDA_NUM>47.078</CFDA_NUM>
<NSF_PAR_USE_FLAG>1</NSF_PAR_USE_FLAG>
<FUND_AGCY_CODE>4900</FUND_AGCY_CODE>
<AWDG_AGCY_CODE>4900</AWDG_AGCY_CODE>
<AwardID>2209537</AwardID>
<Investigator>
<FirstName>Claire</FirstName>
<LastName>Todd</LastName>
<PI_MID_INIT/>
<PI_SUFX_NAME/>
<PI_FULL_NAME>Claire Todd</PI_FULL_NAME>
<EmailAddress>claire.todd@csusb.edu</EmailAddress>
<PI_PHON>9095375437</PI_PHON>
<NSF_ID>000261238</NSF_ID>
<StartDate>12/19/2021</StartDate>
<EndDate/>
<RoleCode>Principal Investigator</RoleCode>
</Investigator>
<Institution>
<Name>University Enterprises Corporation at CSUSB</Name>
<CityName>San Bernardino</CityName>
<ZipCode>924072397</ZipCode>
<PhoneNumber>9095375929</PhoneNumber>
<StreetAddress>5500 University Parkway</StreetAddress>
<StreetAddress2><![CDATA[UEC Building]]></StreetAddress2>
<CountryName>United States</CountryName>
<StateName>California</StateName>
<StateCode>CA</StateCode>
<CONGRESSDISTRICT>31</CONGRESSDISTRICT>
<CONGRESS_DISTRICT_ORG>CA31</CONGRESS_DISTRICT_ORG>
<ORG_DUNS_NUM>030579213</ORG_DUNS_NUM>
<ORG_LGL_BUS_NAME>UNIVERSITY ENTERPRISES CORPORATION AT CSUSB</ORG_LGL_BUS_NAME>
<ORG_PRNT_DUNS_NUM>030579213</ORG_PRNT_DUNS_NUM>
</Institution>
<Performance_Institution>
<Name><![CDATA[California State University]]></Name>
<CityName/>
<StateCode>CA</StateCode>
<ZipCode>924072393</ZipCode>
<StreetAddress/>
<CountryCode>US</CountryCode>
<CountryName>United States</CountryName>
<StateName>California</StateName>
<CountryFlag>1</CountryFlag>
<CONGRESSDISTRICT>31</CONGRESSDISTRICT>
<CONGRESS_DISTRICT_PERF>CA31</CONGRESS_DISTRICT_PERF>
</Performance_Institution>
<ProgramElement>
<Code>5112</Code>
<Text>ANT Earth Sciences</Text>
</ProgramElement>
<ProgramElement>
<Code>5116</Code>
<Text>ANT Glaciology</Text>
</ProgramElement>
<ProgramReference>
<Code>5294</Code>
<Text>USGCRP</Text>
</ProgramReference>
<ProgramReference>
<Code>9102</Code>
<Text>WOMEN, MINORITY, DISABLED, NEC</Text>
</ProgramReference>
<FUND_OBLG>2021~125730</FUND_OBLG>
</Award>
</rootTag>
