<?xml version="1.0" encoding="UTF-8"?>
<rootTag>
<Award>
<AwardTitle>Frontier Probability Days 2020</AwardTitle>
<AGENCY>NSF</AGENCY>
<AwardEffectiveDate>10/01/2021</AwardEffectiveDate>
<AwardExpirationDate>02/28/2022</AwardExpirationDate>
<AwardTotalIntnAmount>32000.00</AwardTotalIntnAmount>
<AwardAmount>32000</AwardAmount>
<AwardInstrument>
<Value>Standard Grant</Value>
</AwardInstrument>
<Organization>
<Code>03040000</Code>
<Directorate>
<Abbreviation>MPS</Abbreviation>
<LongName>Direct For Mathematical &amp; Physical Scien</LongName>
</Directorate>
<Division>
<Abbreviation>DMS</Abbreviation>
<LongName>Division Of Mathematical Sciences</LongName>
</Division>
</Organization>
<ProgramOfficer>
<SignBlockName>Pawel Hitczenko</SignBlockName>
<PO_EMAI>phitczen@nsf.gov</PO_EMAI>
<PO_PHON>7032925330</PO_PHON>
</ProgramOfficer>
<AbstractNarration>The Frontier Probability Days (FPD) conference will be held at the University of Nevada, Las Vegas, in Las Vegas, Nevada, from May 8 to 10, 2020. FPD, held approximately once every other year, is a conference that has rapidly established itself as the premier regional meeting in probability and its applications in the Intermountain West of the United States. &lt;br/&gt;&lt;br/&gt;The 2020 conference will be its seventh meeting. The conference schedule will be similar to that in recent meetings: There will be 7 one-hour plenary lectures, as well as 15-20 twenty-minute lectures. At least two of the plenary presentations will be dedicated to deep applications of probability theory in other important and exciting, as well as possibly-emerging, scientific disciplines. The conference is expected to host 70-80 participants in FDP 2020. Seven distinguished mathematicians, at the forefront of several different areas with probability and its applications, have accepted invitations to give plenary one-hour talks. The 20-minutes lectures are made to encourage early career researchers, women, and minority-group representatives to speak and showcase their work. The conference website is maintained at: http://lechen.faculty.unlv.edu/FPD20/&lt;br/&gt;&lt;br/&gt;This award reflects NSF's statutory mission and has been deemed worthy of support through evaluation using the Foundation's intellectual merit and broader impacts review criteria.</AbstractNarration>
<MinAmdLetterDate>12/28/2021</MinAmdLetterDate>
<MaxAmdLetterDate>12/28/2021</MaxAmdLetterDate>
<ARRAAmount/>
<TRAN_TYPE>Grant</TRAN_TYPE>
<CFDA_NUM>47.049</CFDA_NUM>
<NSF_PAR_USE_FLAG>1</NSF_PAR_USE_FLAG>
<FUND_AGCY_CODE>4900</FUND_AGCY_CODE>
<AWDG_AGCY_CODE>4900</AWDG_AGCY_CODE>
<AwardID>2209992</AwardID>
<Investigator>
<FirstName>Le</FirstName>
<LastName>Chen</LastName>
<PI_MID_INIT/>
<PI_SUFX_NAME/>
<PI_FULL_NAME>Le Chen</PI_FULL_NAME>
<EmailAddress>lzc0090@auburn.edu</EmailAddress>
<PI_PHON>8015583097</PI_PHON>
<NSF_ID>000736990</NSF_ID>
<StartDate>12/28/2021</StartDate>
<EndDate/>
<RoleCode>Principal Investigator</RoleCode>
</Investigator>
<Institution>
<Name>Auburn University</Name>
<CityName>Auburn</CityName>
<ZipCode>368320001</ZipCode>
<PhoneNumber>3348444438</PhoneNumber>
<StreetAddress>VPRED, Research &amp; Innovation Ctr</StreetAddress>
<StreetAddress2><![CDATA[540 Devall Drive, Suite 200]]></StreetAddress2>
<CountryName>United States</CountryName>
<StateName>Alabama</StateName>
<StateCode>AL</StateCode>
<CONGRESSDISTRICT>03</CONGRESSDISTRICT>
<CONGRESS_DISTRICT_ORG>AL03</CONGRESS_DISTRICT_ORG>
<ORG_DUNS_NUM>066470972</ORG_DUNS_NUM>
<ORG_LGL_BUS_NAME>AUBURN UNIVERSITY</ORG_LGL_BUS_NAME>
<ORG_PRNT_DUNS_NUM>066470972</ORG_PRNT_DUNS_NUM>
</Institution>
<Performance_Institution>
<Name/>
<CityName/>
<StateCode/>
<ZipCode/>
<StreetAddress/>
<CountryCode/>
<CountryName>RI REQUIRED</CountryName>
<StateName>RI REQUIRED</StateName>
<CountryFlag>0</CountryFlag>
<CONGRESSDISTRICT/>
<CONGRESS_DISTRICT_PERF>""</CONGRESS_DISTRICT_PERF>
</Performance_Institution>
<ProgramElement>
<Code>1263</Code>
<Text>PROBABILITY</Text>
</ProgramElement>
<ProgramReference>
<Code>7556</Code>
<Text>CONFERENCE AND WORKSHOPS</Text>
</ProgramReference>
<ProgramReference>
<Code>9150</Code>
<Text>EXP PROG TO STIM COMP RES</Text>
</ProgramReference>
<FUND_OBLG>2020~32000</FUND_OBLG>
</Award>
</rootTag>
