<?xml version="1.0" encoding="UTF-8"?>
<rootTag>
<Award>
<AwardTitle>Crystallographic Gems to Link Materials' Properties: Stannides, Germanides, and Antimonides</AwardTitle>
<AGENCY>NSF</AGENCY>
<AwardEffectiveDate>02/01/2022</AwardEffectiveDate>
<AwardExpirationDate>09/30/2022</AwardExpirationDate>
<AwardTotalIntnAmount>444300.00</AwardTotalIntnAmount>
<AwardAmount>162045</AwardAmount>
<AwardInstrument>
<Value>Standard Grant</Value>
</AwardInstrument>
<Organization>
<Code>03070000</Code>
<Directorate>
<Abbreviation>MPS</Abbreviation>
<LongName>Direct For Mathematical &amp; Physical Scien</LongName>
</Directorate>
<Division>
<Abbreviation>DMR</Abbreviation>
<LongName>Division Of Materials Research</LongName>
</Division>
</Organization>
<ProgramOfficer>
<SignBlockName>Birgit Schwenzer</SignBlockName>
<PO_EMAI>bschwenz@nsf.gov</PO_EMAI>
<PO_PHON>7032924771</PO_PHON>
</ProgramOfficer>
<AbstractNarration>Non-Technical Abstract&lt;br/&gt;&lt;br/&gt;The search for magnetic and thermoelectric materials with desired properties relies on the discovery of new metal-based compounds, and also requires that the materials can be grown as high quality single crystals. The research strategy of this project, funded by the Solid State and Materials Chemistry program in the Division of Materials Research, is motivated by magnetocalorics for refrigeration, thermoelectrics for converting wasted heat to electricity, and magnetic materials for next generation quantum computing. This project provides training opportunities for undergraduate and graduate students in a multidisciplinary environment. They gain insights into the design of novel materials. The partnership between the research group and the scientific community fosters continued enhancement in science learning. The principle investigator's group also works with a high school team of students and industrial partners as part of the "Young Women in Science" group and "Nanoexplorers", pursuing materials science projects. Additionally, the Chan group performs hands-on materials science-related demonstrations for the general public.&lt;br/&gt;&lt;br/&gt;&lt;br/&gt;Technical Abstract&lt;br/&gt;&lt;br/&gt;Discovering new metal-based compounds and linking their chemical structures to magnetic, electrical, and thermal properties for energy applications is the goal of this research, which is supported by the Solid State and Materials Chemistry program in the Division of Materials Research. The growth of large single crystals is necessary to unequivocally determine the material's innate properties. With this award, the principle investigator studies several classes of materials containing lanthanide, mid-transition metals, and Group 14-15 elements. The motivation for this effort is to correlate the structural details to predict physical properties. The efforts focus on growing high quality single crystals of the Tb117Fe52Ge112 (Ln = Gd, Dy) and Ln30Ru4Sn31 structure types, which allows the study of structural complexity, complex magnetism, and low lattice thermal conductivity. In addition to studying structural phase stability of stannides and germanides, atomic displacement parameters are correlated with electrical resistivity as a testbed for predicting electrical properties of materials. Inspired by the emergence of spin glass and itinerant magnetism in Pr2Fe4Sb5, the magnetic and electrical properties of Ln2Fe4-xMxSb5 (Ln = La, Ce, Pr, Sm; M = Mn, Co, Zn) are also investigated. Compounds of this structure type are of particular interest because of the Fe-triangular subunits coupled with Sb-square nets, two features found in several highly correlated systems. Students involved in the proposed project will also have the opportunity to work with collaborators at other institutions and national laboratories. The principle investigator's entire research group is involved in mentoring students at different levels, including undergraduates throughout the academic year and high school students in the summer.</AbstractNarration>
<MinAmdLetterDate>01/24/2022</MinAmdLetterDate>
<MaxAmdLetterDate>01/24/2022</MaxAmdLetterDate>
<ARRAAmount/>
<TRAN_TYPE>Grant</TRAN_TYPE>
<CFDA_NUM>47.049</CFDA_NUM>
<NSF_PAR_USE_FLAG>1</NSF_PAR_USE_FLAG>
<FUND_AGCY_CODE>4900</FUND_AGCY_CODE>
<AWDG_AGCY_CODE>4900</AWDG_AGCY_CODE>
<AwardID>2209804</AwardID>
<Investigator>
<FirstName>Julia</FirstName>
<LastName>Chan</LastName>
<PI_MID_INIT>Y</PI_MID_INIT>
<PI_SUFX_NAME/>
<PI_FULL_NAME>Julia Y Chan</PI_FULL_NAME>
<EmailAddress>julia_chan@baylor.edu</EmailAddress>
<PI_PHON>2547103763</PI_PHON>
<NSF_ID>000161469</NSF_ID>
<StartDate>01/24/2022</StartDate>
<EndDate/>
<RoleCode>Principal Investigator</RoleCode>
</Investigator>
<Institution>
<Name>Baylor University</Name>
<CityName>Waco</CityName>
<ZipCode>767987360</ZipCode>
<PhoneNumber>2547103817</PhoneNumber>
<StreetAddress>One Bear Place #97360</StreetAddress>
<StreetAddress2/>
<CountryName>United States</CountryName>
<StateName>Texas</StateName>
<StateCode>TX</StateCode>
<CONGRESSDISTRICT>17</CONGRESSDISTRICT>
<CONGRESS_DISTRICT_ORG>TX17</CONGRESS_DISTRICT_ORG>
<ORG_DUNS_NUM>007516735</ORG_DUNS_NUM>
<ORG_LGL_BUS_NAME>BAYLOR UNIVERSITY</ORG_LGL_BUS_NAME>
<ORG_PRNT_DUNS_NUM>007516735</ORG_PRNT_DUNS_NUM>
</Institution>
<Performance_Institution>
<Name><![CDATA[Baylor University]]></Name>
<CityName/>
<StateCode>TX</StateCode>
<ZipCode>767987360</ZipCode>
<StreetAddress/>
<CountryCode>US</CountryCode>
<CountryName>United States</CountryName>
<StateName>Texas</StateName>
<CountryFlag>1</CountryFlag>
<CONGRESSDISTRICT>17</CONGRESSDISTRICT>
<CONGRESS_DISTRICT_PERF>TX17</CONGRESS_DISTRICT_PERF>
</Performance_Institution>
<ProgramElement>
<Code>1253</Code>
<Text>OFFICE OF MULTIDISCIPLINARY AC</Text>
</ProgramElement>
<ProgramElement>
<Code>1762</Code>
<Text>SOLID STATE &amp; MATERIALS CHEMIS</Text>
</ProgramElement>
<ProgramReference>
<Code>102Z</Code>
<Text>COVID-Disproportionate Impcts Inst-Indiv</Text>
</ProgramReference>
<ProgramReference>
<Code>1515</Code>
<Text>MINORITY GRADUATE EDUC ACTIVIT</Text>
</ProgramReference>
<ProgramReference>
<Code>8396</Code>
<Text>Clean Energy Technology</Text>
</ProgramReference>
<ProgramReference>
<Code>8611</Code>
<Text>Energy Efficiency and End Use</Text>
</ProgramReference>
<ProgramReference>
<Code>8808</Code>
<Text>Veterans Research Supplements</Text>
</ProgramReference>
<FUND_OBLG>2017~116145</FUND_OBLG>
<FUND_OBLG>2021~45900</FUND_OBLG>
</Award>
</rootTag>
