<?xml version="1.0" encoding="UTF-8"?>
<rootTag>
<Award>
<AwardTitle>EEO Case Processing</AwardTitle>
<AGENCY>NSF</AGENCY>
<AwardEffectiveDate>12/15/2021</AwardEffectiveDate>
<AwardExpirationDate>12/15/2022</AwardExpirationDate>
<AwardTotalIntnAmount>30000.00</AwardTotalIntnAmount>
<AwardAmount>30000</AwardAmount>
<AwardInstrument>
<Value>Contract Interagency Agreement</Value>
</AwardInstrument>
<Organization>
<Code>01070001</Code>
<Directorate>
<Abbreviation>O/D</Abbreviation>
<LongName>Office Of The Director</LongName>
</Directorate>
<Division>
<Abbreviation>OECR</Abbreviation>
<LongName>OECR-Office of Equity &amp; Civil Rights</LongName>
</Division>
</Organization>
<ProgramOfficer>
<SignBlockName>Zita Barnett</SignBlockName>
<PO_EMAI>zrbarnet@nsf.gov</PO_EMAI>
<PO_PHON>7032927461</PO_PHON>
</ProgramOfficer>
<AbstractNarration/>
<MinAmdLetterDate>12/14/2021</MinAmdLetterDate>
<MaxAmdLetterDate>12/14/2021</MaxAmdLetterDate>
<ARRAAmount/>
<TRAN_TYPE>Grant</TRAN_TYPE>
<CFDA_NUM/>
<NSF_PAR_USE_FLAG>1</NSF_PAR_USE_FLAG>
<FUND_AGCY_CODE>4900</FUND_AGCY_CODE>
<AWDG_AGCY_CODE>4900</AWDG_AGCY_CODE>
<AwardID>2209502</AwardID>
<Investigator>
<FirstName>Tamra</FirstName>
<LastName>Schweiberger</LastName>
<PI_MID_INIT/>
<PI_SUFX_NAME/>
<PI_FULL_NAME>Tamra Schweiberger</PI_FULL_NAME>
<EmailAddress>tamra.s.schweiberger@usps.gov</EmailAddress>
<PI_PHON>8137392020</PI_PHON>
<NSF_ID>000870314</NSF_ID>
<StartDate>12/14/2021</StartDate>
<EndDate/>
<RoleCode>Principal Investigator</RoleCode>
</Investigator>
<Institution>
<Name>UNITED STATES POSTAL SERVICE</Name>
<CityName>WASHINGTON</CityName>
<ZipCode>202605130</ZipCode>
<PhoneNumber/>
<StreetAddress>475 LENFANT PLAZA SW RM 8122</StreetAddress>
<StreetAddress2/>
<CountryName>United States</CountryName>
<StateName>District of Columbia</StateName>
<StateCode>DC</StateCode>
<CONGRESSDISTRICT/>
<CONGRESS_DISTRICT_ORG/>
<ORG_DUNS_NUM>0032612450005</ORG_DUNS_NUM>
<ORG_LGL_BUS_NAME>POSTAL SERVICE</ORG_LGL_BUS_NAME>
<ORG_PRNT_DUNS_NUM>003261245</ORG_PRNT_DUNS_NUM>
</Institution>
<Performance_Institution>
<Name/>
<CityName/>
<StateCode/>
<ZipCode/>
<StreetAddress/>
<CountryCode/>
<CountryName>RI REQUIRED</CountryName>
<StateName>RI REQUIRED</StateName>
<CountryFlag>0</CountryFlag>
<CONGRESSDISTRICT/>
<CONGRESS_DISTRICT_PERF/>
</Performance_Institution>
<ProgramElement>
<Code>0670</Code>
<Text/>
</ProgramElement>
<FUND_OBLG>2022~30000</FUND_OBLG>
</Award>
</rootTag>
