<?xml version="1.0" encoding="UTF-8"?>
<rootTag>
<Award>
<AwardTitle>EAGER: An AI-driven Paradigm for Collective and Collaborative Community Resilience in the COVID-19 Era and Beyond</AwardTitle>
<AGENCY>NSF</AGENCY>
<AwardEffectiveDate>11/01/2021</AwardEffectiveDate>
<AwardExpirationDate>07/31/2023</AwardExpirationDate>
<AwardTotalIntnAmount>300000.00</AwardTotalIntnAmount>
<AwardAmount>283438</AwardAmount>
<AwardInstrument>
<Value>Standard Grant</Value>
</AwardInstrument>
<Organization>
<Code>05020000</Code>
<Directorate>
<Abbreviation>CSE</Abbreviation>
<LongName>Direct For Computer &amp; Info Scie &amp; Enginr</LongName>
</Directorate>
<Division>
<Abbreviation>IIS</Abbreviation>
<LongName>Div Of Information &amp; Intelligent Systems</LongName>
</Division>
</Organization>
<ProgramOfficer>
<SignBlockName>Wei Ding</SignBlockName>
<PO_EMAI>weiding@nsf.gov</PO_EMAI>
<PO_PHON>7032928017</PO_PHON>
</ProgramOfficer>
<AbstractNarration>The coronavirus disease (COVID-19) pandemic has exposed a critical set of vulnerabilities that have impacted community resilience in responding to escalating societal, economic, and behavioral issues. Unfortunately, there are no established solutions or proven models for us to depend on to tackle the complex challenges with significant uncertainties and unknowns. This project engages novel disciplinary perspectives to help address the devastating effects caused by COVID-19, i.e., leveraging the extracted information of experiences, ideas and support from positive-energy communities who are successfully navigating threats that can be transformed and transferred into actionable information to assist vulnerable communities to cope, progress and move forward. More specifically, by advancing artificial intelligence (AI) innovations, the goal of this project is to design and develop an AI-driven paradigm for collective and collaborative community resilience in responses to a variety of crises and exposed vulnerabilities in the COVID-19 era and beyond. With additional validation, this research will provide foundation to assist the federal and state governments, corporations, societal leaders to develop and implement strategies that will guide local and regional communities, and the nation into a successful new normal future.&lt;br/&gt;&lt;br/&gt;&lt;br/&gt;This exploratory yet transformative high risk-high payoff work that involves radically different approaches will have three main research components. First, the research team will construct a novel attributed heterogeneous information network (AHIN) to comprehensively model the up-to-date multi-source pandemic related data for abstract representation. Second, to understand how users interact and how information are propagated within and cross-community in social media, the team will develop an innovative nonnegative matrix factorization regularized deep graph learning model for community detection in the AHIN by considering the heterogeneity of the network. Third, the team will propose an integrated adversarial disentangler to separate the distinct, informative factors of variations hidden in the milieu to learn post embeddings for emotion and topic analysis for community classification and framing, and thus to derive supportive and constructive information for community resilience improvement. The developed AI-driven paradigm in this project will provide in-depth insights and customized guidance that can help public health experts, social workers, law enforcement, economists, and policy makers in decision-making and also enable a conceptual framework for the development of resilient community engagement strategies in responses to a variety of crises created by COVID-19 and future natural or health-related disasters. The research will be beneficial to multidisciplinary areas, including data mining, machine learning, epidemiology, economics, social and behavioral sciences. The outcomes of this project will be made publicly accessible and broadly distributed. The project will integrate research with education through curriculum development, the participation of underrepresented groups, and student mentoring activities.&lt;br/&gt;&lt;br/&gt;This award reflects NSF's statutory mission and has been deemed worthy of support through evaluation using the Foundation's intellectual merit and broader impacts review criteria.</AbstractNarration>
<MinAmdLetterDate>01/10/2022</MinAmdLetterDate>
<MaxAmdLetterDate>01/10/2022</MaxAmdLetterDate>
<ARRAAmount/>
<TRAN_TYPE>Grant</TRAN_TYPE>
<CFDA_NUM>47.070</CFDA_NUM>
<NSF_PAR_USE_FLAG>1</NSF_PAR_USE_FLAG>
<FUND_AGCY_CODE>4900</FUND_AGCY_CODE>
<AWDG_AGCY_CODE>4900</AWDG_AGCY_CODE>
<AwardID>2209814</AwardID>
<Investigator>
<FirstName>Yanfang</FirstName>
<LastName>Ye</LastName>
<PI_MID_INIT/>
<PI_SUFX_NAME/>
<PI_FULL_NAME>Yanfang Ye</PI_FULL_NAME>
<EmailAddress>yye7@nd.edu</EmailAddress>
<PI_PHON>3042829486</PI_PHON>
<NSF_ID>000663903</NSF_ID>
<StartDate>01/10/2022</StartDate>
<EndDate/>
<RoleCode>Principal Investigator</RoleCode>
</Investigator>
<Institution>
<Name>University of Notre Dame</Name>
<CityName>NOTRE DAME</CityName>
<ZipCode>465565708</ZipCode>
<PhoneNumber>5746317432</PhoneNumber>
<StreetAddress>940 Grace Hall</StreetAddress>
<StreetAddress2/>
<CountryName>United States</CountryName>
<StateName>Indiana</StateName>
<StateCode>IN</StateCode>
<CONGRESSDISTRICT>02</CONGRESSDISTRICT>
<CONGRESS_DISTRICT_ORG>IN02</CONGRESS_DISTRICT_ORG>
<ORG_DUNS_NUM>824910376</ORG_DUNS_NUM>
<ORG_LGL_BUS_NAME>UNIVERSITY OF NOTRE DAME DU LAC</ORG_LGL_BUS_NAME>
<ORG_PRNT_DUNS_NUM>048994727</ORG_PRNT_DUNS_NUM>
</Institution>
<Performance_Institution>
<Name><![CDATA[University of Notre Dame]]></Name>
<CityName>Notre Dame</CityName>
<StateCode>IN</StateCode>
<ZipCode>465565708</ZipCode>
<StreetAddress><![CDATA[940 Grace Hall]]></StreetAddress>
<CountryCode>US</CountryCode>
<CountryName>United States</CountryName>
<StateName>Indiana</StateName>
<CountryFlag>1</CountryFlag>
<CONGRESSDISTRICT>02</CONGRESSDISTRICT>
<CONGRESS_DISTRICT_PERF>IN02</CONGRESS_DISTRICT_PERF>
</Performance_Institution>
<ProgramElement>
<Code>7364</Code>
<Text>Info Integration &amp; Informatics</Text>
</ProgramElement>
<ProgramReference>
<Code>7364</Code>
<Text>INFO INTEGRATION &amp; INFORMATICS</Text>
</ProgramReference>
<ProgramReference>
<Code>7916</Code>
<Text>EAGER</Text>
</ProgramReference>
<FUND_OBLG>2020~283438</FUND_OBLG>
</Award>
</rootTag>
