<?xml version="1.0" encoding="UTF-8"?>
<rootTag>
<Award>
<AwardTitle>Collaborative Research: CNS Core: Small: Closing the Theory-Practice Gap in Understanding and Combating Epidemic Spreading on Resource-Constrained Large-Scale Networks</AwardTitle>
<AGENCY>NSF</AGENCY>
<AwardEffectiveDate>11/15/2021</AwardEffectiveDate>
<AwardExpirationDate>09/30/2023</AwardExpirationDate>
<AwardTotalIntnAmount>249999.00</AwardTotalIntnAmount>
<AwardAmount>225760</AwardAmount>
<AwardInstrument>
<Value>Standard Grant</Value>
</AwardInstrument>
<Organization>
<Code>05050000</Code>
<Directorate>
<Abbreviation>CSE</Abbreviation>
<LongName>Direct For Computer &amp; Info Scie &amp; Enginr</LongName>
</Directorate>
<Division>
<Abbreviation>CNS</Abbreviation>
<LongName>Division Of Computer and Network Systems</LongName>
</Division>
</Organization>
<ProgramOfficer>
<SignBlockName>Deepankar Medhi</SignBlockName>
<PO_EMAI>dmedhi@nsf.gov</PO_EMAI>
<PO_PHON>7032922935</PO_PHON>
</ProgramOfficer>
<AbstractNarration>There has been an explosive growth in the number of Internet-connected devices. The end-device users have also built a stack of rich and complex networks, derived from their social, personal and work groups. The prolific connections to end-devices and users, however, can be exploited as devastating vehicles for malware and worm attacks. Since exploiting the network connectivity lies at the heart of malware distribution, it becomes crucial to understand how the underlying network structure affects the malware propagation. Despite abundant literature on epidemic modeling and analysis, there is still a huge gap between theory and practice. This project aims to bridge the gap to better understand and combat epidemic spreading on large-scale networks with realistic cost constraints.&lt;br/&gt;&lt;br/&gt;This collaborative project brings together investigators from Florida Institute of Technology and North Carolina State University to investigate the following inter-related research thrusts. It will (1) develop a theoretical framework to fully characterize the transient dynamics of epidemic spreading on a general graph (as opposed to a complete graph) to estimate and predict the likelihood of each node being infected for the future time, (2) develop a suite of readily usable algorithms to mitigate the spread of an epidemic to the extent possible under realistic constraints, and (3) develop a set of algorithms for efficient estimation and inference of network and epidemic parameters from incomplete and noisy data of epidemic cascades.  &lt;br/&gt;&lt;br/&gt;This project could potentially have a high impact on a vast range of multi-disciplinary areas and applications where the study of epidemics has been necessary and crucial, including epidemiology, percolation in physics and chemistry, rumor spreading, information cascades, viral marketing, and spread of misinformation and fake news. In addition, this project will integrate research findings into education by curriculum development, involve diverse undergraduate and graduate students, especially women and students of underrepresented groups, and have them trained to thrive and contribute to the society in industrial and academic settings after graduation.&lt;br/&gt;&lt;br/&gt;All products developed during the course of this project will be publicly available and hosted at https://sites.google.com/view/nsf-cns-eun-lee-epidemic for at least three years after the closing of the project.&lt;br/&gt;&lt;br/&gt;This award reflects NSF's statutory mission and has been deemed worthy of support through evaluation using the Foundation's intellectual merit and broader impacts review criteria.</AbstractNarration>
<MinAmdLetterDate>12/21/2021</MinAmdLetterDate>
<MaxAmdLetterDate>12/21/2021</MaxAmdLetterDate>
<ARRAAmount/>
<TRAN_TYPE>Grant</TRAN_TYPE>
<CFDA_NUM>47.070</CFDA_NUM>
<NSF_PAR_USE_FLAG>1</NSF_PAR_USE_FLAG>
<FUND_AGCY_CODE>4900</FUND_AGCY_CODE>
<AWDG_AGCY_CODE>4900</AWDG_AGCY_CODE>
<AwardID>2209922</AwardID>
<Investigator>
<FirstName>Chul-Ho</FirstName>
<LastName>Lee</LastName>
<PI_MID_INIT/>
<PI_SUFX_NAME/>
<PI_FULL_NAME>Chul-Ho Lee</PI_FULL_NAME>
<EmailAddress>chulho.lee@txstate.edu</EmailAddress>
<PI_PHON>5122456580</PI_PHON>
<NSF_ID>000737390</NSF_ID>
<StartDate>12/21/2021</StartDate>
<EndDate/>
<RoleCode>Principal Investigator</RoleCode>
</Investigator>
<Institution>
<Name>Texas State University - San Marcos</Name>
<CityName>San Marcos</CityName>
<ZipCode>786664616</ZipCode>
<PhoneNumber>5122452314</PhoneNumber>
<StreetAddress>601 University Drive</StreetAddress>
<StreetAddress2/>
<CountryName>United States</CountryName>
<StateName>Texas</StateName>
<StateCode>TX</StateCode>
<CONGRESSDISTRICT>35</CONGRESSDISTRICT>
<CONGRESS_DISTRICT_ORG>TX35</CONGRESS_DISTRICT_ORG>
<ORG_DUNS_NUM>074602368</ORG_DUNS_NUM>
<ORG_LGL_BUS_NAME>TEXAS STATE UNIVERSITY</ORG_LGL_BUS_NAME>
<ORG_PRNT_DUNS_NUM>101405814</ORG_PRNT_DUNS_NUM>
</Institution>
<Performance_Institution>
<Name><![CDATA[Texas State University - San Marcos]]></Name>
<CityName/>
<StateCode>TX</StateCode>
<ZipCode>786664616</ZipCode>
<StreetAddress/>
<CountryCode>US</CountryCode>
<CountryName>United States</CountryName>
<StateName>Texas</StateName>
<CountryFlag>1</CountryFlag>
<CONGRESSDISTRICT>35</CONGRESSDISTRICT>
<CONGRESS_DISTRICT_PERF>TX35</CONGRESS_DISTRICT_PERF>
</Performance_Institution>
<ProgramElement>
<Code>7363</Code>
<Text>Networking Technology and Syst</Text>
</ProgramElement>
<ProgramReference>
<Code>7923</Code>
<Text>SMALL PROJECT</Text>
</ProgramReference>
<FUND_OBLG>2020~225760</FUND_OBLG>
</Award>
</rootTag>
