<?xml version="1.0" encoding="UTF-8"?>
<rootTag>
<Award>
<AwardTitle>The Biophysics of Collective Cell Locomotion</AwardTitle>
<AGENCY>NSF</AGENCY>
<AwardEffectiveDate>12/15/2021</AwardEffectiveDate>
<AwardExpirationDate>12/31/2023</AwardExpirationDate>
<AwardTotalIntnAmount>300880.00</AwardTotalIntnAmount>
<AwardAmount>300880</AwardAmount>
<AwardInstrument>
<Value>Standard Grant</Value>
</AwardInstrument>
<Organization>
<Code>03040000</Code>
<Directorate>
<Abbreviation>MPS</Abbreviation>
<LongName>Direct For Mathematical &amp; Physical Scien</LongName>
</Directorate>
<Division>
<Abbreviation>DMS</Abbreviation>
<LongName>Division Of Mathematical Sciences</LongName>
</Division>
</Organization>
<ProgramOfficer>
<SignBlockName>Zhilan Feng</SignBlockName>
<PO_EMAI>zfeng@nsf.gov</PO_EMAI>
<PO_PHON>7032927523</PO_PHON>
</ProgramOfficer>
<AbstractNarration>For a single fertilized egg cell to form into an embryo, there are many intermediate steps, including repeated cell division and development of organs in the correct location. But the details of this process and its regulation have yet to emerge. For example, in the sea squirt -- a simpler system than the human embryo but one that shares a lot of commonalities -- a pair of cells is the starting point of the heart of this organism. These cells must move from their origin to the future location of the heart guided by cues from inside the embryo. As the paired cells move, they must push other cells out of their path to reach their destination, all while not losing contact with each other. Although observational studies of the coordinated movement of groups of cells involved in organ formation advance knowledge of embryonic development and associated congenital conditions, this project will deepen understanding by employing mathematical modeling and computer simulations to tease out the many facets of this process. The project will involve developing new computer simulation schemes for the mechanical interactions between cell boundary and interior dynamics, new models for the biochemistry needed to initiate collective migration, new methods for efficiently solving equations in deforming, moving geometries, and extensions to full three-dimensional domains. The investigators will use the interdisciplinary nature of the project to recruit and train undergraduate and graduate students. &lt;br/&gt;&lt;br/&gt;The study of collective locomotion of organisms has led to important mathematical models that have guided biological discovery. A distinguishing feature of this project is that the multi-body interaction is achieved through mechanochemical bonds that interact with the cell's biochemistry and biomechanics in an unknown way. We focus on the collective migration of two cells in the early stages of heart development of the sea squirt Ciona intestinalis, an important model organism. Initially, these two cells are indistinguishable, yet at some point they establish leader and follower roles and move with distinct morphologies, squeezing through deformable tissues. Experiments show there is an advantage to move as a cohesive pair rather than a single cell, however, it is unclear why two cells do not slow each other down. These observations lead to the following questions: How are intracellular mechanics integrated to give rise to motility as a cohesive group? Why can two cells move faster together than alone? Is the two-cell system better at polarization and initiating migration than an individual cell? Mathematical modeling can aid experiments in answering these questions, but numerical solutions of the model equations will require development of novel computational methods that will be able to simulate coupled mechanical, transport, and chemical reaction equations in complex evolving geometries. Collaboration with an experimental lab will result in the discovery of a set of minimal yet sufficient interactions underlying the mechanical and biochemical organization of a cohesive cell group.&lt;br/&gt;&lt;br/&gt;This award reflects NSF's statutory mission and has been deemed worthy of support through evaluation using the Foundation's intellectual merit and broader impacts review criteria.</AbstractNarration>
<MinAmdLetterDate>12/15/2021</MinAmdLetterDate>
<MaxAmdLetterDate>12/15/2021</MaxAmdLetterDate>
<ARRAAmount/>
<TRAN_TYPE>Grant</TRAN_TYPE>
<CFDA_NUM>47.049, 47.074</CFDA_NUM>
<NSF_PAR_USE_FLAG>1</NSF_PAR_USE_FLAG>
<FUND_AGCY_CODE>4900</FUND_AGCY_CODE>
<AWDG_AGCY_CODE>4900</AWDG_AGCY_CODE>
<AwardID>2209494</AwardID>
<Investigator>
<FirstName>Calina</FirstName>
<LastName>Copos</LastName>
<PI_MID_INIT>A</PI_MID_INIT>
<PI_SUFX_NAME/>
<PI_FULL_NAME>Calina A Copos</PI_FULL_NAME>
<EmailAddress>c.copos@northeastern.edu</EmailAddress>
<PI_PHON>8566698929</PI_PHON>
<NSF_ID>000725263</NSF_ID>
<StartDate>12/15/2021</StartDate>
<EndDate/>
<RoleCode>Principal Investigator</RoleCode>
</Investigator>
<Institution>
<Name>Northeastern University</Name>
<CityName>BOSTON</CityName>
<ZipCode>021155005</ZipCode>
<PhoneNumber>6173733004</PhoneNumber>
<StreetAddress>360 HUNTINGTON AVE</StreetAddress>
<StreetAddress2><![CDATA[177-500]]></StreetAddress2>
<CountryName>United States</CountryName>
<StateName>Massachusetts</StateName>
<StateCode>MA</StateCode>
<CONGRESSDISTRICT>07</CONGRESSDISTRICT>
<CONGRESS_DISTRICT_ORG>MA07</CONGRESS_DISTRICT_ORG>
<ORG_DUNS_NUM>001423631</ORG_DUNS_NUM>
<ORG_LGL_BUS_NAME>NORTHEASTERN UNIVERSITY</ORG_LGL_BUS_NAME>
<ORG_PRNT_DUNS_NUM>001423631</ORG_PRNT_DUNS_NUM>
</Institution>
<Performance_Institution>
<Name><![CDATA[Northeastern University]]></Name>
<CityName>Boston</CityName>
<StateCode>MA</StateCode>
<ZipCode>021155000</ZipCode>
<StreetAddress/>
<CountryCode>US</CountryCode>
<CountryName>United States</CountryName>
<StateName>Massachusetts</StateName>
<CountryFlag>1</CountryFlag>
<CONGRESSDISTRICT>07</CONGRESSDISTRICT>
<CONGRESS_DISTRICT_PERF>MA07</CONGRESS_DISTRICT_PERF>
</Performance_Institution>
<ProgramElement>
<Code>1114</Code>
<Text>Cellular Dynamics and Function</Text>
</ProgramElement>
<ProgramElement>
<Code>7334</Code>
<Text>MATHEMATICAL BIOLOGY</Text>
</ProgramElement>
<ProgramElement>
<Code>7454</Code>
<Text>MSPA-INTERDISCIPLINARY</Text>
</ProgramElement>
<ProgramReference>
<Code>068Z</Code>
<Text>URoL-Understanding Rules of Life</Text>
</ProgramReference>
<ProgramReference>
<Code>7465</Code>
<Text>NANOSCALE BIO CORE</Text>
</ProgramReference>
<FUND_OBLG>2020~300880</FUND_OBLG>
</Award>
</rootTag>
