<?xml version="1.0" encoding="UTF-8"?>
<rootTag>
<Award>
<AwardTitle>“Sustainable Polymers: Physics of New Materials, Design for Sustainability, and End-of-Life”: A DPOLY Short Course at the 2022 American Physical Society Annual Meeting</AwardTitle>
<AGENCY>NSF</AGENCY>
<AwardEffectiveDate>01/15/2022</AwardEffectiveDate>
<AwardExpirationDate>12/31/2022</AwardExpirationDate>
<AwardTotalIntnAmount>5000.00</AwardTotalIntnAmount>
<AwardAmount>5000</AwardAmount>
<AwardInstrument>
<Value>Standard Grant</Value>
</AwardInstrument>
<Organization>
<Code>03070000</Code>
<Directorate>
<Abbreviation>MPS</Abbreviation>
<LongName>Direct For Mathematical &amp; Physical Scien</LongName>
</Directorate>
<Division>
<Abbreviation>DMR</Abbreviation>
<LongName>Division Of Materials Research</LongName>
</Division>
</Organization>
<ProgramOfficer>
<SignBlockName>Andrew Lovinger</SignBlockName>
<PO_EMAI>alovinge@nsf.gov</PO_EMAI>
<PO_PHON>7032924933</PO_PHON>
</ProgramOfficer>
<AbstractNarration>TECHNICAL AND NON-TECHNICAL SUMMARY:&lt;br/&gt;&lt;br/&gt;This conference award will provide partial support for travel expenses of students, postdoctoral researchers, and high school teachers to participate in the Short Course "Sustainable Polymers: Physics of New Materials, Design for Sustainability, and End-of-Life" at the 2022 American Physical Society March Meeting. &lt;br/&gt; &lt;br/&gt;This short course will offer the opportunity to advance knowledge in the field of polymer sustainability through instruction from experts and engaging discussions among participants. This short course will bring a focused perspective to this area, with emphasis on physical properties and fundamental physics of polymers and how they may be designed with consideration of sustainability goals and metrics. Towards this goal, researchers will come together from cross-disciplinary areas, including polymer physics, polymer chemistry, and materials science, and address the full life cycle of polymers, from sustainable origins to design for ease of end-of-life handling and re-use.&lt;br/&gt;&lt;br/&gt;This award reflects NSF's statutory mission and has been deemed worthy of support through evaluation using the Foundation's intellectual merit and broader impacts review criteria.</AbstractNarration>
<MinAmdLetterDate>12/22/2021</MinAmdLetterDate>
<MaxAmdLetterDate>12/22/2021</MaxAmdLetterDate>
<ARRAAmount/>
<TRAN_TYPE>Grant</TRAN_TYPE>
<CFDA_NUM>47.049</CFDA_NUM>
<NSF_PAR_USE_FLAG>1</NSF_PAR_USE_FLAG>
<FUND_AGCY_CODE>4900</FUND_AGCY_CODE>
<AWDG_AGCY_CODE>4900</AWDG_AGCY_CODE>
<AwardID>2209698</AwardID>
<Investigator>
<FirstName>Megan</FirstName>
<LastName>Robertson</LastName>
<PI_MID_INIT>L</PI_MID_INIT>
<PI_SUFX_NAME/>
<PI_FULL_NAME>Megan L Robertson</PI_FULL_NAME>
<EmailAddress>mlrobertson@uh.edu</EmailAddress>
<PI_PHON>7137432748</PI_PHON>
<NSF_ID>000574686</NSF_ID>
<StartDate>12/22/2021</StartDate>
<EndDate/>
<RoleCode>Principal Investigator</RoleCode>
</Investigator>
<Institution>
<Name>University of Houston</Name>
<CityName>Houston</CityName>
<ZipCode>772042015</ZipCode>
<PhoneNumber>7137435773</PhoneNumber>
<StreetAddress>4800 Calhoun Boulevard</StreetAddress>
<StreetAddress2/>
<CountryName>United States</CountryName>
<StateName>Texas</StateName>
<StateCode>TX</StateCode>
<CONGRESSDISTRICT>18</CONGRESSDISTRICT>
<CONGRESS_DISTRICT_ORG>TX18</CONGRESS_DISTRICT_ORG>
<ORG_DUNS_NUM>036837920</ORG_DUNS_NUM>
<ORG_LGL_BUS_NAME>UNIVERSITY OF HOUSTON SYSTEM</ORG_LGL_BUS_NAME>
<ORG_PRNT_DUNS_NUM>042916627</ORG_PRNT_DUNS_NUM>
</Institution>
<Performance_Institution>
<Name><![CDATA[University of Houston]]></Name>
<CityName>Houston</CityName>
<StateCode>TX</StateCode>
<ZipCode>772044004</ZipCode>
<StreetAddress><![CDATA[4726 Calhoun Road]]></StreetAddress>
<CountryCode>US</CountryCode>
<CountryName>United States</CountryName>
<StateName>Texas</StateName>
<CountryFlag>1</CountryFlag>
<CONGRESSDISTRICT>18</CONGRESSDISTRICT>
<CONGRESS_DISTRICT_PERF>TX18</CONGRESS_DISTRICT_PERF>
</Performance_Institution>
<ProgramElement>
<Code>1773</Code>
<Text>POLYMERS</Text>
</ProgramElement>
<ProgramReference>
<Code>090Z</Code>
<Text>CAS-Critical Aspects of Sustainability</Text>
</ProgramReference>
<ProgramReference>
<Code>7556</Code>
<Text>CONFERENCE AND WORKSHOPS</Text>
</ProgramReference>
<FUND_OBLG>2022~5000</FUND_OBLG>
</Award>
</rootTag>
