<?xml version="1.0" encoding="UTF-8"?>
<rootTag>
<Award>
<AwardTitle>Radio Support FY 2022</AwardTitle>
<AGENCY>NSF</AGENCY>
<AwardEffectiveDate>10/01/2021</AwardEffectiveDate>
<AwardExpirationDate>10/01/2022</AwardExpirationDate>
<AwardTotalIntnAmount>3900.00</AwardTotalIntnAmount>
<AwardAmount>3900</AwardAmount>
<AwardInstrument>
<Value>Contract Interagency Agreement</Value>
</AwardInstrument>
<Organization>
<Code>00020000</Code>
<Directorate>
<Abbreviation/>
<LongName/>
</Directorate>
<Division>
<Abbreviation>OIG</Abbreviation>
<LongName>Office Of Inspector General</LongName>
</Division>
</Organization>
<ProgramOfficer>
<SignBlockName>shiji thomas</SignBlockName>
<PO_EMAI>ssthomas@nsf.gov</PO_EMAI>
<PO_PHON>7032924569</PO_PHON>
</ProgramOfficer>
<AbstractNarration/>
<MinAmdLetterDate>12/29/2021</MinAmdLetterDate>
<MaxAmdLetterDate>12/29/2021</MaxAmdLetterDate>
<ARRAAmount/>
<TRAN_TYPE>Grant</TRAN_TYPE>
<CFDA_NUM/>
<NSF_PAR_USE_FLAG>1</NSF_PAR_USE_FLAG>
<FUND_AGCY_CODE>4900</FUND_AGCY_CODE>
<AWDG_AGCY_CODE>4900</AWDG_AGCY_CODE>
<AwardID>2209447</AwardID>
<Investigator>
<FirstName>Constance</FirstName>
<LastName>Cole</LastName>
<PI_MID_INIT>M</PI_MID_INIT>
<PI_SUFX_NAME/>
<PI_FULL_NAME>Constance M Cole</PI_FULL_NAME>
<EmailAddress>constance.m.cole@cbp.dhs.gov</EmailAddress>
<PI_PHON>4079751727</PI_PHON>
<NSF_ID>N00821915</NSF_ID>
<StartDate>12/29/2021</StartDate>
<EndDate/>
<RoleCode>Principal Investigator</RoleCode>
</Investigator>
<Institution>
<Name>Department of Homeland Security</Name>
<CityName>Washington</CityName>
<ZipCode>205290001</ZipCode>
<PhoneNumber/>
<StreetAddress>Citizenship &amp; Immigration Srvc</StreetAddress>
<StreetAddress2><![CDATA[20 Massachusetts Avenue NW]]></StreetAddress2>
<CountryName>United States</CountryName>
<StateName>District of Columbia</StateName>
<StateCode>DC</StateCode>
<CONGRESSDISTRICT>00</CONGRESSDISTRICT>
<CONGRESS_DISTRICT_ORG>DC00</CONGRESS_DISTRICT_ORG>
<ORG_DUNS_NUM>145450016</ORG_DUNS_NUM>
<ORG_LGL_BUS_NAME>DEPARTMENT OF HOMELAND SECURITY</ORG_LGL_BUS_NAME>
<ORG_PRNT_DUNS_NUM>161906193</ORG_PRNT_DUNS_NUM>
</Institution>
<Performance_Institution>
<Name/>
<CityName/>
<StateCode/>
<ZipCode/>
<StreetAddress/>
<CountryCode/>
<CountryName>RI REQUIRED</CountryName>
<StateName>RI REQUIRED</StateName>
<CountryFlag>0</CountryFlag>
<CONGRESSDISTRICT/>
<CONGRESS_DISTRICT_PERF>""</CONGRESS_DISTRICT_PERF>
</Performance_Institution>
<ProgramElement>
<Code>0658</Code>
<Text/>
</ProgramElement>
<ProgramReference>
<Code>0000</Code>
<Text>UNASSIGNED</Text>
</ProgramReference>
<ProgramReference>
<Code>OTHR</Code>
<Text>OTHER RESEARCH OR EDUCATION</Text>
</ProgramReference>
<FUND_OBLG>2022~3900</FUND_OBLG>
</Award>
</rootTag>
