<?xml version="1.0" encoding="UTF-8"?>
<rootTag>
<Award>
<AwardTitle>Investigating environmental identity development among children in rural Alaska Native communities through intergenerational, culturally responsive community science programming</AwardTitle>
<AGENCY>NSF</AGENCY>
<AwardEffectiveDate>02/01/2022</AwardEffectiveDate>
<AwardExpirationDate>01/31/2024</AwardExpirationDate>
<AwardTotalIntnAmount>538911.00</AwardTotalIntnAmount>
<AwardAmount>538911</AwardAmount>
<AwardInstrument>
<Value>Standard Grant</Value>
</AwardInstrument>
<Organization>
<Code>11090000</Code>
<Directorate>
<Abbreviation>EHR</Abbreviation>
<LongName>Direct For Education and Human Resources</LongName>
</Directorate>
<Division>
<Abbreviation>DRL</Abbreviation>
<LongName>Division Of Research On Learning</LongName>
</Division>
</Organization>
<ProgramOfficer>
<SignBlockName>Alicia Santiago Gonzalez</SignBlockName>
<PO_EMAI>asantiag@nsf.gov</PO_EMAI>
<PO_PHON>7032924546</PO_PHON>
</ProgramOfficer>
<AbstractNarration>This project will advance efforts of the Innovative Technology Experiences for Students and Teachers (ITEST) program to better understand culturally responsive approaches supported by appropriate technologies to broaden participation of Indigenous students in STEM studies and careers. In this project, WGBH Educational Foundation and the University of Alaska Fairbanks will work collaboratively with advisors, library workers, public media professionals, and families, educators, and community members from rural Alaska Native villages to inform the research base on environmental identity, i.e., the empathy, knowledge, and skills that children need to act responsibly for the environment. Although environmental identity has come to be understood as an important component in children’s future knowledge of and commitment to the environment, little is known about how elementary school-aged children begin to construct a meaningful environmental identity and how the adults in their lives can support them in doing so, particularly among Indigenous children and families. The project will address this research gap. Building on Molly of Denali, a PBS KIDS animated children’s series that features an Indigenous lead character, the project team will explore how children in rural Alaska Native villages relate to their environments, how parents and other community adults conceive of environmental identity and regard their role in nurturing it with children, and how the project team can leverage these research findings, along with positive perceptions of Molly of Denali, to create an intergenerational, community-based learning program that engages Alaska Native families in environmental science learning while contributing to children’s environmental identity development.&lt;br/&gt;&lt;br/&gt;The design-based research project will unfold over three phases: (1) formative research, during which the team will collaborate with three communities to conduct initial research into how 6- to 8-year-old children from rural Alaska Native villages relate to their place and environment; the role adults play in fostering this relationship, and how community assets and technology resources are being used, or could be used, to support science exploration in informal environments; (2) iterative co-design and testing, during which the team will work closely with two rural Alaska Native communities to develop, test, and revise an implementation model and set of prototype multimedia resources for an intergenerational community science program that supports environmental identity development; and (3) scale-pp evaluation, during which Alaska-based evaluator Goldstream Group will work with additional rural Alaska Native communities to assess the revised model and resources and learn more about factors that could support or impede wider implementation of finished materials across Alaska. The materials will be tested with families from at least 4 communities engaging a total of 24 children. The project will also include a process evaluation that will investigate the co-design process. Across all phases, the project will engage children as active researchers, capturing their lived experiences in nature via drawings, descriptions, and child-led nature tours that employ portable cameras. Data will also be collected from informal educators (e.g., library workers, public media representatives), community members (e.g., tribal Elders, local STEM professionals), and parents via interviews and focus group discussions.  Throughout, researchers will use qualitative approaches (e.g.,content, narrative, discourse, framework analyses)to identify and describe behaviors associated with environmental identity development and will share findings with the field. This project is funded by the ITEST program, which supports projects that build understandings of practices, program elements, contexts and processes contributing to increasing students' knowledge and interest in science, technology, engineering, and mathematics (STEM) and information and communication technology (ICT) careers.&lt;br/&gt;&lt;br/&gt;This award reflects NSF's statutory mission and has been deemed worthy of support through evaluation using the Foundation's intellectual merit and broader impacts review criteria.</AbstractNarration>
<MinAmdLetterDate>01/20/2022</MinAmdLetterDate>
<MaxAmdLetterDate>01/20/2022</MaxAmdLetterDate>
<ARRAAmount/>
<TRAN_TYPE>Grant</TRAN_TYPE>
<CFDA_NUM>47.076</CFDA_NUM>
<NSF_PAR_USE_FLAG>1</NSF_PAR_USE_FLAG>
<FUND_AGCY_CODE>4900</FUND_AGCY_CODE>
<AWDG_AGCY_CODE>4900</AWDG_AGCY_CODE>
<AwardID>2209594</AwardID>
<Investigator>
<FirstName>Carie</FirstName>
<LastName>Green</LastName>
<PI_MID_INIT>J</PI_MID_INIT>
<PI_SUFX_NAME/>
<PI_FULL_NAME>Carie J Green</PI_FULL_NAME>
<EmailAddress>carie.green@sdstate.edu</EmailAddress>
<PI_PHON>6056885707</PI_PHON>
<NSF_ID>000752762</NSF_ID>
<StartDate>01/20/2022</StartDate>
<EndDate/>
<RoleCode>Principal Investigator</RoleCode>
</Investigator>
<Institution>
<Name>South Dakota State University</Name>
<CityName>Brookings</CityName>
<ZipCode>570070001</ZipCode>
<PhoneNumber>6056886696</PhoneNumber>
<StreetAddress>1015 Campanile Ave</StreetAddress>
<StreetAddress2><![CDATA[Box 2201, SAD 200]]></StreetAddress2>
<CountryName>United States</CountryName>
<StateName>South Dakota</StateName>
<StateCode>SD</StateCode>
<CONGRESSDISTRICT>00</CONGRESSDISTRICT>
<CONGRESS_DISTRICT_ORG>SD00</CONGRESS_DISTRICT_ORG>
<ORG_DUNS_NUM>929929743</ORG_DUNS_NUM>
<ORG_LGL_BUS_NAME>SOUTH DAKOTA STATE UNIVERSITY</ORG_LGL_BUS_NAME>
<ORG_PRNT_DUNS_NUM>929538999</ORG_PRNT_DUNS_NUM>
</Institution>
<Performance_Institution>
<Name><![CDATA[South Dakota State University]]></Name>
<CityName>Brookings</CityName>
<StateCode>SD</StateCode>
<ZipCode>570070001</ZipCode>
<StreetAddress><![CDATA[1015 Campanile Ave]]></StreetAddress>
<CountryCode>US</CountryCode>
<CountryName>United States</CountryName>
<StateName>South Dakota</StateName>
<CountryFlag>1</CountryFlag>
<CONGRESSDISTRICT>00</CONGRESSDISTRICT>
<CONGRESS_DISTRICT_PERF>SD00</CONGRESS_DISTRICT_PERF>
</Performance_Institution>
<ProgramElement>
<Code>7227</Code>
<Text>ITEST-Inov Tech Exp Stu &amp; Teac</Text>
</ProgramElement>
<ProgramReference>
<Code>097Z</Code>
<Text>COVID-19 Impacts on Existing Activities</Text>
</ProgramReference>
<ProgramReference>
<Code>102Z</Code>
<Text>COVID-Disproportionate Impcts Inst-Indiv</Text>
</ProgramReference>
<ProgramReference>
<Code>8212</Code>
<Text>Broaden Particip STEM Resrch</Text>
</ProgramReference>
<FUND_OBLG>2021~538911</FUND_OBLG>
</Award>
</rootTag>
