<?xml version="1.0" encoding="UTF-8"?>
<rootTag>
<Award>
<AwardTitle>GEM: Particle Acceleration by Foreshock Transients</AwardTitle>
<AGENCY>NSF</AGENCY>
<AwardEffectiveDate>10/01/2021</AwardEffectiveDate>
<AwardExpirationDate>01/31/2023</AwardExpirationDate>
<AwardTotalIntnAmount>466355.00</AwardTotalIntnAmount>
<AwardAmount>399277</AwardAmount>
<AwardInstrument>
<Value>Standard Grant</Value>
</AwardInstrument>
<Organization>
<Code>06020202</Code>
<Directorate>
<Abbreviation>GEO</Abbreviation>
<LongName>Directorate For Geosciences</LongName>
</Directorate>
<Division>
<Abbreviation>AGS</Abbreviation>
<LongName>Div Atmospheric &amp; Geospace Sciences</LongName>
</Division>
</Organization>
<ProgramOfficer>
<SignBlockName>Lisa Winter</SignBlockName>
<PO_EMAI>lwinter@nsf.gov</PO_EMAI>
<PO_PHON>7032928519</PO_PHON>
</ProgramOfficer>
<AbstractNarration>Shocks accelerate particles to relativistic speeds throughout the universe – in astrophysical processes and more locally in the region of space near the Earth. It is a mystery how shocks can accelerate particles to energies higher than their own shock potential energy reserve. This project will investigate irregularities in plasma flows ahead of shocks moving into the magnetosphere, studying plasma bubbles and hot flow anomalies. The results of this project have direct applications in space weather models; it thus addresses one of the goals set out in the National Space Weather Action Plan. The project will also help understand shock acceleration throughout the universe. Three early career researchers and a graduate student will receive support.&lt;br/&gt;&lt;br/&gt;The key objectives are (i) to determine the role of upstream electron energization on space weather phenomena that result from inward penetration of energetic particles; and (ii) to provide new insights in the classic pre-acceleration need for Fermi type shock acceleration processes. For the first time high quality and resolution THEMIS and MMS data from the foreshock region are available. THEMIS provides data on large scale magnetic structures along with high-frequency magnetic fluctuations and superthermal particles ( &gt;25 keV), while MMS is capable of resolving small scale (10-100 km) high time resolution (30 -150 ms) providing microscale and electron dynamics quantities. The observations will be supplemented by Cluster and DMSP which monitor the energetic particle flux in the cusp and from all sky imagers and NSF-funded SuperDARN data providing signatures of accelerating particles. Combining these observations is a challenging task. The proposal utilizes a well-tested 3D global hybrid simulation code to organize the data and achieve the desired results.&lt;br/&gt;&lt;br/&gt;This award reflects NSF's statutory mission and has been deemed worthy of support through evaluation using the Foundation's intellectual merit and broader impacts review criteria.</AbstractNarration>
<MinAmdLetterDate>01/14/2022</MinAmdLetterDate>
<MaxAmdLetterDate>01/14/2022</MaxAmdLetterDate>
<ARRAAmount/>
<TRAN_TYPE>Grant</TRAN_TYPE>
<CFDA_NUM>47.050</CFDA_NUM>
<NSF_PAR_USE_FLAG>1</NSF_PAR_USE_FLAG>
<FUND_AGCY_CODE>4900</FUND_AGCY_CODE>
<AWDG_AGCY_CODE>4900</AWDG_AGCY_CODE>
<AwardID>2210319</AwardID>
<Investigator>
<FirstName>Zixu</FirstName>
<LastName>Liu</LastName>
<PI_MID_INIT/>
<PI_SUFX_NAME/>
<PI_FULL_NAME>Zixu Liu</PI_FULL_NAME>
<EmailAddress>terryliuzixu@ucla.edu</EmailAddress>
<PI_PHON>3105929104</PI_PHON>
<NSF_ID>000802756</NSF_ID>
<StartDate>01/14/2022</StartDate>
<EndDate/>
<RoleCode>Principal Investigator</RoleCode>
</Investigator>
<Institution>
<Name>University of California-Los Angeles</Name>
<CityName>LOS ANGELES</CityName>
<ZipCode>900951406</ZipCode>
<PhoneNumber>3107940102</PhoneNumber>
<StreetAddress>10889 Wilshire Boulevard</StreetAddress>
<StreetAddress2><![CDATA[Suite 700]]></StreetAddress2>
<CountryName>United States</CountryName>
<StateName>California</StateName>
<StateCode>CA</StateCode>
<CONGRESSDISTRICT>33</CONGRESSDISTRICT>
<CONGRESS_DISTRICT_ORG>CA33</CONGRESS_DISTRICT_ORG>
<ORG_DUNS_NUM>092530369</ORG_DUNS_NUM>
<ORG_LGL_BUS_NAME>UNIVERSITY OF CALIFORNIA, LOS ANGELES</ORG_LGL_BUS_NAME>
<ORG_PRNT_DUNS_NUM>071549000</ORG_PRNT_DUNS_NUM>
</Institution>
<Performance_Institution>
<Name><![CDATA[University of California-Los Angeles]]></Name>
<CityName>Los Angeles</CityName>
<StateCode>CA</StateCode>
<ZipCode>900951406</ZipCode>
<StreetAddress><![CDATA[10889 Wilshire Boulevard]]></StreetAddress>
<CountryCode>US</CountryCode>
<CountryName>United States</CountryName>
<StateName>California</StateName>
<CountryFlag>1</CountryFlag>
<CONGRESSDISTRICT>33</CONGRESSDISTRICT>
<CONGRESS_DISTRICT_PERF>CA33</CONGRESS_DISTRICT_PERF>
</Performance_Institution>
<ProgramElement>
<Code>5750</Code>
<Text>MAGNETOSPHERIC PHYSICS</Text>
</ProgramElement>
<FUND_OBLG>2020~399277</FUND_OBLG>
</Award>
</rootTag>
