<?xml version="1.0" encoding="UTF-8"?>
<rootTag>
<Award>
<AwardTitle>EAGER: Using machine learning to develop a calibrated, remote sensing-based age model to improve late Quaternary slip-rate estimates in arid environments</AwardTitle>
<AGENCY>NSF</AGENCY>
<AwardEffectiveDate>01/15/2022</AwardEffectiveDate>
<AwardExpirationDate>12/31/2023</AwardExpirationDate>
<AwardTotalIntnAmount>175183.00</AwardTotalIntnAmount>
<AwardAmount>175183</AwardAmount>
<AwardInstrument>
<Value>Standard Grant</Value>
</AwardInstrument>
<Organization>
<Code>06030000</Code>
<Directorate>
<Abbreviation>GEO</Abbreviation>
<LongName>Directorate For Geosciences</LongName>
</Directorate>
<Division>
<Abbreviation>EAR</Abbreviation>
<LongName>Division Of Earth Sciences</LongName>
</Division>
</Organization>
<ProgramOfficer>
<SignBlockName>Stephen Harlan</SignBlockName>
<PO_EMAI>sharlan@nsf.gov</PO_EMAI>
<PO_PHON>7032927707</PO_PHON>
</ProgramOfficer>
<AbstractNarration>This study aims to improve the methods surrounding surface landform dating, and thus methods for determining rates of fault slip. Accurate slip rates are essential for tectonics and earthquake hazards research, and often require numerous surface ages. Such dating efforts can be challenging due to a lack of datable materials, cost concerns, or accessibility of field sites. Recent investigations have directly correlated specific remote sensing observations to the absolute age of surface landforms. Using a large repository of remote sensing data and recent advances in data science and machine learning, this study will integrate multiple, distinct types of remotely sensed data with published age data, to develop a calibrated age model that will be applied to faulted landforms in southeastern California. The methodology will be applied to the eastern Garlock fault, a major strike-slip fault in this region, and aid in answering longstanding questions about the role of the fault in southern California tectonics. This study will make a significant contribution to earthquake hazard analysis of many active faults in southeastern California, a region under threat of damaging earthquakes and with a population of more than 3 million people. Improved earthquake hazard assessments are critical for federal, state, and local agencies and regulatory bodies, a broad spectrum of industry, and the public. The model produced by this study can also form a framework for future surface age studies around the world. Additionally, this study will contribute to the development of the STEM workforce by advancing the education and training of a female graduate student and at least two undergraduate students, as well as the professional development of two early-career researchers, including a female assistant professor.  &lt;br/&gt;&lt;br/&gt;Geologic slip rates are essential components of seismic hazard analysis and critical to addressing many pressing questions at the forefront of tectonics and seismological research. However, discrepancies of Late-Cenozoic and present-day slip rates continue to be debated, particularly when slip rate estimates span different timescales of activity. Discriminating true slip rate discrepancies from observational biases / limitations requires an accurate (and self-consistent) view of slip rates and their temporal and spatial variability.  However, obtaining robust slip rates remains challenging, due to lack of dateable materials, cost concerns, or accessibility of field sites. Addressing these challenges, recent investigations have directly correlated specific remote sensing indices to the absolute age of landforms. Using the broad combined repository of remote sensing data from the past 20 years and recent advances in data science and machine learning, the investigators will expand on these efforts and integrate several types of remotely sensed data with published geochronology data to develop a calibrated surface property-age model that will be applied to faulted landforms in the Eastern California shear zone / southern Walker Lane of southeastern California. The ensemble model will incorporate different modeled responses between sensed values and surface age. Ensemble modeling uses a variety of statistical and computational models to fuse an array of single variate models to solve classification and regression problems. With the variety of remote sensors, bands, and spatial scales available, a wealth of data can be consolidated into a cohesive, robust model. The investigators believe such rigorous data treatment may yield significantly improved uncertainties on resulting ages compared with individual models. When implemented, the proposed effort will yield a calibrated means of estimating surface ages using remote sensing data and new slip rates for the eastern Garlock fault.&lt;br/&gt;&lt;br/&gt;This award reflects NSF's statutory mission and has been deemed worthy of support through evaluation using the Foundation's intellectual merit and broader impacts review criteria.</AbstractNarration>
<MinAmdLetterDate>01/05/2022</MinAmdLetterDate>
<MaxAmdLetterDate>01/05/2022</MaxAmdLetterDate>
<ARRAAmount/>
<TRAN_TYPE>Grant</TRAN_TYPE>
<CFDA_NUM>47.050</CFDA_NUM>
<NSF_PAR_USE_FLAG>1</NSF_PAR_USE_FLAG>
<FUND_AGCY_CODE>4900</FUND_AGCY_CODE>
<AWDG_AGCY_CODE>4900</AWDG_AGCY_CODE>
<AwardID>2210203</AwardID>
<Investigator>
<FirstName>Francisco</FirstName>
<LastName>Gomez</LastName>
<PI_MID_INIT>G</PI_MID_INIT>
<PI_SUFX_NAME/>
<PI_FULL_NAME>Francisco G Gomez</PI_FULL_NAME>
<EmailAddress>fgomez@missouri.edu</EmailAddress>
<PI_PHON>5738829744</PI_PHON>
<NSF_ID>000461473</NSF_ID>
<StartDate>01/05/2022</StartDate>
<EndDate/>
<RoleCode>Co-Principal Investigator</RoleCode>
</Investigator>
<Investigator>
<FirstName>Tandis</FirstName>
<LastName>Bidgoli</LastName>
<PI_MID_INIT/>
<PI_SUFX_NAME/>
<PI_FULL_NAME>Tandis Bidgoli</PI_FULL_NAME>
<EmailAddress>bidgolit@missouri.edu</EmailAddress>
<PI_PHON>5738827424</PI_PHON>
<NSF_ID>000785214</NSF_ID>
<StartDate>01/05/2022</StartDate>
<EndDate/>
<RoleCode>Principal Investigator</RoleCode>
</Investigator>
<Investigator>
<FirstName>Sean</FirstName>
<LastName>Polun</LastName>
<PI_MID_INIT>G</PI_MID_INIT>
<PI_SUFX_NAME/>
<PI_FULL_NAME>Sean G Polun</PI_FULL_NAME>
<EmailAddress>polunsg@missouri.edu</EmailAddress>
<PI_PHON>6095103291</PI_PHON>
<NSF_ID>000870655</NSF_ID>
<StartDate>01/05/2022</StartDate>
<EndDate/>
<RoleCode>Co-Principal Investigator</RoleCode>
</Investigator>
<Institution>
<Name>University of Missouri-Columbia</Name>
<CityName>COLUMBIA</CityName>
<ZipCode>652110001</ZipCode>
<PhoneNumber>5738827560</PhoneNumber>
<StreetAddress>601 Turner Ave</StreetAddress>
<StreetAddress2><![CDATA[Turner Avenue Garage, Room 201]]></StreetAddress2>
<CountryName>United States</CountryName>
<StateName>Missouri</StateName>
<StateCode>MO</StateCode>
<CONGRESSDISTRICT>04</CONGRESSDISTRICT>
<CONGRESS_DISTRICT_ORG>MO04</CONGRESS_DISTRICT_ORG>
<ORG_DUNS_NUM>153890272</ORG_DUNS_NUM>
<ORG_LGL_BUS_NAME>UNIVERSITY OF MISSOURI SYSTEM</ORG_LGL_BUS_NAME>
<ORG_PRNT_DUNS_NUM>006326904</ORG_PRNT_DUNS_NUM>
</Institution>
<Performance_Institution>
<Name><![CDATA[University of Missouri-Columbia]]></Name>
<CityName>COLUMBIA</CityName>
<StateCode>MO</StateCode>
<ZipCode>652110001</ZipCode>
<StreetAddress><![CDATA[115 Business Loop 70 W]]></StreetAddress>
<CountryCode>US</CountryCode>
<CountryName>United States</CountryName>
<StateName>Missouri</StateName>
<CountryFlag>1</CountryFlag>
<CONGRESSDISTRICT>04</CONGRESSDISTRICT>
<CONGRESS_DISTRICT_PERF>MO04</CONGRESS_DISTRICT_PERF>
</Performance_Institution>
<ProgramElement>
<Code>1572</Code>
<Text>Tectonics</Text>
</ProgramElement>
<ProgramReference>
<Code>7916</Code>
<Text>EAGER</Text>
</ProgramReference>
<FUND_OBLG>2022~175183</FUND_OBLG>
</Award>
</rootTag>
