<?xml version="1.0" encoding="UTF-8"?>
<rootTag>
<Award>
<AwardTitle>FRG:  Collaborative Research:  Trisections -- New Directions in Low-Dimensional Topology</AwardTitle>
<AGENCY>NSF</AGENCY>
<AwardEffectiveDate>10/15/2021</AwardEffectiveDate>
<AwardExpirationDate>06/30/2022</AwardExpirationDate>
<AwardTotalIntnAmount>200733.00</AwardTotalIntnAmount>
<AwardAmount>20451</AwardAmount>
<AwardInstrument>
<Value>Standard Grant</Value>
</AwardInstrument>
<Organization>
<Code>03040000</Code>
<Directorate>
<Abbreviation>MPS</Abbreviation>
<LongName>Direct For Mathematical &amp; Physical Scien</LongName>
</Directorate>
<Division>
<Abbreviation>DMS</Abbreviation>
<LongName>Division Of Mathematical Sciences</LongName>
</Division>
</Organization>
<ProgramOfficer>
<SignBlockName>Swatee Naik</SignBlockName>
<PO_EMAI>snaik@nsf.gov</PO_EMAI>
<PO_PHON>7032924876</PO_PHON>
</ProgramOfficer>
<AbstractNarration>Topology is the study of spaces in a broad sense, from the three-dimensional space and four-dimensional space-time in which we live, to very high dimensional spaces such as the space of all possible configurations of a robot with numerous complicated joints. Smooth topology uses the tools of calculus to understand and classify these spaces; intriguingly, different dimensions behave very differently when looked at through the lens of calculus. Most surprisingly, foundational problems have been solved in dimensions less than and greater than four, but stubbornly resist attack in the space-time in which we actually live. This project brings together a group of researchers, with a diverse set of skills and experience, to help tackle these fundamental problems in smooth four-dimensional topology, by utilizing a key new idea about how to decompose (trisect) four-dimensional spaces into elementary building blocks. In particular, the study of trisections allows exporting many successful ideas from three-dimensional topology to four-dimensional topology. Along with the study of four-dimensional spaces in their own right, the investigators will also study the ways in which lower-dimensional spaces can be embedded in dimension four, in analogy with the study of knots as embeddings of circles in three-dimensional space. Using these tools and analogies, this focused research group aims to develop new ways to distinguish four-dimensional objects, new four-dimensional constructions, and new applications of four-dimensional results to topology and geometry in other settings and dimensions.&lt;br/&gt;&lt;br/&gt;The smooth topology of four-dimensional manifolds remains one of the greatest mysteries in topology, as evidenced by open questions such as the Poincare and Schoenflies conjectures, which have been solved in all dimensions other than four.  This focused research group aims to breathe new life into this important field of study by exploiting a striking new perspective on four-manifolds: Every four-manifold decomposes into three simple pieces, and this trisection is unique up to a natural stabilization. The setup exactly parallels the three-dimensional theory of Heegaard splittings, setting the table for an interesting and valuable exchange of ideas between dimensions three and four.  Many extremely rich theories have been developed over the last few decades in low-dimensional topology, such as contact topology, Heegaard Floer homology, Heegaard splittings and bridge splittings, Khovanov homology, Dehn surgery, curve complexes, and thin position. These ideas now have the potential to interact with the theory of trisections. The focus of this project is the development of these connections into a comprehensive theory that solves important problems in four-dimensional topology.</AbstractNarration>
<MinAmdLetterDate>01/12/2022</MinAmdLetterDate>
<MaxAmdLetterDate>01/12/2022</MaxAmdLetterDate>
<ARRAAmount/>
<TRAN_TYPE>Grant</TRAN_TYPE>
<CFDA_NUM>47.049</CFDA_NUM>
<NSF_PAR_USE_FLAG>1</NSF_PAR_USE_FLAG>
<FUND_AGCY_CODE>4900</FUND_AGCY_CODE>
<AWDG_AGCY_CODE>4900</AWDG_AGCY_CODE>
<AwardID>2210654</AwardID>
<Investigator>
<FirstName>Maggy</FirstName>
<LastName>Tomova</LastName>
<PI_MID_INIT/>
<PI_SUFX_NAME/>
<PI_FULL_NAME>Maggy Tomova</PI_FULL_NAME>
<EmailAddress>maggy-tomova@uiowa.edu</EmailAddress>
<PI_PHON>3193350761</PI_PHON>
<NSF_ID>000486832</NSF_ID>
<StartDate>01/12/2022</StartDate>
<EndDate/>
<RoleCode>Principal Investigator</RoleCode>
</Investigator>
<Institution>
<Name>The University of Central Florida Board of Trustees</Name>
<CityName>Orlando</CityName>
<ZipCode>328168005</ZipCode>
<PhoneNumber>4078230387</PhoneNumber>
<StreetAddress>4000 CNTRL FLORIDA BLVD</StreetAddress>
<StreetAddress2/>
<CountryName>United States</CountryName>
<StateName>Florida</StateName>
<StateCode>FL</StateCode>
<CONGRESSDISTRICT>07</CONGRESSDISTRICT>
<CONGRESS_DISTRICT_ORG>FL07</CONGRESS_DISTRICT_ORG>
<ORG_DUNS_NUM>150805653</ORG_DUNS_NUM>
<ORG_LGL_BUS_NAME>UNIVERSITY OF CENTRAL FLORIDA BOARD OF TRUSTEES, THE</ORG_LGL_BUS_NAME>
<ORG_PRNT_DUNS_NUM>159621697</ORG_PRNT_DUNS_NUM>
</Institution>
<Performance_Institution>
<Name><![CDATA[The University of Central Florida Board of Trustees]]></Name>
<CityName>Orlando</CityName>
<StateCode>FL</StateCode>
<ZipCode>328168005</ZipCode>
<StreetAddress><![CDATA[4000 CNTRL FLORIDA BLVD]]></StreetAddress>
<CountryCode>US</CountryCode>
<CountryName>United States</CountryName>
<StateName>Florida</StateName>
<CountryFlag>1</CountryFlag>
<CONGRESSDISTRICT>07</CONGRESSDISTRICT>
<CONGRESS_DISTRICT_PERF>FL07</CONGRESS_DISTRICT_PERF>
</Performance_Institution>
<ProgramElement>
<Code>1267</Code>
<Text>TOPOLOGY</Text>
</ProgramElement>
<ProgramReference>
<Code>1616</Code>
<Text>FOCUSED RESEARCH GROUPS IN MATH SCIENCES</Text>
</ProgramReference>
<FUND_OBLG>2017~20451</FUND_OBLG>
</Award>
</rootTag>
