<?xml version="1.0" encoding="UTF-8"?>
<rootTag>
<Award>
<AwardTitle>RAPID: A comparative online simulation tool for COVID-19 vaccine allocation</AwardTitle>
<AGENCY>NSF</AGENCY>
<AwardEffectiveDate>02/01/2022</AwardEffectiveDate>
<AwardExpirationDate>01/31/2023</AwardExpirationDate>
<AwardTotalIntnAmount>199295.00</AwardTotalIntnAmount>
<AwardAmount>199295</AwardAmount>
<AwardInstrument>
<Value>Standard Grant</Value>
</AwardInstrument>
<Organization>
<Code>08010000</Code>
<Directorate>
<Abbreviation>BIO</Abbreviation>
<LongName>Direct For Biological Sciences</LongName>
</Directorate>
<Division>
<Abbreviation>DEB</Abbreviation>
<LongName>Division Of Environmental Biology</LongName>
</Division>
</Organization>
<ProgramOfficer>
<SignBlockName>Samuel Scheiner</SignBlockName>
<PO_EMAI>sscheine@nsf.gov</PO_EMAI>
<PO_PHON>7032927175</PO_PHON>
</ProgramOfficer>
<AbstractNarration>This project will develop a mathematical model of SARS-CoV-2 transmission that takes into account the use of several types of vaccines, genetic variation in the virus, and multiple age groups. The COVID-19 pandemic has produced immense suffering throughout the world, with over 5 million deaths as of January 2022, but low- and middle-income countries have carried an increased burden both from the health crisis and from the economic crisis arising from the pandemic. While high-income countries have vaccinated the majority of their eligible populations, less than 2.3% of the population of low-income countries have been immunized. This is expected to change in the following months, as more vaccines will be available to these countries. As more vaccines become available to them, public health officials in these countries will likely develop vaccine allocation strategies based on a mix of vaccines (there are currently over 20 vaccines available worldwide) that differ in effectiveness against circulating variants, arriving at different times, and in different quantities. However, these countries usually lack resources to develop models to guide vaccine allocation. This project will develop a free, user-friendly online tool that will simulate country-specific multi-strain COVID-19 epidemics in conjunction with vaccination campaigns with multiple vaccines. By simulating the epidemic and producing key outcomes including expected numbers of deaths, hospitalizations, and cases, this tool will allow decision-makers in up to 177 countries around the world to compare scenarios of vaccine allocation.&lt;br/&gt; &lt;br/&gt;This project will develop a multi-strain, multi-vaccines mathematical model of SARS-CoV-2 transmission and vaccination that will then be used to develop an open-source, online, free, user-friendly comparative tool for vaccine allocation. This tool has the potential to to evaluate in-silico different vaccine allocations with country- or region-specific characteristics. The tool will allow users to input a variety of country-specific parameters including: the type, effectiveness and quantities (coverage, number of doses, distribution) of vaccines; co-circulating variants with different transmissibility, virulence, and cross-protection; social distancing interventions, demographics; and variable time horizons. It will simulate different vaccine allocation scenarios and project for each of them key outcomes (expected numbers of deaths, hospitalizations, and cases). &lt;br/&gt;&lt;br/&gt;This project was funded in collaboration with the CDC to support rapid-response research projects to further advance federal infectious disease modeling capabilities.&lt;br/&gt;&lt;br/&gt;This award reflects NSF's statutory mission and has been deemed worthy of support through evaluation using the Foundation's intellectual merit and broader impacts review criteria.</AbstractNarration>
<MinAmdLetterDate>01/18/2022</MinAmdLetterDate>
<MaxAmdLetterDate>01/18/2022</MaxAmdLetterDate>
<ARRAAmount/>
<TRAN_TYPE>Grant</TRAN_TYPE>
<CFDA_NUM>47.074</CFDA_NUM>
<NSF_PAR_USE_FLAG>1</NSF_PAR_USE_FLAG>
<FUND_AGCY_CODE>4900</FUND_AGCY_CODE>
<AWDG_AGCY_CODE>4900</AWDG_AGCY_CODE>
<AwardID>2210382</AwardID>
<Investigator>
<FirstName>Laura</FirstName>
<LastName>Matrajt</LastName>
<PI_MID_INIT/>
<PI_SUFX_NAME/>
<PI_FULL_NAME>Laura Matrajt</PI_FULL_NAME>
<EmailAddress>laurama@fredhutch.org</EmailAddress>
<PI_PHON>2066677006</PI_PHON>
<NSF_ID>000870183</NSF_ID>
<StartDate>01/18/2022</StartDate>
<EndDate/>
<RoleCode>Principal Investigator</RoleCode>
</Investigator>
<Institution>
<Name>Fred Hutchinson Cancer Research Center</Name>
<CityName>Seattle</CityName>
<ZipCode>981094433</ZipCode>
<PhoneNumber>2066674868</PhoneNumber>
<StreetAddress>1100 FAIRVIEW AVE N J6-300</StreetAddress>
<StreetAddress2/>
<CountryName>United States</CountryName>
<StateName>Washington</StateName>
<StateCode>WA</StateCode>
<CONGRESSDISTRICT>07</CONGRESSDISTRICT>
<CONGRESS_DISTRICT_ORG>WA07</CONGRESS_DISTRICT_ORG>
<ORG_DUNS_NUM>078200995</ORG_DUNS_NUM>
<ORG_LGL_BUS_NAME>FRED HUTCHINSON CANCER RESEARCH CENTER</ORG_LGL_BUS_NAME>
<ORG_PRNT_DUNS_NUM>078200995</ORG_PRNT_DUNS_NUM>
</Institution>
<Performance_Institution>
<Name><![CDATA[Fred Hutchinson Cancer Research Center]]></Name>
<CityName>Seattle</CityName>
<StateCode>WA</StateCode>
<ZipCode>981094433</ZipCode>
<StreetAddress><![CDATA[1100 FAIRVIEW AVE N J6-300]]></StreetAddress>
<CountryCode>US</CountryCode>
<CountryName>United States</CountryName>
<StateName>Washington</StateName>
<CountryFlag>1</CountryFlag>
<CONGRESSDISTRICT>07</CONGRESSDISTRICT>
<CONGRESS_DISTRICT_PERF>WA07</CONGRESS_DISTRICT_PERF>
</Performance_Institution>
<ProgramElement>
<Code>V359</Code>
<Text/>
</ProgramElement>
<ProgramElement>
<Code>W102</Code>
<Text/>
</ProgramElement>
<ProgramReference>
<Code>096Z</Code>
<Text>COVID-19 Research</Text>
</ProgramReference>
<ProgramReference>
<Code>7914</Code>
<Text>RAPID</Text>
</ProgramReference>
<FUND_OBLG>2022~199295</FUND_OBLG>
</Award>
</rootTag>
