<?xml version="1.0" encoding="UTF-8"?>
<rootTag>
<Award>
<AwardTitle>Planning: ADAPT in SC: AI-enabled Devices for the Advancement of Personalized and Transformative Healthcare in South Carolina</AwardTitle>
<AGENCY>NSF</AGENCY>
<AwardEffectiveDate>02/01/2022</AwardEffectiveDate>
<AwardExpirationDate>01/31/2023</AwardExpirationDate>
<AwardTotalIntnAmount>100000.00</AwardTotalIntnAmount>
<AwardAmount>100000</AwardAmount>
<AwardInstrument>
<Value>Standard Grant</Value>
</AwardInstrument>
<Organization>
<Code>01060100</Code>
<Directorate>
<Abbreviation>O/D</Abbreviation>
<LongName>Office Of The Director</LongName>
</Directorate>
<Division>
<Abbreviation>OIA</Abbreviation>
<LongName>OIA-Office of Integrative Activities</LongName>
</Division>
</Organization>
<ProgramOfficer>
<SignBlockName>Jose Colom</SignBlockName>
<PO_EMAI>jcolom@nsf.gov</PO_EMAI>
<PO_PHON>7032927088</PO_PHON>
</ProgramOfficer>
<AbstractNarration>The ADAPT in SC project will build capacity in the design of biomedical devices with AI enabled, customized performance and secure their manufacture in South Carolina. This initiative focuses on establishing a statewide collaboration which will harness and realize the potential in the state for integrating AI into the design of accurate devices of diagnoses, smart surgeries, and precision rehabilitation. The proposed planning grant will be used to fund three meetings comprising a series of dialogues among ADAPT in SC participants and stakeholders. These meetings are anticipated to refine the ADAPT in SC team’s understanding of the state of the art in fundamental AI science and its application in biomedical devices; the state of the art in education, training, and workforce development in the fields of AI and biomedical device design; and stakeholder perceptions of social, commercial, and economic factors affecting acceptance and adoption of AI techniques and AI-enabled devices.&lt;br/&gt;&lt;br/&gt;This award reflects NSF's statutory mission and has been deemed worthy of support through evaluation using the Foundation's intellectual merit and broader impacts review criteria.</AbstractNarration>
<MinAmdLetterDate>01/23/2022</MinAmdLetterDate>
<MaxAmdLetterDate>01/23/2022</MaxAmdLetterDate>
<ARRAAmount/>
<TRAN_TYPE>Grant</TRAN_TYPE>
<CFDA_NUM>47.083</CFDA_NUM>
<NSF_PAR_USE_FLAG>1</NSF_PAR_USE_FLAG>
<FUND_AGCY_CODE>4900</FUND_AGCY_CODE>
<AWDG_AGCY_CODE>4900</AWDG_AGCY_CODE>
<AwardID>2210336</AwardID>
<Investigator>
<FirstName>Tanju</FirstName>
<LastName>Karanfil</LastName>
<PI_MID_INIT/>
<PI_SUFX_NAME/>
<PI_FULL_NAME>Tanju Karanfil</PI_FULL_NAME>
<EmailAddress>tkaranf@clemson.edu</EmailAddress>
<PI_PHON>8646561005</PI_PHON>
<NSF_ID>000318449</NSF_ID>
<StartDate>01/23/2022</StartDate>
<EndDate/>
<RoleCode>Principal Investigator</RoleCode>
</Investigator>
<Institution>
<Name>Clemson University</Name>
<CityName>CLEMSON</CityName>
<ZipCode>296340001</ZipCode>
<PhoneNumber>8646562424</PhoneNumber>
<StreetAddress>230 Kappa Street</StreetAddress>
<StreetAddress2><![CDATA[Suite 200]]></StreetAddress2>
<CountryName>United States</CountryName>
<StateName>South Carolina</StateName>
<StateCode>SC</StateCode>
<CONGRESSDISTRICT>03</CONGRESSDISTRICT>
<CONGRESS_DISTRICT_ORG>SC03</CONGRESS_DISTRICT_ORG>
<ORG_DUNS_NUM>042629816</ORG_DUNS_NUM>
<ORG_LGL_BUS_NAME>CLEMSON UNIVERSITY</ORG_LGL_BUS_NAME>
<ORG_PRNT_DUNS_NUM>042629816</ORG_PRNT_DUNS_NUM>
</Institution>
<Performance_Institution>
<Name><![CDATA[Clemson University]]></Name>
<CityName>CLEMSON</CityName>
<StateCode>SC</StateCode>
<ZipCode>296340001</ZipCode>
<StreetAddress><![CDATA[230 Kappa Street]]></StreetAddress>
<CountryCode>US</CountryCode>
<CountryName>United States</CountryName>
<StateName>South Carolina</StateName>
<CountryFlag>1</CountryFlag>
<CONGRESSDISTRICT>03</CONGRESSDISTRICT>
<CONGRESS_DISTRICT_PERF>SC03</CONGRESS_DISTRICT_PERF>
</Performance_Institution>
<ProgramElement>
<Code>193Y</Code>
<Text>EPSCoR RII Track-1</Text>
</ProgramElement>
<ProgramReference>
<Code>7217</Code>
<Text>RESEARCH INFRASTRUCTURE IMPROV</Text>
</ProgramReference>
<ProgramReference>
<Code>9150</Code>
<Text>EXP PROG TO STIM COMP RES</Text>
</ProgramReference>
<FUND_OBLG>2022~100000</FUND_OBLG>
</Award>
</rootTag>
