<?xml version="1.0" encoding="UTF-8"?>
<rootTag>
<Award>
<AwardTitle>Collaborative Research: Dry Rifting In the Albertine-Rhino graben (DRIAR), Uganda</AwardTitle>
<AGENCY>NSF</AGENCY>
<AwardEffectiveDate>10/01/2021</AwardEffectiveDate>
<AwardExpirationDate>12/31/2024</AwardExpirationDate>
<AwardTotalIntnAmount>723931.00</AwardTotalIntnAmount>
<AwardAmount>505804</AwardAmount>
<AwardInstrument>
<Value>Continuing Grant</Value>
</AwardInstrument>
<Organization>
<Code>06030000</Code>
<Directorate>
<Abbreviation>GEO</Abbreviation>
<LongName>Directorate For Geosciences</LongName>
</Directorate>
<Division>
<Abbreviation>EAR</Abbreviation>
<LongName>Division Of Earth Sciences</LongName>
</Division>
</Organization>
<ProgramOfficer>
<SignBlockName>Dennis Geist</SignBlockName>
<PO_EMAI>dgeist@nsf.gov</PO_EMAI>
<PO_PHON>7032924361</PO_PHON>
</ProgramOfficer>
<AbstractNarration>The Earth’s surface is constantly moving and changing shape. In some places, like East Africa, a continent stretches to the point of breaking, forming continental rifts that, after a period of time, can form new oceans. Numerous studies show that continental rifts develop along weakened zones caused by deep intrusions of  magma. Some continental rifts, however, form without evidence of magma intrusions and are known as magma-poor or "dry" rifts. In this project, an investigation of the East African Rift System will take place along the Northern Western Branch located in Uganda, East Africa where magma-poor rifting is taking place. A wide range of geophysical, geological, and geochemical observations will be collected, and numerical modeling of the region will be performed to advance our understanding of how these magma-poor rifts form and evolve. In conjunction with the scientific investigation, ]Ugandan partners will be engaged in data collection techniques. Ugandan and US graduate students will participate, underrepresented students mentored, and several open-access data sets and model products shall be developed. Societal implications of this study include advances in rifting models used for hydrocarbon exploration, improved estimates of CO2 flux into the atmosphere that occurs during continental rifting, and new insights into seismic hazards associated with active faulting. The scientific results of this project will be communicated, in part, through short educational videos geared towards public audiences.&lt;br/&gt; &lt;br/&gt;&lt;br/&gt;Continental rifting is an integral component of the plate tectonic paradigm, yet speculation remains about the physical processes involved in magma-poor/-dry rifting. The goal of this project is to apply a combination of geophysical, geological, geochemical and geodynamic techniques to the Northern Western Branch of the East African Rift System in Uganda to test 3 hypotheses: (1) in magma-rich rifts, strain is accommodated through lithospheric weakening from melt, (2) in magma-poor rifts, melt is present below the surface and weakens the lithosphere such that strain is accommodated during upper crustal extension, and (3) in magma-poor rifts, there is no melt at depth and strain is accommodated along pre-existing structures such as inherited compositional, structural, and rheological lithospheric heterogeneities. Observational methods in this project include: passive seismic to constrain lithospheric structure and flow patterns; gravity to constrain variations in crustal and lithospheric thickness; magnetics to constrain the thermal structure of the upper crust; magnetotellurics to constrain lithospheric thickness and the presence of melt; GNSS to constrain surface motions, extension rates, and help characterize mantle flow; geologic mapping to document the geometry and kinematics of active faults; seismic reflection analyses of intra-rift faults to document temporal strain migration; geochemistry to quantify mantle-derived fluids in hot springs and gases; and geodynamic modeling to develop new models of magma-poor rifting processes.&lt;br/&gt;&lt;br/&gt;This award reflects NSF's statutory mission and has been deemed worthy of support through evaluation using the Foundation's intellectual merit and broader impacts review criteria.</AbstractNarration>
<MinAmdLetterDate>01/14/2022</MinAmdLetterDate>
<MaxAmdLetterDate>01/14/2022</MaxAmdLetterDate>
<ARRAAmount/>
<TRAN_TYPE>Grant</TRAN_TYPE>
<CFDA_NUM>47.050</CFDA_NUM>
<NSF_PAR_USE_FLAG>1</NSF_PAR_USE_FLAG>
<FUND_AGCY_CODE>4900</FUND_AGCY_CODE>
<AWDG_AGCY_CODE>4900</AWDG_AGCY_CODE>
<AwardID>2210214</AwardID>
<Investigator>
<FirstName>Estella</FirstName>
<LastName>Atekwana</LastName>
<PI_MID_INIT>A</PI_MID_INIT>
<PI_SUFX_NAME/>
<PI_FULL_NAME>Estella A Atekwana</PI_FULL_NAME>
<EmailAddress>atekwana@udel.edu</EmailAddress>
<PI_PHON>3028312841</PI_PHON>
<NSF_ID>000477040</NSF_ID>
<StartDate>01/14/2022</StartDate>
<EndDate/>
<RoleCode>Principal Investigator</RoleCode>
</Investigator>
<Institution>
<Name>University of California-Davis</Name>
<CityName>Davis</CityName>
<ZipCode>956186134</ZipCode>
<PhoneNumber>5307547700</PhoneNumber>
<StreetAddress>OR/Sponsored Programs</StreetAddress>
<StreetAddress2><![CDATA[1850 Research Park Dr., Ste 300]]></StreetAddress2>
<CountryName>United States</CountryName>
<StateName>California</StateName>
<StateCode>CA</StateCode>
<CONGRESSDISTRICT>03</CONGRESSDISTRICT>
<CONGRESS_DISTRICT_ORG>CA03</CONGRESS_DISTRICT_ORG>
<ORG_DUNS_NUM>047120084</ORG_DUNS_NUM>
<ORG_LGL_BUS_NAME>UNIVERSITY OF CALIFORNIA, DAVIS</ORG_LGL_BUS_NAME>
<ORG_PRNT_DUNS_NUM>071549000</ORG_PRNT_DUNS_NUM>
</Institution>
<Performance_Institution>
<Name><![CDATA[University of California-Davis]]></Name>
<CityName/>
<StateCode>CA</StateCode>
<ZipCode>956186134</ZipCode>
<StreetAddress/>
<CountryCode>US</CountryCode>
<CountryName>United States</CountryName>
<StateName>California</StateName>
<CountryFlag>1</CountryFlag>
<CONGRESSDISTRICT>03</CONGRESSDISTRICT>
<CONGRESS_DISTRICT_PERF>CA03</CONGRESS_DISTRICT_PERF>
</Performance_Institution>
<ProgramElement>
<Code>111Y</Code>
<Text>FRES-Frontier Rsrch Earth Sci</Text>
</ProgramElement>
<FUND_OBLG>2020~505804</FUND_OBLG>
</Award>
</rootTag>
