<?xml version="1.0" encoding="UTF-8"?>
<rootTag>
<Award>
<AwardTitle>CAS-Climate DCL: Workshop: Retrofitting Energy Justice</AwardTitle>
<AGENCY>NSF</AGENCY>
<AwardEffectiveDate>06/01/2022</AwardEffectiveDate>
<AwardExpirationDate>05/31/2023</AwardExpirationDate>
<AwardTotalIntnAmount>49994.00</AwardTotalIntnAmount>
<AwardAmount>49994</AwardAmount>
<AwardInstrument>
<Value>Standard Grant</Value>
</AwardInstrument>
<Organization>
<Code>07020000</Code>
<Directorate>
<Abbreviation>ENG</Abbreviation>
<LongName>Directorate For Engineering</LongName>
</Directorate>
<Division>
<Abbreviation>CBET</Abbreviation>
<LongName>Div Of Chem, Bioeng, Env, &amp; Transp Sys</LongName>
</Division>
</Organization>
<ProgramOfficer>
<SignBlockName>Bruce Hamilton</SignBlockName>
<PO_EMAI>bhamilto@nsf.gov</PO_EMAI>
<PO_PHON>7032927066</PO_PHON>
</ProgramOfficer>
<AbstractNarration>The global transition to a renewable energy system requires engagement from all parts of society. Innovative solutions to climate change require not only constructing the new, but also retrofitting what exists, including adapting existing buildings and climate proofing existing infrastructures. The workshop supported by this grant aims to gather and extend work at the intersection of maintenance and repair studies with environmental justice to examine the need for infrastructure retrofitting. By bringing together researchers from the fields of science and technology studies (STS), human computer interaction (HCI), urban studies, indigenous studies, and environmental engineering with diverse members of maintenance and repair communities, energy transition initiatives can excavate, recover, and reclaim the retrofitting practices and social histories that center repair as a life-sustaining practice and an everyday form of sustainability. This examination will begin by centering equity as an orienting approach to engineering not only a new physical relationship to the environment, but also a new social relationship to energy transition.&lt;br/&gt;&lt;br/&gt;The workshop targets to make three central contributions to research on energy justice and sustainable design. First, disparate social science and environmental engineering conversations on maintenance and repair will be connected to inform cross-disciplinary approaches to emissions mitigation. Second, a broadened understanding of the roles and effects of infrastructural retrofitting within the context of ongoing renewable energy transition projects will be emphasized. Third, the range of values, skill sets, and practices embedded in new and emerging forms of community-driven adaptation around energy infrastructure will be featured. The workshop seeks to locate retrofitting concerns at the core of energy transition thinking, practice, and development.&lt;br/&gt;&lt;br/&gt;This award reflects NSF's statutory mission and has been deemed worthy of support through evaluation using the Foundation's intellectual merit and broader impacts review criteria.</AbstractNarration>
<MinAmdLetterDate>01/26/2022</MinAmdLetterDate>
<MaxAmdLetterDate>01/26/2022</MaxAmdLetterDate>
<ARRAAmount/>
<TRAN_TYPE>Grant</TRAN_TYPE>
<CFDA_NUM>47.041</CFDA_NUM>
<NSF_PAR_USE_FLAG>1</NSF_PAR_USE_FLAG>
<FUND_AGCY_CODE>4900</FUND_AGCY_CODE>
<AWDG_AGCY_CODE>4900</AWDG_AGCY_CODE>
<AwardID>2210497</AwardID>
<Investigator>
<FirstName>Daniela</FirstName>
<LastName>Rosner</LastName>
<PI_MID_INIT/>
<PI_SUFX_NAME/>
<PI_FULL_NAME>Daniela Rosner</PI_FULL_NAME>
<EmailAddress>dkrosner@uw.edu</EmailAddress>
<PI_PHON>2065434043</PI_PHON>
<NSF_ID>000648485</NSF_ID>
<StartDate>01/26/2022</StartDate>
<EndDate/>
<RoleCode>Principal Investigator</RoleCode>
</Investigator>
<Institution>
<Name>University of Washington</Name>
<CityName>Seattle</CityName>
<ZipCode>981950001</ZipCode>
<PhoneNumber>2065434043</PhoneNumber>
<StreetAddress>4333 Brooklyn Ave NE</StreetAddress>
<StreetAddress2/>
<CountryName>United States</CountryName>
<StateName>Washington</StateName>
<StateCode>WA</StateCode>
<CONGRESSDISTRICT>07</CONGRESSDISTRICT>
<CONGRESS_DISTRICT_ORG>WA07</CONGRESS_DISTRICT_ORG>
<ORG_DUNS_NUM>605799469</ORG_DUNS_NUM>
<ORG_LGL_BUS_NAME>UNIVERSITY OF WASHINGTON</ORG_LGL_BUS_NAME>
<ORG_PRNT_DUNS_NUM>042803536</ORG_PRNT_DUNS_NUM>
</Institution>
<Performance_Institution>
<Name><![CDATA[University of Washington]]></Name>
<CityName>Seattle</CityName>
<StateCode>WA</StateCode>
<ZipCode>981950001</ZipCode>
<StreetAddress><![CDATA[4333 Brooklyn Ave NE, Box 359472]]></StreetAddress>
<CountryCode>US</CountryCode>
<CountryName>United States</CountryName>
<StateName>Washington</StateName>
<CountryFlag>1</CountryFlag>
<CONGRESSDISTRICT>07</CONGRESSDISTRICT>
<CONGRESS_DISTRICT_PERF>WA07</CONGRESS_DISTRICT_PERF>
</Performance_Institution>
<ProgramElement>
<Code>7643</Code>
<Text>EnvS-Environmtl Sustainability</Text>
</ProgramElement>
<ProgramReference>
<Code>090Z</Code>
<Text>CAS-Critical Aspects of Sustainability</Text>
</ProgramReference>
<ProgramReference>
<Code>7556</Code>
<Text>CONFERENCE AND WORKSHOPS</Text>
</ProgramReference>
<FUND_OBLG>2022~49994</FUND_OBLG>
</Award>
</rootTag>
