<?xml version="1.0" encoding="UTF-8"?>
<rootTag>
<Award>
<AwardTitle>CAREER:  The role of chloroplast signaling in regulating plasmodesmata</AwardTitle>
<AGENCY>NSF</AGENCY>
<AwardEffectiveDate>10/01/2021</AwardEffectiveDate>
<AwardExpirationDate>03/31/2024</AwardExpirationDate>
<AwardTotalIntnAmount>818867.00</AwardTotalIntnAmount>
<AwardAmount>532604</AwardAmount>
<AwardInstrument>
<Value>Continuing Grant</Value>
</AwardInstrument>
<Organization>
<Code>08070000</Code>
<Directorate>
<Abbreviation>BIO</Abbreviation>
<LongName>Direct For Biological Sciences</LongName>
</Directorate>
<Division>
<Abbreviation>MCB</Abbreviation>
<LongName>Div Of Molecular and Cellular Bioscience</LongName>
</Division>
</Organization>
<ProgramOfficer>
<SignBlockName>Steve Clouse</SignBlockName>
<PO_EMAI>sclouse@nsf.gov</PO_EMAI>
<PO_PHON>7032928440</PO_PHON>
</ProgramOfficer>
<AbstractNarration>This project will study how plant cells share information and resources among themselves, identifying possible targets and strategies for developing plants with optimized nutrient partitioning to meet human needs, while creating hands-on learning opportunities for Deaf/Hard-of-Hearing high school students and University of Tennessee undergraduates.  In plants, pores in the cell wall are conduits for nutrient distribution and signaling during plant growth, development and defense, but little is known about how these pores work or are controlled by the rest of the cell. The research will investigate how the photosynthetic organelles in the cell, chloroplasts, control the structure and function of these pores. The project will include experience learning opportunities for high school and undergraduate students as a mechanism for improving learning. This will involve students who are typically not given these opportunities, including Deaf/Hard-of-Hearing and economically disadvantaged students. The curriculum of a senior-level course will also be re-designed to transform it from a traditional upper-level biology course into an opportunity for experiential learning, using the research as the source of real-life questions for student engagement.&lt;br/&gt;&lt;br/&gt;Cytoplasmic pores in the cell walls called plasmodesmata (PD) are important routes for cell-to-cell communication in plants. There is evidence that chloroplasts can influence trafficking between cells via PD. The underlying hypothesis of the research is that expression of nuclear genes that affect cell-to-cell communication in plants is controlled by chloroplasts via signaling to the nucleus. The goal of this project is to identify the chloroplast signals that change nuclear gene expression, define the nuclear gene networks and signaling modules that alter PD structure and function and then determine how PD structure change in response to chloroplast signaling. The research will use reverse genetics, bioinformatics, molecular and biochemical approaches, and state-of-the-art microscopy. This work will likely advance understanding of the mechanisms used for intracellular communication between the chloroplast and nuclear genomes and provide insight into the chloroplasts-PD relationship, thereby increasing understanding of how plants integrate local physiological and environmental cues perceived by the chloroplasts into decisions that have systemic implications. Importantly, the research may also identify genes that are likely important for cell wall processes that facilitate the formation and modification of PD.&lt;br/&gt;&lt;br/&gt;This award reflects NSF's statutory mission and has been deemed worthy of support through evaluation using the Foundation's intellectual merit and broader impacts review criteria.</AbstractNarration>
<MinAmdLetterDate>01/20/2022</MinAmdLetterDate>
<MaxAmdLetterDate>01/20/2022</MaxAmdLetterDate>
<ARRAAmount/>
<TRAN_TYPE>Grant</TRAN_TYPE>
<CFDA_NUM>47.074</CFDA_NUM>
<NSF_PAR_USE_FLAG>1</NSF_PAR_USE_FLAG>
<FUND_AGCY_CODE>4900</FUND_AGCY_CODE>
<AWDG_AGCY_CODE>4900</AWDG_AGCY_CODE>
<AwardID>2210127</AwardID>
<Investigator>
<FirstName>Tessa</FirstName>
<LastName>Burch-Smith</LastName>
<PI_MID_INIT>M</PI_MID_INIT>
<PI_SUFX_NAME/>
<PI_FULL_NAME>Tessa M Burch-Smith</PI_FULL_NAME>
<EmailAddress>tburch-smith@danforthcenter.org</EmailAddress>
<PI_PHON>3145871083</PI_PHON>
<NSF_ID>000618625</NSF_ID>
<StartDate>01/20/2022</StartDate>
<EndDate/>
<RoleCode>Principal Investigator</RoleCode>
</Investigator>
<Institution>
<Name>Donald Danforth Plant Science Center</Name>
<CityName>St. Louis</CityName>
<ZipCode>631322918</ZipCode>
<PhoneNumber>3145871041</PhoneNumber>
<StreetAddress>975 N. Warson Rd.</StreetAddress>
<StreetAddress2/>
<CountryName>United States</CountryName>
<StateName>Missouri</StateName>
<StateCode>MO</StateCode>
<CONGRESSDISTRICT>01</CONGRESSDISTRICT>
<CONGRESS_DISTRICT_ORG>MO01</CONGRESS_DISTRICT_ORG>
<ORG_DUNS_NUM>044193006</ORG_DUNS_NUM>
<ORG_LGL_BUS_NAME>DONALD DANFORTH PLANT SCIENCE CENTER</ORG_LGL_BUS_NAME>
<ORG_PRNT_DUNS_NUM>044193006</ORG_PRNT_DUNS_NUM>
</Institution>
<Performance_Institution>
<Name><![CDATA[Donald Danforth Plant Science Center]]></Name>
<CityName/>
<StateCode>MO</StateCode>
<ZipCode>631322918</ZipCode>
<StreetAddress/>
<CountryCode>US</CountryCode>
<CountryName>United States</CountryName>
<StateName>Missouri</StateName>
<CountryFlag>1</CountryFlag>
<CONGRESSDISTRICT>01</CONGRESSDISTRICT>
<CONGRESS_DISTRICT_PERF>MO01</CONGRESS_DISTRICT_PERF>
</Performance_Institution>
<ProgramElement>
<Code>1114</Code>
<Text>Cellular Dynamics and Function</Text>
</ProgramElement>
<ProgramReference>
<Code>1045</Code>
<Text>CAREER-Faculty Erly Career Dev</Text>
</ProgramReference>
<ProgramReference>
<Code>7465</Code>
<Text>NANOSCALE BIO CORE</Text>
</ProgramReference>
<ProgramReference>
<Code>7744</Code>
<Text>RAHSS</Text>
</ProgramReference>
<FUND_OBLG>2019~31647</FUND_OBLG>
<FUND_OBLG>2021~500956</FUND_OBLG>
</Award>
</rootTag>
