<?xml version="1.0" encoding="UTF-8"?>
<rootTag>
<Award>
<AwardTitle>Conference: 2022 International Conference on ESCRT Biology</AwardTitle>
<AGENCY>NSF</AGENCY>
<AwardEffectiveDate>01/15/2022</AwardEffectiveDate>
<AwardExpirationDate>12/31/2022</AwardExpirationDate>
<AwardTotalIntnAmount>48600.00</AwardTotalIntnAmount>
<AwardAmount>48600</AwardAmount>
<AwardInstrument>
<Value>Standard Grant</Value>
</AwardInstrument>
<Organization>
<Code>08070000</Code>
<Directorate>
<Abbreviation>BIO</Abbreviation>
<LongName>Direct For Biological Sciences</LongName>
</Directorate>
<Division>
<Abbreviation>MCB</Abbreviation>
<LongName>Div Of Molecular and Cellular Bioscience</LongName>
</Division>
</Organization>
<ProgramOfficer>
<SignBlockName>Charles Cunningham</SignBlockName>
<PO_EMAI>chacunni@nsf.gov</PO_EMAI>
<PO_PHON>7032922283</PO_PHON>
</ProgramOfficer>
<AbstractNarration>The meeting aims to provide a unique open, inclusive, and interactive forum for the international and domestic research community working on a group of proteins (ESCRT proteins) that regulate many basic functions of cell biology. The conference will provide an effective learning environment for all participants, especially undergraduate and graduate students, and postdoctoral fellows. Participants will also have great opportunities to mix with researchers from very different disciplines and fields of biology who are all drawn together by a common interest in ESCRT structures and functions. NSF funds will be used to increase the breadth of participation of young researchers. The meeting will include oral presentations, poster sessions, and time for informal discussions. The specific objectives of this conference are: 1) To provide an open and inclusive forum for oral presentations from researchers at all levels of their careers. Ample time will be devoted for discussion. 2) To provide an opportunity for all participants, specially to those from under-represented groups in science, to present and discuss their results in evening poster sessions. 3) To offer ample opportunities for networking and social interactions through shared meals and social activities.&lt;br/&gt;&lt;br/&gt;The Endosomal Complexes Required for Transport (ESCRT) machinery comprises different factors (~30 proteins in humans; 45 in plants) that carry out membrane remodeling and fission reactions throughout the cell. The past decade has seen an explosion in the number of processes now known to be ESCRT-mediated, including endosomal protein trafficking, cytokinetic abscission, closure of the post-mitotic nuclear envelope, enveloped virus budding, exosome biogenesis, neuronal pruning, and membrane repair. Furthermore, ESCRT-like systems have recently been discovered in archaea and bacteria, making this one of the most highly conserved machines in nature. As a result, the ESCRT biology community continues to grow. Despite these advances, a number of fundamental questions remain unanswered, including exactly how the ESCRT machinery constricts and mediates membrane fission, and the biological mechanisms and consequences of many ESCRT-mediated processes. The time is therefore again ripe to bring together the different segments of our community to ensure that biophysicists are talking to cell biologists, biochemists are learning from plant biologists, and so forth. Toward this end, we propose a multidisciplinary conference that will cover all key aspects of ESCRT biology and will include sessions on the following topics: 1) The biophysics of ESCRT-mediated membrane fission, 2) The evolution of filament-mediated membrane remodeling, 3) ESCRTs in cell division, 4) ESCRTs in membrane repair, 5) ESCRTs in disease, and 6) ESCRT machinery in other systems (plants, archaea).&lt;br/&gt;&lt;br/&gt;This award reflects NSF's statutory mission and has been deemed worthy of support through evaluation using the Foundation's intellectual merit and broader impacts review criteria.</AbstractNarration>
<MinAmdLetterDate>01/10/2022</MinAmdLetterDate>
<MaxAmdLetterDate>01/10/2022</MaxAmdLetterDate>
<ARRAAmount/>
<TRAN_TYPE>Grant</TRAN_TYPE>
<CFDA_NUM>47.074</CFDA_NUM>
<NSF_PAR_USE_FLAG>1</NSF_PAR_USE_FLAG>
<FUND_AGCY_CODE>4900</FUND_AGCY_CODE>
<AWDG_AGCY_CODE>4900</AWDG_AGCY_CODE>
<AwardID>2210526</AwardID>
<Investigator>
<FirstName>Wesley</FirstName>
<LastName>Sundquist</LastName>
<PI_MID_INIT>I</PI_MID_INIT>
<PI_SUFX_NAME/>
<PI_FULL_NAME>Wesley I Sundquist</PI_FULL_NAME>
<EmailAddress>wes@biochem.utah.edu</EmailAddress>
<PI_PHON>8015855402</PI_PHON>
<NSF_ID>000380489</NSF_ID>
<StartDate>01/10/2022</StartDate>
<EndDate/>
<RoleCode>Co-Principal Investigator</RoleCode>
</Investigator>
<Investigator>
<FirstName>Marisa</FirstName>
<LastName>Otegui</LastName>
<PI_MID_INIT>S</PI_MID_INIT>
<PI_SUFX_NAME/>
<PI_FULL_NAME>Marisa S Otegui</PI_FULL_NAME>
<EmailAddress>otegui@wisc.edu</EmailAddress>
<PI_PHON>6082655703</PI_PHON>
<NSF_ID>000493610</NSF_ID>
<StartDate>01/10/2022</StartDate>
<EndDate/>
<RoleCode>Principal Investigator</RoleCode>
</Investigator>
<Investigator>
<FirstName>Anjon</FirstName>
<LastName>Audhya</LastName>
<PI_MID_INIT>W</PI_MID_INIT>
<PI_SUFX_NAME/>
<PI_FULL_NAME>Anjon W Audhya</PI_FULL_NAME>
<EmailAddress>audhya@wisc.edu</EmailAddress>
<PI_PHON>6082623761</PI_PHON>
<NSF_ID>000648685</NSF_ID>
<StartDate>01/10/2022</StartDate>
<EndDate/>
<RoleCode>Co-Principal Investigator</RoleCode>
</Investigator>
<Investigator>
<FirstName>John</FirstName>
<LastName>McCullough</LastName>
<PI_MID_INIT>B</PI_MID_INIT>
<PI_SUFX_NAME/>
<PI_FULL_NAME>John B McCullough</PI_FULL_NAME>
<EmailAddress>mccull@biochem.utah.edu</EmailAddress>
<PI_PHON>8012131033</PI_PHON>
<NSF_ID>000870774</NSF_ID>
<StartDate>01/10/2022</StartDate>
<EndDate/>
<RoleCode>Co-Principal Investigator</RoleCode>
</Investigator>
<Institution>
<Name>University of Wisconsin-Madison</Name>
<CityName>MADISON</CityName>
<ZipCode>537151218</ZipCode>
<PhoneNumber>6082623822</PhoneNumber>
<StreetAddress>21 North Park Street</StreetAddress>
<StreetAddress2><![CDATA[Suite 6401]]></StreetAddress2>
<CountryName>United States</CountryName>
<StateName>Wisconsin</StateName>
<StateCode>WI</StateCode>
<CONGRESSDISTRICT>02</CONGRESSDISTRICT>
<CONGRESS_DISTRICT_ORG>WI02</CONGRESS_DISTRICT_ORG>
<ORG_DUNS_NUM>161202122</ORG_DUNS_NUM>
<ORG_LGL_BUS_NAME>UNIVERSITY OF WISCONSIN SYSTEM</ORG_LGL_BUS_NAME>
<ORG_PRNT_DUNS_NUM>041188822</ORG_PRNT_DUNS_NUM>
</Institution>
<Performance_Institution>
<Name><![CDATA[University of Wisconsin-Madison]]></Name>
<CityName>MADISON</CityName>
<StateCode>WI</StateCode>
<ZipCode>537151218</ZipCode>
<StreetAddress><![CDATA[21 North Park Street]]></StreetAddress>
<CountryCode>US</CountryCode>
<CountryName>United States</CountryName>
<StateName>Wisconsin</StateName>
<CountryFlag>1</CountryFlag>
<CONGRESSDISTRICT>02</CONGRESSDISTRICT>
<CONGRESS_DISTRICT_PERF>WI02</CONGRESS_DISTRICT_PERF>
</Performance_Institution>
<ProgramElement>
<Code>1114</Code>
<Text>Cellular Dynamics and Function</Text>
</ProgramElement>
<ProgramReference>
<Code>7465</Code>
<Text>NANOSCALE BIO CORE</Text>
</ProgramReference>
<ProgramReference>
<Code>7556</Code>
<Text>CONFERENCE AND WORKSHOPS</Text>
</ProgramReference>
<FUND_OBLG>2022~48600</FUND_OBLG>
</Award>
</rootTag>
