<?xml version="1.0" encoding="UTF-8"?>
<rootTag>
<Award>
<AwardTitle>Planning: Capacity Building for a New RII Track-1 in Vermont</AwardTitle>
<AGENCY>NSF</AGENCY>
<AwardEffectiveDate>01/15/2022</AwardEffectiveDate>
<AwardExpirationDate>12/31/2022</AwardExpirationDate>
<AwardTotalIntnAmount>99999.00</AwardTotalIntnAmount>
<AwardAmount>99999</AwardAmount>
<AwardInstrument>
<Value>Standard Grant</Value>
</AwardInstrument>
<Organization>
<Code>01060100</Code>
<Directorate>
<Abbreviation>O/D</Abbreviation>
<LongName>Office Of The Director</LongName>
</Directorate>
<Division>
<Abbreviation>OIA</Abbreviation>
<LongName>OIA-Office of Integrative Activities</LongName>
</Division>
</Organization>
<ProgramOfficer>
<SignBlockName>Jose Colom</SignBlockName>
<PO_EMAI>jcolom@nsf.gov</PO_EMAI>
<PO_PHON>7032927088</PO_PHON>
</ProgramOfficer>
<AbstractNarration>The Vermont State Committee, through a statewide, competitive, open call and review process, selected the research theme centered around the “Study of Online, Collective Knowledge, and Stories” (SOCKS) as best positioned to support the growing technology sector and move forward the RII Track-1 proposal. SOCKS is focusing in the topic of Computational Social Sciences which is properly aligned with the Vermont's Science and Technology Plan.  The planning grant proposal offers an optimal opportunity to achieve the goals set forth by Vermont’s State Committee.  A series of workshops in team science and broader impacts including an "all-hands" meeting that includes the participation of experts in the area as well as diversity of attendees will serve to explore  ideas for the full proposal.&lt;br/&gt;&lt;br/&gt;This award reflects NSF's statutory mission and has been deemed worthy of support through evaluation using the Foundation's intellectual merit and broader impacts review criteria.</AbstractNarration>
<MinAmdLetterDate>01/13/2022</MinAmdLetterDate>
<MaxAmdLetterDate>01/13/2022</MaxAmdLetterDate>
<ARRAAmount/>
<TRAN_TYPE>Grant</TRAN_TYPE>
<CFDA_NUM>47.083</CFDA_NUM>
<NSF_PAR_USE_FLAG>1</NSF_PAR_USE_FLAG>
<FUND_AGCY_CODE>4900</FUND_AGCY_CODE>
<AWDG_AGCY_CODE>4900</AWDG_AGCY_CODE>
<AwardID>2210512</AwardID>
<Investigator>
<FirstName>Christopher</FirstName>
<LastName>Koliba</LastName>
<PI_MID_INIT/>
<PI_SUFX_NAME/>
<PI_FULL_NAME>Christopher Koliba</PI_FULL_NAME>
<EmailAddress>ckoliba@uvm.edu</EmailAddress>
<PI_PHON>8024988172</PI_PHON>
<NSF_ID>000830917</NSF_ID>
<StartDate>01/13/2022</StartDate>
<EndDate/>
<RoleCode>Principal Investigator</RoleCode>
</Investigator>
<Institution>
<Name>University of Vermont &amp; State Agricultural College</Name>
<CityName>Burlington</CityName>
<ZipCode>054050160</ZipCode>
<PhoneNumber>8026563660</PhoneNumber>
<StreetAddress>85 South Prospect Street</StreetAddress>
<StreetAddress2/>
<CountryName>United States</CountryName>
<StateName>Vermont</StateName>
<StateCode>VT</StateCode>
<CONGRESSDISTRICT>00</CONGRESSDISTRICT>
<CONGRESS_DISTRICT_ORG>VT00</CONGRESS_DISTRICT_ORG>
<ORG_DUNS_NUM>066811191</ORG_DUNS_NUM>
<ORG_LGL_BUS_NAME>UNIVERSITY OF VERMONT &amp; STATE AGRICULTURAL COLLEGE</ORG_LGL_BUS_NAME>
<ORG_PRNT_DUNS_NUM>066811191</ORG_PRNT_DUNS_NUM>
</Institution>
<Performance_Institution>
<Name><![CDATA[University of Vermont & State Agricultural College]]></Name>
<CityName>Burlington</CityName>
<StateCode>VT</StateCode>
<ZipCode>054050160</ZipCode>
<StreetAddress><![CDATA[85 South Prospect Street]]></StreetAddress>
<CountryCode>US</CountryCode>
<CountryName>United States</CountryName>
<StateName>Vermont</StateName>
<CountryFlag>1</CountryFlag>
<CONGRESSDISTRICT>00</CONGRESSDISTRICT>
<CONGRESS_DISTRICT_PERF>VT00</CONGRESS_DISTRICT_PERF>
</Performance_Institution>
<ProgramElement>
<Code>193Y</Code>
<Text>EPSCoR RII Track-1</Text>
</ProgramElement>
<ProgramReference>
<Code>7217</Code>
<Text>RESEARCH INFRASTRUCTURE IMPROV</Text>
</ProgramReference>
<ProgramReference>
<Code>9150</Code>
<Text>EXP PROG TO STIM COMP RES</Text>
</ProgramReference>
<FUND_OBLG>2022~99999</FUND_OBLG>
</Award>
</rootTag>
