<?xml version="1.0" encoding="UTF-8"?>
<rootTag>
<Award>
<AwardTitle>Infinite-Dimensional Dynamical Systems - Stability and Long-Time Behavior</AwardTitle>
<AGENCY>NSF</AGENCY>
<AwardEffectiveDate>10/01/2021</AwardEffectiveDate>
<AwardExpirationDate>06/30/2024</AwardExpirationDate>
<AwardTotalIntnAmount>197000.00</AwardTotalIntnAmount>
<AwardAmount>172927</AwardAmount>
<AwardInstrument>
<Value>Standard Grant</Value>
</AwardInstrument>
<Organization>
<Code>03040000</Code>
<Directorate>
<Abbreviation>MPS</Abbreviation>
<LongName>Direct For Mathematical &amp; Physical Scien</LongName>
</Directorate>
<Division>
<Abbreviation>DMS</Abbreviation>
<LongName>Division Of Mathematical Sciences</LongName>
</Division>
</Organization>
<ProgramOfficer>
<SignBlockName>Pedro Embid</SignBlockName>
<PO_EMAI>pembid@nsf.gov</PO_EMAI>
<PO_PHON>7032924859</PO_PHON>
</ProgramOfficer>
<AbstractNarration>A variety of phenomena arising in nature and applications, such as ocean waves (rogue waves) and wave breaking, optical transmission lines and optical communications, novel materials (graphene) among others, involve single-wave structures (solitons) that travel without change of shape. This project is aimed at the study of the nonlinear partial differential equations, which are instrumental for analysis and modeling of such soliton-like structures. Many important phenomena most readily manifest themselves through the behavior of the special solutions such as traveling or standing waves, which not only serve as basis for the behavior of the system, but also determine the related nearby dynamics. These structures and their stability are of great importance and are essential in practical applications. Stable states of the system attract all nearby configurations, while the loss of stability or being unable to control the dynamics is of practical importance as well. The investigator will involve undergraduate and graduate students in various stages of the project and will aim to recruit and retain them to continue working in the field of applied mathematics. Exposing students to parts of the project that require broad interaction with other sciences such as optics, water waves and liquid crystals, will be particularly beneficial for the students' training.&lt;br/&gt;&lt;br/&gt;Throughout the project, the point of view in working with these partial differential equations will be one of infinite-dimensional dynamical systems, which allows us to take advantage of the classical tools by adapting them to the infinite-dimensional setting. The project focuses on Hamiltonian models with sign indefinite energy functionals such as various Dirac systems. The goal is to investigate the linear and spectral stability for certain solitary waves, but also to prove results on uniform bounds for the spectrally stable solutions. Investigating the dynamics near solitary waves for some exotic NLS models and for water wave models such as the Benney-Luke equations is another focus of this proposal. The study of the long-term dynamics and asymptotic profiles in the Landau - de Gennes models of liquid crystals rounds up this research program. All these directions will require new techniques and tools from diverse areas such as functional analysis, dynamical systems, and harmonic analysis as well as numerical simulations. The local and long-time behavior of solutions, as well as their stability is of great practical importance as they describe systems in optics, liquid crystals, and water waves, among others.&lt;br/&gt;&lt;br/&gt;This award reflects NSF's statutory mission and has been deemed worthy of support through evaluation using the Foundation's intellectual merit and broader impacts review criteria.</AbstractNarration>
<MinAmdLetterDate>01/20/2022</MinAmdLetterDate>
<MaxAmdLetterDate>01/20/2022</MaxAmdLetterDate>
<ARRAAmount/>
<TRAN_TYPE>Grant</TRAN_TYPE>
<CFDA_NUM>47.049</CFDA_NUM>
<NSF_PAR_USE_FLAG>1</NSF_PAR_USE_FLAG>
<FUND_AGCY_CODE>4900</FUND_AGCY_CODE>
<AWDG_AGCY_CODE>4900</AWDG_AGCY_CODE>
<AwardID>2210867</AwardID>
<Investigator>
<FirstName>Milena</FirstName>
<LastName>Stanislavova</LastName>
<PI_MID_INIT>O</PI_MID_INIT>
<PI_SUFX_NAME/>
<PI_FULL_NAME>Milena O Stanislavova</PI_FULL_NAME>
<EmailAddress>stanis@ku.edu</EmailAddress>
<PI_PHON>7858644369</PI_PHON>
<NSF_ID>000398436</NSF_ID>
<StartDate>01/20/2022</StartDate>
<EndDate/>
<RoleCode>Principal Investigator</RoleCode>
</Investigator>
<Institution>
<Name>University of Alabama at Birmingham</Name>
<CityName>Birmingham</CityName>
<ZipCode>352940001</ZipCode>
<PhoneNumber>2059345266</PhoneNumber>
<StreetAddress>1720 2nd Avenue South</StreetAddress>
<StreetAddress2><![CDATA[AB 1170]]></StreetAddress2>
<CountryName>United States</CountryName>
<StateName>Alabama</StateName>
<StateCode>AL</StateCode>
<CONGRESSDISTRICT>07</CONGRESSDISTRICT>
<CONGRESS_DISTRICT_ORG>AL07</CONGRESS_DISTRICT_ORG>
<ORG_DUNS_NUM>063690705</ORG_DUNS_NUM>
<ORG_LGL_BUS_NAME>UNIVERSITY OF ALABAMA AT BIRMINGHAM</ORG_LGL_BUS_NAME>
<ORG_PRNT_DUNS_NUM>808245794</ORG_PRNT_DUNS_NUM>
</Institution>
<Performance_Institution>
<Name><![CDATA[University of Alabama at Birmingham]]></Name>
<CityName/>
<StateCode>AL</StateCode>
<ZipCode>352940001</ZipCode>
<StreetAddress/>
<CountryCode>US</CountryCode>
<CountryName>United States</CountryName>
<StateName>Alabama</StateName>
<CountryFlag>1</CountryFlag>
<CONGRESSDISTRICT>07</CONGRESSDISTRICT>
<CONGRESS_DISTRICT_PERF>AL07</CONGRESS_DISTRICT_PERF>
</Performance_Institution>
<ProgramElement>
<Code>1266</Code>
<Text>APPLIED MATHEMATICS</Text>
</ProgramElement>
<ProgramReference>
<Code>9150</Code>
<Text>EXP PROG TO STIM COMP RES</Text>
</ProgramReference>
<FUND_OBLG>2021~172927</FUND_OBLG>
</Award>
</rootTag>
