<?xml version="1.0" encoding="UTF-8"?>
<rootTag>
<Award>
<AwardTitle>Collaborative Research: Long-Term Human Responses to Ecological Instability</AwardTitle>
<AGENCY>NSF</AGENCY>
<AwardEffectiveDate>10/01/2021</AwardEffectiveDate>
<AwardExpirationDate>04/30/2022</AwardExpirationDate>
<AwardTotalIntnAmount>112461.00</AwardTotalIntnAmount>
<AwardAmount>112395</AwardAmount>
<AwardInstrument>
<Value>Standard Grant</Value>
</AwardInstrument>
<Organization>
<Code>04040000</Code>
<Directorate>
<Abbreviation>SBE</Abbreviation>
<LongName>Direct For Social, Behav &amp; Economic Scie</LongName>
</Directorate>
<Division>
<Abbreviation>BCS</Abbreviation>
<LongName>Division Of Behavioral and Cognitive Sci</LongName>
</Division>
</Organization>
<ProgramOfficer>
<SignBlockName>Jeffrey Mantz</SignBlockName>
<PO_EMAI>jmantz@nsf.gov</PO_EMAI>
<PO_PHON>7032927783</PO_PHON>
</ProgramOfficer>
<AbstractNarration>Given its focus on extended temporal spans of human behavior, archaeology is particularly well suited to examine long-term trends in how communities devise both technological and social adjustments to threats to their stability, and how those strategies may culminate in large-scale population relocations. The research team will adopt the perspective of political ecology to compare and contrast how societies mediate broad transformations in their climatic and ecological surroundings through a process of locally-based decision-making. The project will develop new methods for addressing deep time approaches to the study of environmental change and migration. Further, it will promote educational and training opportunities for Native American students and involve interpretive collaboration with Native American communities.&lt;br/&gt;&lt;br/&gt;Collaborators from the University of Florida (Dr. Charles Cobb), the University of Mississippi (Dr. Edmond Boudreaux), the University of South Dakota (Dr. Anthony Krus), and the Chickasaw Nation (Dr. Brad Lieb) will embark upon a multi-year archaeological study of the causes underlying an extensive population abandonment of mid-continental North America during the fifteenth century AD. This phenomenon, covering about 50,000 square miles, is popularly known as the "Vacant Quarter." Archaeological research elsewhere has shown that climatic factors commonly play a central role in large-scale regional depopulations, and recent evidence suggests that a series of severe multi-decadal droughts struck eastern North America in the AD 1300s and 1400s. These droughts appear to have been the result of wide swings in precipitation caused by the period of global cooling known as the Little Ice Age. Nevertheless, there is extreme variability in the ways in which societies adapt to environmental as well as social stresses. The project will involve a comparative study of a number of archaeological sites in two sub-regions, central Tennessee and northern Mississippi, in the larger abandoned region. Both areas witnessed an apparent exodus of people about AD 1450. However, prior to that time, they had very different histories of occupation culturally and ecologically. The research team will combine excavations with ceramic sourcing analyses, subsistence studies, and examinations of conflict to address similarities and differences in population movement, foodways, and warfare in the two study areas resulting from deterioration in their ecological and social surroundings, and how these processes ultimately led to contemporaneous mass migrations.&lt;br/&gt;&lt;br/&gt;This award reflects NSF's statutory mission and has been deemed worthy of support through evaluation using the Foundation's intellectual merit and broader impacts review criteria.</AbstractNarration>
<MinAmdLetterDate>12/17/2021</MinAmdLetterDate>
<MaxAmdLetterDate>12/17/2021</MaxAmdLetterDate>
<ARRAAmount/>
<TRAN_TYPE>Grant</TRAN_TYPE>
<CFDA_NUM>47.075</CFDA_NUM>
<NSF_PAR_USE_FLAG>1</NSF_PAR_USE_FLAG>
<FUND_AGCY_CODE>4900</FUND_AGCY_CODE>
<AWDG_AGCY_CODE>4900</AWDG_AGCY_CODE>
<AwardID>2210839</AwardID>
<Investigator>
<FirstName>Edmond</FirstName>
<LastName>Boudreaux</LastName>
<PI_MID_INIT>A</PI_MID_INIT>
<PI_SUFX_NAME>III</PI_SUFX_NAME>
<PI_FULL_NAME>Edmond A Boudreaux</PI_FULL_NAME>
<EmailAddress>TBoudreaux@anthro.msstate.edu</EmailAddress>
<PI_PHON>6629157339</PI_PHON>
<NSF_ID>000794553</NSF_ID>
<StartDate>12/17/2021</StartDate>
<EndDate/>
<RoleCode>Principal Investigator</RoleCode>
</Investigator>
<Institution>
<Name>Mississippi State University</Name>
<CityName>MISSISSIPPI STATE</CityName>
<ZipCode>397629662</ZipCode>
<PhoneNumber>6623257404</PhoneNumber>
<StreetAddress>PO Box 6156</StreetAddress>
<StreetAddress2/>
<CountryName>United States</CountryName>
<StateName>Mississippi</StateName>
<StateCode>MS</StateCode>
<CONGRESSDISTRICT>03</CONGRESSDISTRICT>
<CONGRESS_DISTRICT_ORG>MS03</CONGRESS_DISTRICT_ORG>
<ORG_DUNS_NUM>075461814</ORG_DUNS_NUM>
<ORG_LGL_BUS_NAME>MISSISSIPPI STATE UNIVERSITY</ORG_LGL_BUS_NAME>
<ORG_PRNT_DUNS_NUM>075461814</ORG_PRNT_DUNS_NUM>
</Institution>
<Performance_Institution>
<Name><![CDATA[Mississippi State University]]></Name>
<CityName>Mississippi State</CityName>
<StateCode>MS</StateCode>
<ZipCode>397629662</ZipCode>
<StreetAddress><![CDATA[129 Etheredge Hall]]></StreetAddress>
<CountryCode>US</CountryCode>
<CountryName>United States</CountryName>
<StateName>Mississippi</StateName>
<CountryFlag>1</CountryFlag>
<CONGRESSDISTRICT>03</CONGRESSDISTRICT>
<CONGRESS_DISTRICT_PERF>MS03</CONGRESS_DISTRICT_PERF>
</Performance_Institution>
<ProgramElement>
<Code>1391</Code>
<Text>Archaeology</Text>
</ProgramElement>
<ProgramReference>
<Code>1391</Code>
<Text>ARCHAEOLOGY</Text>
</ProgramReference>
<ProgramReference>
<Code>7298</Code>
<Text>COLLABORATIVE RESEARCH</Text>
</ProgramReference>
<ProgramReference>
<Code>9178</Code>
<Text>UNDERGRADUATE EDUCATION</Text>
</ProgramReference>
<ProgramReference>
<Code>9179</Code>
<Text>GRADUATE INVOLVEMENT</Text>
</ProgramReference>
<FUND_OBLG>2019~112395</FUND_OBLG>
</Award>
</rootTag>
