<?xml version="1.0" encoding="UTF-8"?>
<rootTag>
<Award>
<AwardTitle>Distribution of Roots of Random Functions</AwardTitle>
<AGENCY>NSF</AGENCY>
<AwardEffectiveDate>10/01/2021</AwardEffectiveDate>
<AwardExpirationDate>01/31/2024</AwardExpirationDate>
<AwardTotalIntnAmount>174486.00</AwardTotalIntnAmount>
<AwardAmount>87454</AwardAmount>
<AwardInstrument>
<Value>Standard Grant</Value>
</AwardInstrument>
<Organization>
<Code>03040000</Code>
<Directorate>
<Abbreviation>MPS</Abbreviation>
<LongName>Direct For Mathematical &amp; Physical Scien</LongName>
</Directorate>
<Division>
<Abbreviation>DMS</Abbreviation>
<LongName>Division Of Mathematical Sciences</LongName>
</Division>
</Organization>
<ProgramOfficer>
<SignBlockName>Pawel Hitczenko</SignBlockName>
<PO_EMAI>phitczen@nsf.gov</PO_EMAI>
<PO_PHON>7032925330</PO_PHON>
</ProgramOfficer>
<AbstractNarration>Random polynomials occur naturally in various areas of physics and mathematics, such as in quantum chaotic systems and approximation theory. The study of random polynomials has applications in computer science and engineering. In addition, studying roots of high-degree polynomials is an important area of mathematics that is useful in both pure and applied sciences. The goal of this research project is to study fundamental questions concerning the distribution of roots of random polynomials and, more generally, random functions.  &lt;br/&gt; &lt;br/&gt;This project contains three research programs that address questions in the field of random functions. In the first program, the investigator plans to establish local universality for random orthogonal polynomials and derive the mean number of real roots for general distributions. The second program aims to study the variance and the Central Limit Theorem for the number of real roots of various classical models of random functions. The goal of the third program is to further the understanding of the connection between the growth of the coefficients and the growth of the number of real roots. To approach these questions, the investigator will develop the local universality method and build on different tools in analysis and probability. The project will also address several questions regarding the mixing time of Markov Chains and the phase transition of the contact process, an important model for the spread of diseases in communities.&lt;br/&gt;&lt;br/&gt;This award reflects NSF's statutory mission and has been deemed worthy of support through evaluation using the Foundation's intellectual merit and broader impacts review criteria.</AbstractNarration>
<MinAmdLetterDate>12/28/2021</MinAmdLetterDate>
<MaxAmdLetterDate>12/28/2021</MaxAmdLetterDate>
<ARRAAmount/>
<TRAN_TYPE>Grant</TRAN_TYPE>
<CFDA_NUM>47.049</CFDA_NUM>
<NSF_PAR_USE_FLAG>1</NSF_PAR_USE_FLAG>
<FUND_AGCY_CODE>4900</FUND_AGCY_CODE>
<AWDG_AGCY_CODE>4900</AWDG_AGCY_CODE>
<AwardID>2211929</AwardID>
<Investigator>
<FirstName>Oanh</FirstName>
<LastName>Nguyen</LastName>
<PI_MID_INIT/>
<PI_SUFX_NAME/>
<PI_FULL_NAME>Oanh Nguyen</PI_FULL_NAME>
<EmailAddress>onguyen@illinois.edu</EmailAddress>
<PI_PHON>2035358681</PI_PHON>
<NSF_ID>000780401</NSF_ID>
<StartDate>12/28/2021</StartDate>
<EndDate/>
<RoleCode>Principal Investigator</RoleCode>
</Investigator>
<Institution>
<Name>Brown University</Name>
<CityName>Providence</CityName>
<ZipCode>029129002</ZipCode>
<PhoneNumber>4018632777</PhoneNumber>
<StreetAddress>BOX 1929</StreetAddress>
<StreetAddress2><![CDATA[350 Eddy Street]]></StreetAddress2>
<CountryName>United States</CountryName>
<StateName>Rhode Island</StateName>
<StateCode>RI</StateCode>
<CONGRESSDISTRICT>01</CONGRESSDISTRICT>
<CONGRESS_DISTRICT_ORG>RI01</CONGRESS_DISTRICT_ORG>
<ORG_DUNS_NUM>001785542</ORG_DUNS_NUM>
<ORG_LGL_BUS_NAME>BROWN UNIVERSITY</ORG_LGL_BUS_NAME>
<ORG_PRNT_DUNS_NUM>001785542</ORG_PRNT_DUNS_NUM>
</Institution>
<Performance_Institution>
<Name><![CDATA[Brown University]]></Name>
<CityName>Providence</CityName>
<StateCode>RI</StateCode>
<ZipCode>029129002</ZipCode>
<StreetAddress><![CDATA[BOX 1929]]></StreetAddress>
<CountryCode>US</CountryCode>
<CountryName>United States</CountryName>
<StateName>Rhode Island</StateName>
<CountryFlag>1</CountryFlag>
<CONGRESSDISTRICT>01</CONGRESSDISTRICT>
<CONGRESS_DISTRICT_PERF>RI01</CONGRESS_DISTRICT_PERF>
</Performance_Institution>
<ProgramElement>
<Code>1263</Code>
<Text>PROBABILITY</Text>
</ProgramElement>
<FUND_OBLG>2020~87454</FUND_OBLG>
</Award>
</rootTag>
