<?xml version="1.0" encoding="UTF-8"?>
<rootTag>
<Award>
<AwardTitle>Conference: Support for Students to Attend 2022 APS-DAMOP Conference</AwardTitle>
<AGENCY>NSF</AGENCY>
<AwardEffectiveDate>03/01/2022</AwardEffectiveDate>
<AwardExpirationDate>02/28/2023</AwardExpirationDate>
<AwardTotalIntnAmount>12000.00</AwardTotalIntnAmount>
<AwardAmount>12000</AwardAmount>
<AwardInstrument>
<Value>Standard Grant</Value>
</AwardInstrument>
<Organization>
<Code>03010000</Code>
<Directorate>
<Abbreviation>MPS</Abbreviation>
<LongName>Direct For Mathematical &amp; Physical Scien</LongName>
</Directorate>
<Division>
<Abbreviation>PHY</Abbreviation>
<LongName>Division Of Physics</LongName>
</Division>
</Organization>
<ProgramOfficer>
<SignBlockName>Kevin Jones</SignBlockName>
<PO_EMAI>kejones@nsf.gov</PO_EMAI>
<PO_PHON>7032927732</PO_PHON>
</ProgramOfficer>
<AbstractNarration>This award provides support for student participation in the 2022 meeting of the American Physical Society's Division of Atomic, Molecular and Optical Physics, to be held May 30 – June 3 in Orlando FL, pandemic conditions permitting. The award supports travel expenses for approximately 20 graduate students. The conference program includes many of the research topics central to theoretical and experimental Atomic, Molecular, and Optical Physics and Quantum Information Science. The support of students through this award makes a substantial contribution to the education and training of future scientists. Students who graduate with a background in Atomic, Molecular, and Optical physics acquire a broad range of knowledge and skills that enable them to contribute to progress in many areas of science and technology. &lt;br/&gt;&lt;br/&gt;The conference includes a special “Graduate Student Symposium” on the day prior to the main meeting.  The symposium provides students with a pedagogical introduction to important themes in current research. The subject for 2022 will be “Textbook AMO platforms for Fundamental Science and Technology.”  In addition to the symposium, the conference offers an opportunity for students to present their research results and to interact with more senior scientists from the United States and abroad. Travel support is provided only for students enrolled in US universities.&lt;br/&gt;&lt;br/&gt;This award reflects NSF's statutory mission and has been deemed worthy of support through evaluation using the Foundation's intellectual merit and broader impacts review criteria.</AbstractNarration>
<MinAmdLetterDate>01/07/2022</MinAmdLetterDate>
<MaxAmdLetterDate>01/07/2022</MaxAmdLetterDate>
<ARRAAmount/>
<TRAN_TYPE>Grant</TRAN_TYPE>
<CFDA_NUM>47.049</CFDA_NUM>
<NSF_PAR_USE_FLAG>1</NSF_PAR_USE_FLAG>
<FUND_AGCY_CODE>4900</FUND_AGCY_CODE>
<AWDG_AGCY_CODE>4900</AWDG_AGCY_CODE>
<AwardID>2211126</AwardID>
<Investigator>
<FirstName>Subhadeep</FirstName>
<LastName>Gupta</LastName>
<PI_MID_INIT/>
<PI_SUFX_NAME/>
<PI_FULL_NAME>Subhadeep Gupta</PI_FULL_NAME>
<EmailAddress>deepg@u.washington.edu</EmailAddress>
<PI_PHON>2066169649</PI_PHON>
<NSF_ID>000079207</NSF_ID>
<StartDate>01/07/2022</StartDate>
<EndDate/>
<RoleCode>Principal Investigator</RoleCode>
</Investigator>
<Institution>
<Name>University of Washington</Name>
<CityName>Seattle</CityName>
<ZipCode>981950001</ZipCode>
<PhoneNumber>2065434043</PhoneNumber>
<StreetAddress>4333 Brooklyn Ave NE</StreetAddress>
<StreetAddress2/>
<CountryName>United States</CountryName>
<StateName>Washington</StateName>
<StateCode>WA</StateCode>
<CONGRESSDISTRICT>07</CONGRESSDISTRICT>
<CONGRESS_DISTRICT_ORG>WA07</CONGRESS_DISTRICT_ORG>
<ORG_DUNS_NUM>605799469</ORG_DUNS_NUM>
<ORG_LGL_BUS_NAME>UNIVERSITY OF WASHINGTON</ORG_LGL_BUS_NAME>
<ORG_PRNT_DUNS_NUM>042803536</ORG_PRNT_DUNS_NUM>
</Institution>
<Performance_Institution>
<Name><![CDATA[University of Washington]]></Name>
<CityName>Seattle</CityName>
<StateCode>WA</StateCode>
<ZipCode>981950001</ZipCode>
<StreetAddress><![CDATA[4333 Brooklyn Ave NE]]></StreetAddress>
<CountryCode>US</CountryCode>
<CountryName>United States</CountryName>
<StateName>Washington</StateName>
<CountryFlag>1</CountryFlag>
<CONGRESSDISTRICT>07</CONGRESSDISTRICT>
<CONGRESS_DISTRICT_PERF>WA07</CONGRESS_DISTRICT_PERF>
</Performance_Institution>
<ProgramElement>
<Code>1241</Code>
<Text>AMO Experiment/Atomic, Molecul</Text>
</ProgramElement>
<ProgramElement>
<Code>1284</Code>
<Text>AMO Theory/Atomic, Molecular &amp;</Text>
</ProgramElement>
<ProgramElement>
<Code>7281</Code>
<Text>QIS - Quantum Information Scie</Text>
</ProgramElement>
<ProgramReference>
<Code>7556</Code>
<Text>CONFERENCE AND WORKSHOPS</Text>
</ProgramReference>
<FUND_OBLG>2022~12000</FUND_OBLG>
</Award>
</rootTag>
