<?xml version="1.0" encoding="UTF-8"?>
<rootTag>
<Award>
<AwardTitle>Travel: CoNECD 2022 BPE CAREER Award Panel</AwardTitle>
<AGENCY>NSF</AGENCY>
<AwardEffectiveDate>02/01/2022</AwardEffectiveDate>
<AwardExpirationDate>07/31/2022</AwardExpirationDate>
<AwardTotalIntnAmount>21294.00</AwardTotalIntnAmount>
<AwardAmount>21294</AwardAmount>
<AwardInstrument>
<Value>Standard Grant</Value>
</AwardInstrument>
<Organization>
<Code>07050000</Code>
<Directorate>
<Abbreviation>ENG</Abbreviation>
<LongName>Directorate For Engineering</LongName>
</Directorate>
<Division>
<Abbreviation>EEC</Abbreviation>
<LongName>Div Of Engineering Education and Centers</LongName>
</Division>
</Organization>
<ProgramOfficer>
<SignBlockName>Christine Grant</SignBlockName>
<PO_EMAI>cgrant@nsf.gov</PO_EMAI>
<PO_PHON>7032927107</PO_PHON>
</ProgramOfficer>
<AbstractNarration>The Faculty Early CAREER Development Program (CAREER) is an NSF-wide program recognized as one of the most prestigious awards that support the research efforts of early career faculty. It recognizes the importance of early academic career development and emphasizes the importance of the link between research and education. It is fairly recent that CAREER awards have been made in the area of broadening participation in engineering, with many of the awardees being involved in engineering education research. It is imperative that the results of research in this area be broadly shared with both practitioners and other researchers in order to reap the full benefits of the research outcomes. Conferences are a much quicker and more frequent venue, often showcasing not just completed efforts but also works in progress. The benefit to the researcher is the opportunity to network and obtain valuable feedback on their work, while the practitioner gains knowledge of evidenced based practices that they can utilize in their current work.  The CoNECD Conference will host a panel of CAREER awardees in the area of broadening participation. This presents an opportunity for four early career faculty to showcase their work to an audience of researchers and practitioners. The panel host is a CAREER award recipient and an assistant professor of engineering education at Virginia Tech.  &lt;br/&gt;&lt;br/&gt;Intellectual Merit&lt;br/&gt;The research conducted by these NSF CAREER awardees is vital for those concerned with the lack of diversity in engineering and computing fields. To reach its full potential, it is necessary for research results to be shared with practitioners who can then tailor their programmatic efforts using evidence-based outcomes that are grounded in current literature. As opposed to relying on anecdotal evidence of activities that have been successful, practitioners can utilize the CAREER research results to better inform their efforts. The panel will aid in the dissemination of NSF funded research directly to the community that needs it.&lt;br/&gt;&lt;br/&gt;Broader Impacts&lt;br/&gt;The CoNECD Conference is the only conference that focuses on broadening participation of all groups underrepresented in engineering. CoNECD provides a forum for exploring current research and practices to enhance diversity and inclusion of all underrepresented populations in the engineering and computing professions including gender identity and expression, race and ethnicity, disability, veterans, LGBTQ+, 1st generation and socio-economic status. This proposal will enable sharing of current research in broadening participation with those who are charged with achieving this goal. It is expected that this will enable the practitioners to create evidence-based activities that will increase the numbers of underrepresented and underserved individuals who engage in engineering and computing.&lt;br/&gt;&lt;br/&gt;This award reflects NSF's statutory mission and has been deemed worthy of support through evaluation using the Foundation's intellectual merit and broader impacts review criteria.</AbstractNarration>
<MinAmdLetterDate>01/24/2022</MinAmdLetterDate>
<MaxAmdLetterDate>01/24/2022</MaxAmdLetterDate>
<ARRAAmount/>
<TRAN_TYPE>Grant</TRAN_TYPE>
<CFDA_NUM>47.041</CFDA_NUM>
<NSF_PAR_USE_FLAG>1</NSF_PAR_USE_FLAG>
<FUND_AGCY_CODE>4900</FUND_AGCY_CODE>
<AWDG_AGCY_CODE>4900</AWDG_AGCY_CODE>
<AwardID>2211835</AwardID>
<Investigator>
<FirstName>Bevlee</FirstName>
<LastName>Watford</LastName>
<PI_MID_INIT>A</PI_MID_INIT>
<PI_SUFX_NAME/>
<PI_FULL_NAME>Bevlee A Watford</PI_FULL_NAME>
<EmailAddress>deuce@vt.edu</EmailAddress>
<PI_PHON>5402313244</PI_PHON>
<NSF_ID>000181238</NSF_ID>
<StartDate>01/24/2022</StartDate>
<EndDate/>
<RoleCode>Principal Investigator</RoleCode>
</Investigator>
<Institution>
<Name>Virginia Polytechnic Institute and State University</Name>
<CityName>BLACKSBURG</CityName>
<ZipCode>240610001</ZipCode>
<PhoneNumber>5402315281</PhoneNumber>
<StreetAddress>Sponsored Programs 0170</StreetAddress>
<StreetAddress2><![CDATA[300 Turner Street NW, Suite 4200]]></StreetAddress2>
<CountryName>United States</CountryName>
<StateName>Virginia</StateName>
<StateCode>VA</StateCode>
<CONGRESSDISTRICT>09</CONGRESSDISTRICT>
<CONGRESS_DISTRICT_ORG>VA09</CONGRESS_DISTRICT_ORG>
<ORG_DUNS_NUM>003137015</ORG_DUNS_NUM>
<ORG_LGL_BUS_NAME>VIRGINIA POLYTECHNIC INSTITUTE AND STATE UNIVERSITY</ORG_LGL_BUS_NAME>
<ORG_PRNT_DUNS_NUM>003137015</ORG_PRNT_DUNS_NUM>
</Institution>
<Performance_Institution>
<Name><![CDATA[Virginia Polytechnic Institute and State University]]></Name>
<CityName>BLACKSBURG</CityName>
<StateCode>VA</StateCode>
<ZipCode>240610001</ZipCode>
<StreetAddress><![CDATA[Sponsored Programs 0170]]></StreetAddress>
<CountryCode>US</CountryCode>
<CountryName>United States</CountryName>
<StateName>Virginia</StateName>
<CountryFlag>1</CountryFlag>
<CONGRESSDISTRICT>09</CONGRESSDISTRICT>
<CONGRESS_DISTRICT_PERF>VA09</CONGRESS_DISTRICT_PERF>
</Performance_Institution>
<ProgramElement>
<Code>7680</Code>
<Text>EDA-Eng Diversity Activities</Text>
</ProgramElement>
<ProgramReference>
<Code>110E</Code>
<Text>EDUCATION RESEARCH</Text>
</ProgramReference>
<ProgramReference>
<Code>7680</Code>
<Text>ENG DIVERSITY ACTIVITIES</Text>
</ProgramReference>
<FUND_OBLG>2022~21294</FUND_OBLG>
</Award>
</rootTag>
