<?xml version="1.0" encoding="UTF-8"?>
<rootTag>
<Award>
<AwardTitle>RAPID: Behavioral Drivers and Social Pathways in the Spread of the COVID-19 Omicron Variant</AwardTitle>
<AGENCY>NSF</AGENCY>
<AwardEffectiveDate>01/01/2022</AwardEffectiveDate>
<AwardExpirationDate>12/31/2022</AwardExpirationDate>
<AwardTotalIntnAmount>20884.00</AwardTotalIntnAmount>
<AwardAmount>20884</AwardAmount>
<AwardInstrument>
<Value>Standard Grant</Value>
</AwardInstrument>
<Organization>
<Code>04040000</Code>
<Directorate>
<Abbreviation>SBE</Abbreviation>
<LongName>Direct For Social, Behav &amp; Economic Scie</LongName>
</Directorate>
<Division>
<Abbreviation>BCS</Abbreviation>
<LongName>Division Of Behavioral and Cognitive Sci</LongName>
</Division>
</Organization>
<ProgramOfficer>
<SignBlockName>Jeffrey Mantz</SignBlockName>
<PO_EMAI>jmantz@nsf.gov</PO_EMAI>
<PO_PHON>7032927783</PO_PHON>
</ProgramOfficer>
<AbstractNarration>This project examines the behavioral drivers and real-time changes in behavior affecting the potential transmission of the Omicron variant off the SARS-COV-2 respiratory virus during critical moments of crowding, mingling, and interacting in close quarters. It aims specifically to understand the social complexities of ritual and travel that reduce or heighten the risk of COVID-19 infection. Data from the study contributes intellectually to high-priority biomedical research that seeks to advance public health interventions. This study will provide critical information for the development of public health programs and guidelines that address the risks communities face with the Omicron variant. The project also provides training for graduate and undergraduate students in methods of rigorous, scientific data collection and analysis.&lt;br/&gt;&lt;br/&gt;This study tests existing theoretical presumptions that people disregard state-mandated health regulations at moments when cultural, religious, and social rites of solidarity and obligations take priority. The emergence of the highly contagious Omicron variant during a peak travel season provides an opportunity to map transmission pathways in real time. This project triangulates ephemeral data regarding holiday travel and religious ceremonies with social network information and household demographics. Data from behavioral observations of religious ceremonies will yield information about social practices compared with state-mandated regulations of masking, vaccinating, and social distancing. Data regarding social networks will yield information about linked urban-rural migrant pathways for potential disease transmission. Data from interviews will record age, ethnicity, sex, socioeconomic status, marital status, family size, and will aid in mapping migratory patterns and social networks.&lt;br/&gt;&lt;br/&gt;This award reflects NSF's statutory mission and has been deemed worthy of support through evaluation using the Foundation's intellectual merit and broader impacts review criteria.</AbstractNarration>
<MinAmdLetterDate>01/05/2022</MinAmdLetterDate>
<MaxAmdLetterDate>01/05/2022</MaxAmdLetterDate>
<ARRAAmount/>
<TRAN_TYPE>Grant</TRAN_TYPE>
<CFDA_NUM>47.075</CFDA_NUM>
<NSF_PAR_USE_FLAG>1</NSF_PAR_USE_FLAG>
<FUND_AGCY_CODE>4900</FUND_AGCY_CODE>
<AWDG_AGCY_CODE>4900</AWDG_AGCY_CODE>
<AwardID>2211867</AwardID>
<Investigator>
<FirstName>Amy</FirstName>
<LastName>Stambach</LastName>
<PI_MID_INIT>E</PI_MID_INIT>
<PI_SUFX_NAME/>
<PI_FULL_NAME>Amy E Stambach</PI_FULL_NAME>
<EmailAddress>aestambach@wisc.edu</EmailAddress>
<PI_PHON>6082622866</PI_PHON>
<NSF_ID>000676578</NSF_ID>
<StartDate>01/05/2022</StartDate>
<EndDate/>
<RoleCode>Principal Investigator</RoleCode>
</Investigator>
<Institution>
<Name>University of Wisconsin-Madison</Name>
<CityName>MADISON</CityName>
<ZipCode>537151218</ZipCode>
<PhoneNumber>6082623822</PhoneNumber>
<StreetAddress>21 North Park Street</StreetAddress>
<StreetAddress2><![CDATA[Suite 6401]]></StreetAddress2>
<CountryName>United States</CountryName>
<StateName>Wisconsin</StateName>
<StateCode>WI</StateCode>
<CONGRESSDISTRICT>02</CONGRESSDISTRICT>
<CONGRESS_DISTRICT_ORG>WI02</CONGRESS_DISTRICT_ORG>
<ORG_DUNS_NUM>161202122</ORG_DUNS_NUM>
<ORG_LGL_BUS_NAME>UNIVERSITY OF WISCONSIN SYSTEM</ORG_LGL_BUS_NAME>
<ORG_PRNT_DUNS_NUM>041188822</ORG_PRNT_DUNS_NUM>
</Institution>
<Performance_Institution>
<Name><![CDATA[University of Wisconsin-Madison]]></Name>
<CityName>MADISON</CityName>
<StateCode>WI</StateCode>
<ZipCode>537151218</ZipCode>
<StreetAddress><![CDATA[21 North Park Street]]></StreetAddress>
<CountryCode>US</CountryCode>
<CountryName>United States</CountryName>
<StateName>Wisconsin</StateName>
<CountryFlag>1</CountryFlag>
<CONGRESSDISTRICT>02</CONGRESSDISTRICT>
<CONGRESS_DISTRICT_PERF>WI02</CONGRESS_DISTRICT_PERF>
</Performance_Institution>
<ProgramElement>
<Code>1390</Code>
<Text>Cultural Anthropology</Text>
</ProgramElement>
<ProgramReference>
<Code>096Z</Code>
<Text>COVID-19 Research</Text>
</ProgramReference>
<ProgramReference>
<Code>1390</Code>
<Text>CULTURAL ANTHROPOLOGY</Text>
</ProgramReference>
<ProgramReference>
<Code>7914</Code>
<Text>RAPID</Text>
</ProgramReference>
<ProgramReference>
<Code>9178</Code>
<Text>UNDERGRADUATE EDUCATION</Text>
</ProgramReference>
<ProgramReference>
<Code>9179</Code>
<Text>GRADUATE INVOLVEMENT</Text>
</ProgramReference>
<FUND_OBLG>2022~20884</FUND_OBLG>
</Award>
</rootTag>
