<?xml version="1.0" encoding="UTF-8"?>
<rootTag>
<Award>
<AwardTitle>Tensor Models, Methods, and Medicine</AwardTitle>
<AGENCY>NSF</AGENCY>
<AwardEffectiveDate>10/01/2021</AwardEffectiveDate>
<AwardExpirationDate>06/30/2024</AwardExpirationDate>
<AwardTotalIntnAmount>232568.00</AwardTotalIntnAmount>
<AwardAmount>232568</AwardAmount>
<AwardInstrument>
<Value>Standard Grant</Value>
</AwardInstrument>
<Organization>
<Code>03040000</Code>
<Directorate>
<Abbreviation>MPS</Abbreviation>
<LongName>Direct For Mathematical &amp; Physical Scien</LongName>
</Directorate>
<Division>
<Abbreviation>DMS</Abbreviation>
<LongName>Division Of Mathematical Sciences</LongName>
</Division>
</Organization>
<ProgramOfficer>
<SignBlockName>Yuliya Gorb</SignBlockName>
<PO_EMAI>ygorb@nsf.gov</PO_EMAI>
<PO_PHON>7032922113</PO_PHON>
</ProgramOfficer>
<AbstractNarration>There is currently an unprecedented demand for efficient, quantitative, and interpretable methods to study large-scale data. It is often the case that this data is naturally multi-modal and represented well by a tensor, a higher-order generalization of the common matrix which can be represented by a multi-dimensional array. For this reason, there has been a surge of interest in the mathematics of tensors, but as questions in this area are often far more complex than the analogous questions for matrices, there are key gaps in translation to development of tensor-based data analytic techniques, especially in the area of topic modeling, which seeks to automatically learn latent trends or topics of complex data sets. Indeed, practitioners often must perform a costly transformation of their tensor data into a matrix before applying matrix-based topic modeling techniques that fail to detect latent information in the data from the discarded modes; such loss of information is especially dangerous in sensitive applications like medical imaging.  This project seeks to fill these gaps and to provide tools for tensor topic modeling that treat the data in its natural form. The team will partner with collaborators in the Harbor-UCLA Medical Center Department of Cardiology to apply these tools to case study cardiac imaging data, providing direct societal impact as well as directing the development of the mathematical techniques.&lt;br/&gt;&lt;br/&gt;This project will provide practical models that can be applied in any field with multi-modal data, as well as to advance the theoretical understanding of these models, their training methods, and the complex tensor data to which they are applied. The PI focuses on three main aims. The first aim is to develop tensor-based topic models which respect the natural multi-modal structure of the data, allow for incorporation of flexible supervision information, and identify hierarchical topic structure. The second aim is to design efficient, low-memory, and online training methods for tensor-based topic models, provide convergence guarantees and complexity analysis for key subroutines, and produce publicly available open-source implementations. Finally, the third aim is to illustrate the promise of these models and methods in an important case study application to echocardiogram analysis. Together, these aims will broaden the mathematical foundations of tensor analysis while also expanding application of tensor analysis to important and sensitive real-world domains. The developed models and methods will have wide impact as they can utilize domain expert knowledge and limit dependence on model parameters that even tensor experts do not understand well. In addition to this societal impact, the project includes a strong outreach and educational component that will provide formative research opportunities to undergraduate participants, and promote collaboration between application domain experts and experts in mathematical and data-scientific techniques.&lt;br/&gt;&lt;br/&gt;This award reflects NSF's statutory mission and has been deemed worthy of support through evaluation using the Foundation's intellectual merit and broader impacts review criteria.</AbstractNarration>
<MinAmdLetterDate>12/28/2021</MinAmdLetterDate>
<MaxAmdLetterDate>12/28/2021</MaxAmdLetterDate>
<ARRAAmount/>
<TRAN_TYPE>Grant</TRAN_TYPE>
<CFDA_NUM>47.049</CFDA_NUM>
<NSF_PAR_USE_FLAG>1</NSF_PAR_USE_FLAG>
<FUND_AGCY_CODE>4900</FUND_AGCY_CODE>
<AWDG_AGCY_CODE>4900</AWDG_AGCY_CODE>
<AwardID>2211318</AwardID>
<Investigator>
<FirstName>Jamie</FirstName>
<LastName>Haddock</LastName>
<PI_MID_INIT/>
<PI_SUFX_NAME/>
<PI_FULL_NAME>Jamie Haddock</PI_FULL_NAME>
<EmailAddress>jhaddock@g.hmc.edu</EmailAddress>
<PI_PHON>9096218023</PI_PHON>
<NSF_ID>000788065</NSF_ID>
<StartDate>12/28/2021</StartDate>
<EndDate/>
<RoleCode>Principal Investigator</RoleCode>
</Investigator>
<Institution>
<Name>Harvey Mudd College</Name>
<CityName>CLAREMONT</CityName>
<ZipCode>917115901</ZipCode>
<PhoneNumber>9096218121</PhoneNumber>
<StreetAddress>301 Platt Boulevard</StreetAddress>
<StreetAddress2/>
<CountryName>United States</CountryName>
<StateName>California</StateName>
<StateCode>CA</StateCode>
<CONGRESSDISTRICT>27</CONGRESSDISTRICT>
<CONGRESS_DISTRICT_ORG>CA27</CONGRESS_DISTRICT_ORG>
<ORG_DUNS_NUM>066691130</ORG_DUNS_NUM>
<ORG_LGL_BUS_NAME>HARVEY MUDD COLLEGE</ORG_LGL_BUS_NAME>
<ORG_PRNT_DUNS_NUM>066691130</ORG_PRNT_DUNS_NUM>
</Institution>
<Performance_Institution>
<Name/>
<CityName/>
<StateCode/>
<ZipCode/>
<StreetAddress/>
<CountryCode/>
<CountryName>RI REQUIRED</CountryName>
<StateName>RI REQUIRED</StateName>
<CountryFlag>0</CountryFlag>
<CONGRESSDISTRICT/>
<CONGRESS_DISTRICT_PERF>""</CONGRESS_DISTRICT_PERF>
</Performance_Institution>
<ProgramElement>
<Code>1271</Code>
<Text>COMPUTATIONAL MATHEMATICS</Text>
</ProgramElement>
<ProgramReference>
<Code>9263</Code>
<Text>COMPUTATIONAL SCIENCE &amp; ENGING</Text>
</ProgramReference>
<FUND_OBLG>2021~232568</FUND_OBLG>
</Award>
</rootTag>
