<?xml version="1.0" encoding="UTF-8"?>
<rootTag>
<Award>
<AwardTitle>AF: Medium: Collaborative Research: Estimation, Learning, and Memory: The Quest for Statistically Optimal Algorithms</AwardTitle>
<AGENCY>NSF</AGENCY>
<AwardEffectiveDate>12/01/2021</AwardEffectiveDate>
<AwardExpirationDate>06/30/2022</AwardExpirationDate>
<AwardTotalIntnAmount>550000.00</AwardTotalIntnAmount>
<AwardAmount>109388</AwardAmount>
<AwardInstrument>
<Value>Continuing Grant</Value>
</AwardInstrument>
<Organization>
<Code>05010000</Code>
<Directorate>
<Abbreviation>CSE</Abbreviation>
<LongName>Direct For Computer &amp; Info Scie &amp; Enginr</LongName>
</Directorate>
<Division>
<Abbreviation>CCF</Abbreviation>
<LongName>Division of Computing and Communication Foundations</LongName>
</Division>
</Organization>
<ProgramOfficer>
<SignBlockName>A. Funda Ergun</SignBlockName>
<PO_EMAI>fergun@nsf.gov</PO_EMAI>
<PO_PHON>7032922216</PO_PHON>
</ProgramOfficer>
<AbstractNarration>The goal of this project is to develop new, efficient algorithms that extract as much information as is possible from a given quantity of data.  In particular, this research aims to develop an understanding of how to leverage structure that is present in natural language settings, medical and genomic settings, and network- or graph-based settings. Many fundamental types of structure are encountered repeatedly in widely varying scientific and technological settings; our goal is to build on a recent body of work that focused on the simplest unstructured settings, and develop broadly applicable tools and insights to these diverse settings.   A central component of this project is a close interaction and transfer of ideas, problems, and techniques, between the theory community, the machine learning community, and the broader set of data-centric researchers and practitioners.&lt;br/&gt;&lt;br/&gt;From a technical perspective, this research focuses on three fundamental types of structure: geometric structure, algebraic or low-rank structure, and the structure that is present in sequential&lt;br/&gt;data (such as natural language).   For the first two types of structure, the research focus is on understanding the possibilities and limitations in the sparse data regime where the amount of data is comparable to, or sublinear in, the dimensionality of the data.  In the third setting, the focus is on understanding the role of memory for learning and prediction tasks.&lt;br/&gt;&lt;br/&gt;Beyond the direct research goals of the project, the PIs are extensively involved in teaching and outreach, including designing UW?s new data sciences curriculum, and developing new courses on algorithms and foundational aspects of data sciences at Stanford.</AbstractNarration>
<MinAmdLetterDate>01/11/2022</MinAmdLetterDate>
<MaxAmdLetterDate>01/11/2022</MaxAmdLetterDate>
<ARRAAmount/>
<TRAN_TYPE>Grant</TRAN_TYPE>
<CFDA_NUM>47.070</CFDA_NUM>
<NSF_PAR_USE_FLAG>1</NSF_PAR_USE_FLAG>
<FUND_AGCY_CODE>4900</FUND_AGCY_CODE>
<AWDG_AGCY_CODE>4900</AWDG_AGCY_CODE>
<AwardID>2212841</AwardID>
<Investigator>
<FirstName>Sham</FirstName>
<LastName>Kakade</LastName>
<PI_MID_INIT/>
<PI_SUFX_NAME/>
<PI_FULL_NAME>Sham Kakade</PI_FULL_NAME>
<EmailAddress>sham@seas.harvard.edu</EmailAddress>
<PI_PHON>6174961351</PI_PHON>
<NSF_ID>000553028</NSF_ID>
<StartDate>01/11/2022</StartDate>
<EndDate/>
<RoleCode>Principal Investigator</RoleCode>
</Investigator>
<Institution>
<Name>Harvard University</Name>
<CityName>Cambridge</CityName>
<ZipCode>021385369</ZipCode>
<PhoneNumber>6174955501</PhoneNumber>
<StreetAddress>1033 MASSACHUSETTS AVE</StreetAddress>
<StreetAddress2><![CDATA[5th Floor]]></StreetAddress2>
<CountryName>United States</CountryName>
<StateName>Massachusetts</StateName>
<StateCode>MA</StateCode>
<CONGRESSDISTRICT>05</CONGRESSDISTRICT>
<CONGRESS_DISTRICT_ORG>MA05</CONGRESS_DISTRICT_ORG>
<ORG_DUNS_NUM>082359691</ORG_DUNS_NUM>
<ORG_LGL_BUS_NAME>PRESIDENT AND FELLOWS OF HARVARD COLLEGE</ORG_LGL_BUS_NAME>
<ORG_PRNT_DUNS_NUM>001963263</ORG_PRNT_DUNS_NUM>
</Institution>
<Performance_Institution>
<Name><![CDATA[Harvard University]]></Name>
<CityName>Cambridge</CityName>
<StateCode>MA</StateCode>
<ZipCode>021385369</ZipCode>
<StreetAddress><![CDATA[1033 MASSACHUSETTS AVE]]></StreetAddress>
<CountryCode>US</CountryCode>
<CountryName>United States</CountryName>
<StateName>Massachusetts</StateName>
<CountryFlag>1</CountryFlag>
<CONGRESSDISTRICT>05</CONGRESSDISTRICT>
<CONGRESS_DISTRICT_PERF>MA05</CONGRESS_DISTRICT_PERF>
</Performance_Institution>
<ProgramElement>
<Code>7796</Code>
<Text>Algorithmic Foundations</Text>
</ProgramElement>
<ProgramReference>
<Code>7924</Code>
<Text>MEDIUM PROJECT</Text>
</ProgramReference>
<ProgramReference>
<Code>7926</Code>
<Text>ALGORITHMS</Text>
</ProgramReference>
<FUND_OBLG>2019~8588</FUND_OBLG>
<FUND_OBLG>2020~100800</FUND_OBLG>
</Award>
</rootTag>
