<?xml version="1.0" encoding="UTF-8"?>
<rootTag>
<Award>
<AwardTitle>FY 2022 FLETC Training</AwardTitle>
<AGENCY>NSF</AGENCY>
<AwardEffectiveDate>01/01/2022</AwardEffectiveDate>
<AwardExpirationDate>01/01/2023</AwardExpirationDate>
<AwardTotalIntnAmount>15000.00</AwardTotalIntnAmount>
<AwardAmount>15000</AwardAmount>
<AwardInstrument>
<Value>Contract Interagency Agreement</Value>
</AwardInstrument>
<Organization>
<Code>00020200</Code>
<Directorate>
<Abbreviation/>
<LongName/>
</Directorate>
<Division>
<Abbreviation>OIG</Abbreviation>
<LongName>Office Of Inspector General</LongName>
</Division>
</Organization>
<ProgramOfficer>
<SignBlockName>shiji thomas</SignBlockName>
<PO_EMAI>ssthomas@nsf.gov</PO_EMAI>
<PO_PHON>7032924569</PO_PHON>
</ProgramOfficer>
<AbstractNarration/>
<MinAmdLetterDate>01/26/2022</MinAmdLetterDate>
<MaxAmdLetterDate>01/26/2022</MaxAmdLetterDate>
<ARRAAmount/>
<TRAN_TYPE>Grant</TRAN_TYPE>
<CFDA_NUM/>
<NSF_PAR_USE_FLAG>1</NSF_PAR_USE_FLAG>
<FUND_AGCY_CODE>4900</FUND_AGCY_CODE>
<AWDG_AGCY_CODE>4900</AWDG_AGCY_CODE>
<AwardID>2212811</AwardID>
<Investigator>
<FirstName>Michelle</FirstName>
<LastName>Cutting</LastName>
<PI_MID_INIT/>
<PI_SUFX_NAME/>
<PI_FULL_NAME>Michelle Cutting</PI_FULL_NAME>
<EmailAddress>Michelle.Cutting@fletc.dhs.gov</EmailAddress>
<PI_PHON>9122673282</PI_PHON>
<NSF_ID>000736391</NSF_ID>
<StartDate>01/26/2022</StartDate>
<EndDate/>
<RoleCode>Principal Investigator</RoleCode>
</Investigator>
<Institution>
<Name>FEDERAL LAW ENFORCEMENT TRAINING CENTER</Name>
<CityName>Brunswick</CityName>
<ZipCode>315242000</ZipCode>
<PhoneNumber>9125544480</PhoneNumber>
<StreetAddress>1131 CHAPEL CROSSING RD</StreetAddress>
<StreetAddress2/>
<CountryName>United States</CountryName>
<StateName>Georgia</StateName>
<StateCode>GA</StateCode>
<CONGRESSDISTRICT>01</CONGRESSDISTRICT>
<CONGRESS_DISTRICT_ORG>GA01</CONGRESS_DISTRICT_ORG>
<ORG_DUNS_NUM>041582904</ORG_DUNS_NUM>
<ORG_LGL_BUS_NAME>FEDERAL LAW ENFORCEMENT TRAINING CENTER</ORG_LGL_BUS_NAME>
<ORG_PRNT_DUNS_NUM>161906193</ORG_PRNT_DUNS_NUM>
</Institution>
<Performance_Institution>
<Name/>
<CityName/>
<StateCode/>
<ZipCode/>
<StreetAddress/>
<CountryCode/>
<CountryName>RI REQUIRED</CountryName>
<StateName>RI REQUIRED</StateName>
<CountryFlag>0</CountryFlag>
<CONGRESSDISTRICT/>
<CONGRESS_DISTRICT_PERF>""</CONGRESS_DISTRICT_PERF>
</Performance_Institution>
<ProgramElement>
<Code>0608</Code>
<Text/>
</ProgramElement>
<ProgramReference>
<Code>0000</Code>
<Text>UNASSIGNED</Text>
</ProgramReference>
<ProgramReference>
<Code>OTHR</Code>
<Text>OTHER RESEARCH OR EDUCATION</Text>
</ProgramReference>
<FUND_OBLG>2022~15000</FUND_OBLG>
</Award>
</rootTag>
