<?xml version="1.0" encoding="UTF-8"?>
<rootTag>
<Award>
<AwardTitle>Stimuli-Responsive Membranes from Mesophase Templating</AwardTitle>
<AGENCY>NSF</AGENCY>
<AwardEffectiveDate>10/01/2021</AwardEffectiveDate>
<AwardExpirationDate>06/30/2022</AwardExpirationDate>
<AwardTotalIntnAmount>314894.00</AwardTotalIntnAmount>
<AwardAmount>173637</AwardAmount>
<AwardInstrument>
<Value>Standard Grant</Value>
</AwardInstrument>
<Organization>
<Code>07020000</Code>
<Directorate>
<Abbreviation>ENG</Abbreviation>
<LongName>Directorate For Engineering</LongName>
</Directorate>
<Division>
<Abbreviation>CBET</Abbreviation>
<LongName>Div Of Chem, Bioeng, Env, &amp; Transp Sys</LongName>
</Division>
</Organization>
<ProgramOfficer>
<SignBlockName>Christina Payne</SignBlockName>
<PO_EMAI>cpayne@nsf.gov</PO_EMAI>
<PO_PHON>7032922895</PO_PHON>
</ProgramOfficer>
<AbstractNarration>Water scarcity is a major issue facing the world today. As the world population continues to grow, water resources become scarcer, particularly brackish water in arid and semi-arid regions such as the southwestern U.S. Adequate access to low-cost, energy-efficient, and environmentally sustainable methods for advanced water treatment requires development and characterization of new membrane technologies. Water treatment processes typically use several types of membranes, including microfiltration, ultrafiltration, nanofiltration, and reverse osmosis membranes. Ultrafiltration membranes play a key role in the removal of suspended particles, viruses, and bacteria. Ultrafiltration membranes are also among the most commonly employed separation techniques, with applications in food processing, chemical manufacturing, and protein purification. Despite their industrial relevance, ultrafiltration membranes are produced by a method called non-solvent induced phase separation (NIPS), which requires the use of large quantities of organic solvents. Membranes produced by the NIPS process are also anisotropic with low surface porosity, leading to increased fouling on the surface of the membrane. The overall goal of this project is to develop ultrafiltration membranes through cost-effective green chemistry, while simultaneously increasing their permeability, to reduce the cost and energy of water treatment. Research and education are integrated in the project through undergraduate research opportunities and the development of research-related course materials. &lt;br/&gt;&lt;br/&gt;Fouling control, particularly the control of biofouling, has been a major focus of wastewater and water treatment research. However, many previously proposed methods to overcome fouling are neither cost-effective nor extensible to different chemical structures and polymers. Since filtration processes result in membrane fouling that reduces the flux over the time, a surface washing process can be utilized to clean the surface of a membrane. However, the low surface porosity of NIPS membranes intensifies the fouling, which cannot completely be removed through backwashing. Backwashing is also a major energy consumption step in filtration. Ultrafiltration membranes with (i) improved permeability and decreased fouling, without compromising the rejection rate, and (ii) stimuli-responsive behavior to aid in surface washing are needed. The ability to produce these membranes in an eco-friendly manner without the need to synthesize new or costly chemicals also remains an outstanding technological challenge. The PI proposes to address these challenges using an organic-solvent-free templating approach to produce nanoporous polymers for ultrafiltration applications. Amphiphilic block copolymer self-assembly in mixtures of water and an oil phase containing monomers will be used as a template. Monomers in the oil phase, upon polymerization, undergo a conformation-change response to temperature and pH stimuli due to change in hydrophobicity. The pore size of such membranes can be manipulated for controlling the molecular weight cut-off and anti-fouling behavior. Because a higher density of nanometer-sized pores can be uniformly incorporated into the polymers relative to existing ultrafiltration membrane technology, the permeability of membranes produced from this method is also expected to exceed that of commercial products without compromising the rejection rate. Membrane structure will be characterized using polarized light microscopy, small angle X-ray scattering, and treansmission electron microscopy. Permeability, molecular weight cut-off, fouling, and solute rejection will be examined through pressure-driven filtration experiments. The outcome of the study will be foundational knowledge for making high-permeability ultrafiltration membranes with stimuli-responsive pores through a green-chemistry approach.&lt;br/&gt;&lt;br/&gt;This award reflects NSF's statutory mission and has been deemed worthy of support through evaluation using the Foundation's intellectual merit and broader impacts review criteria.</AbstractNarration>
<MinAmdLetterDate>01/10/2022</MinAmdLetterDate>
<MaxAmdLetterDate>01/10/2022</MaxAmdLetterDate>
<ARRAAmount/>
<TRAN_TYPE>Grant</TRAN_TYPE>
<CFDA_NUM>47.041</CFDA_NUM>
<NSF_PAR_USE_FLAG>1</NSF_PAR_USE_FLAG>
<FUND_AGCY_CODE>4900</FUND_AGCY_CODE>
<AWDG_AGCY_CODE>4900</AWDG_AGCY_CODE>
<AwardID>2212894</AwardID>
<Investigator>
<FirstName>Reza</FirstName>
<LastName>Foudazi</LastName>
<PI_MID_INIT/>
<PI_SUFX_NAME/>
<PI_FULL_NAME>Reza Foudazi</PI_FULL_NAME>
<EmailAddress>rfoudazi@ou.edu</EmailAddress>
<PI_PHON>4053250465</PI_PHON>
<NSF_ID>000667786</NSF_ID>
<StartDate>01/10/2022</StartDate>
<EndDate/>
<RoleCode>Principal Investigator</RoleCode>
</Investigator>
<Institution>
<Name>University of Oklahoma Norman Campus</Name>
<CityName>NORMAN</CityName>
<ZipCode>730199705</ZipCode>
<PhoneNumber>4053254757</PhoneNumber>
<StreetAddress>201 Stephenson Parkway</StreetAddress>
<StreetAddress2><![CDATA[Five Partners Place, Suite 3100]]></StreetAddress2>
<CountryName>United States</CountryName>
<StateName>Oklahoma</StateName>
<StateCode>OK</StateCode>
<CONGRESSDISTRICT>04</CONGRESSDISTRICT>
<CONGRESS_DISTRICT_ORG>OK04</CONGRESS_DISTRICT_ORG>
<ORG_DUNS_NUM>848348348</ORG_DUNS_NUM>
<ORG_LGL_BUS_NAME>UNIVERSITY OF OKLAHOMA</ORG_LGL_BUS_NAME>
<ORG_PRNT_DUNS_NUM>046862181</ORG_PRNT_DUNS_NUM>
</Institution>
<Performance_Institution>
<Name><![CDATA[University of Oklahoma Norman Campus]]></Name>
<CityName/>
<StateCode>OK</StateCode>
<ZipCode>730193003</ZipCode>
<StreetAddress/>
<CountryCode>US</CountryCode>
<CountryName>United States</CountryName>
<StateName>Oklahoma</StateName>
<CountryFlag>1</CountryFlag>
<CONGRESSDISTRICT>04</CONGRESSDISTRICT>
<CONGRESS_DISTRICT_PERF>OK04</CONGRESS_DISTRICT_PERF>
</Performance_Institution>
<ProgramElement>
<Code>1417</Code>
<Text>Interfacial Engineering Progra</Text>
</ProgramElement>
<ProgramReference>
<Code>9150</Code>
<Text>EXP PROG TO STIM COMP RES</Text>
</ProgramReference>
<ProgramReference>
<Code>9251</Code>
<Text>REU SUPP-Res Exp for Ugrd Supp</Text>
</ProgramReference>
<FUND_OBLG>2019~173637</FUND_OBLG>
</Award>
</rootTag>
