<?xml version="1.0" encoding="UTF-8"?>
<rootTag>
<Award>
<AwardTitle>NSF Student Travel Grant for 2021 and 2022 International Conference on Mobile Computing and Networking (ACM MobiCom)</AwardTitle>
<AGENCY>NSF</AGENCY>
<AwardEffectiveDate>02/15/2022</AwardEffectiveDate>
<AwardExpirationDate>01/31/2024</AwardExpirationDate>
<AwardTotalIntnAmount>20000.00</AwardTotalIntnAmount>
<AwardAmount>20000</AwardAmount>
<AwardInstrument>
<Value>Standard Grant</Value>
</AwardInstrument>
<Organization>
<Code>05050000</Code>
<Directorate>
<Abbreviation>CSE</Abbreviation>
<LongName>Direct For Computer &amp; Info Scie &amp; Enginr</LongName>
</Directorate>
<Division>
<Abbreviation>CNS</Abbreviation>
<LongName>Division Of Computer and Network Systems</LongName>
</Division>
</Organization>
<ProgramOfficer>
<SignBlockName>Alexander Sprintson</SignBlockName>
<PO_EMAI>asprints@nsf.gov</PO_EMAI>
<PO_PHON>7032922170</PO_PHON>
</ProgramOfficer>
<AbstractNarration>The 27th Annual International Conference on Mobile Computing and Networking (ACM MobiCom 2021) will be held from Jan. 31, 2022 through Feb. 4, 2022 in New Orleans, Louisiana, and the 28th Annual International Conference on Mobile Computing and Networking (ACM MobiCom 2022).  MobiCom is dedicated to addressing the challenges of mobile computing and networking and has emerged as one of the leading conferences covering networks, systems, algorithms, and applications that support the convergence of mobile computers and wireless networks. MobiCom attracts world-leading researchers and practitioners to attend and present their work and participate in panels and keynote sessions. In addition to the regular conference program, MobiCom 2021 and 2022 will include a set of workshops, panels, research demonstrations, and a poster session that includes the ACM Student Research Competition (SRC).  &lt;br/&gt;&lt;br/&gt;The NSF travel grant will encourage more students to attend the conference and avail the benefits of interacting with leading researchers in the areas of mobile computing and networking and get motivated by the high-quality research work and discussions in the conference. The travel grant program has a proven record of providing minority and underrepresented students the means to benefit from this educational experience. Participation in MobiCom is an extremely important part of the graduate school experience, provides students with an opportunity to interact with more senior researchers, and exposes them to leading-edge research in the field.&lt;br/&gt;&lt;br/&gt;This award reflects NSF's statutory mission and has been deemed worthy of support through evaluation using the Foundation's intellectual merit and broader impacts review criteria.</AbstractNarration>
<MinAmdLetterDate>01/21/2022</MinAmdLetterDate>
<MaxAmdLetterDate>01/21/2022</MaxAmdLetterDate>
<ARRAAmount/>
<TRAN_TYPE>Grant</TRAN_TYPE>
<CFDA_NUM>47.070</CFDA_NUM>
<NSF_PAR_USE_FLAG>1</NSF_PAR_USE_FLAG>
<FUND_AGCY_CODE>4900</FUND_AGCY_CODE>
<AWDG_AGCY_CODE>4900</AWDG_AGCY_CODE>
<AwardID>2212104</AwardID>
<Investigator>
<FirstName>Jiasi</FirstName>
<LastName>Chen</LastName>
<PI_MID_INIT/>
<PI_SUFX_NAME/>
<PI_FULL_NAME>Jiasi Chen</PI_FULL_NAME>
<EmailAddress>jiasi@cs.ucr.edu</EmailAddress>
<PI_PHON>9518275815</PI_PHON>
<NSF_ID>000702623</NSF_ID>
<StartDate>01/21/2022</StartDate>
<EndDate/>
<RoleCode>Principal Investigator</RoleCode>
</Investigator>
<Institution>
<Name>University of California-Riverside</Name>
<CityName>RIVERSIDE</CityName>
<ZipCode>925210217</ZipCode>
<PhoneNumber>9518275535</PhoneNumber>
<StreetAddress>Research &amp; Economic Development</StreetAddress>
<StreetAddress2><![CDATA[245 University Office Building]]></StreetAddress2>
<CountryName>United States</CountryName>
<StateName>California</StateName>
<StateCode>CA</StateCode>
<CONGRESSDISTRICT>41</CONGRESSDISTRICT>
<CONGRESS_DISTRICT_ORG>CA41</CONGRESS_DISTRICT_ORG>
<ORG_DUNS_NUM>627797426</ORG_DUNS_NUM>
<ORG_LGL_BUS_NAME>REGENTS OF THE UNIVERSITY OF CALIFORNIA AT RIVERSIDE</ORG_LGL_BUS_NAME>
<ORG_PRNT_DUNS_NUM/>
</Institution>
<Performance_Institution>
<Name><![CDATA[University of California-Riverside]]></Name>
<CityName/>
<StateCode>CA</StateCode>
<ZipCode>925070001</ZipCode>
<StreetAddress/>
<CountryCode>US</CountryCode>
<CountryName>United States</CountryName>
<StateName>California</StateName>
<CountryFlag>1</CountryFlag>
<CONGRESSDISTRICT>41</CONGRESSDISTRICT>
<CONGRESS_DISTRICT_PERF>CA41</CONGRESS_DISTRICT_PERF>
</Performance_Institution>
<ProgramElement>
<Code>7363</Code>
<Text>Networking Technology and Syst</Text>
</ProgramElement>
<ProgramReference>
<Code>7556</Code>
<Text>CONFERENCE AND WORKSHOPS</Text>
</ProgramReference>
<FUND_OBLG>2022~20000</FUND_OBLG>
</Award>
</rootTag>
