<?xml version="1.0" encoding="UTF-8"?>
<rootTag>
<Award>
<AwardTitle>CAREER: A Prosthetic Elbow with Network of Soft and Modular Thermo-Active Actuators for Mobility Impaired Patients</AwardTitle>
<AGENCY>NSF</AGENCY>
<AwardEffectiveDate>10/01/2021</AwardEffectiveDate>
<AwardExpirationDate>03/31/2026</AwardExpirationDate>
<AwardTotalIntnAmount>525046.00</AwardTotalIntnAmount>
<AwardAmount>386315</AwardAmount>
<AwardInstrument>
<Value>Continuing Grant</Value>
</AwardInstrument>
<Organization>
<Code>07020000</Code>
<Directorate>
<Abbreviation>ENG</Abbreviation>
<LongName>Directorate For Engineering</LongName>
</Directorate>
<Division>
<Abbreviation>CBET</Abbreviation>
<LongName>Div Of Chem, Bioeng, Env, &amp; Transp Sys</LongName>
</Division>
</Organization>
<ProgramOfficer>
<SignBlockName>Grace Hwang</SignBlockName>
<PO_EMAI>ghwang@nsf.gov</PO_EMAI>
<PO_PHON>7032924271</PO_PHON>
</ProgramOfficer>
<AbstractNarration>There are about 15 million mobility impaired people in the United States who need assistance to move their limbs. Assistive robots have been proposed to help people with mobility impairments. Existing actuators for assistive robots are limited to rigid actuators and soft actuators. Rigid actuators are powerful but may cause injury. Soft actuators can be safer, but not as powerful, portable, or responsive as their rigid counterparts. Soft actuators that use heat to stimulate actuation are portable and can be powerful. However, their response can be too slow for many rehabilitation applications. This NSF Faculty Early Career Development (CAREER) project attempts to overcome these challenges by developing novel networks of flexible Peltier-based soft actuators designed for rehabilitation. The project will provide research opportunities to underrepresented pre-college, undergraduate, and graduate students and to students with disabilities.&lt;br/&gt;&lt;br/&gt;The PI’s long-term goal is to create a wearable rehabilitation technology that is lightweight, portable, and soft but also quick to respond and powerful. Toward this goal, this project aims to optimally develop and control networks of modular thermo-active soft actuators with unprecedented properties for rehabilitation applications. Each actuator is composed of two modules, in which dramatic volume change due to the liquid-gas phase transitions leads to the axial expansion and contraction of a flexible tube inside each module. Flexible Peltiers are placed between modules to absorb heat from one module and to deliver heat to the other module. One module expands when heated, and the other one expands when cooled. The research objectives of the proposal are to: (1) understand the underlying multi-physics (electro-thermo-mechanical) governing the operation of the actuator and the network, (2) create a framework for optimizing the network performance and establishing the effect of the actuator’s design parameters on the performance, (3) develop a versatile and robust control scheme, and (4) demonstrate the capabilities of the proposed networked actuators to be used as a drivetrain for a prosthetic elbow.&lt;br/&gt;&lt;br/&gt;This award reflects NSF's statutory mission and has been deemed worthy of support through evaluation using the Foundation's intellectual merit and broader impacts review criteria.</AbstractNarration>
<MinAmdLetterDate>01/19/2022</MinAmdLetterDate>
<MaxAmdLetterDate>01/19/2022</MaxAmdLetterDate>
<ARRAAmount/>
<TRAN_TYPE>Grant</TRAN_TYPE>
<CFDA_NUM>47.041</CFDA_NUM>
<NSF_PAR_USE_FLAG>1</NSF_PAR_USE_FLAG>
<FUND_AGCY_CODE>4900</FUND_AGCY_CODE>
<AWDG_AGCY_CODE>4900</AWDG_AGCY_CODE>
<AwardID>2213263</AwardID>
<Investigator>
<FirstName>Amir</FirstName>
<LastName>Jafari</LastName>
<PI_MID_INIT/>
<PI_SUFX_NAME/>
<PI_FULL_NAME>Amir Jafari</PI_FULL_NAME>
<EmailAddress>amir.jafari@unt.edu</EmailAddress>
<PI_PHON>2104586544</PI_PHON>
<NSF_ID>000743100</NSF_ID>
<StartDate>01/19/2022</StartDate>
<EndDate/>
<RoleCode>Principal Investigator</RoleCode>
</Investigator>
<Institution>
<Name>University of North Texas</Name>
<CityName>Denton</CityName>
<ZipCode>762035017</ZipCode>
<PhoneNumber>9405653940</PhoneNumber>
<StreetAddress>1155 Union Circle #305250</StreetAddress>
<StreetAddress2/>
<CountryName>United States</CountryName>
<StateName>Texas</StateName>
<StateCode>TX</StateCode>
<CONGRESSDISTRICT>26</CONGRESSDISTRICT>
<CONGRESS_DISTRICT_ORG>TX26</CONGRESS_DISTRICT_ORG>
<ORG_DUNS_NUM>614168995</ORG_DUNS_NUM>
<ORG_LGL_BUS_NAME>UNIVERSITY OF NORTH TEXAS</ORG_LGL_BUS_NAME>
<ORG_PRNT_DUNS_NUM>064117963</ORG_PRNT_DUNS_NUM>
</Institution>
<Performance_Institution>
<Name><![CDATA[University of North Texas]]></Name>
<CityName>Denton</CityName>
<StateCode>TX</StateCode>
<ZipCode>762035017</ZipCode>
<StreetAddress><![CDATA[1155 Union Circle #305250]]></StreetAddress>
<CountryCode>US</CountryCode>
<CountryName>United States</CountryName>
<StateName>Texas</StateName>
<CountryFlag>1</CountryFlag>
<CONGRESSDISTRICT>26</CONGRESSDISTRICT>
<CONGRESS_DISTRICT_PERF>TX26</CONGRESS_DISTRICT_PERF>
</Performance_Institution>
<ProgramElement>
<Code>5342</Code>
<Text>Disability &amp; Rehab Engineering</Text>
</ProgramElement>
<ProgramReference>
<Code>1045</Code>
<Text>CAREER-Faculty Erly Career Dev</Text>
</ProgramReference>
<FUND_OBLG>2021~386315</FUND_OBLG>
</Award>
</rootTag>
