<?xml version="1.0" encoding="UTF-8"?>
<rootTag>
<Award>
<AwardTitle>Graduate Research Fellowship Program (GRFP)</AwardTitle>
<AGENCY>NSF</AGENCY>
<AwardEffectiveDate>02/01/2022</AwardEffectiveDate>
<AwardExpirationDate>01/31/2027</AwardExpirationDate>
<AwardTotalIntnAmount>92000.00</AwardTotalIntnAmount>
<AwardAmount>92000</AwardAmount>
<AwardInstrument>
<Value>Fellowship Award</Value>
</AwardInstrument>
<Organization>
<Code>11010000</Code>
<Directorate>
<Abbreviation>EHR</Abbreviation>
<LongName>Direct For Education and Human Resources</LongName>
</Directorate>
<Division>
<Abbreviation>DGE</Abbreviation>
<LongName>Division Of Graduate Education</LongName>
</Division>
</Organization>
<ProgramOfficer>
<SignBlockName>christopher hill</SignBlockName>
<PO_EMAI>chill@nsf.gov</PO_EMAI>
<PO_PHON>7032928776</PO_PHON>
</ProgramOfficer>
<AbstractNarration>The National Science Foundation (NSF) Graduate Research Fellowship Program (GRFP) is a highly competitive, federal fellowship program. GRFP helps ensure the vitality and diversity of the scientific and engineering workforce of the United States. The program recognizes and supports outstanding graduate students who are pursuing research-based master's and doctoral degrees in science, technology, engineering, and mathematics (STEM) and in STEM education. The GRFP provides three years of financial support for the graduate education of individuals who have demonstrated their potential for significant research achievements in STEM and STEM education. This award supports the NSF Graduate Fellows pursuing graduate education at this GRFP institution.&lt;br/&gt;&lt;br/&gt;This award reflects NSF's statutory mission and has been deemed worthy of support through evaluation using the Foundation's intellectual merit and broader impacts review criteria.</AbstractNarration>
<MinAmdLetterDate>01/25/2022</MinAmdLetterDate>
<MaxAmdLetterDate>01/25/2022</MaxAmdLetterDate>
<ARRAAmount/>
<TRAN_TYPE>Grant</TRAN_TYPE>
<CFDA_NUM>47.076</CFDA_NUM>
<NSF_PAR_USE_FLAG>1</NSF_PAR_USE_FLAG>
<FUND_AGCY_CODE>4900</FUND_AGCY_CODE>
<AWDG_AGCY_CODE>4900</AWDG_AGCY_CODE>
<AwardID>2213382</AwardID>
<Investigator>
<FirstName>Avrim</FirstName>
<LastName>Blum</LastName>
<PI_MID_INIT/>
<PI_SUFX_NAME/>
<PI_FULL_NAME>Avrim Blum</PI_FULL_NAME>
<EmailAddress>avrim@ttic.edu</EmailAddress>
<PI_PHON>7738341740</PI_PHON>
<NSF_ID>000445508</NSF_ID>
<StartDate>01/25/2022</StartDate>
<EndDate/>
<RoleCode>Principal Investigator</RoleCode>
</Investigator>
<Institution>
<Name>Toyota Technological Institute at Chicago</Name>
<CityName>Chicago</CityName>
<ZipCode>606372803</ZipCode>
<PhoneNumber>7738340409</PhoneNumber>
<StreetAddress>6045 S Kenwood Ave</StreetAddress>
<StreetAddress2/>
<CountryName>United States</CountryName>
<StateName>Illinois</StateName>
<StateCode>IL</StateCode>
<CONGRESSDISTRICT>01</CONGRESSDISTRICT>
<CONGRESS_DISTRICT_ORG>IL01</CONGRESS_DISTRICT_ORG>
<ORG_DUNS_NUM>127228927</ORG_DUNS_NUM>
<ORG_LGL_BUS_NAME>TOYOTA TECHNOLOGICAL INSTITUTE AT CHICAGO</ORG_LGL_BUS_NAME>
<ORG_PRNT_DUNS_NUM/>
</Institution>
<Performance_Institution>
<Name><![CDATA[Toyota Technological Institute at Chicago]]></Name>
<CityName/>
<StateCode>IL</StateCode>
<ZipCode>606370012</ZipCode>
<StreetAddress/>
<CountryCode>US</CountryCode>
<CountryName>United States</CountryName>
<StateName>Illinois</StateName>
<CountryFlag>1</CountryFlag>
<CONGRESSDISTRICT>01</CONGRESSDISTRICT>
<CONGRESS_DISTRICT_PERF>IL01</CONGRESS_DISTRICT_PERF>
</Performance_Institution>
<ProgramElement>
<Code>7172</Code>
<Text>Graduate Research Fellowship</Text>
</ProgramElement>
<ProgramReference>
<Code>7172</Code>
<Text>GRADUATE FELLOWSHIPS</Text>
</ProgramReference>
<ProgramReference>
<Code>9179</Code>
<Text>GRADUATE INVOLVEMENT</Text>
</ProgramReference>
<ProgramReference>
<Code>SMET</Code>
<Text>SCIENCE, MATH, ENG &amp; TECH EDUCATION</Text>
</ProgramReference>
<FUND_OBLG>2022~92000</FUND_OBLG>
</Award>
</rootTag>
