<?xml version="1.0" encoding="UTF-8"?>
<rootTag>
<Award>
<AwardTitle>REU Site: Research for Undergraduates Summer Institute of Statistics at Oregon State University -- RUSIS@OSU</AwardTitle>
<AGENCY>NSF</AGENCY>
<AwardEffectiveDate>10/01/2021</AwardEffectiveDate>
<AwardExpirationDate>04/30/2023</AwardExpirationDate>
<AwardTotalIntnAmount>380001.00</AwardTotalIntnAmount>
<AwardAmount>183520</AwardAmount>
<AwardInstrument>
<Value>Standard Grant</Value>
</AwardInstrument>
<Organization>
<Code>03040000</Code>
<Directorate>
<Abbreviation>MPS</Abbreviation>
<LongName>Direct For Mathematical &amp; Physical Scien</LongName>
</Directorate>
<Division>
<Abbreviation>DMS</Abbreviation>
<LongName>Division Of Mathematical Sciences</LongName>
</Division>
</Organization>
<ProgramOfficer>
<SignBlockName>Tiziana Giorgi</SignBlockName>
<PO_EMAI>tgiorgi@nsf.gov</PO_EMAI>
<PO_PHON>7032928090</PO_PHON>
</ProgramOfficer>
<AbstractNarration>The Research for Undergraduates Summer Institute of Statistics at Oregon State University (RUSIS@OSU) is the continuation of a successful (AMS award-winning) summer REU site. The underlying motivation for the Institute is to attract more students into graduate work in the Mathematical and Statistical Sciences, and facilitate their transition into research work at a time when demand for human resources with data analytic skills easily exceeds the supply. RUSIS @OSU will recruit selected underrepresented minority students and students with no easy access to a research experience at their institutions, including students from Community Colleges, Tribal Colleges, Historically Black Colleges (HBCUs) and Hispanic Serving Institutions (HSIs), with the specific goal of mentoring and training them for careers in research in the mathematical sciences and more specifically in Statistics. RUSIS@OSU will prepare students to compete globally in a vibrant world where data-driven decisions are becoming more prominent in all human endeavors. While the program has been successful in motivating and enticing students to pursue graduate careers in the statistical sciences, it also provides the necessary tools for students to join the workforce in a wide range of professional positions. From academic jobs, to jobs in the pharmaceutical companies, private industry, government agencies and national laboratories, professional sports as data analysts, and climate scientists, the job outlook for statisticians and data scientists is excellent. &lt;br/&gt;&lt;br/&gt;The goals of the summer at RUSIS@OSU are accomplished through the following mechanisms: (1) an intensive short course in probability and statistics and an intensive seminar in computation. In addition, topics in stochastic processes, and statistical inference, with special emphasis on areas of current interest will be discussed; (2) engaging the students in research projects from areas of current interest. Statistical thinking is ubiquitous in every aspect of modern life. Data Mining, Big Data, Data Analytics, Knowledge Discovery are terms that have been coined in the past to denote essentially the same thing: activities related to the extraction of information from data to advance science, technology, and society. Through mentoring and supervision by faculty, the students develop skills that will help them during graduate school and their graduate research stages; (3) the students, motivated by current interest in the development of new methodologies to respond to needs in high dimensional data analyses, will engage in research projects that will be selected from areas of current applied and theoretical interest (e.g. multiple comparisons, dimension reduction, random matrices, extreme value theory, multivariate survival analysis, statistical genetics, massive data methodologies, and modeling of the power grid and other complex urban infrastructures).  Autonomous systems (e.g. autonomous cars) that make use of statistical techniques such as pattern recognition, statistical learning, and dimension reduction methodologies provide interesting problems; (4) students will present their results at national meetings and they will be mentored in the preparation and presentation of their talks. Short courses in LaTeX, and software used for research purposes (Mathematica, MatLab, R) will be taught; (5) visits to scientific facilities (e.g., Linus Pauling Institute @ OSU) will be organized; (6) the progress of students for seven years (expected time for them to finish graduate school) after their participation will be monitored and annual evaluation of the program by the participating students and an external advisory committee will take place.&lt;br/&gt;More details about the REU Site are avaialble at https://stat.oregonstate.edu/rusis@OSU&lt;br/&gt;&lt;br/&gt;This award reflects NSF's statutory mission and has been deemed worthy of support through evaluation using the Foundation's intellectual merit and broader impacts review criteria.</AbstractNarration>
<MinAmdLetterDate>01/10/2022</MinAmdLetterDate>
<MaxAmdLetterDate>01/10/2022</MaxAmdLetterDate>
<ARRAAmount/>
<TRAN_TYPE>Grant</TRAN_TYPE>
<CFDA_NUM>47.049</CFDA_NUM>
<NSF_PAR_USE_FLAG>1</NSF_PAR_USE_FLAG>
<FUND_AGCY_CODE>4900</FUND_AGCY_CODE>
<AWDG_AGCY_CODE>4900</AWDG_AGCY_CODE>
<AwardID>2213338</AwardID>
<Investigator>
<FirstName>Javier</FirstName>
<LastName>Rojo</LastName>
<PI_MID_INIT/>
<PI_SUFX_NAME/>
<PI_FULL_NAME>Javier Rojo</PI_FULL_NAME>
<EmailAddress>jrojo@iu.edu</EmailAddress>
<PI_PHON>8128556901</PI_PHON>
<NSF_ID>000378705</NSF_ID>
<StartDate>01/10/2022</StartDate>
<EndDate/>
<RoleCode>Principal Investigator</RoleCode>
</Investigator>
<Institution>
<Name>Indiana University</Name>
<CityName>Bloomington</CityName>
<ZipCode>474013654</ZipCode>
<PhoneNumber>3172783473</PhoneNumber>
<StreetAddress>509 E 3RD ST</StreetAddress>
<StreetAddress2/>
<CountryName>United States</CountryName>
<StateName>Indiana</StateName>
<StateCode>IN</StateCode>
<CONGRESSDISTRICT>09</CONGRESSDISTRICT>
<CONGRESS_DISTRICT_ORG>IN09</CONGRESS_DISTRICT_ORG>
<ORG_DUNS_NUM>006046700</ORG_DUNS_NUM>
<ORG_LGL_BUS_NAME>TRUSTEES OF INDIANA UNIVERSITY</ORG_LGL_BUS_NAME>
<ORG_PRNT_DUNS_NUM>006046700</ORG_PRNT_DUNS_NUM>
</Institution>
<Performance_Institution>
<Name><![CDATA[Indiana University]]></Name>
<CityName>Bloomington</CityName>
<StateCode>IN</StateCode>
<ZipCode>474013654</ZipCode>
<StreetAddress><![CDATA[509 E 3rd Street]]></StreetAddress>
<CountryCode>US</CountryCode>
<CountryName>United States</CountryName>
<StateName>Indiana</StateName>
<CountryFlag>1</CountryFlag>
<CONGRESSDISTRICT>09</CONGRESSDISTRICT>
<CONGRESS_DISTRICT_PERF>IN09</CONGRESS_DISTRICT_PERF>
</Performance_Institution>
<ProgramElement>
<Code>7335</Code>
<Text>WORKFORCE IN THE MATHEMAT SCI</Text>
</ProgramElement>
<ProgramReference>
<Code>9250</Code>
<Text>REU SITE-Res Exp for Ugrd Site</Text>
</ProgramReference>
<FUND_OBLG>2019~183520</FUND_OBLG>
</Award>
</rootTag>
