<?xml version="1.0" encoding="UTF-8"?>
<rootTag>
<Award>
<AwardTitle>Collaborative Research: RUI: Connecting Spatial Graphs to Links and 3-Manifolds</AwardTitle>
<AGENCY>NSF</AGENCY>
<AwardEffectiveDate>10/15/2021</AwardEffectiveDate>
<AwardExpirationDate>06/30/2024</AwardExpirationDate>
<AwardTotalIntnAmount>52925.00</AwardTotalIntnAmount>
<AwardAmount>52925</AwardAmount>
<AwardInstrument>
<Value>Standard Grant</Value>
</AwardInstrument>
<Organization>
<Code>03040000</Code>
<Directorate>
<Abbreviation>MPS</Abbreviation>
<LongName>Direct For Mathematical &amp; Physical Scien</LongName>
</Directorate>
<Division>
<Abbreviation>DMS</Abbreviation>
<LongName>Division Of Mathematical Sciences</LongName>
</Division>
</Organization>
<ProgramOfficer>
<SignBlockName>Joanna Kania-Bartoszynska</SignBlockName>
<PO_EMAI>jkaniaba@nsf.gov</PO_EMAI>
<PO_PHON>7032924881</PO_PHON>
</ProgramOfficer>
<AbstractNarration>Understanding the behavior of knotted objects in 3-dimensional spaces is of fundamental importance in mathematics and the sciences, for example in understanding DNA. This project investigates the relationship between knotted loops and knotted objects with branch points. It will show how the properties of knotted loops affect the properties of these more complicated objects and vice versa. These connections will elucidate fundamental properties not only of knotted objects but also the 3-dimensional spaces in which they reside. Potential areas of application include furthering understanding 3-dimensional and 4-dimensional spaces, as well as  DNA and knotted polymers.  Undergraduate students will make significant contributions to this project and the project builds mentorship connections between undergraduate and graduate students in mathematics. This project also supports a summer camp that uses the arts and math games to build basic numeracy skills in elementary school children who test below grade level in mathematics.&lt;br/&gt;&lt;br/&gt;The PIs have developed the theory of thin position so that it illuminates the additivity or non-additivity of 3-manifold and knot invariants such as Heegaard genus, bridge number, tunnel number, and Gabai width. This project will further develop these tools so that non-additivity behavior can be completely understood in terms of the structure of knots and spatial graphs. These techniques will also be used to produce lower bounds on the bridge number of certain generalizations of satellite knots. Additionally, sutured manifold theory techniques will be used to study the topological and geometric structure of the complements of certain knotted spatial graphs of two vertices joined by three edges.&lt;br/&gt;&lt;br/&gt;This project is jointly funded by Topology program and the Established Program to Stimulate Competitive Research (EPSCoR).&lt;br/&gt;&lt;br/&gt;This award reflects NSF's statutory mission and has been deemed worthy of support through evaluation using the Foundation's intellectual merit and broader impacts review criteria.</AbstractNarration>
<MinAmdLetterDate>01/11/2022</MinAmdLetterDate>
<MaxAmdLetterDate>01/11/2022</MaxAmdLetterDate>
<ARRAAmount/>
<TRAN_TYPE>Grant</TRAN_TYPE>
<CFDA_NUM>47.049</CFDA_NUM>
<NSF_PAR_USE_FLAG>1</NSF_PAR_USE_FLAG>
<FUND_AGCY_CODE>4900</FUND_AGCY_CODE>
<AWDG_AGCY_CODE>4900</AWDG_AGCY_CODE>
<AwardID>2213462</AwardID>
<Investigator>
<FirstName>Maggy</FirstName>
<LastName>Tomova</LastName>
<PI_MID_INIT/>
<PI_SUFX_NAME/>
<PI_FULL_NAME>Maggy Tomova</PI_FULL_NAME>
<EmailAddress>maggy-tomova@uiowa.edu</EmailAddress>
<PI_PHON>3193350761</PI_PHON>
<NSF_ID>000486832</NSF_ID>
<StartDate>01/11/2022</StartDate>
<EndDate/>
<RoleCode>Principal Investigator</RoleCode>
</Investigator>
<Institution>
<Name>The University of Central Florida Board of Trustees</Name>
<CityName>Orlando</CityName>
<ZipCode>328168005</ZipCode>
<PhoneNumber>4078230387</PhoneNumber>
<StreetAddress>4000 CNTRL FLORIDA BLVD</StreetAddress>
<StreetAddress2/>
<CountryName>United States</CountryName>
<StateName>Florida</StateName>
<StateCode>FL</StateCode>
<CONGRESSDISTRICT>07</CONGRESSDISTRICT>
<CONGRESS_DISTRICT_ORG>FL07</CONGRESS_DISTRICT_ORG>
<ORG_DUNS_NUM>150805653</ORG_DUNS_NUM>
<ORG_LGL_BUS_NAME>UNIVERSITY OF CENTRAL FLORIDA BOARD OF TRUSTEES, THE</ORG_LGL_BUS_NAME>
<ORG_PRNT_DUNS_NUM>159621697</ORG_PRNT_DUNS_NUM>
</Institution>
<Performance_Institution>
<Name><![CDATA[The University of Central Florida Board of Trustees]]></Name>
<CityName>Orlando</CityName>
<StateCode>FL</StateCode>
<ZipCode>328168005</ZipCode>
<StreetAddress><![CDATA[4000 CNTRL FLORIDA BLVD]]></StreetAddress>
<CountryCode>US</CountryCode>
<CountryName>United States</CountryName>
<StateName>Florida</StateName>
<CountryFlag>1</CountryFlag>
<CONGRESSDISTRICT>07</CONGRESSDISTRICT>
<CONGRESS_DISTRICT_PERF>FL07</CONGRESS_DISTRICT_PERF>
</Performance_Institution>
<ProgramElement>
<Code>1267</Code>
<Text>TOPOLOGY</Text>
</ProgramElement>
<ProgramReference>
<Code>9150</Code>
<Text>EXP PROG TO STIM COMP RES</Text>
</ProgramReference>
<FUND_OBLG>2021~52925</FUND_OBLG>
</Award>
</rootTag>
