<?xml version="1.0" encoding="UTF-8"?>
<rootTag>
<Award>
<AwardTitle>Collaborative Research: Infinite horizon risk-sensitive control of diffusions with applications in stochastic networks</AwardTitle>
<AGENCY>NSF</AGENCY>
<AwardEffectiveDate>01/01/2022</AwardEffectiveDate>
<AwardExpirationDate>05/31/2024</AwardExpirationDate>
<AwardTotalIntnAmount>221055.00</AwardTotalIntnAmount>
<AwardAmount>214533</AwardAmount>
<AwardInstrument>
<Value>Standard Grant</Value>
</AwardInstrument>
<Organization>
<Code>03040000</Code>
<Directorate>
<Abbreviation>MPS</Abbreviation>
<LongName>Direct For Mathematical &amp; Physical Scien</LongName>
</Directorate>
<Division>
<Abbreviation>DMS</Abbreviation>
<LongName>Division Of Mathematical Sciences</LongName>
</Division>
</Organization>
<ProgramOfficer>
<SignBlockName>Eun Heui Kim</SignBlockName>
<PO_EMAI>eukim@nsf.gov</PO_EMAI>
<PO_PHON>7032922091</PO_PHON>
</ProgramOfficer>
<AbstractNarration>This research will advance mathematical analysis in stochastic control and make important contributions to applied probability and stochastic networks. The research will also have an impact on real-world applications in large-scale data centers, manufacturing, telecommunications, healthcare, inventory, and service systems, providing skills and tools to manage them effectively. Such systems can often be modeled as a stochastic network, with multiple jobs and many servers, and complex network topology. The operations and management of these sophisticated networked systems are subject to many risk factors under various random environments. This research will develop advanced methods and algorithms to provide solutions that mitigate the potential operational risks in a large-scale network model system. The model system roughly describes the system dynamics in large-scale parallel server networks. The research will provide approximate optimal scheduling and other operational policies. Risk-sensitive control has the advantage of achieving good performance in the presence of disturbances and uncertainty. It also limits large fluctuations since it penalizes higher moments of the running cost. The investigators will incorporate their findings into the existing graduate courses in stochastic networks and control, and disseminate them through seminars on relevant research topics. The research involves a team of interdisciplinary researchers, including those from underrepresented minority groups, and provides training opportunities for graduate students with new mathematical skills. &lt;br/&gt;&lt;br/&gt;The objectives of the research are: (1) To develop a comprehensive theoretical framework for the study of eigenvalues of elliptic systems and integro-differential operators to address the associated problems in infinite-horizon risk sensitive control (IHRS) of regime-switching and jump diffusions. (2) To develop the techniques required to establish asymptotic optimality and study the associated stochastic differential games and large deviation characterizations. (3) To study the large-time asymptotic behavior and relative value iteration algorithms, which form the basis of rolling horizon control and reinforcement learning methods. This research will greatly advance the theory of eigenvalues of integro-differential operators and elliptic systems and produce ground-breaking methodologies for risk-sensitive control of diffusions (with jumps) and regime-switching diffusions. On the analytical side, this research will greatly contribute to the current efforts in the literature concerning nonlinear eigenvalue problems in unbounded domains. A wealth of results on variational characterizations, maximum and large deviation principles, and the associated Feynman-Kac semigroup for nonsymmetric operators are expected to be obtained.  Another important contribution of the proposed research is analyzing large-time asymptotic behavior, which includes the study of relative value iteration algorithms and rolling horizon control. The research will also advance the understanding of the risk-sensitive asymptotically optimal scheduling policies for large-scale parallel server networks, including those in random environments that give rise to jump-diffusion and regime-switching diffusion limits. New methods involving the equivalent stochastic differential game and spatial truncation techniques will be developed to prove lower and upper bounds for asymptotic optimality. Last, but not least, this research aims to close the gap between probabilistic and analytical methods, aiming to improve the interaction between the two communities.&lt;br/&gt;&lt;br/&gt;This award reflects NSF's statutory mission and has been deemed worthy of support through evaluation using the Foundation's intellectual merit and broader impacts review criteria.</AbstractNarration>
<MinAmdLetterDate>01/26/2022</MinAmdLetterDate>
<MaxAmdLetterDate>01/26/2022</MaxAmdLetterDate>
<ARRAAmount/>
<TRAN_TYPE>Grant</TRAN_TYPE>
<CFDA_NUM>47.049</CFDA_NUM>
<NSF_PAR_USE_FLAG>1</NSF_PAR_USE_FLAG>
<FUND_AGCY_CODE>4900</FUND_AGCY_CODE>
<AWDG_AGCY_CODE>4900</AWDG_AGCY_CODE>
<AwardID>2216765</AwardID>
<Investigator>
<FirstName>Guodong</FirstName>
<LastName>Pang</LastName>
<PI_MID_INIT/>
<PI_SUFX_NAME/>
<PI_FULL_NAME>Guodong Pang</PI_FULL_NAME>
<EmailAddress>gdpang@rice.edu</EmailAddress>
<PI_PHON>7133485666</PI_PHON>
<NSF_ID>000573702</NSF_ID>
<StartDate>01/26/2022</StartDate>
<EndDate/>
<RoleCode>Principal Investigator</RoleCode>
</Investigator>
<Institution>
<Name>William Marsh Rice University</Name>
<CityName>Houston</CityName>
<ZipCode>770051827</ZipCode>
<PhoneNumber>7133484820</PhoneNumber>
<StreetAddress>6100 MAIN ST</StreetAddress>
<StreetAddress2/>
<CountryName>United States</CountryName>
<StateName>Texas</StateName>
<StateCode>TX</StateCode>
<CONGRESSDISTRICT>02</CONGRESSDISTRICT>
<CONGRESS_DISTRICT_ORG>TX02</CONGRESS_DISTRICT_ORG>
<ORG_DUNS_NUM>050299031</ORG_DUNS_NUM>
<ORG_LGL_BUS_NAME>WILLIAM MARSH RICE UNIVERSITY</ORG_LGL_BUS_NAME>
<ORG_PRNT_DUNS_NUM>050299031</ORG_PRNT_DUNS_NUM>
</Institution>
<Performance_Institution>
<Name><![CDATA[William Marsh Rice University]]></Name>
<CityName/>
<StateCode>TX</StateCode>
<ZipCode>770051827</ZipCode>
<StreetAddress/>
<CountryCode>US</CountryCode>
<CountryName>United States</CountryName>
<StateName>Texas</StateName>
<CountryFlag>1</CountryFlag>
<CONGRESSDISTRICT>02</CONGRESSDISTRICT>
<CONGRESS_DISTRICT_PERF>TX02</CONGRESS_DISTRICT_PERF>
</Performance_Institution>
<ProgramElement>
<Code>1266</Code>
<Text>APPLIED MATHEMATICS</Text>
</ProgramElement>
<ProgramReference>
<Code>079Z</Code>
<Text>Machine Learning Theory</Text>
</ProgramReference>
<FUND_OBLG>2021~214533</FUND_OBLG>
</Award>
</rootTag>
