<?xml version="1.0" encoding="UTF-8"?>
<rootTag>
<Award>
<AwardTitle>Strengthening Capacity in Dynamic Language Infrastructure for Tribal Nations</AwardTitle>
<AGENCY>NSF</AGENCY>
<AwardEffectiveDate>01/01/2022</AwardEffectiveDate>
<AwardExpirationDate>02/28/2023</AwardExpirationDate>
<AwardTotalIntnAmount>99998.00</AwardTotalIntnAmount>
<AwardAmount>130744</AwardAmount>
<AwardInstrument>
<Value>Standard Grant</Value>
</AwardInstrument>
<Organization>
<Code>04040000</Code>
<Directorate>
<Abbreviation>SBE</Abbreviation>
<LongName>Direct For Social, Behav &amp; Economic Scie</LongName>
</Directorate>
<Division>
<Abbreviation>BCS</Abbreviation>
<LongName>Division Of Behavioral and Cognitive Sci</LongName>
</Division>
</Organization>
<ProgramOfficer>
<SignBlockName>Tyler Kendall</SignBlockName>
<PO_EMAI>tkendall@nsf.gov</PO_EMAI>
<PO_PHON>7032922434</PO_PHON>
</ProgramOfficer>
<AbstractNarration>One important dimension of carrying out scientific investigation is having the resources (such as personnel, buildings, or equipment) needed to carry out these activities, that is, infrastructure.  Diversity of scientific investigators is another important investigation.  As scientists have included women or people of color, different research questions, assumptions or epistemological frameworks increased fundamental knowledge about a host of fields, ranging from biology to medicine to engineering. This award will enable a conference, and associated meetings, to provide training opportunities and establish partnerships between members of Native American groups and linguists with grant experience in order to help increase submissions and successful awards in the language sciences for projects led by Native American principal investigators, especially those based at Native American institutions. In doing so, it will strengthen capacity in language infrastructure for tribal nations, as well as diversify the pool of investigators (and the research questions and epistemologies) to advance fundamental knowledge in the language sciences. Project activities will broaden participation of Native Americans in linguistics, as well as build economic and scientific opportunities for Native Americans.&lt;br/&gt;&lt;br/&gt;Native American languages have led to significant intellectual contributions in our understanding of what language is, its systematicity, and the diversity of human language in all areas of linguistic theory. Beyond that, they have provided crucial information to other sciences, such as archaeology, where language data is placed alongside other kinds of data in order to reconstruct human prehistory, and cultural anthropology.  The nature of the project is such that it will lead to the creation of proposals focused on questions largely shaped by Native Americans. The insights of such PIs about their languages and cultures are likely to lead them to focus on important research on topics that have been neglected by outside scholars and, thereby, expand the range of scientific advances that can be supported by research on Native American languages. This will allow Native American theories of language to inform linguistic theory in much the same way that data from Native American languages has, which has transformative potential for the study of language.&lt;br/&gt;&lt;br/&gt;This award reflects NSF's statutory mission and has been deemed worthy of support through evaluation using the Foundation's intellectual merit and broader impacts review criteria.</AbstractNarration>
<MinAmdLetterDate>01/25/2022</MinAmdLetterDate>
<MaxAmdLetterDate>01/25/2022</MaxAmdLetterDate>
<ARRAAmount/>
<TRAN_TYPE>Grant</TRAN_TYPE>
<CFDA_NUM>47.075</CFDA_NUM>
<NSF_PAR_USE_FLAG>1</NSF_PAR_USE_FLAG>
<FUND_AGCY_CODE>4900</FUND_AGCY_CODE>
<AWDG_AGCY_CODE>4900</AWDG_AGCY_CODE>
<AwardID>2216524</AwardID>
<Investigator>
<FirstName>Colleen</FirstName>
<LastName>Fitzgerald</LastName>
<PI_MID_INIT>M</PI_MID_INIT>
<PI_SUFX_NAME/>
<PI_FULL_NAME>Colleen M Fitzgerald</PI_FULL_NAME>
<EmailAddress>colleen.fitzgerald@ndsu.edu</EmailAddress>
<PI_PHON>7012316542</PI_PHON>
<NSF_ID>000556012</NSF_ID>
<StartDate>01/25/2022</StartDate>
<EndDate/>
<RoleCode>Principal Investigator</RoleCode>
</Investigator>
<Institution>
<Name>North Dakota State University Fargo</Name>
<CityName>FARGO</CityName>
<ZipCode>581086050</ZipCode>
<PhoneNumber>7012318045</PhoneNumber>
<StreetAddress>Dept 4000 - PO Box 6050</StreetAddress>
<StreetAddress2><![CDATA[1735 Research Park Drive]]></StreetAddress2>
<CountryName>United States</CountryName>
<StateName>North Dakota</StateName>
<StateCode>ND</StateCode>
<CONGRESSDISTRICT>00</CONGRESSDISTRICT>
<CONGRESS_DISTRICT_ORG>ND00</CONGRESS_DISTRICT_ORG>
<ORG_DUNS_NUM>803882299</ORG_DUNS_NUM>
<ORG_LGL_BUS_NAME>NORTH DAKOTA STATE UNIVERSITY</ORG_LGL_BUS_NAME>
<ORG_PRNT_DUNS_NUM>803882299</ORG_PRNT_DUNS_NUM>
</Institution>
<Performance_Institution>
<Name><![CDATA[North Dakota State University Fargo]]></Name>
<CityName>Fargo</CityName>
<StateCode>ND</StateCode>
<ZipCode>581086050</ZipCode>
<StreetAddress><![CDATA[1735 NDSU Research Park Drive]]></StreetAddress>
<CountryCode>US</CountryCode>
<CountryName>United States</CountryName>
<StateName>North Dakota</StateName>
<CountryFlag>1</CountryFlag>
<CONGRESSDISTRICT>00</CONGRESSDISTRICT>
<CONGRESS_DISTRICT_PERF>ND00</CONGRESS_DISTRICT_PERF>
</Performance_Institution>
<ProgramElement>
<Code>122Y</Code>
<Text>DLI-Dyn Language Infrastructur</Text>
</ProgramElement>
<ProgramElement>
<Code>1397</Code>
<Text>Cross-Directorate  Activities</Text>
</ProgramElement>
<ProgramReference>
<Code>019Z</Code>
<Text>Grad Prep APG:Enhan. Experience</Text>
</ProgramReference>
<ProgramReference>
<Code>7719</Code>
<Text>DEL</Text>
</ProgramReference>
<ProgramReference>
<Code>SMET</Code>
<Text>SCIENCE, MATH, ENG &amp; TECH EDUCATION</Text>
</ProgramReference>
<FUND_OBLG>2020~85462</FUND_OBLG>
<FUND_OBLG>2021~45282</FUND_OBLG>
</Award>
</rootTag>
