<?xml version="1.0" encoding="UTF-8"?>
<rootTag>
<Award>
<AwardTitle>Descriptive Dynamics: Group Actions and Their Measured, Borel, and Topological Structures</AwardTitle>
<AGENCY>NSF</AGENCY>
<AwardEffectiveDate>10/01/2021</AwardEffectiveDate>
<AwardExpirationDate>06/30/2023</AwardExpirationDate>
<AwardTotalIntnAmount>166615.00</AwardTotalIntnAmount>
<AwardAmount>63686</AwardAmount>
<AwardInstrument>
<Value>Continuing Grant</Value>
</AwardInstrument>
<Organization>
<Code>03040000</Code>
<Directorate>
<Abbreviation>MPS</Abbreviation>
<LongName>Direct For Mathematical &amp; Physical Scien</LongName>
</Directorate>
<Division>
<Abbreviation>DMS</Abbreviation>
<LongName>Division Of Mathematical Sciences</LongName>
</Division>
</Organization>
<ProgramOfficer>
<SignBlockName>Tomek Bartoszynski</SignBlockName>
<PO_EMAI>tbartosz@nsf.gov</PO_EMAI>
<PO_PHON>7032924885</PO_PHON>
</ProgramOfficer>
<AbstractNarration>The project lies at the interface of logic and analysis, more specifically, of descriptive set theory, measured group theory, graph theory, ergodic theory, probability theory, and operator algebras. In recent years, mathematicians in these fields have come to realize that problems concerning algebraic, dynamical, and descriptive structural complexity of countable group and equivalence relations can be fruitfully studied via descriptive combinatorial and graph theoretic means. The principal investigator and collaborators have employed this combinatorial perspective to create new tools used to answer several open problems in these fields.  This research project aims to generate more new general tools and to promote fruitful interactions among these fields. &lt;br/&gt;&lt;br/&gt;&lt;br/&gt;The PI proposes to study problems around descriptive set theory and its specific interactions with orbit equivalence relations, cocycle superrigidity, treeability, inner amenability, weak equivalence and weak containment, and rigidity/anti-rigidity. The PI's research in these areas has already prompted a wealth of interesting and fundamental questions which intersect a variety of fields including descriptive set theory, measured group theory, graph theory, ergodic theory, probability theory, and operator algebras. Research into these questions will reveal further surprising connections between these fields.&lt;br/&gt;&lt;br/&gt;This award reflects NSF's statutory mission and has been deemed worthy of support through evaluation using the Foundation's intellectual merit and broader impacts review criteria.</AbstractNarration>
<MinAmdLetterDate>01/24/2022</MinAmdLetterDate>
<MaxAmdLetterDate>01/24/2022</MaxAmdLetterDate>
<ARRAAmount/>
<TRAN_TYPE>Grant</TRAN_TYPE>
<CFDA_NUM>47.049</CFDA_NUM>
<NSF_PAR_USE_FLAG>1</NSF_PAR_USE_FLAG>
<FUND_AGCY_CODE>4900</FUND_AGCY_CODE>
<AWDG_AGCY_CODE>4900</AWDG_AGCY_CODE>
<AwardID>2216533</AwardID>
<Investigator>
<FirstName>Robin</FirstName>
<LastName>Tucker-Drob</LastName>
<PI_MID_INIT>D</PI_MID_INIT>
<PI_SUFX_NAME/>
<PI_FULL_NAME>Robin D Tucker-Drob</PI_FULL_NAME>
<EmailAddress>r.tuckerdrob@ufl.edu</EmailAddress>
<PI_PHON>9798457554</PI_PHON>
<NSF_ID>000627429</NSF_ID>
<StartDate>01/24/2022</StartDate>
<EndDate/>
<RoleCode>Principal Investigator</RoleCode>
</Investigator>
<Institution>
<Name>University of Florida</Name>
<CityName>GAINESVILLE</CityName>
<ZipCode>326112002</ZipCode>
<PhoneNumber>3523923516</PhoneNumber>
<StreetAddress>1 UNIVERSITY OF FLORIDA</StreetAddress>
<StreetAddress2/>
<CountryName>United States</CountryName>
<StateName>Florida</StateName>
<StateCode>FL</StateCode>
<CONGRESSDISTRICT>03</CONGRESSDISTRICT>
<CONGRESS_DISTRICT_ORG>FL03</CONGRESS_DISTRICT_ORG>
<ORG_DUNS_NUM>969663814</ORG_DUNS_NUM>
<ORG_LGL_BUS_NAME>UNIVERSITY OF FLORIDA</ORG_LGL_BUS_NAME>
<ORG_PRNT_DUNS_NUM>159621697</ORG_PRNT_DUNS_NUM>
</Institution>
<Performance_Institution>
<Name><![CDATA[University of Florida]]></Name>
<CityName/>
<StateCode>FL</StateCode>
<ZipCode>326112002</ZipCode>
<StreetAddress/>
<CountryCode>US</CountryCode>
<CountryName>United States</CountryName>
<StateName>Florida</StateName>
<CountryFlag>1</CountryFlag>
<CONGRESSDISTRICT>03</CONGRESSDISTRICT>
<CONGRESS_DISTRICT_PERF>FL03</CONGRESS_DISTRICT_PERF>
</Performance_Institution>
<ProgramElement>
<Code>1268</Code>
<Text>FOUNDATIONS</Text>
</ProgramElement>
<ProgramElement>
<Code>1281</Code>
<Text>ANALYSIS PROGRAM</Text>
</ProgramElement>
<FUND_OBLG>2020~7005</FUND_OBLG>
<FUND_OBLG>2021~56681</FUND_OBLG>
</Award>
</rootTag>
