<?xml version="1.0" encoding="UTF-8"?>
<rootTag>
<Award>
<AwardTitle>Distance-Based Analysis for Complex High-Dimensional Data</AwardTitle>
<AGENCY>NSF</AGENCY>
<AwardEffectiveDate>10/01/2021</AwardEffectiveDate>
<AwardExpirationDate>06/30/2024</AwardExpirationDate>
<AwardTotalIntnAmount>299999.00</AwardTotalIntnAmount>
<AwardAmount>299999</AwardAmount>
<AwardInstrument>
<Value>Standard Grant</Value>
</AwardInstrument>
<Organization>
<Code>03040000</Code>
<Directorate>
<Abbreviation>MPS</Abbreviation>
<LongName>Direct For Mathematical &amp; Physical Scien</LongName>
</Directorate>
<Division>
<Abbreviation>DMS</Abbreviation>
<LongName>Division Of Mathematical Sciences</LongName>
</Division>
</Organization>
<ProgramOfficer>
<SignBlockName>Pena Edsel</SignBlockName>
<PO_EMAI>epena@nsf.gov</PO_EMAI>
<PO_PHON>7032928080</PO_PHON>
</ProgramOfficer>
<AbstractNarration>Throughout the course of the twentieth century, distances have played a significant role in important areas of statistics, which include classification, clustering, discriminant analysis, multidimensional scaling, sampling, spatial statistics, scoring rules, and kernel methods in machine learning. Distances are also central to the definition of divergence measures, relative entropy and information gain, some of which are fundamental to the concept of C.R. Rao's quadratic entropy and the analysis of diversity in ecology and other areas of science. Yet, at present there are significant gaps in our knowledge and in the emerging statistical literature on the use of distance-based tests and analyses for complex high dimensional data.  One example is analysis of similarity which is among the most cited and most widely used distance-based statistical methods but is limited by an absence of relevant mathematical knowledge. This research will derive new mathematical knowledge on various distance-based statistical methods, and apply this for providing answers to important scientific questions arising in a number of disciplines in forestry, ecology and marine science, such as: (1) how biodiversity changes in tropical forests? (2) how taxonomic and functional profiles of bacterial communities change with environmental conditions in different oceanic regions? The project establishes collaborations among several disciplines and between two US academic institutions and provides research and training to graduate and undergraduate students.&lt;br/&gt; &lt;br/&gt;The project develops a new body of knowledge on distance-based statistical methods and computation for analyzing complex, high dimensional data that arise in the form of compositions, trees, graphs, or networks. The distances considered here are all non-Euclidean -- either non-metric dissimilarities that do not satisfy any triangular inequalities or just discrete numbers -- but they all arise from conditionally positive definite kernels. Examples of distances include the squared Euclidean distance, the Bray-Curtis dissimilarity, the Jensen-Shannon distance, Unifrac or the Kantorovich-Rubinstein metric, the Aitchison distance, the edit distance, various graph kernel and spectral distances, and other distances based on optimal transport problems. Specifically, the project advances the mathematical theory and computation of exact distribution-free two and multi-sample runs tests, change points, and other related problems by counting runs along the shortest Hamiltonian path (or loop) of the pooled sample of data points. The project also considers analysis of similarity and related distance-based rank tests and derives new mathematical results that allow us to pursue more advanced statistical analyses. The project contributes to: (i) a deeper analysis of biodiversity in tropical forest; (ii)  an investigation of  how taxonomic and functional profiles of prokaryotic communities  change  with environmental conditions in different oceanic regions; (iii) a study of the variability of composition of rare earth elements in deep-sea muds of the Pacific Ocean;  and (iv) an understanding of the relationship of intertidal communities in the Oregon coast with respect to upwelling and nutrient delivery. The project integrates mathematics research, science and education and will provide opportunities for dissertation work for graduate students.&lt;br/&gt;&lt;br/&gt;This award reflects NSF's statutory mission and has been deemed worthy of support through evaluation using the Foundation's intellectual merit and broader impacts review criteria.</AbstractNarration>
<MinAmdLetterDate>01/26/2022</MinAmdLetterDate>
<MaxAmdLetterDate>01/26/2022</MaxAmdLetterDate>
<ARRAAmount/>
<TRAN_TYPE>Grant</TRAN_TYPE>
<CFDA_NUM>47.049</CFDA_NUM>
<NSF_PAR_USE_FLAG>1</NSF_PAR_USE_FLAG>
<FUND_AGCY_CODE>4900</FUND_AGCY_CODE>
<AWDG_AGCY_CODE>4900</AWDG_AGCY_CODE>
<AwardID>2217007</AwardID>
<Investigator>
<FirstName>Debashis</FirstName>
<LastName>Mondal</LastName>
<PI_MID_INIT/>
<PI_SUFX_NAME/>
<PI_FULL_NAME>Debashis Mondal</PI_FULL_NAME>
<EmailAddress>mondal@wustl.edu</EmailAddress>
<PI_PHON>3149356760</PI_PHON>
<NSF_ID>000515676</NSF_ID>
<StartDate>01/26/2022</StartDate>
<EndDate/>
<RoleCode>Principal Investigator</RoleCode>
</Investigator>
<Institution>
<Name>Washington University</Name>
<CityName>Saint Louis</CityName>
<ZipCode>631304862</ZipCode>
<PhoneNumber>3147474134</PhoneNumber>
<StreetAddress>CAMPUS BOX 1054</StreetAddress>
<StreetAddress2><![CDATA[1 Brookings Drive]]></StreetAddress2>
<CountryName>United States</CountryName>
<StateName>Missouri</StateName>
<StateCode>MO</StateCode>
<CONGRESSDISTRICT>01</CONGRESSDISTRICT>
<CONGRESS_DISTRICT_ORG>MO01</CONGRESS_DISTRICT_ORG>
<ORG_DUNS_NUM>068552207</ORG_DUNS_NUM>
<ORG_LGL_BUS_NAME>WASHINGTON UNIVERSITY, THE</ORG_LGL_BUS_NAME>
<ORG_PRNT_DUNS_NUM>068552207</ORG_PRNT_DUNS_NUM>
</Institution>
<Performance_Institution>
<Name><![CDATA[Washington University]]></Name>
<CityName>Saint Louis</CityName>
<StateCode>MO</StateCode>
<ZipCode>631304862</ZipCode>
<StreetAddress><![CDATA[CAMPUS BOX 1054 1 Brookings Driv]]></StreetAddress>
<CountryCode>US</CountryCode>
<CountryName>United States</CountryName>
<StateName>Missouri</StateName>
<CountryFlag>1</CountryFlag>
<CONGRESSDISTRICT>01</CONGRESSDISTRICT>
<CONGRESS_DISTRICT_PERF>MO01</CONGRESS_DISTRICT_PERF>
</Performance_Institution>
<ProgramElement>
<Code>1269</Code>
<Text>STATISTICS</Text>
</ProgramElement>
<ProgramReference>
<Code>079Z</Code>
<Text>Machine Learning Theory</Text>
</ProgramReference>
<FUND_OBLG>2021~299999</FUND_OBLG>
</Award>
</rootTag>
